<?xml version='1.0' encoding='windows-1252' ?>
<ftstdata>
<topic name="About Calendar" url="About_Calendar.htm" />
<topic name="contacts" url="Contacts/contacts.htm" />
<topic name="Creating a new contact" url="Contacts/creating_a_new_contact.htm" />
<topic name="Deleting a contact" url="Contacts/deleting_a_contact.htm" />
<topic name="Editing a contact" url="Contacts/editing_a_contact.htm" />
<topic name="GAL" url="Contacts/GAL.htm" />
<topic name="GAL vs Contacts" url="Contacts/gal_vs_contacts.htm" />
<topic name="Adding a contactAutomatically" url="Contacts/importing_a_contact_from_the_company_directory.htm" />
<topic name="Using the corporate address book" url="Contacts/using_the_corporate_address_book.htm" />
<topic name="Managing your email message view" url="conversations/conversation_list_view.htm" />
<topic name="Conversations can span folders" url="conversations/conversations_can_span_folders.htm" />
<topic name="Printing a conversation" url="conversations/printing_a_conversation.htm" />
<topic name="How gouping conversation works" url="conversations/working_with_conversations.htm" />
<topic name="Attaching files to a mail message" url="Creating_Messages/attaching_files_to_a_mail_message.htm" />
<topic name="Attachment File Types Supported" url="Creating_Messages/Attachment_File_Types_Supported.htm" />
<topic name="Creating a new mail message" url="Creating_Messages/Creating_a_new_mail_message.htm" />
<topic name="Parts of an Email Message" url="Creating_Messages/parts_of_an_email_message.htm" />
<topic name="Saving a draft message" url="Creating_Messages/saving_a_draft_message.htm" />
<topic name="Using cc: and bcc: addresses" url="Creating_Messages/using_cc__and_bcc__addresses.htm" />
<topic name="Contains vs Matches" url="filters/contains_vs_matches.htm" />
<topic name="Filter Conditions and Actions Supported" url="filters/filter_conditions_and_actions_supported.htm" />
<topic name="Filtering your messages" url="filters/filtering_your_messages.htm" />
<topic name="How Filtering Works" url="filters/how_filtering_works.htm" />
<topic name="wildcards" url="filters/wildcards.htm" />
<topic name="Forwarding a mail message" url="forwarding_a_mail_message.htm" />
<topic name="About Zimbra Collaboration Suite" url="Getting_Started/about_liquid_mail.htm" />
<topic name="User Interface Features and Shortcuts" url="Getting_Started/user_interface_features_and_shortcuts.htm" />
<topic name="Spam filtering" url="junk_delete/spam_filtering.htm" />
<topic name="Message blocking feature" url="Message_blocking_feature.htm" />
<topic name="About folders" url="Navigation_folders_and_tips/about_folders.htm" />
<topic name="Applying actions to multiple selections" url="Navigation_folders_and_tips/applying_actions_to_multiple_selections.htm" />
<topic name="Browser use with Zimbra" url="Navigation_folders_and_tips/browser_use_with_liquid_mail.htm" />
<topic name="Categorizing your mail messages" url="Navigation_folders_and_tips/categorizing_your_mail_messages.htm" />
<topic name="Creating custom folders" url="Navigation_folders_and_tips/creating_custom_folders.htm" />
<topic name="Deleting folders" url="Navigation_folders_and_tips/deleting_folders.htm" />
<topic name="Folders area" url="Navigation_folders_and_tips/Folders_area.htm" />
<topic name="Inbox folder" url="Navigation_folders_and_tips/inbox_folder.htm" />
<topic name="Mail list view" url="Navigation_folders_and_tips/mail_list_view.htm" />
<topic name="Moving mail messages between folders" url="Navigation_folders_and_tips/moving_mail_messages_between_folders.htm" />
<topic name="Navigating through the user interface" url="Navigation_folders_and_tips/navigating_through_the_user_interface.htm" />
<topic name="quotas" url="Navigation_folders_and_tips/quotas.htm" />
<topic name="Renaming folders" url="Navigation_folders_and_tips/renaming_folders.htm" />
<topic name="Sent folder" url="Navigation_folders_and_tips/sent_folder.htm" />
<topic name="Traditional View" url="Navigation_folders_and_tips/Traditional_View.htm" />
<topic name="Trash folder" url="Navigation_folders_and_tips/trash_folder.htm" />
<topic name="purging messages" url="reading_mail/archiving_old_messages.htm" />
<topic name="Attachment Blocking" url="reading_mail/attachment_blocking.htm" />
<topic name="Displaying HTML in email messages" url="reading_mail/displaying_html_in_email_messages.htm" />
<topic name="How to tell when you've got new mail" url="reading_mail/how_to_tell_when_you_ve_got_new_mail.htm" />
<topic name="Marking mail as unread" url="reading_mail/marking_mail_as_unread.htm" />
<topic name="Opening file attachments" url="reading_mail/opening_file_attachments.htm" />
<topic name="Printing a mail message" url="reading_mail/printing_a_mail_message.htm" />
<topic name="Reading mail" url="reading_mail/reading_mail.htm" />
<topic name="Replying to mail messages" url="reading_mail/replying_to_mail_messages.htm" />
<topic name="Recovering deleted mail messages" url="recovering_deleted_mail_messages.htm" />
<topic name="Right-click menus" url="right-click_menus.htm" />
<topic name="&quot;And&quot; vs. &quot;Or&quot; type searches" url="Search/_and__vs.__or__type_searches.htm" />
<topic name="&quot;Search&quot; vs. &quot;Search For&quot;" url="Search/_search__vs.__search_for_.htm" />
<topic name="Building search queries" url="Search/building_search_queries.htm" />
<topic name="Query language description" url="Search/query_language_description.htm" />
<topic name="Quick search" url="Search/Quick_search.htm" />
<topic name="Saving search queries" url="Search/saving_search_queries.htm" />
<topic name="Search examples" url="Search/search_examples.htm" />
<topic name="Search syntax" url="Search/search_syntax.htm" />
<topic name="Using the search feature" url="Search/using_the_search_feature.htm" />
<topic name="Sorting conversations" url="sorting_conversations.htm" />
<topic name="Assigning tags to messages" url="Tags_and_flags/Assigning_tags_to_messages.htm" />
<topic name="Creating new tag definitions" url="Tags_and_flags/Creating_new_tag_definitions.htm" />
<topic name="Deleting tags" url="Tags_and_flags/deleting_tags.htm" />
<topic name="Flagging an email message" url="Tags_and_flags/Flagging_an_email_message.htm" />
<topic name="Using tags to classify mail messages" url="Tags_and_flags/Using_tags_to_classify_mail_messages.htm" />
<topic name="Restore Default Options" url="the__restore_defaults__button.htm" />
<topic name="Undeliverable mail" url="undeliverable_mail.htm" />
<topic name="Browser session handling" url="Userspecific/browser_session_handling.htm" />
<topic name="Chaning your password" url="Userspecific/chaning_your_password.htm" />
<topic name="Enabling different mail features" url="Userspecific/enabling_different_mail_features.htm" />
<topic name="If you forget your password" url="Userspecific/if_you_forget_your_password.htm" />
<topic name="If your session expires" url="Userspecific/if_your_session_expires.htm" />
<topic name="Logging on and off" url="Userspecific/logging_on_and_off.htm" />
<topic name="New mail notifications" url="Userspecific/New_mail_notifications.htm" />
<topic name="Setting your user preferences" url="Userspecific/Setting_your_user_preferences.htm" />
<topic name="Using a signature" url="Userspecific/using_a_signature.htm" />
<topic name="Vacation message" url="Userspecific/vacation_message.htm" />
<topic name="Using address lookup" url="Using_address_lookup.htm" />
<topic name="version" url="version.htm" />

</ftstdata>  
