<?xml version='1.0' encoding='windows-1252' ?>
<ftswdata>
<key name="01"> 20, </key>
<key name="1"> 20,59,62,82, </key>
<key name="11"> 59, </key>
<key name="12"> 20,59, </key>
<key name="1212"> 81, </key>
<key name="123"> 59, </key>
<key name="12k"> 59, </key>
<key name="2"> 62, </key>
<key name="20"> 83, </key>
<key name="2005"> 20,16,59,82,84, </key>
<key name="22"> 48, </key>
<key name="23"> 84, </key>
<key name="24"> 9, </key>
<key name="25"> 80, </key>
<key name="3"> 59, </key>
<key name="30"> 12,59, </key>
<key name="303"> 81, </key>
<key name="555"> 81, </key>
<key name="9"> 59, </key>
<key name="abbreviation"> 18, </key>
<key name="abl"> 13,46,14,50,54,80, </key>
<key name="abov"> 20,59, </key>
<key name="absenc"> 22, </key>
<key name="acces"> 31,15,67,48,39, </key>
<key name="accord"> 32, </key>
<key name="account"> 35,79,71,80, </key>
<key name="acm"> 4,59,81,83,8, </key>
<key name="acrobat"> 14, </key>
<key name="acros"> 8, </key>
<key name="action"> 30,20,21,69,22,55,26, </key>
<key name="activ"> 31,22,26, </key>
<key name="activat"> 50, </key>
<key name="activity"> 77, </key>
<key name="actual"> 14,16, </key>
<key name="ad"> 7,13,59,18,8, </key>
<key name="add"> 7,66,13,1,2,15,75,21,24,6,55,80,26,81,18,8, </key>
<key name="addition"> 56,33,45, </key>
<key name="additional"> 7,1,2,20,6,26,81, </key>
<key name="addres"> 57,7,58,1,2,15,3,4,75,20,5,6,22,78,39,79,50,16,59,60,55,80,72,26,83,18,8,64, </key>
<key name="addresse"> 24,18, </key>
<key name="administration"> 14,27, </key>
<key name="administrator"> 46,14,31,58,74,1,75,12,76,77,78,28,50,16,45,59,40,80,27,44,72, </key>
<key name="adob"> 56,14,62, </key>
<key name="advanc"> 25,58,59,64, </key>
<key name="advantag"> 1, </key>
<key name="advis"> 15, </key>
<key name="affect"> 47,71,42,64, </key>
<key name="again"> 13,77,61,72,64, </key>
<key name="aid"> 29,70,64, </key>
<key name="aka"> 27, </key>
<key name="allow"> 31,58,75,20,22,48,50,59,55,64, </key>
<key name="allowabl"> 59, </key>
<key name="almost"> 50, </key>
<key name="alon"> 60, </key>
<key name="along"> 32,51,40,18,23, </key>
<key name="already"> 66,20,77, </key>
<key name="alternative"> 66,18, </key>
<key name="although"> 36,60,42, </key>
<key name="alway"> 57,73,78,50,59,60,80,8, </key>
<key name="am"> 82, </key>
<key name="amb"> 59, </key>
<key name="amount"> 77,40, </key>
<key name="angl"> 53, </key>
<key name="animation"> 14, </key>
<key name="anoth"> 29,30,14,73,31,32,1,10,33,34,47,35,22,48,9,38,79,54,55,61,62,80,72,70, </key>
<key name="anti"> 62, </key>
<key name="any"> 56,57,7,30,66,14,73,58,1,33,67,34,68,47,75,20,21,22,48,77,37,9,39,50,16,45,59,60,41,53,71,62,63,80,65,27,18,23, </key>
<key name="anyon"> 15, </key>
<key name="anyway"> 15, </key>
<key name="anywher"> 15,67,60, </key>
<key name="ap"> 30,66,73,1,20,21,22,55,70, </key>
<key name="appear"> 56,29,7,66,13,74,1,19,10,15,67,3,4,20,21,6,22,48,78,49,38,39,50,16,11,51,59,60,52,53,55,17,62,43,81,83,18,8, </key>
<key name="append"> 81, </key>
<key name="appli"> 30,66,10,67,20,21,22,59,62, </key>
<key name="application"> 14,73,31,74,22,36,78,39,50,80, </key>
<key name="apply"> 30, </key>
<key name="appointment"> 0,25,80, </key>
<key name="appropriat"> 13,50, </key>
<key name="archiv"> 45, </key>
<key name="area"> 57,1,4,35,22,39,60,62, </key>
<key name="around"> 66,59,80, </key>
<key name="arriv"> 58,48, </key>
<key name="arrow"> 57,2,67,4,60,62,65,43,26,64, </key>
<key name="ascend"> 65, </key>
<key name="ask"> 73,12,50,16, </key>
<key name="assign"> 74,75, </key>
<key name="associat"> 7,22,9, </key>
<key name="assum"> 14,62, </key>
<key name="asterisk"> 23, </key>
<key name="attach"> 13,14,62,80, </key>
<key name="attachment"> 56,57,25,13,46,14,58,15,47,20,24,22,9,28,50,16,59,60,40,62,63,64, </key>
<key name="attack"> 28, </key>
<key name="attende"> 25, </key>
<key name="attribut"> 59, </key>
<key name="audio"> 59,63, </key>
<key name="august"> 82,84, </key>
<key name="authenticat"> 78, </key>
<key name="auto"> 1,3,80,83,82, </key>
<key name="automat"> 27, </key>
<key name="automatic"> 40, </key>
<key name="automatical"> 7,14,32,1,20,21,77,16,45,54,80,27,44,81,82, </key>
<key name="availabl"> 2,3,75,6,39,8, </key>
<key name="away"> 82, </key>
<key name="b"> 59, </key>
<key name="back"> 73,31,49,27,26, </key>
<key name="backslash"> 23, </key>
<key name="bad"> 72, </key>
<key name="ban"> 39,40, </key>
<key name="bana"> 19, </key>
<key name="banana"> 19,20,59,63,23, </key>
<key name="bananafloat"> 23, </key>
<key name="bananasboat"> 23, </key>
<key name="bandanna"> 23, </key>
<key name="bar"> 56,4,39,40,61,26, </key>
<key name="basi"> 34, </key>
<key name="basic"> 56,58,62, </key>
<key name="bcc"> 7,58,15,20,24,60,80,83,18,8, </key>
<key name="be"> 20,22,64, </key>
<key name="becom"> 83, </key>
<key name="befor"> 73,58,20,37,59,60,53,62,80,27,8,23, </key>
<key name="begin"> 12,55,17, </key>
<key name="begun"> 83, </key>
<key name="behav"> 26, </key>
<key name="below"> 66,15,39, </key>
<key name="beneath"> 62, </key>
<key name="beta"> 84, </key>
<key name="blank"> 15, </key>
<key name="blind"> 18, </key>
<key name="block"> 46,14,28,62, </key>
<key name="boat"> 23, </key>
<key name="body"> 58,15,47,20,24,22,16,59,60,52,62,63,81, </key>
<key name="bold"> 9,49, </key>
<key name="boldfac"> 35,48, </key>
<key name="book"> 1,2,20,50,60,8, </key>
<key name="bos"> 22, </key>
<key name="both"> 56,19,38,62,23, </key>
<key name="bottom"> 43, </key>
<key name="bounc"> 15,40,72, </key>
<key name="box"> 56,57,58,15,4,22,39,60,62,80,26,81,83,8,64,82, </key>
<key name="boxman"> 56, </key>
<key name="br"> 18, </key>
<key name="bracket"> 53, </key>
<key name="breakfast"> 19, </key>
<key name="brief"> 39, </key>
<key name="brink"> 83, </key>
<key name="brought"> 67, </key>
<key name="brown"> 83, </key>
<key name="brows"> 13,14,73,31,78,39,50,51,26, </key>
<key name="browser"> 14,31, </key>
<key name="budget"> 62, </key>
<key name="build"> 56,57,58,75,35,61,62,64, </key>
<key name="built"> 32, </key>
<key name="busines"> 81, </key>
<key name="busy"> 25, </key>
<key name="button"> 57,66,73,31,67,21,39,16,53,71,55,62,43,26,18,8,64, </key>
<key name="byt"> 58,59, </key>
<key name="cal"> 56,22,59,62,8, </key>
<key name="calendar"> 0,25,75,39,80, </key>
<key name="cannot"> 29,1,15,33,34,20,6,36,51,59,63,72, </key>
<key name="capitalization"> 20, </key>
<key name="car"> 50,16, </key>
<key name="carbon"> 18, </key>
<key name="card"> 1, </key>
<key name="cas"> 20,48,77,50,59,54,63,80,83, </key>
<key name="casserol"> 20,23, </key>
<key name="catch"> 22, </key>
<key name="categori"> 66, </key>
<key name="categoriz"> 32, </key>
<key name="caus"> 56,73,49,53,80, </key>
<key name="cc"> 56,7,58,15,20,24,59,60,53,80,83,18,8, </key>
<key name="certain"> 14,58,32,20,28,59,40,27,72,70, </key>
<key name="chanc"> 50, </key>
<key name="chang"> 57,73,74,1,15,4,75,22,12,36,49,39,52,53,71,62,63,80,43,26,64, </key>
<key name="charact"> 67,22,41,53,23, </key>
<key name="character"> 59,63,83,23, </key>
<key name="characteristic"> 25,32,22,28, </key>
<key name="charg"> 12, </key>
<key name="check"> 56,31,58,2,20,22,28,79,62,81,82, </key>
<key name="choic"> 21,55,26, </key>
<key name="choos"> 30,66,74,2,15,33,67,34,4,20,21,22,78,49,39,50,11,51,60,40,41,62,42,80,43,44,18,8, </key>
<key name="chooser"> 31, </key>
<key name="claim"> 62, </key>
<key name="classification"> 70, </key>
<key name="classify"> 66,32,35,70, </key>
<key name="clear"> 27, </key>
<key name="click"> 57,7,30,66,13,14,73,31,58,74,1,2,15,33,67,3,34,68,4,21,69,24,22,78,37,9,49,38,39,79,50,16,11,51,59,60,40,52,41,53,71,55,17,61,80,65,27,43,44,26,81,83,18,8,64,82, </key>
<key name="clickabl"> 26, </key>
<key name="client"> 25,14,73,31,32,15,47,35,22,36,78,9,49,39,40,63,80,43,26, </key>
<key name="clip"> 14, </key>
<key name="clos"> 73,31,58,11,80, </key>
<key name="cod"> 14,47,60,80, </key>
<key name="collaboration"> 25,45, </key>
<key name="collection"> 37, </key>
<key name="collective"> 22, </key>
<key name="colon"> 67,41, </key>
<key name="color"> 75, </key>
<key name="column"> 31,74,78,9,52,80,65,26, </key>
<key name="com"> 15,4,22,78,59,81,83,8, </key>
<key name="combin"> 20,22, </key>
<key name="combination"> 20, </key>
<key name="comma"> 80, </key>
<key name="command"> 29,14,15,38,26, </key>
<key name="commit"> 4,71, </key>
<key name="common"> 13,47,50, </key>
<key name="communicat"> 6,17, </key>
<key name="company"> 74,1,2,6,22,16,62,81,8, </key>
<key name="comparison"> 19,20,21,23, </key>
<key name="complet"> 1,15,4,60,17,83, </key>
<key name="completion"> 3,83, </key>
<key name="complex"> 22,60, </key>
<key name="component"> 16, </key>
<key name="compos"> 25,13,73,15,3,75,5,53,55,17,80,81,8, </key>
<key name="compound"> 59,64, </key>
<key name="compres"> 14,50, </key>
<key name="compression"> 14,50, </key>

</ftswdata>  
