<?xml version='1.0' encoding='windows-1252' ?>
<ftswdata>
<key name="full"> 25,7,1,20,78,39,60,40,72, </key>
<key name="function"> 39,26, </key>
<key name="furth"> 30,20,22, </key>
<key name="futur"> 35, </key>
<key name="fwd"> 12, </key>
<key name="g"> 46, </key>
<key name="gal"> 57,5,6,60, </key>
<key name="gb"> 58,59, </key>
<key name="general"> 31,74,22,28,16,80, </key>
<key name="generat"> 20,16,80,72, </key>
<key name="get"> 28,50, </key>
<key name="gif"> 13,14, </key>
<key name="gift"> 23, </key>
<key name="gigabyt"> 59, </key>
<key name="global"> 57,5,6,60,8,64, </key>
<key name="go"> 20,21, </key>
<key name="good"> 31, </key>
<key name="got"> 49,52,72, </key>
<key name="grammar"> 59, </key>
<key name="graphic"> 14, </key>
<key name="graphical"> 14,73, </key>
<key name="gray"> 2, </key>
<key name="great"> 59, </key>
<key name="group"> 32,75,5,22,12,9, </key>
<key name="grow"> 83, </key>
<key name="gui"> 73, </key>
<key name="guid"> 75, </key>
<key name="guidelin"> 31, </key>
<key name="habit"> 73, </key>
<key name="hand"> 66,68,35,38,52,44,26, </key>
<key name="handl"> 22,27, </key>
<key name="happen"> 10,40,83, </key>
<key name="hard"> 80, </key>
<key name="hav"> 49, </key>
<key name="haven"> 28,17, </key>
<key name="head"> 7,58,2,20,22,50,16,59,18,23, </key>
<key name="header"> 20,16,55,26, </key>
<key name="health"> 16, </key>
<key name="hello"> 59, </key>
<key name="help"> 75,39,27, </key>
<key name="her"> 14,35,39,62, </key>
<key name="hidden"> 75, </key>
<key name="high"> 25,62, </key>
<key name="highlight"> 30,10,65,27,83, </key>
<key name="hom"> 1,39, </key>
<key name="hour"> 58,9, </key>
<key name="how"> 74,1,47,75,22,12,48,49,16,45,40,52,53,80,82, </key>
<key name="htm"> 14, </key>
<key name="html"> 13,46,14,15,47,75,50,63,80, </key>
<key name="http"> 78, </key>
<key name="i"> 73,20,77,28,82, </key>
<key name="icon"> 57,4,69,26, </key>
<key name="id"> 59, </key>
<key name="identify"> 20,22,26, </key>
<key name="if"> 56,57,7,30,66,13,46,14,73,31,58,74,1,10,2,15,34,47,75,20,21,35,22,12,48,76,77,78,9,28,38,79,50,16,40,52,53,55,17,61,62,63,80,27,43,72,26,81,83,18,64, </key>
<key name="ignor"> 20, </key>
<key name="iii"> 59, </key>
<key name="imag"> 56,13,46,14,47,50,59,62,63, </key>
<key name="immediat"> 22,70, </key>
<key name="immediate"> 15,20,79,81,64,82,23, </key>
<key name="implement"> 50, </key>
<key name="import"> 25,6,80, </key>
<key name="importanc"> 69, </key>
<key name="important"> 32,22,79, </key>
<key name="in"> 14, </key>
<key name="inactiv"> 22,77, </key>
<key name="inbound"> 32, </key>
<key name="inbox"> 29,10,33,34,20,35,22,48,36,37,39,59,52,80,65,27, </key>
<key name="inc"> 81, </key>
<key name="includ"> 14,73,1,10,2,47,20,12,37,9,39,59,53,62,63,26,18,23, </key>
<key name="incom"> 25,14,21,22,50,80, </key>
<key name="increas"> 14,26, </key>
<key name="indefinite"> 12, </key>
<key name="indicat"> 14,69,35,48,52,65,72, </key>
<key name="indicator"> 69, </key>
<key name="individual"> 12,37,16,52,43, </key>
<key name="information"> 57,7,14,58,1,2,3,75,20,35,6,9,16,72,26,81,64, </key>
<key name="initial"> 80, </key>
<key name="insensitiv"> 20,59, </key>
<key name="insert"> 16, </key>
<key name="insid"> 33, </key>
<key name="instal"> 14, </key>
<key name="install"> 14, </key>
<key name="installation"> 75, </key>
<key name="instanc"> 56,58,62, </key>
<key name="interest"> 18, </key>
<key name="interfac"> 73,75,35,59,40,55,26, </key>
<key name="internal"> 14,59, </key>
<key name="internet"> 73,31,15,16,80,83, </key>
<key name="interpret"> 20, </key>
<key name="isn"> 27, </key>
<key name="issu"> 72, </key>
<key name="item"> 56,57,29,30,66,14,32,19,67,34,68,69,35,22,37,49,38,39,50,59,60,55,62,65,44,26,70, </key>
<key name="itself"> 47,16,23, </key>
<key name="jan"> 22, </key>
<key name="january"> 59, </key>
<key name="jo"> 59,8, </key>
<key name="job"> 2, </key>
<key name="john"> 59,81, </key>
<key name="jpeg"> 56,14,50,62, </key>
<key name="jpg"> 13,14, </key>
<key name="js123"> 8, </key>
<key name="jsmith"> 8, </key>
<key name="junk"> 35,80,27, </key>
<key name="just"> 10,60,62,18, </key>
<key name="kb"> 58,59, </key>
<key name="keep"> 20,40, </key>
<key name="keyword"> 59,60, </key>
<key name="kilobyt"> 59, </key>
<key name="kind"> 13, </key>
<key name="know"> 24,22,8, </key>
<key name="known"> 50,82, </key>
<key name="label"> 32,75, </key>
<key name="languag"> 59,60,64, </key>
<key name="larg"> 58,20,69,59,40,27, </key>
<key name="last"> 58,1,2,15,4,22,12,16,59,60,83,84, </key>
<key name="launch"> 14, </key>
<key name="layout"> 47, </key>
<key name="leaf"> 20,23, </key>
<key name="learn"> 60, </key>
<key name="least"> 35,59,72,18, </key>
<key name="leav"> 30,73,20,22, </key>
<key name="left"> 30,66,68,35,78,38,39,52,54,80,44,26,8,64, </key>
<key name="length"> 77, </key>
<key name="lenient"> 16, </key>
<key name="les"> 69, </key>
<key name="let"> 0,14,15,83,18,64, </key>
<key name="level"> 33,40, </key>
<key name="lik"> 2,4,16,80, </key>
<key name="like"> 10,22,62, </key>
<key name="limit"> 58,1,40,63, </key>
<key name="lin"> 56,7,13,14,58,32,19,15,75,20,24,12,37,9,16,59,60,52,53,80,23, </key>
<key name="link"> 46,14,47,26, </key>
<key name="list"> 57,7,30,66,1,10,2,33,67,3,75,20,21,69,35,5,6,22,12,48,37,9,16,60,52,55,62,80,65,72,26,83,18,8,64, </key>
<key name="listing"> 35, </key>
<key name="literal"> 63, </key>
<key name="load"> 36, </key>
<key name="local"> 40, </key>
<key name="locat"> 13,32, </key>
<key name="location"> 33,38,39,50,59, </key>
<key name="log"> 31,74,77,36,78,39,40,71,80, </key>
<key name="logic"> 21, </key>
<key name="login"> 77,78, </key>
<key name="long"> 74,3,37,45,40,54,26,18,82, </key>
<key name="look"> 15,20,48,40, </key>
<key name="los"> 73,16, </key>
<key name="lot"> 79, </key>
<key name="low"> 57,24,52,26,64, </key>
<key name="m"> 20, </key>
<key name="macintosh"> 31, </key>
<key name="mail"> 29,25,7,13,14,73,31,32,1,10,2,15,3,47,75,20,21,35,24,5,6,22,12,48,78,37,49,38,79,50,16,51,59,60,40,52,54,53,17,62,63,42,80,27,43,44,72,81,18,70,8,64,82, </key>
<key name="mailbox"> 74,75,22,40,72, </key>
<key name="main"> 23, </key>
<key name="maintain"> 75,6, </key>
<key name="majority"> 50, </key>
<key name="mak"> 56,57,47,4,59,60,80,64, </key>
<key name="malform"> 20, </key>
<key name="manag"> 12,9, </key>
<key name="manageabl"> 40, </key>
<key name="management"> 21, </key>
<key name="manual"> 32,44, </key>
<key name="mark"> 35,22,49,55,23, </key>
<key name="martin"> 56, </key>
<key name="match"> 56,57,14,19,10,4,75,20,21,22,12,63,83,23, </key>
<key name="maximum"> 1,77,59, </key>
<key name="maxm"> 59, </key>
<key name="mb"> 58,59, </key>
<key name="mean"> 46,19,10,20,21,22,36,59,80,72, </key>
<key name="medium"> 70, </key>
<key name="meet"> 56,22, </key>
<key name="meeting"> 0,25,75, </key>
<key name="megabyt"> 59, </key>
<key name="menu"> 7,30,66,2,22,49,60,55,80,43,26,8, </key>
<key name="messag"> 56,57,25,7,66,13,46,14,73,58,32,10,2,15,67,34,47,75,20,21,69,35,24,5,22,12,48,37,9,49,28,38,39,79,50,16,11,51,45,59,60,40,52,54,53,55,17,62,63,42,80,27,43,72,26,81,83,18,70,8,64,82, </key>
<key name="met"> 21, </key>
<key name="method"> 32,49, </key>
<key name="microsoft"> 13,14,73,31,50,59,62,63, </key>
<key name="middl"> 73,23, </key>
<key name="might"> 29,73,58,22,28,59,53,27,72,83,70,23, </key>
<key name="migrat"> 35, </key>
<key name="mik"> 12, </key>
<key name="mini"> 58, </key>
<key name="minm"> 59, </key>
<key name="minu"> 21, </key>
<key name="miscellaneou"> 35, </key>
<key name="mission"> 16, </key>
<key name="mix"> 62, </key>
<key name="mm"> 20,59, </key>
<key name="mod"> 47, </key>
<key name="modifi"> 4, </key>
<key name="money"> 23, </key>
<key name="month"> 0,58, </key>
<key name="most"> 16, </key>
<key name="mous"> 7,73,1,52,55,65,26, </key>
<key name="mov"> 29,30,32,1,10,34,20,22,36,38,54,55,27,8, </key>
<key name="movabl"> 26, </key>
<key name="movi"> 14, </key>
<key name="mozilla"> 31, </key>
<key name="mpeg"> 14, </key>
<key name="mpg"> 14, </key>
<key name="much"> 13,40, </key>
<key name="multipl"> 56,25,30,66,58,1,20,21,22,51,70, </key>
<key name="must"> 56,13,74,19,4,20,21,22,12,78,37,50,59,60,71,80, </key>
<key name="my"> 29,73,19,33,20,22,59, </key>
<key name="myra"> 78, </key>
<key name="myra123"> 78, </key>
<key name="nam"> 56,57,7,30,66,1,2,15,33,67,3,68,4,20,21,35,5,22,48,78,39,16,59,60,40,52,41,53,55,61,63,80,26,83,18,8, </key>
<key name="navigat"> 73, </key>
<key name="ne"> 14,73,31,53, </key>
<key name="near"> 20, </key>
<key name="need"> 13,15,69,40,17,8, </key>
<key name="negativ"> 22, </key>
<key name="network"> 50, </key>
<key name="nev"> 62,72, </key>
<key name="new"> 25,7,30,66,13,14,74,1,2,15,33,67,21,35,24,22,12,48,49,38,79,16,59,52,53,71,55,17,61,62,80,81,83,18,8,64, </key>
<key name="newest"> 52, </key>
<key name="newsgroup"> 12, </key>

</ftswdata>  
