<?xml version='1.0' encoding='windows-1252' ?>
<ftswdata>
<key name="comput"> 14,78,50, </key>
<key name="computer"> 14,50, </key>
<key name="concern"> 16, </key>
<key name="condition"> 20,21,22, </key>
<key name="configur"> 14,1,75,48,77,16,45,80,27, </key>
<key name="confirm"> 74, </key>
<key name="confirmation"> 15, </key>
<key name="consider"> 56,20,22,12,49,50,23, </key>
<key name="consist"> 22,9,16,80, </key>
<key name="constrain"> 59, </key>
<key name="consum"> 40, </key>
<key name="contact"> 57,29,25,7,66,58,74,1,2,33,3,4,75,20,6,22,76,39,16,60,54,55,62,80,27,72,26,81,83,70,8,64, </key>
<key name="contain"> 56,57,25,46,14,58,19,34,47,75,20,35,5,6,22,48,9,49,28,50,16,59,60,52,62,63,42,80,65,23, </key>
<key name="content"> 30,46,58,1,3,35,9,39,50,16,59,62,63,80,72,64, </key>
<key name="contiguou"> 30, </key>
<key name="continu"> 13,73,21,12,77,83, </key>
<key name="contradictory"> 22, </key>
<key name="contrast"> 37, </key>
<key name="control"> 30,66,64, </key>
<key name="conv"> 59, </key>
<key name="convenienc"> 6,55,26, </key>
<key name="convention"> 26, </key>
<key name="conversation"> 57,25,7,66,32,10,67,75,69,35,12,48,37,9,49,38,11,51,59,52,53,55,80,43,26, </key>
<key name="convert"> 46,50,63, </key>
<key name="cook"> 19, </key>
<key name="copi"> 20,42,80,18, </key>
<key name="copy"> 15,20,80,18, </key>
<key name="corporat"> 21,6,60,72,18,8, </key>
<key name="corporation"> 81, </key>
<key name="correct"> 14,72,8, </key>
<key name="correctnes"> 2, </key>
<key name="correspond"> 22,83,18, </key>
<key name="correspondenc"> 31, </key>
<key name="could"> 14,10,33,4,20,21,22,50,16,60,62,81,8, </key>
<key name="count"> 35,59, </key>
<key name="creat"> 56,29,25,66,13,14,32,1,2,33,67,75,21,35,22,39,50,60,55,17,61,62,80,81,70, </key>
<key name="criteria"> 56,57,66,58,10,4,59,62, </key>
<key name="current"> 29,30,20,22,39,50,59,80,26,64,82, </key>
<key name="cursor"> 7,1,52,55,65,26, </key>
<key name="custom"> 10,33,34,20,39,41, </key>
<key name="cut"> 60,64, </key>
<key name="d"> 83, </key>
<key name="dal"> 83, </key>
<key name="dash"> 80, </key>
<key name="dat"> 58,20,9,59,62,64, </key>
<key name="data"> 60, </key>
<key name="david"> 83, </key>
<key name="day"> 0,12,9,59,40,27, </key>
<key name="db"> 59, </key>
<key name="dbrink"> 83, </key>
<key name="dd"> 20,59, </key>
<key name="de"> 30, </key>
<key name="decemb"> 20,62, </key>
<key name="decid"> 24, </key>
<key name="decreas"> 26, </key>
<key name="ded"> 83, </key>
<key name="default"> 30,2,75,20,35,36,52,71,61,80,43, </key>
<key name="defin"> 29,25,58,34,75,22,62,80, </key>
<key name="definition"> 66,67,68,62, </key>
<key name="delet"> 29,25,30,1,3,34,68,20,35,22,36,45,40,54,55,42,27,44, </key>
<key name="delimit"> 80, </key>
<key name="deliver"> 20,22,28,72, </key>
<key name="delivery"> 46,28, </key>
<key name="department"> 6, </key>
<key name="depend"> 13,46,75,21,37,39,16,53,55, </key>
<key name="descend"> 65, </key>
<key name="describ"> 57,66,13,75,20,22,12,48,59,60,17,80,64, </key>
<key name="description"> 59,60,62,64, </key>
<key name="descriptiv"> 26, </key>
<key name="design"> 14,31,22, </key>
<key name="designat"> 25,82, </key>
<key name="designation"> 22, </key>
<key name="desir"> 24,38,18,8, </key>
<key name="desktop"> 13,14, </key>
<key name="destination"> 38, </key>
<key name="detail"> 57,1,2,21,9,38,39,59,26, </key>
<key name="detect"> 14,73, </key>
<key name="determin"> 22,28,8, </key>
<key name="dialog"> 73,74,15,67,3,20,50,11,51,61,18,8,23, </key>
<key name="different"> 56,73,31,58,10,75,20,16,62,63,26,70, </key>
<key name="difficult"> 51, </key>
<key name="direct"> 14,69,59,83,18, </key>
<key name="directiv"> 21, </key>
<key name="directory"> 6,60, </key>
<key name="disabl"> 75, </key>
<key name="disappear"> 83, </key>
<key name="discard"> 20,22, </key>
<key name="disk"> 39,40, </key>
<key name="display"> 7,30,73,31,1,2,15,47,4,75,35,24,48,78,9,49,39,40,52,80,43,26,83,18,64, </key>
<key name="distinguish"> 69,62, </key>
<key name="distribution"> 5,6, </key>
<key name="division"> 81, </key>
<key name="do"> 56,14,58,15,47,20,24,22,53,71,62,64, </key>
<key name="doc"> 14, </key>
<key name="document"> 13,46,14,50,59,63, </key>
<key name="dodd"> 83, </key>
<key name="domain"> 58,15,78,59,60,63, </key>
<key name="don"> 29,66,73,31,32,15,20,79,59,40,17,62,80,27,83,8, </key>
<key name="dorothy"> 83, </key>
<key name="doubl"> 30,14,67,4,9,50,52,41,80,8, </key>
<key name="down"> 57,30,67,4,21,22,79,16,62,65,43,26,64, </key>
<key name="download"> 14, </key>
<key name="draft"> 73,15,35,17,64, </key>
<key name="drag"> 29,66,10,34,38,54,26, </key>
<key name="drop"> 57,29,66,10,34,21,22,38,54,62,26,64, </key>
<key name="e"> 46,77,28, </key>
<key name="earli"> 22, </key>
<key name="easi"> 47, </key>
<key name="easy"> 75, </key>
<key name="edit"> 25,4,6,50,55,17, </key>
<key name="editor"> 14, </key>
<key name="edward"> 83, </key>
<key name="effect"> 71, </key>
<key name="eith"> 56,1,10,15,34,47,35,48,77,37,59,61,62,27,18,8, </key>
<key name="eligibl"> 16, </key>
<key name="els"> 24, </key>
<key name="email"> 57,7,13,46,14,58,32,1,2,15,47,4,75,20,69,24,5,22,12,78,9,49,28,79,50,16,45,59,60,40,52,55,17,62,80,27,72,26,81,83,70,8,64,82, </key>
<key name="employe"> 16, </key>
<key name="empty"> 40,44, </key>
<key name="enabl"> 57,1,75,12,37,79,80,81,82, </key>
<key name="end"> 14,59,62,27, </key>
<key name="enforc"> 40, </key>
<key name="engineer"> 81, </key>
<key name="enough"> 79, </key>
<key name="ensur"> 13, </key>
<key name="ent"> 57,66,74,1,2,15,33,67,4,21,24,78,79,60,62,81,83,18,8,82, </key>
<key name="enter"> 1,4,61,63, </key>
<key name="entir"> 10,6,38,51,18, </key>
<key name="entri"> 1,6,50, </key>
<key name="entry"> 73,60,55, </key>
<key name="environment"> 14, </key>
<key name="equivalent"> 21, </key>
<key name="eras"> 64, </key>
<key name="erica"> 83, </key>
<key name="erica878"> 83, </key>
<key name="error"> 72, </key>
<key name="escap"> 23, </key>
<key name="etc"> 58,75, </key>
<key name="ev"> 22, </key>
<key name="evaluat"> 22, </key>
<key name="evaluation"> 20,22, </key>
<key name="even"> 14,15,47,20,22,77,9,50,8, </key>
<key name="event"> 0,25,21, </key>
<key name="eventual"> 31, </key>
<key name="every"> 22,39,72,81, </key>
<key name="everyon"> 5,53,8, </key>
<key name="everyth"> 17, </key>
<key name="ex"> 14,28, </key>
<key name="exact"> 19,20,12,28,16,59,55,80,81,23, </key>
<key name="exampl"> 56,29,30,13,46,14,32,74,19,33,4,20,21,22,12,48,78,37,59,60,53,62,63,81,83,70,8,23, </key>
<key name="excel"> 46,59,62,63, </key>
<key name="except"> 30,66,67,12,59,41,71, </key>
<key name="exception"> 15,63, </key>
<key name="exchang"> 25,53, </key>
<key name="exclusive"> 6, </key>
<key name="execut"> 57,21,59,60,64, </key>
<key name="executabl"> 46,14,50, </key>
<key name="exist"> 29,10,2,33,20,22,55,72, </key>
<key name="expand"> 14,55, </key>
<key name="expect"> 73, </key>
<key name="expens"> 14, </key>
<key name="expir"> 77, </key>
<key name="explor"> 14,31, </key>
<key name="export"> 80, </key>
<key name="extend"> 82, </key>
<key name="extension"> 14,62, </key>
<key name="extra"> 35, </key>
<key name="facilitat"> 6, </key>
<key name="familiar"> 63, </key>
<key name="far"> 39, </key>
<key name="fast"> 16, </key>
<key name="featur"> 57,25,73,58,32,1,67,75,24,6,22,12,37,39,79,51,59,60,52,71,63,80,43,26,81,83,64,82, </key>
<key name="few"> 24,38,62,63, </key>
<key name="field"> 13,1,2,15,20,21,24,60,53,62,80,83,18, </key>
<key name="figur"> 17, </key>
<key name="fil"> 56,25,13,46,14,1,2,47,20,24,22,9,28,50,16,59,60,40,54,62,63,80,64, </key>
<key name="filenam"> 14,47,59,62, </key>
<key name="filt"> 75,20,21,22,71,80,23, </key>
<key name="filter"> 25,32,19,10,21,22,50,16,52,80,27, </key>
<key name="fin"> 27, </key>
<key name="financ"> 21, </key>
<key name="find"> 56,66,73,5,59,60,62,63,27,70,64, </key>
<key name="finish"> 21, </key>
<key name="firefox"> 31, </key>
<key name="firewall"> 62, </key>
<key name="first"> 31,74,1,2,15,4,21,36,9,50,16,59,60,52,71,62,80,83, </key>
<key name="fit"> 26, </key>
<key name="flag"> 66,58,20,69,22,9,59, </key>
<key name="float"> 23, </key>
<key name="fold"> 29,30,73,58,32,1,10,33,34,20,21,35,22,48,36,37,9,38,39,45,59,40,52,54,41,55,17,61,42,80,27,44,64, </key>
<key name="folder"> 29,25,58,32,10,33,34,20,21,35,48,38,39,45,40,41,55,26,70,64, </key>
<key name="follow"> 56,30,14,73,58,67,47,20,21,35,12,16,59,40,52,62,63,80,26,83, </key>
<key name="font"> 15,47,75, </key>
<key name="forev"> 34, </key>
<key name="forget"> 76,40, </key>
<key name="format"> 13,14,15,47,20,51,59,80, </key>
<key name="forth"> 33,53,26, </key>
<key name="forward"> 25,58,67,24,41,55,80, </key>
<key name="fragment"> 52, </key>
<key name="fram"> 58, </key>
<key name="fre"> 25,1,19,23, </key>
<key name="friday"> 16, </key>

</ftswdata>  
