<?xml version='1.0' encoding='windows-1252' ?>
<tocdata>
<book name="Getting Started" >
  <item name="About Zimbra Collaboration Suite" url="Getting_Started/about_liquid_mail.htm" />
  <item name="Zimbra Collaboration features" url="Userspecific/enabling_different_mail_features.htm" />
  <item name="Logging on and off" url="Userspecific/logging_on_and_off.htm" />
  <item name="Changing your password" url="Userspecific/chaning_your_password.htm" />
  <item name="Forgot your password" url="Userspecific/if_you_forget_your_password.htm" />
</book>
<book name="Using the Zimbra Interface" >
  <item name="Navigating through the user interface" url="Navigation_folders_and_tips/navigating_through_the_user_interface.htm" />
  <item name="Using browsers" url="Navigation_folders_and_tips/browser_use_with_liquid_mail.htm" />
  <item name="User Interface Features and Shortcuts" url="Getting_Started/user_interface_features_and_shortcuts.htm" />
  <item name="Saving my work" url="Userspecific/browser_session_handling.htm" />
  <item name="Applying actions to multiple selections" url="Navigation_folders_and_tips/applying_actions_to_multiple_selections.htm" />
  <item name="Session expires" url="Userspecific/if_your_session_expires.htm" />
</book>
<book name="Managing Your Messages" >
  <item name="Managing your email message view" url="conversations/conversation_list_view.htm" />
  <item name="Conversations can span folders" url="conversations/conversations_can_span_folders.htm" />
  <item name="Working with conversations" url="conversations/working_with_conversations.htm" />
  <item name="Printing a conversation" url="conversations/printing_a_conversation.htm" />
  <item name="Categorizing your mail messages" url="Navigation_folders_and_tips/categorizing_your_mail_messages.htm" />
  <item name="Spam filtering" url="junk_delete/spam_filtering.htm" />
  <item name="Trash folder" url="Navigation_folders_and_tips/trash_folder.htm" />
  <book name="Creating Filters " >
    <item name="How filtering works" url="filters/how_filtering_works.htm" />
    <item name="Filtering your messages" url="filters/filtering_your_messages.htm" />
    <item name="Filter conditions and actions supported" url="filters/filter_conditions_and_actions_supported.htm" />
    <item name="Wildcards" url="filters/wildcards.htm" />
  </book>
  <book name="Using Tags to Organize Mail" >
    <item name="Using tags to classify mail messages" url="Tags_and_flags/Using_tags_to_classify_mail_messages.htm" />
    <item name="Creating new tag definitions" url="Tags_and_flags/Creating_new_tag_definitions.htm" />
    <item name="Assigning tags to messages" url="Tags_and_flags/Assigning_tags_to_messages.htm" />
    <item name="Deleting tags" url="Tags_and_flags/deleting_tags.htm" />
    <item name="Flagging an email message" url="Tags_and_flags/Flagging_an_email_message.htm" />
    <item name="Renaming folders" url="Navigation_folders_and_tips/renaming_folders.htm" />
  </book>
</book>
<book name="Working with Messages" >
  <item name="Creating a new mail message" url="Creating_Messages/Creating_a_new_mail_message.htm" />
  <item name="Parts of an email message" url="Creating_Messages/parts_of_an_email_message.htm" />
  <item name="Using a signature" url="Userspecific/using_a_signature.htm" />
  <item name="Using address lookup" url="Using_address_lookup.htm" />
  <item name="Using cc: and bcc: addresses" url="Creating_Messages/using_cc__and_bcc__addresses.htm" />
  <item name="Saving a draft message" url="Creating_Messages/saving_a_draft_message.htm" />
  <item name="Attaching files to a mail message" url="Creating_Messages/attaching_files_to_a_mail_message.htm" />
</book>
<book name="Reading Messages" >
  <item name="Reading mail" url="reading_mail/reading_mail.htm" />
  <item name="Marking mail as unread" url="reading_mail/marking_mail_as_unread.htm" />
  <item name="Displaying HTML in email messages" url="reading_mail/displaying_html_in_email_messages.htm" />
  <item name="New messages" url="reading_mail/how_to_tell_when_you_ve_got_new_mail.htm" />
  <item name="Opening file attachments" url="reading_mail/opening_file_attachments.htm" />
  <item name="Attachment blocking" url="reading_mail/attachment_blocking.htm" />
  <item name="Message blocking feature" url="Message_blocking_feature.htm" />
  <item name="Attachment file types" url="Creating_Messages/Attachment_File_Types_Supported.htm" />
  <item name="Undeliverable mail" url="undeliverable_mail.htm" />
</book>
<book name="Reply to and Forward Messages" >
  <item name="Replying to mail messages" url="reading_mail/replying_to_mail_messages.htm" />
  <item name="Forwarding a mail message" url="forwarding_a_mail_message.htm" />
</book>
<book name="Searching for Items" >
  <item name="Using the search feature" url="Search/using_the_search_feature.htm" />
  <item name="Quick search" url="Search/Quick_search.htm" />
  <item name="Building search queries" url="Search/building_search_queries.htm" />
  <item name="Search syntax" url="Search/search_syntax.htm" />
  <item name="Saving search queries" url="Search/saving_search_queries.htm" />
  <item name="Query language description" url="Search/query_language_description.htm" />
  <item name="&quot;And&quot; vs. &quot;Or&quot; type searches" url="Search/_and__vs.__or__type_searches.htm" />
  <item name="&quot;Search&quot; vs. &quot;Search For&quot;" url="Search/_search__vs.__search_for_.htm" />
  <item name="Contains vs. Matches" url="filters/contains_vs_matches.htm" />
  <item name="Search examples" url="Search/search_examples.htm" />
</book>
<book name="Contacts " >
  <item name="Contacts List" url="Contacts/contacts.htm" />
  <item name="Creating a new contact" url="Contacts/creating_a_new_contact.htm" />
  <item name="Using the corporate address book" url="Contacts/using_the_corporate_address_book.htm" />
  <item name="Adding a contact from the company directory" url="Contacts/importing_a_contact_from_the_company_directory.htm" />
  <item name="GAL vs Contacts" url="Contacts/gal_vs_contacts.htm" />
  <item name="Editing a contact" url="Contacts/editing_a_contact.htm" />
  <item name="Deleting a contact" url="Contacts/deleting_a_contact.htm" />
</book>
<book name="Setting Your Preferences" >
  <item name="Setting your user preferences" url="Userspecific/Setting_your_user_preferences.htm" />
  <item name="Restore default options" url="the__restore_defaults__button.htm" />
  <item name="New mail notifications" url="Userspecific/New_mail_notifications.htm" />
  <item name="Vacation message" url="Userspecific/vacation_message.htm" />
  <item name="Saving messages you send" url="Navigation_folders_and_tips/sent_folder.htm" />
  <item name="Printing a mail message" url="reading_mail/printing_a_mail_message.htm" />
  <item name="Mailbox quota" url="Navigation_folders_and_tips/quotas.htm" />
</book>

</tocdata>
