﻿<?xml version='1.0' encoding='utf-8' ?>
<!-- saved from url=(0014)about:internet -->
<fts>
<chunkinfo url="whfwdata0.xml" first="!" last="calculat"/>
<chunkinfo url="whfwdata1.xml" first="calendar" last="divid"/>
<chunkinfo url="whfwdata2.xml" first="dll" last="includ"/>
<chunkinfo url="whfwdata3.xml" first="incom" last="obtain"/>
<chunkinfo url="whfwdata4.xml" first="occupant" last="samson"/>
<chunkinfo url="whfwdata5.xml" first="samuel" last="unit"/>
<chunkinfo url="whfwdata6.xml" first="unknown" last="™"/>

<tchunkinfo first="0" last="98" url="whftdata0.xml" />
<tchunkinfo first="99" last="107" url="whftdata1.xml" />

</fts>
