<?xml version='1.0' encoding='windows-1252' ?>
<!-- saved from url=(0014)about:internet -->
<fts>
<chunkinfo url="whfwdata0.xml" first="0" last="certificat"/>
<chunkinfo url="whfwdata1.xml" first="certify" last="duration"/>
<chunkinfo url="whfwdata2.xml" first="e" last="instal"/>
<chunkinfo url="whfwdata3.xml" first="install" last="organiz"/>
<chunkinfo url="whfwdata4.xml" first="organization" last="security"/>
<chunkinfo url="whfwdata5.xml" first="select" last="vacation"/>
<chunkinfo url="whfwdata6.xml" first="valid" last="zwc"/>

<tchunkinfo first="0" last="98" url="whftdata0.xml" />
<tchunkinfo first="99" last="104" url="whftdata1.xml" />

</fts>
