<?xml version='1.0' encoding='windows-1252' ?>
<!-- saved from url=(0014)about:internet -->
<fts>
<chunkinfo url="whfwdata0.xml" first="0" last="certificat"/>
<chunkinfo url="whfwdata1.xml" first="chang" last="effect"/>
<chunkinfo url="whfwdata2.xml" first="eith" last="interval"/>
<chunkinfo url="whfwdata3.xml" first="invalid" last="overview"/>
<chunkinfo url="whfwdata4.xml" first="own" last="serv"/>
<chunkinfo url="whfwdata5.xml" first="server" last="walk"/>
<chunkinfo url="whfwdata6.xml" first="want" last="zwc"/>

<tchunkinfo first="0" last="98" url="whftdata0.xml" />
<tchunkinfo first="99" last="104" url="whftdata1.xml" />

</fts>
