<?xml version='1.0' encoding='windows-1252' ?>
<!-- saved from url=(0014)about:internet -->
<fts>
<chunkinfo url="whfwdata0.xml" first="0" last="checkbox"/>
<chunkinfo url="whfwdata1.xml" first="checkmark" last="empty"/>
<chunkinfo url="whfwdata2.xml" first="enabl" last="keep"/>
<chunkinfo url="whfwdata3.xml" first="key" last="particular"/>
<chunkinfo url="whfwdata4.xml" first="partner" last="setup"/>
<chunkinfo url="whfwdata5.xml" first="seven" last="wid"/>
<chunkinfo url="whfwdata6.xml" first="wiki" last="zwc"/>

<tchunkinfo first="0" last="98" url="whftdata0.xml" />
<tchunkinfo first="99" last="103" url="whftdata1.xml" />

</fts>
