﻿<?xml version='1.0' encoding='utf-8' ?>
<!-- saved from url=(0014)about:internet -->
<fts>
<chunkinfo url="whfwdata0.xml" first="!" last="cach"/>
<chunkinfo url="whfwdata1.xml" first="cal" last="disparat"/>
<chunkinfo url="whfwdata2.xml" first="display" last="inbound"/>
<chunkinfo url="whfwdata3.xml" first="inbox" last="numb"/>
<chunkinfo url="whfwdata4.xml" first="number" last="rul"/>
<chunkinfo url="whfwdata5.xml" first="run" last="unchang"/>
<chunkinfo url="whfwdata6.xml" first="uncheck" last="™"/>

<tchunkinfo first="0" last="98" url="whftdata0.xml" />
<tchunkinfo first="99" last="107" url="whftdata1.xml" />

</fts>
