<?xml version='1.0' encoding='windows-1252' ?>
<ftswdata>
<key name="scal"> 73, </key>
<key name="scan"> 72, </key>
<key name="schedul"> 10,24,74,67,27,35, </key>
<key name="schema"> 36, </key>
<key name="scor"> 44, </key>
<key name="screen"> 38, </key>
<key name="scroll"> 15,22, </key>
<key name="se"> 72,10,73,50,19,20,9,41,65,66,27,12,57,58,75,5,69,35,76, </key>
<key name="search"> 10,11,39,15,43,36,38,20,22,4,40,41,42,52,26,29,69,35,32, </key>
<key name="second"> 74,59, </key>
<key name="secondary"> 62, </key>
<key name="section"> 15,22,75,35, </key>
<key name="security"> 10,50,56,13, </key>
<key name="select"> 10,63,39,7,15,1,37,46,8,17,18,73,43,36,38,19,20,24,3,22,9,79,80,21,64,51,40,41,27,42,57,68,75,26,31,29,30,33,69,34,35,32,71,77,62, </key>
<key name="self"> 12, </key>
<key name="send"> 72,45,46,47,50,56,22,74,51,27,75,54,55,35, </key>
<key name="sender"> 54, </key>
<key name="sent"> 72,63,73,24,74,23,0,58,26,28,34,35, </key>
<key name="separat"> 10,22,69, </key>
<key name="sequenc"> 15,22,32,71, </key>
<key name="seri"> 72,19,71, </key>
<key name="serv"> 10,14,63,39,45,1,37,46,18,73,2,43,36,48,49,50,56,38,19,24,3,4,64,40,41,53,65,67,78,27,12,42,57,68,58,75,25,55,33,69,60,70,13,71,76,61,62, </key>
<key name="server"> 10,1,37,73,43,48,49,56,24,3,79,40,41,53,67,52,57,58,60,13,76,62, </key>
<key name="servic"> 10,11,6,63,39,1,46,2,43,36,48,49,24,3,4,80,65,67,27,12,42,52,57,58,5,31,60,13,76, </key>
<key name="session"> 14,2,19,3,4,59, </key>
<key name="set"> 72,10,14,39,7,44,45,46,8,17,18,2,43,48,49,50,56,38,19,24,3,9,79,23,0,51,40,41,53,67,52,57,54,5,25,31,28,55,59,33,35,71,61, </key>
<key name="setting"> 10,39,44,45,46,47,18,2,43,36,48,49,50,56,19,4,51,40,41,42,52,5,55,13, </key>
<key name="setup"> 27, </key>
<key name="shar"> 11,6,22,9,59,35, </key>
<key name="shift"> 15,22, </key>
<key name="should"> 14,63,44,1,8,36,48,49,19,22,9,23,41,67,25,55,69,71, </key>
<key name="show"> 10,15,73,2,20,4,27,57,75,26,61,62, </key>
<key name="shown"> 63,24,71, </key>
<key name="sid"> 67, </key>
<key name="sign"> 12, </key>
<key name="signatur"> 4,26, </key>
<key name="similar"> 50,56, </key>
<key name="simp"> 79, </key>
<key name="simultaneous"> 67,35,71, </key>
<key name="sinc"> 67, </key>
<key name="singl"> 36,50,53,68,75,69,35,71, </key>
<key name="sit"> 24,53, </key>
<key name="siz"> 14,73,50,4,52,57,58,35,71,61,62, </key>
<key name="smith"> 19,69, </key>
<key name="smtp"> 50,56,54,55, </key>
<key name="sn"> 43, </key>
<key name="snapshot"> 75, </key>
<key name="snmp"> 10,57,58,76, </key>
<key name="so"> 45,43,50,56,24,0,54, </key>
<key name="soft"> 17, </key>
<key name="softwar"> 44,45, </key>
<key name="sort"> 11,58,61, </key>
<key name="sourc"> 11,69,70,71, </key>
<key name="spac"> 14,18,73,19,3,22,58,61, </key>
<key name="spam"> 72,10,14,44,73,50,4,52,57,58,54,28,76, </key>
<key name="spamassassin"> 44, </key>
<key name="specifi"> 14,43,36,20,23,27,68,26,71, </key>
<key name="specific"> 10,39,1,47,73,2,43,36,20,22,80,51,27,52,58,75,25,69,32, </key>
<key name="specify"> 1,38,24,3,23,40,35,71, </key>
<key name="spell"> 57,76, </key>
<key name="split"> 53, </key>
<key name="spread"> 47, </key>
<key name="spreadsheet"> 6, </key>
<key name="ssl"> 39,43,36,48,49,50,56,40,41,53,57, </key>
<key name="standard"> 11,16,4,54,26,69, </key>
<key name="start"> 64,65,12,29,71, </key>
<key name="stat"> 46,24,51, </key>
<key name="statistic"> 10,18,73,58,13,61, </key>
<key name="statu"> 10,63,46,17,24,27,57,58,29,34,70,13,76,62, </key>
<key name="status"> 17, </key>
<key name="stay"> 72,19,24,75, </key>
<key name="step"> 39,19,40,41,42,69, </key>
<key name="still"> 17,29,62, </key>
<key name="stop"> 46,12,29,60, </key>
<key name="stor"> 10,57,25,33,69,62, </key>
<key name="storag"> 62, </key>
<key name="str"> 43,26,32, </key>
<key name="street"> 24, </key>
<key name="styl"> 4,26,35, </key>
<key name="subject"> 44,35, </key>
<key name="subscrib"> 11, </key>
<key name="subtre"> 69, </key>
<key name="succeed"> 36, </key>
<key name="successful"> 72, </key>
<key name="suggest"> 37,24,35, </key>
<key name="suit"> 11,44,45,36,9,4,13,81,62, </key>
<key name="summari"> 75, </key>
<key name="summary"> 39,40,41,58,75, </key>
<key name="suppli"> 36, </key>
<key name="support"> 11, </key>
<key name="sur"> 38, </key>
<key name="surnam"> 43, </key>
<key name="suspect"> 17, </key>
<key name="suspend"> 60, </key>
<key name="symbol"> 19, </key>
<key name="syntax"> 43, </key>
<key name="system"> 10,47,73,43,3,0,57,54,13,62, </key>
<key name="t"> 22,27, </key>
<key name="tab"> 10,7,15,44,45,1,37,46,47,8,17,18,2,48,49,50,56,38,20,3,9,80,23,51,42,52,57,75,25,26,31,28,33,60,34,35,76,62, </key>
<key name="tag"> 11,44,73,27,35,71,77, </key>
<key name="tak"> 46,17,51,57,29, </key>
<key name="target"> 70,71, </key>
<key name="task"> 0,67,27,12,13, </key>
<key name="templat"> 6,39,9, </key>
<key name="temporari"> 72,46, </key>
<key name="temporary"> 68,71, </key>
<key name="ten"> 15,22, </key>
<key name="term"> 41, </key>
<key name="test"> 39,40,41, </key>
<key name="text"> 39,7,37,48,49,4,40,41,57,26,69,35, </key>
<key name="them"> 72,15,45,79,80,75,26,35,62, </key>
<key name="third"> 35, </key>
<key name="thoroughnes"> 43, </key>
<key name="thos"> 46,47,2,51,53,67, </key>
<key name="though"> 2, </key>
<key name="thre"> 36, </key>
<key name="thread"> 48,49,4,57,26, </key>
<key name="threshold"> 57,62, </key>
<key name="thu"> 24, </key>
<key name="thunderbird"> 35, </key>
<key name="tim"> 72,10,14,15,16,24,3,22,4,64,0,52,58,75,25,29,59,33,35,71,76, </key>
<key name="timeout"> 14,56,4,57,59, </key>
<key name="timezon"> 26, </key>
<key name="tip"> 20,27, </key>
<key name="tl"> 50,56,57, </key>
<key name="token"> 14,4,59, </key>
<key name="told"> 16, </key>
<key name="too"> 75, </key>
<key name="tool"> 10,2,19,20,3,27,12,29,71, </key>
<key name="toolbar"> 10,39,7,8,19,20,24,3,9,40,41,27,42,33, </key>
<key name="total"> 73,74, </key>
<key name="trac"> 12, </key>
<key name="traffic"> 60, </key>
<key name="train"> 44, </key>
<key name="transaction"> 50,56, </key>
<key name="transf"> 78, </key>
<key name="transfer"> 78, </key>
<key name="trash"> 14,24,4,28, </key>
<key name="tri"> 36, </key>
<key name="troubl"> 27,77, </key>
<key name="troubleshoot"> 75, </key>
<key name="trust"> 50,56, </key>
<key name="try"> 56, </key>
<key name="turn"> 44,76, </key>
<key name="two"> 63,44,45,79,0,75, </key>
<key name="typ"> 7,15,37,46,47,8,43,19,24,3,22,9,51,40,41,67,57,58,75,54,69,13,35,32,62, </key>
<key name="u"> 36, </key>
<key name="ui"> 14,79,4,80,26,35, </key>
<key name="un"> 60, </key>
<key name="unauthoriz"> 46,47,17,51, </key>
<key name="unavailabl"> 24,67,34, </key>
<key name="unchang"> 14, </key>
<key name="uncheck"> 1, </key>
<key name="uniqu"> 72, </key>
<key name="unknown"> 50, </key>
<key name="unles"> 24, </key>
<key name="unlimit"> 14,2,20,35,61, </key>
<key name="unprovision"> 71, </key>
<key name="unread"> 44, </key>
<key name="unreadabl"> 72, </key>
<key name="unsolicit"> 44,50, </key>
<key name="up"> 39,43,48,49,38,19,0,53,67,25,33,35,71, </key>
<key name="updat"> 15,45,2,64,75,26,81, </key>
<key name="upload"> 6,50, </key>
<key name="url"> 10,43,36,40,41, </key>
<key name="us"> 10,11,6,14,63,39,7,44,1,16,8,17,18,73,2,43,36,38,19,24,3,22,9,79,4,80,64,23,40,41,65,67,78,27,42,68,58,75,25,26,31,29,55,59,33,69,13,35,32,71,61,77,62, </key>
<key name="usag"> 10,73,22,80,25, </key>
<key name="useful"> 24,53, </key>
<key name="user"> 6,14,63,39,7,44,37,46,8,17,18,2,43,36,50,56,38,19,24,3,22,9,79,4,80,23,0,51,67,27,25,26,31,28,29,33,69,60,35,71,61,77, </key>
<key name="usernam"> 39,65, </key>
<key name="usual"> 5, </key>
<key name="utiliti"> 12, </key>
<key name="utiliz"> 71, </key>
<key name="vacation"> 35, </key>
<key name="valid"> 14,7,36,38, </key>
<key name="valu"> 43,19,41,52,5, </key>
<key name="variant"> 79, </key>
<key name="variou"> 10,43,3, </key>
<key name="verifi"> 43,22, </key>
<key name="verification"> 70,71, </key>
<key name="version"> 81, </key>
<key name="via"> 47,57, </key>
<key name="view"> 72,10,6,14,44,46,17,18,73,2,20,24,3,22,9,79,4,51,27,58,75,5,26,59,35,76,61,77, </key>
<key name="violat"> 54, </key>
<key name="violator"> 54, </key>
<key name="virtual"> 39,38,42, </key>
<key name="viru"> 72,10,45,46,73,51,52,57,58,76, </key>
<key name="virus"> 47,73, </key>
<key name="volum"> 10,73,57,58,62, </key>
<key name="wait"> 26, </key>
<key name="walk"> 39, </key>
<key name="want"> 63,39,37,19,3,22,9,53,27,54,31,69, </key>
<key name="warn"> 66,71, </key>
<key name="warning"> 66,71, </key>
<key name="way"> 15,27, </key>
<key name="web"> 11,6,37,18,2,50,56,19,3,9,79,4,80,23,57,26,55,59,35, </key>
<key name="webmail"> 14,55, </key>
<key name="welcom"> 71, </key>

</ftswdata>  
