<?xml version='1.0' encoding='windows-1252' ?>
<!-- saved from url=(0014)about:internet -->
<ftswdata>
<key name="partner"> 12, </key>
<key name="party"> 99,38, </key>
<key name="pas"> 53,59, </key>
<key name="password"> 11,17,67,42,48,88,20,89,4,46,39,53,59,41,22,5,10,69,26,71,43,44,73,16,66,31,14,6,90,35,91,93,92,15,38,79,80,81,87, </key>
<key name="past"> 42,43,44,90, </key>
<key name="path"> 10,71,66,60,81,65, </key>
<key name="penalti"> 85, </key>
<key name="per"> 7,83,46,10,43,44,14,30,35, </key>
<key name="percent"> 47, </key>
<key name="percentag"> 21,61,64, </key>
<key name="perform"> 46,13,36, </key>
<key name="performanc"> 12,46,75,61,15, </key>
<key name="period"> 22,75,14,91, </key>
<key name="periodic"> 82, </key>
<key name="permanent"> 65, </key>
<key name="permission"> 11,7,42,8,9,10,45,76,79, </key>
<key name="permit"> 38, </key>
<key name="person"> 38, </key>
<key name="personal"> 11,17,75,14,32, </key>
<key name="phon"> 22,29,99, </key>
<key name="pick"> 70,72,75,77, </key>
<key name="piec"> 29,31, </key>
<key name="plac"> 82,14,38, </key>
<key name="pleas"> 44, </key>
<key name="point"> 67,85,79,80,81, </key>
<key name="pol"> 30, </key>
<key name="polici"> 15, </key>
<key name="policy"> 11,17,29,26, </key>
<key name="pool"> 3,4,29,5, </key>
<key name="poor"> 57, </key>
<key name="pop"> 11,4,51,52,22,56,55,60,14,15,38, </key>
<key name="pop3"> 52,60,38, </key>
<key name="pops3"> 55, </key>
<key name="populat"> 29, </key>
<key name="port"> 42,46,39,51,52,53,59,69,71,43,44,56,73,16,60, </key>
<key name="portion"> 70,72,77,79,80,81, </key>
<key name="possibl"> 60,85,30, </key>
<key name="post"> 71,38, </key>
<key name="postfix"> 53,84,2,85,58, </key>
<key name="postmast"> 2, </key>
<key name="postoffic"> 71, </key>
<key name="potential"> 40, </key>
<key name="powerful"> 11,36, </key>
<key name="practic"> 93, </key>
<key name="precedenc"> 49,54, </key>
<key name="preconfigur"> 99,77, </key>
<key name="preferenc"> 4,22,5,26,27,30,38, </key>
<key name="prefix"> 47, </key>
<key name="premis"> 29, </key>
<key name="pres"> 25, </key>
<key name="present"> 56, </key>
<key name="prevent"> 49,35,58,79,80,81, </key>
<key name="previou"> 42,23,43,44,65, </key>
<key name="previous"> 75, </key>
<key name="primary"> 65, </key>
<key name="prioriti"> 38, </key>
<key name="privat"> 75,66,81, </key>
<key name="privileg"> 42,25,10,99,76,14,79,81, </key>
<key name="problem"> 85, </key>
<key name="proceed"> 67, </key>
<key name="proces"> 82,11,42,39,73,16,75,45,60,33,79,80,81, </key>
<key name="profil"> 76,79, </key>
<key name="progres"> 74,33,38,79,80,81, </key>
<key name="projector"> 29, </key>
<key name="prompt"> 76, </key>
<key name="properti"> 37, </key>
<key name="protect"> 48,50, </key>
<key name="protection"> 11,47,48,55,57, </key>
<key name="protocol"> 53,94,55,57,38, </key>
<key name="provid"> 39,44,57,79,81, </key>
<key name="provision"> 11,67,22,31,13,76,78,15,79,80,81, </key>
<key name="proxy"> 51,52,56,60,58, </key>
<key name="public"> 42,9,10,38, </key>
<key name="punctuation"> 17,90, </key>
<key name="purg"> 17,4,32, </key>
<key name="qualifi"> 57, </key>
<key name="query"> 19,53,59,70,72,14,77,36, </key>
<key name="question"> 83,36,79,80,81, </key>
<key name="queu"> 82,11,49,20,61,85,63, </key>
<key name="quick"> 11,18,88,10,31,99,14,93,38,36, </key>
<key name="quickadd"> 30, </key>
<key name="quit"> 17, </key>
<key name="quota"> 11,17,21,83,4,22,5,26,31,61,6,64, </key>
<key name="radial"> 96,97, </key>
<key name="random"> 3,5, </key>
<key name="rath"> 40,75,38, </key>
<key name="rbl"> 47, </key>
<key name="re"> 31,85,33,93, </key>
<key name="reach"> 17,21,90,64, </key>
<key name="read"> 42,73,16,55,14,79,80,81, </key>
<key name="ready"> 82,25, </key>
<key name="reason"> 82, </key>
<key name="reassign"> 5, </key>
<key name="rebrand"> 95, </key>
<key name="receiv"> 82,47,20,83,53,22,25,26,31,85,57,30,32,38,79,80,81,65, </key>
<key name="recent"> 67,90, </key>
<key name="recipient"> 47,48,49,50,83,53,59,25,84,54,31,38, </key>
<key name="recommend"> 75,76,85, </key>
<key name="record"> 11,53,59,41,29,5,60,38, </key>
<key name="recur"> 29, </key>
<key name="redirect"> 23,26, </key>
<key name="ref"> 67,47,76,15, </key>
<key name="refer"> 67,47, </key>
<key name="referenc"> 65, </key>
<key name="reflect"> 11,9, </key>
<key name="refresh"> 67,68,85, </key>
<key name="regard"> 60, </key>
<key name="regardles"> 49,38, </key>
<key name="register"> 60, </key>
<key name="regular"> 29,35, </key>
<key name="reindex"> 31,33, </key>
<key name="reject"> 49,50,21,4,53,29,54,31,55,64, </key>
<key name="relay"> 67,53,59,60,58,79,80,81, </key>
<key name="releas"> 7,10,85, </key>
<key name="reliabl"> 12, </key>
<key name="remain"> 17,14,32,34,62, </key>
<key name="rememb"> 17,62, </key>
<key name="remind"> 30, </key>
<key name="remov"> 9,23,10,96,101,26,0,27,97,31,99,6,1,102,77, </key>
<key name="renam"> 34, </key>
<key name="reoccur"> 29, </key>
<key name="rep"> 2,30,38, </key>
<key name="replac"> 75,80,81, </key>
<key name="repli"> 38, </key>
<key name="replicat"> 79,80,81, </key>
<key name="report"> 84,61, </key>
<key name="represent"> 46, </key>
<key name="request"> 41,75,38, </key>
<key name="requeu"> 85, </key>
<key name="requir"> 17,42,83,46,39,51,52,53,41,22,71,73,16,66,45,14,33,58,92,38, </key>
<key name="resend"> 82, </key>
<key name="reset"> 22,26,60,6,90,91,93, </key>
<key name="resid"> 32, </key>
<key name="resolv"> 42,43,44, </key>
<key name="resourc"> 11,19,29,31,99,37,36, </key>
<key name="restart"> 60, </key>
<key name="restrict"> 4,22,5,57, </key>
<key name="restriction"> 4,22,29,57,90, </key>
<key name="result"> 42,18,19,46,39,25,43,44,45,55,33,36, </key>
<key name="resum"> 49,63, </key>
<key name="retriev"> 14,90,33,38, </key>
<key name="retrieval"> 56, </key>
<key name="return"> 42,18,39,25,44,45,33, </key>
<key name="reus"> 17,85,90, </key>
<key name="review"> 47,77,79,80,81, </key>
<key name="revok"> 9, </key>
<key name="rfc"> 57, </key>
<key name="rich"> 7,38, </key>
<key name="right"> 11,18,19,3,25,10,33,63, </key>
<key name="room"> 82,29, </key>
<key name="root"> 2,60,77,65, </key>
<key name="rout"> 82,46,2,85,38, </key>
<key name="rul"> 47,49,89,46,39,53,54,75,55,14,6,90,91,92,38, </key>
<key name="run"> 11,46,39,73,16,61,33,103,38,79,80,81,86, </key>
<key name="s"> 11,17,67,8,18,47,88,20,46,51,52,53,59,22,29,5,10,84,70,26,0,27,2,72,73,16,66,31,13,60,99,61,57,6,90,30,33,1,102,62,93,103,77,15,38,36,79,80,81,87, </key>
<key name="sam"> 18,29,25,56,34,36, </key>
<key name="samantha"> 18,25,36, </key>
<key name="sammy"> 18,25,36, </key>
<key name="sampl"> 95, </key>
<key name="samson"> 18,25,36, </key>
<key name="samuel"> 18,25,36, </key>
<key name="sav"> 11,8,18,100,3,9,20,22,23,5,25,96,101,26,0,43,44,97,30,35,34,91,93,103,63,37,38,79,80,81,65, </key>
<key name="scal"> 83, </key>
<key name="scan"> 82, </key>
<key name="schedul"> 11,29,84,75,31,99,38, </key>
<key name="schema"> 39, </key>
<key name="scor"> 47, </key>
<key name="screen"> 41,99, </key>
<key name="scroll"> 18,25, </key>
<key name="se"> 82,11,83,4,53,22,23,10,70,26,72,44,73,16,74,28,31,13,55,60,99,61,85,6,92,77,38,86, </key>
<key name="search"> 11,12,42,18,19,46,39,41,23,25,70,72,43,44,45,55,14,30,33,77,38,36, </key>
<key name="second"> 17,84,75,62,91, </key>
<key name="secondary"> 65, </key>
<key name="section"> 18,22,25,0,85,1,102,103,38, </key>
<key name="secur"> 73,14,92, </key>
<key name="security"> 11,53,59,15, </key>
<key name="select"> 11,67,42,8,18,100,19,3,40,49,9,20,21,83,46,39,41,22,23,29,5,25,10,95,96,24,68,101,70,26,54,72,43,44,97,31,45,60,76,85,14,35,33,1,102,34,93,77,37,38,36,79,80,81,87,65, </key>
<key name="self"> 13, </key>
<key name="send"> 82,48,49,50,53,59,25,84,54,31,85,57,14,30,58,38, </key>
<key name="sender"> 57, </key>
<key name="sent"> 82,67,83,53,29,84,26,27,2,61,14,30,32,37,38, </key>
<key name="separat"> 11,25,77, </key>
<key name="sequenc"> 18,25,36,79,80,81, </key>
<key name="seri"> 82,22,79,80,81, </key>
<key name="serv"> 11,17,67,42,19,48,3,40,49,21,83,4,46,39,51,52,53,59,41,22,29,5,68,101,69,70,0,71,72,43,44,56,73,16,75,66,94,31,13,45,60,76,61,85,14,90,58,102,93,103,77,63,78,15,38,36,79,80,81,86,64,65, </key>
<key name="server"> 11,19,3,40,83,4,46,51,52,59,29,5,95,43,44,56,75,55,60,61,63,15,86,65, </key>
<key name="servic"> 11,12,7,67,42,100,3,49,4,46,39,51,52,53,22,29,5,95,96,26,54,73,16,75,97,31,13,45,55,60,61,6,35,63,15,86, </key>
<key name="session"> 17,4,22,5,62, </key>
<key name="set"> 82,11,17,42,8,19,47,48,49,9,20,21,4,46,51,52,53,59,41,22,29,5,10,95,26,27,2,54,43,44,56,75,55,60,99,57,14,6,90,30,35,32,58,62,91,93,92,103,38,79,80,81,64, </key>
<key name="setting"> 11,17,42,47,48,49,50,21,4,46,39,51,52,53,59,22,5,26,54,43,44,97,45,55,14,6,30,58,15, </key>
<key name="setup"> 22,31, </key>

</ftswdata>  
