<?xml version='1.0' encoding='windows-1252' ?>
<ftswdata>
<key name="walk"> 34, </key>
<key name="want"> 57,34,73,16,4,19,48,24,49,27,63, </key>
<key name="warn"> 60,75,65, </key>
<key name="warning"> 60,65, </key>
<key name="way"> 24, </key>
<key name="web"> 15,3,45,51,16,4,5,20,7,52,71,23,50,79,31, </key>
<key name="webmail"> 12,50, </key>
<key name="welcom"> 65, </key>
<key name="well"> 9, </key>
<key name="what"> 3,73,16,4,61,49,6,28,55, </key>
<key name="whenev"> 27, </key>
<key name="wheth"> 8,14,3,38,32,73,61,52,65,56, </key>
<key name="whil"> 66,60,61,68,25,65, </key>
<key name="whos"> 19,24,52,56, </key>
<key name="wid"> 8, </key>
<key name="wiki"> 37, </key>
<key name="will"> 12,57,34,41,15,51,16,17,4,20,61,7,62,23,76,78,63,64,65,55, </key>
<key name="window"> 8,62,23,63,65, </key>
<key name="with"> 32, </key>
<key name="within"> 8,38,32,35,22,79,28,70, </key>
<key name="without"> 9,38,33,24,7,79,54,70, </key>
<key name="wizard"> 8,34,38,32,73,16,21,58,35,36,59,61,24,37,62,71,76,63,11,65, </key>
<key name="word"> 16, </key>
<key name="work"> 61, </key>
<key name="would"> 32,73,21,63, </key>
<key name="writh"> 63, </key>
<key name="www"> 9, </key>
<key name="x"> 12,67, </key>
<key name="year"> 67, </key>
<key name="yet"> 71, </key>
<key name="your"> 40,2,42,38,32,73,45,17,4,19,5,74,1,75,77,24,68,49,76,27,50,29,63,65,56, </key>
<key name="zc"> 8,9,39,48,71,22, </key>
<key name="zimbra"> 66,8,9,57,39,40,41,15,67,3,38,32,43,73,44,45,51,33,16,4,5,58,20,48,59,75,61,77,10,7,52,62,53,68,71,22,23,76,50,79,29,63,64,11,31,65,80,69,56, </key>
<key name="zimbraaccount"> 38, </key>
<key name="zimbradistributionlist"> 38, </key>
<key name="zimbramailaddres"> 38, </key>
<key name="zimbramailalia"> 38, </key>
<key name="zimbramaildeliveryaddres"> 38, </key>
<key name="zip"> 40, </key>
<key name="zmprov"> 16,52, </key>
<key name="zon"> 5, </key>
<key name="zwc"> 20, </key>

</ftswdata>  
