<?xml version='1.0' encoding='windows-1252' ?>
<ftswdata>
<key name="gal"> 7,37,14,41,21,39,12,40,50,10,34, </key>
<key name="gateway"> 54, </key>
<key name="gb"> 71, </key>
<key name="general"> 37,1,16,2,36,3,26,6,40,50,55,10,29,32, </key>
<key name="generat"> 0, </key>
<key name="get"> 44,45,17,49,59, </key>
<key name="given"> 41, </key>
<key name="global"> 7,13,37,42,43,44,45,2,41,46,47,48,54,18,3,0,49,39,9,6,40,50,55,5,53,11,34, </key>
<key name="gn"> 41, </key>
<key name="go"> 7,71,38,39,72,68,69,60, </key>
<key name="good"> 32, </key>
<key name="grant"> 41,35, </key>
<key name="graph"> 71, </key>
<key name="graphical"> 56, </key>
<key name="greet"> 48,52, </key>
<key name="group"> 2,21,4,26,66,10,25,67,34,69, </key>
<key name="guid"> 42,18,9,40,55,56,11, </key>
<key name="hack"> 16, </key>
<key name="ham"> 42, </key>
<key name="handl"> 42, </key>
<key name="happen"> 65, </key>
<key name="hav"> 41,26,6,72,10,57,74, </key>
<key name="head"> 17,26,6, </key>
<key name="header"> 59, </key>
<key name="help"> 7,8,6,67,76, </key>
<key name="helpful"> 23, </key>
<key name="her"> 70,7,24, </key>
<key name="hid"> 21,10, </key>
<key name="hidden"> 18,22,10, </key>
<key name="hierarchy"> 69, </key>
<key name="high"> 8, </key>
<key name="highlight"> 19,55,5,32, </key>
<key name="history"> 13,24, </key>
<key name="hold"> 70,7,56,72, </key>
<key name="host"> 7,37,44,2,41,35,48,54,36,18,63,40,55,10,53,69, </key>
<key name="hostnam"> 48,54,51,55,52, </key>
<key name="hour"> 7,43,71,56,57, </key>
<key name="hov"> 19,26, </key>
<key name="how"> 13,42,43,44,54,36,18,3,49,38,39,6,25,27,57,34,69, </key>
<key name="html"> 4,6,25,34, </key>
<key name="http"> 46,47,36, </key>
<key name="i"> 18,67, </key>
<key name="icon"> 69, </key>
<key name="id"> 26,72,29,31, </key>
<key name="identifi"> 70,37,40,55, </key>
<key name="identify"> 42,35,66,52,67, </key>
<key name="idl"> 13,4,57, </key>
<key name="if"> 13,61,37,43,14,44,15,16,71,2,41,35,46,47,48,54,18,23,21,4,62,22,0,38,39,64,65,26,6,50,55,56,72,52,5,24,25,30,28,53,29,57,32,67,34,31,69, </key>
<key name="ignor"> 65,24, </key>
<key name="ill"> 52, </key>
<key name="imag"> 6, </key>
<key name="imap"> 7,2,46,47,18,4,51,50,55,10,25,11,34, </key>
<key name="immediate"> 7,16,58, </key>
<key name="impact"> 14, </key>
<key name="implement"> 52, </key>
<key name="import"> 7,62,63,64,65,66,10,67,11,69, </key>
<key name="important"> 43,2,18,65,55,66,52,5,53,69, </key>
<key name="inaccessibl"> 26, </key>
<key name="inbound"> 7,71, </key>
<key name="inbox"> 4,25,27, </key>
<key name="inc"> 8, </key>
<key name="includ"> 7,8,13,2,23,3,21,0,26,6,40,55,56,10,57,67,69,73,74, </key>
<key name="incom"> 70,7,56,72,52,27,34, </key>
<key name="increas"> 45,17,65,59, </key>
<key name="index"> 26,55,28,60, </key>
<key name="index1"> 55,60, </key>
<key name="individual"> 16,17,2,21,22,26,9,6,72,5,30,27,57,67,69, </key>
<key name="inform"> 65, </key>
<key name="information"> 7,8,61,37,1,16,71,2,41,35,47,18,23,3,38,39,63,26,9,6,55,56,72,10,29,57,32,67,11,69,59,60, </key>
<key name="inherit"> 13, </key>
<key name="initial"> 18,23,4,0,55,24,25,32,34,60, </key>
<key name="initializ"> 6, </key>
<key name="input"> 41, </key>
<key name="instal"> 7,42,43,71,2,4,55,56,10,69,73,60, </key>
<key name="install"> 0,9,10, </key>
<key name="installation"> 37,43,40,50,55, </key>
<key name="instead"> 61,10,67,69, </key>
<key name="instruct"> 53, </key>
<key name="interfac"> 16,9,34, </key>
<key name="internal"> 37,15,41,35,38,39,40,24, </key>
<key name="internet"> 4,25, </key>
<key name="interrupt"> 65, </key>
<key name="interval"> 4,25, </key>
<key name="invit"> 23, </key>
<key name="invitation"> 23,26, </key>
<key name="ip"> 48,55,56,72,52, </key>
<key name="island"> 8, </key>
<key name="isp"> 48,53, </key>
<key name="issu"> 37,41,38,39, </key>
<key name="item"> 4,65,25,34,31,69, </key>
<key name="itself"> 58, </key>
<key name="jo"> 67, </key>
<key name="joanna"> 67, </key>
<key name="john"> 18, </key>
<key name="joseph"> 67, </key>
<key name="journal"> 65, </key>
<key name="ju"> 8, </key>
<key name="junk"> 13,42,65,27,69, </key>
<key name="just"> 37, </key>
<key name="kb"> 71,48, </key>
<key name="keep"> 70,3,29, </key>
<key name="kept"> 6,10, </key>
<key name="keyword"> 69, </key>
<key name="kill"> 42, </key>
<key name="know"> 41,18,21,22,6,31, </key>
<key name="known"> 41,21, </key>
<key name="label"> 34, </key>
<key name="larg"> 18,51,55,72,10,69,60, </key>
<key name="last"> 7,71,41,18,56,31,76,73, </key>
<key name="latest"> 69, </key>
<key name="launch"> 66, </key>
<key name="layout"> 23,6, </key>
<key name="ldap"> 7,37,14,41,35,18,23,38,39,40,55,56,24,30,32,67,73, </key>
<key name="least"> 32, </key>
<key name="leav"> 21, </key>
<key name="left"> 7,1,21,38,65,25,31, </key>
<key name="legitimat"> 35, </key>
<key name="length"> 13,2,3,4,24, </key>
<key name="lessen"> 14, </key>
<key name="let"> 44,2,41,18,49,65,26,6,34,74, </key>
<key name="letter"> 10, </key>
<key name="level"> 14,2,48,54,65,30, </key>
<key name="lifetim"> 13,2,18,23,3,4,5,27,57, </key>
<key name="like"> 65, </key>
<key name="limit"> 70,13,17,3,4,57,59, </key>
<key name="lin"> 42,2,18,21,26,9,55,34,60, </key>
<key name="link"> 7,18,26,55,5, </key>
<key name="list"> 7,13,61,37,1,14,44,45,16,2,41,18,19,21,4,20,62,22,49,39,64,65,26,40,55,56,72,10,25,30,29,32,67,58,33,68,11,34,31,69,73,60, </key>
<key name="lmtp"> 75,55,58, </key>
<key name="load"> 14, </key>
<key name="local"> 48,22,75,9,25,53, </key>
<key name="location"> 7,23,26,55,53,67,33,60, </key>
<key name="lock"> 13,16,26,24,30, </key>
<key name="log"> 7,13,15,16,71,35,36,0,64,26,55,66,56,24,57,32,58,34,69,73,74, </key>
<key name="login"> 16,46,47,40,55,10, </key>
<key name="logo"> 8, </key>
<key name="logon"> 66, </key>
<key name="long"> 13,2,54,18,57,60, </key>
<key name="look"> 41,34, </key>
<key name="lookup"> 41,48,54,40,55, </key>
<key name="loop"> 53, </key>
<key name="lost"> 69, </key>
<key name="low"> 25, </key>
<key name="m"> 56, </key>
<key name="machin"> 55, </key>
<key name="mail"> 70,7,8,61,42,43,1,44,45,16,17,2,41,35,48,54,36,18,19,3,21,4,22,49,51,65,75,26,55,56,72,52,10,25,27,28,53,58,34,31,69,74, </key>
<key name="mailbox"> 7,13,61,43,1,44,16,17,71,2,18,23,0,63,65,75,26,55,66,56,10,5,25,28,32,67,58,68,34,31,69,73,59,74,60, </key>
<key name="maintain"> 70,23,11, </key>
<key name="maintenanc"> 44,16,26, </key>
<key name="major"> 10, </key>
<key name="mak"> 2,48,54,36,18,55,33, </key>
<key name="man"> 16,32, </key>
<key name="manag"> 70,7,42,2,19,3,22,26,9,40,50,55,72,32,11,34,60, </key>
<key name="management"> 11,60, </key>
<key name="map"> 35, </key>
<key name="mapi"> 66,69, </key>
<key name="mark"> 42,60, </key>
<key name="market"> 67, </key>
<key name="mas"> 42, </key>
<key name="match"> 14,41,35,12,34,31, </key>
<key name="mateo"> 8, </key>
<key name="maximum"> 13,37,41,48,4,39,50,24, </key>
<key name="mb"> 13,71,69, </key>
<key name="mean"> 13, </key>
<key name="measur"> 57, </key>
<key name="mechanism"> 7,37,35, </key>
<key name="meet"> 7,23,65,26,67, </key>
<key name="meeting"> 23,26,34, </key>
<key name="megabyt"> 13,17, </key>
<key name="memb"> 66,10,69, </key>
<key name="member"> 21,10, </key>
<key name="menu"> 19, </key>
<key name="messag"> 70,7,8,13,42,43,44,45,17,71,2,48,18,23,3,4,22,0,49,64,65,75,26,9,50,55,56,72,52,5,25,27,28,53,29,33,34,69,59,60, </key>
<key name="message1"> 55,60, </key>
<key name="method"> 35,18, </key>
<key name="microsoft"> 66,11,69, </key>
<key name="might"> 71,67, </key>
<key name="migrat"> 62,67,11,69, </key>
<key name="migration"> 7,63,65,66,10,67,11,69, </key>
<key name="mini"> 4,25, </key>
<key name="minimum"> 7,13,18,23,4,24, </key>
<key name="minut"> 4,55,25,57, </key>
<key name="mod"> 7,37,41,38,39,40, </key>
<key name="modify"> 43,2,26,25, </key>
<key name="monitor"> 70,7,17,23,56,72,11,73, </key>
<key name="month"> 71, </key>
<key name="morn"> 56, </key>
<key name="mount"> 6, </key>
<key name="mous"> 13,19,26,57, </key>
<key name="mov"> 70,7,1,19,21,26,72,5, </key>
<key name="mta"> 70,7,43,44,16,48,54,75,50,55,56,72,52,53,58,11,73, </key>
<key name="multipl"> 1,41,35,38,51,55,10,34, </key>
<key name="must"> 13,15,41,35,18,23,22,51,6,55,66,52,24,30,53,32,67,31,69,73,60, </key>
<key name="mx"> 48,54, </key>
<key name="mycompany"> 35, </key>
<key name="nam"> 70,7,37,1,2,41,35,47,54,36,18,19,23,3,21,62,38,39,63,26,6,40,55,29,67,58,31,69,60, </key>
<key name="navigat"> 7, </key>
<key name="navigation"> 7,71,18,19,23,3,21,20,55,10,30,58, </key>
<key name="ne"> 17,18,23,3,6,66,59, </key>
<key name="necessary"> 35,29, </key>
<key name="network"> 48,54, </key>
<key name="nev"> 2,60, </key>

</ftswdata>  
