<?xml version='1.0' encoding='windows-1252' ?>
<!-- saved from url=(0014)about:internet -->
<ftswdata>
<key name="internal"> 42,88,46,39,69,43,44,45,14,90,92, </key>
<key name="internet"> 30, </key>
<key name="interrupt"> 75, </key>
<key name="interval"> 30,38, </key>
<key name="invalid"> 90,91,92, </key>
<key name="invit"> 29, </key>
<key name="invitation"> 29,31, </key>
<key name="ip"> 53,71,55,60,61,85,57, </key>
<key name="isp"> 53,58, </key>
<key name="issu"> 42,46,43,44, </key>
<key name="item"> 19,75,30,38,36,79, </key>
<key name="itself"> 63, </key>
<key name="jo"> 70,72,66,77, </key>
<key name="joanna"> 77, </key>
<key name="john"> 22, </key>
<key name="joseph"> 77, </key>
<key name="journal"> 75, </key>
<key name="junk"> 17,47,75,32,79,80,81, </key>
<key name="just"> 42, </key>
<key name="kb"> 83,53, </key>
<key name="keep"> 82,22,5,34,99, </key>
<key name="key"> 14,30, </key>
<key name="keyboard"> 30,38, </key>
<key name="keyword"> 79,81, </key>
<key name="kill"> 47, </key>
<key name="know"> 18,46,22,25,26,27,36, </key>
<key name="known"> 46,25, </key>
<key name="label"> 38, </key>
<key name="larg"> 22,56,60,85,79,80,81,65, </key>
<key name="last"> 11,19,83,46,22,28,31,61,36,98,86, </key>
<key name="latest"> 79,80,81, </key>
<key name="launch"> 100,76, </key>
<key name="layout"> 29, </key>
<key name="ldap"> 11,42,40,46,39,22,29,69,70,71,72,43,44,45,60,61,90,35,93,104,77,80,81,86, </key>
<key name="least"> 93, </key>
<key name="leav"> 18,25, </key>
<key name="left"> 11,18,3,25,43,75,30,36, </key>
<key name="legitimat"> 39, </key>
<key name="length"> 17,4,5,14,90,92, </key>
<key name="lessen"> 40, </key>
<key name="let"> 19,49,4,46,22,96,70,26,54,75,97,31,36,87,99, </key>
<key name="level"> 42,40,4,53,59,75,35, </key>
<key name="librari"> 80, </key>
<key name="lifetim"> 17,4,22,29,5,14,6,32,62,92, </key>
<key name="like"> 75, </key>
<key name="limit"> 82,17,42,101,21,5,96,70,97,14,62,64,99, </key>
<key name="lin"> 47,4,22,25,31,13,60,38,65, </key>
<key name="link"> 11,22,10,31,60,6,36, </key>
<key name="list"> 11,12,17,67,42,8,18,19,3,40,49,50,9,20,4,46,22,23,29,25,10,96,24,68,70,26,0,27,54,72,44,74,75,28,97,31,60,100,61,85,14,30,35,34,93,104,77,63,37,78,15,38,36,79,80,81,86,65,99, </key>
<key name="lmtp"> 94,60,63, </key>
<key name="load"> 40, </key>
<key name="local"> 53,27,94,13,58,38,81, </key>
<key name="location"> 11,29,31,60,58,77,37,65, </key>
<key name="lock"> 11,17,19,20,89,31,14,90,35,91,36, </key>
<key name="lockout"> 17,20,89,14,90,91,92, </key>
<key name="log"> 17,19,88,20,89,83,39,41,22,10,84,69,0,2,71,74,28,31,60,76,61,14,90,62,91,93,104,63,38,79,80,81,86,87, </key>
<key name="login"> 17,19,20,51,52,41,26,28,31,45,60,91, </key>
<key name="logon"> 76, </key>
<key name="long"> 17,20,4,59,22,62,91,65, </key>
<key name="look"> 46,38, </key>
<key name="lookup"> 46,53,59,45,60, </key>
<key name="loop"> 58, </key>
<key name="lost"> 79,80,81, </key>
<key name="lotu"> 66,14,81, </key>
<key name="low"> 17,90,30, </key>
<key name="m"> 61, </key>
<key name="machin"> 60, </key>
<key name="mail"> 82,11,12,67,18,47,48,3,49,50,20,21,4,46,39,53,59,41,22,23,29,5,25,84,26,27,54,56,75,94,31,60,61,85,57,14,30,32,33,58,63,38,36,79,80,81,87,99, </key>
<key name="mailbox"> 11,17,67,19,48,3,49,20,21,83,4,22,29,84,70,26,27,2,72,73,16,75,94,28,31,60,76,61,6,30,33,93,77,63,78,38,36,79,80,81,86,64,87,65,99, </key>
<key name="maintain"> 82,29,15,99, </key>
<key name="maintenanc"> 19,49,20,31, </key>
<key name="major"> 14, </key>
<key name="mak"> 9,4,53,59,41,22,95,96,26,71,97,60,37, </key>
<key name="man"> 20,93, </key>
<key name="manag"> 82,11,47,4,23,5,27,31,13,45,55,60,100,85,14,93,15,38,65,99, </key>
<key name="management"> 15,65, </key>
<key name="manual"> 17, </key>
<key name="map"> 39, </key>
<key name="mapi"> 76,79, </key>
<key name="mark"> 47,22,96,75,65, </key>
<key name="market"> 70,72,66,77, </key>
<key name="mas"> 47, </key>
<key name="mat"> 17,91, </key>
<key name="match"> 40,46,39,26,38,36, </key>
<key name="maximum"> 17,42,46,53,44,55,90,99, </key>
<key name="mb"> 17,83,79,80,81, </key>
<key name="mean"> 17, </key>
<key name="measur"> 62, </key>
<key name="mechanism"> 11,42,39,100, </key>
<key name="meet"> 11,29,75,31,77, </key>
<key name="meeting"> 29,75,31,38,80,81,99, </key>
<key name="megabyt"> 17,21, </key>
<key name="memb"> 18,26,31,76,79, </key>
<key name="member"> 42,18,25,104, </key>
<key name="menu"> 23, </key>
<key name="messag"> 82,11,12,17,47,48,49,50,21,83,4,53,22,29,5,84,26,27,2,54,74,75,94,31,13,55,60,100,61,85,57,14,6,30,32,33,58,34,37,38,79,80,81,64,65,99, </key>
<key name="message1"> 60,65, </key>
<key name="messeng"> 99, </key>
<key name="method"> 39,22, </key>
<key name="microsoft"> 76,79,80,81, </key>
<key name="might"> 83,70,72,77, </key>
<key name="migrat"> 68,70,72,75,66,77,15,79,80,81, </key>
<key name="migration"> 11,67,70,72,73,16,75,66,76,14,77,15,79,80,81, </key>
<key name="migrator"> 71,81, </key>
<key name="mini"> 19,100,30,36, </key>
<key name="minimum"> 11,17,67,22,29,90, </key>
<key name="minut"> 17,60,30,62,91, </key>
<key name="mis"> 66, </key>
<key name="mod"> 11,42,46,43,44, </key>
<key name="modify"> 48,4,10,26,31,30, </key>
<key name="modul"> 0,14,1, </key>
<key name="monitor"> 82,11,21,29,61,85,15,86, </key>
<key name="month"> 83, </key>
<key name="morn"> 61, </key>
<key name="mous"> 17,23,31,62, </key>
<key name="mov"> 82,11,18,3,23,25,84,31,85,6, </key>
<key name="mt"> 84, </key>
<key name="mta"> 82,11,48,49,20,53,59,84,94,55,60,61,85,57,58,63,15,86, </key>
<key name="multipl"> 11,18,3,46,39,43,56,60,14,38,99, </key>
<key name="must"> 17,101,19,88,46,39,53,22,29,5,10,26,27,56,66,60,76,57,90,35,58,91,93,104,77,38,36,79,80,81,86,65, </key>
<key name="mx"> 53,59, </key>
<key name="mycompany"> 39, </key>
<key name="�"> 88,93, </key>
<key name="nab"> 70, </key>
<key name="nam"> 82,11,42,18,19,3,4,46,39,52,59,41,22,23,29,5,25,10,68,69,70,26,71,72,43,44,73,16,66,31,45,60,14,34,77,63,38,36,79,80,81,65,99, </key>
<key name="navigat"> 11,14,30,38, </key>
<key name="navigation"> 11,83,22,23,29,5,25,24,26,0,60,35,1,103,104,63,36, </key>
<key name="ne"> 21,22,29,5,10,26,100,76,64, </key>
<key name="necessary"> 19,39,71,34,104,80, </key>
<key name="need"> 100,38, </key>
<key name="network"> 53,59, </key>
<key name="nev"> 17,19,4,28,65, </key>
<key name="new"> 82,11,7,17,67,42,101,48,3,88,20,4,41,22,23,29,5,25,10,26,0,43,44,75,31,45,100,76,14,90,30,34,93,104,38,36,79,80,81,65, </key>
<key name="next"> 11,17,67,42,101,3,88,46,22,29,25,10,96,68,70,71,43,44,73,16,75,66,97,76,35,93,104,77,78,36, </key>
<key name="nnot"> 81, </key>
<key name="non"> 67, </key>
<key name="nor"> 9,14, </key>
<key name="normal"> 20,35, </key>
<key name="not"> 7,67,42,18,49,88,46,22,29,5,25,10,96,68,26,44,75,66,60,85,6,1,93,77,81, </key>
<key name="notebook"> 11,7,8,9,21,25,10,38,99, </key>
<key name="notic"> 49,50,26,54, </key>
<key name="notifi"> 49,50,21,54,14,64, </key>
<key name="notification"> 47,48,2,38, </key>
<key name="notify"> 10, </key>
<key name="novel"> 80, </key>
<key name="novell"> 80, </key>
<key name="now"> 70,72,73,16,14,77, </key>
<key name="numb"> 82,11,17,42,19,47,50,20,83,51,52,22,23,29,5,95,84,69,70,26,71,74,75,31,45,55,60,100,85,14,90,30,32,33,91,78,79,80,81,99, </key>
<key name="number"> 22,56, </key>
<key name="numeric"> 17, </key>
<key name="o"> 71, </key>
<key name="�"> 88,93, </key>
<key name="object"> 7,19,4,5,70,72,77,38, </key>
<key name="objectclas"> 46, </key>
<key name="occupant"> 29, </key>
<key name="occur"> 17,91, </key>
<key name="off"> 47,21,29,75,61,38,86,64, </key>
<key name="offer"> 12,39,99, </key>
<key name="offic"> 71,76,38, </key>
<key name="often"> 19,48,21,85, </key>
<key name="ok"> 9,23,70,72,74,75,33,93,77, </key>
<key name="old"> 17,21,26,75,90,32,79,80,81,64,65, </key>
<key name="on"> 82,11,7,67,42,18,19,4,46,39,41,23,29,25,10,95,96,68,70,97,31,45,60,85,6,77,79,80,81,86,65,99, </key>
<key name="onc"> 22,10,38, </key>
<key name="onto"> 71, </key>
<key name="open"> 11,12,19,47,3,49,89,41,22,25,10,0,74,31,76,85,30,33,1,103,62,91,93,104,79,80,81, </key>
<key name="openldap"> 39, </key>
<key name="operat"> 2, </key>
<key name="operation"> 46,39,75, </key>
<key name="opt"> 103,65, </key>
<key name="option"> 11,67,47,48,40,21,4,53,59,5,95,96,26,27,75,97,13,45,60,14,90,30,93,92,38,36,79,80,81, </key>
<key name="optional"> 7,42,21, </key>
<key name="ord"> 83,5,26,66,60,61,86,64, </key>
<key name="organiz"> 12,7,10,75,80,81,99, </key>
<key name="organization"> 46,71,66,38, </key>
<key name="origin"> 61,85, </key>
<key name="original"> 30,34, </key>
<key name="originat"> 53,55, </key>
<key name="other"> 7,10,38,99, </key>
<key name="otherwis"> 39,38, </key>
<key name="ou"> 71, </key>
<key name="our"> 100, </key>

</ftswdata>  
