<?xml version='1.0' encoding='windows-1252' ?>
<ftswdata>
<key name="connection"> 29,44,67, </key>
<key name="connector"> 7, </key>
<key name="consid"> 15,3, </key>
<key name="consider"> 35,29, </key>
<key name="consist"> 18, </key>
<key name="consistent"> 53, </key>
<key name="consol"> 7,12,39,43,19,9,33,45,10,57,72, </key>
<key name="consolidat"> 58, </key>
<key name="constraint"> 2,3,5, </key>
<key name="construct"> 34,55, </key>
<key name="contact"> 8,11,64,15,6,4,53,68,22,21,67,24,27,10,28,57, </key>
<key name="contain"> 58,3,18,22,9,67,25,70,55,28, </key>
<key name="content"> 7,11,12,13,64,16,6,3,18,22,44,45,67,25,23,26,70,27,71,61,62, </key>
<key name="continu"> 31,53,55, </key>
<key name="control"> 2,39,18, </key>
<key name="conversation"> 8,4,21,28, </key>
<key name="convert"> 67,57, </key>
<key name="cooki"> 70, </key>
<key name="copy"> 19, </key>
<key name="copyright"> 8, </key>
<key name="corn"> 21, </key>
<key name="corporat"> 34, </key>
<key name="correct"> 32, </key>
<key name="corrupt"> 23, </key>
<key name="cos"> 3, </key>
<key name="could"> 11,13,18,60,26, </key>
<key name="count"> 7,58,45, </key>
<key name="creat"> 7,49,30,35,36,1,14,2,64,15,16,6,3,18,4,50,19,0,31,32,22,9,33,54,20,21,67,27,55,56,10,28,57,48, </key>
<key name="criteria"> 28, </key>
<key name="current"> 7,53,44,48, </key>
<key name="dat"> 64,53,21,69,28,57, </key>
<key name="data"> 7,58,65,66,53,44,67,61,48, </key>
<key name="databas"> 55, </key>
<key name="day"> 7,11,58,4,45,20,69,70, </key>
<key name="dc"> 34,29, </key>
<key name="decid"> 57, </key>
<key name="declin"> 6, </key>
<key name="def"> 60, </key>
<key name="default"> 7,11,30,36,12,2,34,29,39,43,15,3,4,65,32,40,44,41,20,21,69,70,28,57,48, </key>
<key name="defer"> 45,60, </key>
<key name="defin"> 7,8,36,2,34,29,15,3,22,40,44,10,28,57,48, </key>
<key name="delegat"> 8, </key>
<key name="delet"> 7,13,14,64,16,6,3,18,17,53,22,44,45,69,23,57,47,48, </key>
<key name="deliver"> 11,35,36,13,60,46,48, </key>
<key name="delivery"> 37,39,43,63,44,60,42,26, </key>
<key name="deni"> 2,3, </key>
<key name="department"> 34, </key>
<key name="depend"> 58,23, </key>
<key name="deposit"> 23, </key>
<key name="descend"> 45,47, </key>
<key name="describ"> 30,18,31,32, </key>
<key name="description"> 7,11,30,2,6,3,18,68,33,44, </key>
<key name="descriptiv"> 6, </key>
<key name="deselect"> 3, </key>
<key name="design"> 38, </key>
<key name="designat"> 15,6,42, </key>
<key name="desir"> 37,13, </key>
<key name="desk"> 7, </key>
<key name="destination"> 50,51,68,45,67,55,56,57, </key>
<key name="detail"> 7,30,6,31,32,68,22,44,10,28, </key>
<key name="determin"> 35,13,2,34,43,3,53,5,70,57, </key>
<key name="dialog"> 64,15,16,4,50,51,66,53,68,21,67,23,27,55,56,57, </key>
<key name="different"> 1,3,44,5,42,55,10,28, </key>
<key name="direct"> 31,32, </key>
<key name="directory"> 11,30,34,29,15,6,65,31,32,33,20,25,27,55,57,48, </key>
<key name="disabl"> 7,11,35,37,13,39,43,3,18,4,40,5, </key>
<key name="disapprov"> 41, </key>
<key name="discard"> 53, </key>
<key name="disk"> 7,11,14,15,45,47, </key>
<key name="display"> 7,30,58,2,64,15,16,6,18,4,0,31,32,52,66,53,68,22,44,45,5,21,23,24,26,55,56,28,57,61,47,48, </key>
<key name="distinguish"> 55, </key>
<key name="distribution"> 7,34,18,17,53,22,26,10, </key>
<key name="dn"> 34,29,39,43,31,32,40,44,41,55, </key>
<key name="do"> 38,6,41,23, </key>
<key name="document"> 8,60, </key>
<key name="documentation"> 7,54, </key>
<key name="domain"> 7,30,37,2,34,29,39,43,16,3,50,31,32,22,33,40,54,45,41,67,25,26,55,10,28,57, </key>
<key name="don"> 38,22, </key>
<key name="doubl"> 16,19,27, </key>
<key name="down"> 34,16,65, </key>
<key name="download"> 7,36,10,57, </key>
<key name="downtim"> 53, </key>
<key name="drop"> 16,65, </key>
<key name="du"> 37, </key>
<key name="duplicat"> 64,53, </key>
<key name="e"> 39,15,55, </key>
<key name="earli"> 53, </key>
<key name="easy"> 28, </key>
<key name="edit"> 7,37,13,14,16,3,19,0,31,32,22,33,44,23,24,27,71, </key>
<key name="effect"> 13,44, </key>
<key name="eith"> 7,11,30,37,34,18,31,32,44,60,21,25,69,70,55,28,57,47,48, </key>
<key name="elaps"> 11, </key>
<key name="elsewher"> 40, </key>
<key name="email"> 7,11,49,35,37,38,14,34,64,39,15,16,6,0,53,22,5,67,69,42,26,55,71,10,28,57,47, </key>
<key name="employe"> 2,34, </key>
<key name="empty"> 48, </key>
<key name="enabl"> 7,11,35,36,12,2,39,43,15,18,4,40,44,41,5,20,21,28, </key>
<key name="encrypt"> 36,20,27, </key>
<key name="end"> 2,3,4,21,10, </key>
<key name="enforc"> 11,20,25, </key>
<key name="enough"> 37, </key>
<key name="ensur"> 29,53,20, </key>
<key name="ent"> 30,38,34,29,43,15,16,6,3,18,19,31,32,51,53,22,67,26,27,55,57,48, </key>
<key name="enter"> 30,35,34,29,6,31,32,20,67,26, </key>
<key name="entri"> 11,34,22,67,55,62, </key>
<key name="entry"> 34,29, </key>
<key name="environment"> 7,1, </key>
<key name="equal"> 34, </key>
<key name="equipment"> 6,22, </key>
<key name="error"> 29,52,66,68,45,57, </key>
<key name="etc"> 34,6,24, </key>
<key name="even"> 2, </key>
<key name="every"> 36, </key>
<key name="everyon"> 18,22, </key>
<key name="ex"> 57, </key>
<key name="exampl"> 2,34,29,15,18,26,55, </key>
<key name="except"> 69, </key>
<key name="exception"> 5, </key>
<key name="exchang"> 7,49,53,54,55,10,57, </key>
<key name="execut"> 9, </key>
<key name="executabl"> 7,57, </key>
<key name="executiv"> 2, </key>
<key name="exhibit"> 41, </key>
<key name="exist"> 13,2,34,16,19,31,23,55,56,57,48, </key>
<key name="expand"> 58, </key>
<key name="experienc"> 37, </key>
<key name="expir"> 11,60,20,70, </key>
<key name="explicit"> 2,34,39,43,32,40, </key>
<key name="expos"> 6, </key>
<key name="exposur"> 70, </key>
<key name="expression"> 31,32, </key>
<key name="extension"> 37,38,40, </key>
<key name="external"> 8,11,30,34,29,39,43,31,32,33,44,20,25,42,27, </key>
<key name="fail"> 30,31,32, </key>
<key name="failur"> 60, </key>
<key name="far"> 7, </key>
<key name="fashion"> 8,20, </key>
<key name="featur"> 8,11,2,34,15,3,4,65,22,5,20,21,69,26,70,10,28,62, </key>
<key name="field"> 35,14,39,43,6,18,65,31,32,53,44,21,25,48, </key>
<key name="fil"> 7,36,37,38,64,65,52,66,53,68,44,60,67,23,57,62,48, </key>
<key name="filenam"> 65, </key>
<key name="filt"> 35,36,34,29,31,32,53,55, </key>
<key name="filter"> 8,35,34,60,42,28, </key>
<key name="final"> 63, </key>
<key name="find"> 18,65,23,26, </key>
<key name="finish"> 30,15,6,31,32, </key>
<key name="first"> 34,0,20,21,23,26,55,28,57, </key>
<key name="flag"> 28, </key>
<key name="flander"> 55, </key>
<key name="floor"> 6, </key>
<key name="fold"> 11,35,64,65,53,21,67,69,70,28,57, </key>
<key name="folder"> 8,4,53,22,21,69,23,24,55,28,57,62, </key>
<key name="follow"> 7,35,37,13,2,34,29,39,43,6,4,51,22,9,40,44,45,41,21,67,55,57,47,48, </key>
<key name="font"> 28, </key>
<key name="forc"> 11,39,43,25,27, </key>
<key name="forget"> 20,27, </key>
<key name="forgotten"> 22, </key>
<key name="format"> 58,45,21, </key>
<key name="forum"> 7, </key>
<key name="forward"> 7,15,18,19,0,22,21, </key>
<key name="four"> 60, </key>
<key name="fre"> 6,44,28, </key>
<key name="frequent"> 60, </key>
<key name="ful"> 41, </key>
<key name="full"> 8,54,57,48, </key>
<key name="function"> 7, </key>
<key name="g"> 39, </key>
<key name="gal"> 7,30,34,32,33,40,28, </key>
<key name="gateway"> 43, </key>
<key name="gb"> 58, </key>
<key name="general"> 37,13,2,3,22,33,40,44,24,27, </key>
<key name="generat"> 59,0, </key>
<key name="get"> 38,14,47, </key>
<key name="giv"> 64,67, </key>
<key name="given"> 34, </key>
<key name="global"> 7,11,30,35,36,37,38,2,34,39,43,3,0,32,9,33,40,44,5,42,10,28, </key>
<key name="gn"> 34, </key>
<key name="go"> 7,37,31,32,56,57,48, </key>
<key name="good"> 27, </key>
<key name="grant"> 34,29, </key>
<key name="graph"> 58, </key>
<key name="graphical"> 58,45, </key>
<key name="greet"> 39,41, </key>
<key name="group"> 2,18,4,22,54,21,55,28,57, </key>
<key name="guid"> 35,15,9,33,44,10, </key>
<key name="hack"> 13, </key>
<key name="ham"> 35, </key>
<key name="handl"> 35, </key>
<key name="happen"> 53, </key>
<key name="hav"> 34,22,70,62, </key>
<key name="head"> 14,22, </key>
<key name="header"> 47, </key>
<key name="help"> 7,68,55,72, </key>
<key name="helpful"> 6, </key>
<key name="her"> 7,60,20, </key>
<key name="hierarchy"> 67,57, </key>
<key name="high"> 8, </key>
<key name="highlight"> 16,19,44,5,27, </key>
<key name="history"> 11,20, </key>
<key name="hold"> 45,60, </key>
<key name="holidaycommitte"> 18, </key>
<key name="host"> 7,1,37,2,34,29,39,43,15,51,44,67,42,57, </key>
<key name="hostnam"> 39,43,44,41,67, </key>
<key name="hour"> 7,36,58,45,70, </key>
<key name="hov"> 16,22, </key>
<key name="how"> 11,35,36,37,43,15,3,31,32,21,69,70,28,57, </key>

</ftswdata>  
