<?xml version='1.0' encoding='windows-1252' ?>
<ftswdata>
<key name="up"> 27,13,42,31,16,21,22,46, </key>
<key name="updat"> 8,29,2,39,17,50, </key>
<key name="url"> 7,27, </key>
<key name="us"> 7,8,11,25,1,30,0,12,2,27,24,13,3,4,40,42,47,26,18,16,17,19,20,49,21,44,10,22,46,23, </key>
<key name="usag"> 7,33,34, </key>
<key name="user"> 11,38,28,30,0,12,27,24,3,41,42,18,16,17,19,48,44,36,22,46,23, </key>
<key name="usernam"> 25, </key>
<key name="usual"> 5, </key>
<key name="utiliti"> 9, </key>
<key name="utiliz"> 46, </key>
<key name="utilization"> 33,34, </key>
<key name="valid"> 24, </key>
<key name="valu"> 27,24,31, </key>
<key name="variou"> 3, </key>
<key name="verification"> 45,46, </key>
<key name="version"> 50, </key>
<key name="via"> 32, </key>
<key name="view"> 7,11,28,30,32,12,33,34,2,3,4,41,18,5,17,49,22,37,23, </key>
<key name="viru"> 7,29,30,32,31,37, </key>
<key name="volum"> 7,34, </key>
<key name="walk"> 25, </key>
<key name="want"> 38,34,13,3,19,44, </key>
<key name="warning"> 41,46, </key>
<key name="web"> 32,2,3, </key>
<key name="welcom"> 46, </key>
<key name="well"> 8,32,35, </key>
<key name="what"> 2,13,3,42,5,17, </key>
<key name="whenev"> 19, </key>
<key name="wheth"> 32,12,2,42,46,37, </key>
<key name="whil"> 12,42,46, </key>
<key name="whos"> 6, </key>
<key name="wid"> 7,34,31, </key>
<key name="will"> 38,25,30,13,14,3,39,15,42,17,48,45,46, </key>
<key name="window"> 7,17,44,46, </key>
<key name="within"> 7,34,27,16,23, </key>
<key name="without"> 8,27,36,23, </key>
<key name="wizard"> 7,25,27,24,13,39,26,18,43,21,44,10,46, </key>
<key name="word"> 13, </key>
<key name="work"> 42, </key>
<key name="year"> 34, </key>
<key name="yes"> 28, </key>
<key name="your"> 1,30,24,14,3,4,15,5,19,21,44,46, </key>
<key name="zero"> 11, </key>
<key name="ziimbra"> 35,46, </key>
<key name="zimbra"> 7,8,38,28,29,30,2,27,24,3,4,39,40,42,9,26,18,43,44,45,10,22,46, </key>
<key name="zip"> 29, </key>

</ftswdata>  
