<?xml version='1.0' encoding='windows-1252' ?>
<ftswdata>
<key name="must"> 12,13,32,16,21,20,48,7,52,62,49,22,27,50,29,63,28,65,69,56, </key>
<key name="mx"> 45,51, </key>
<key name="mycompany"> 32, </key>
<key name="nam"> 66,8,34,2,3,38,32,44,51,33,16,17,21,4,19,58,74,35,36,59,24,7,37,52,76,26,63,54,28,65,56, </key>
<key name="navigat"> 8, </key>
<key name="navigation"> 8,67,16,17,21,4,19,18,52,71,27,54, </key>
<key name="ne"> 15,16,21,4,7,62,55, </key>
<key name="necessary"> 32,76,26, </key>
<key name="network"> 45,51, </key>
<key name="nev"> 56, </key>
<key name="new"> 66,8,9,57,34,40,2,13,14,3,33,16,17,21,4,19,5,35,36,24,7,37,62,71,22,23,26,29,65,56, </key>
<key name="next"> 8,57,34,2,13,38,73,16,21,19,58,74,35,36,59,75,61,62,76,27,29,63,64,28, </key>
<key name="normal"> 14,27, </key>
<key name="not"> 8,57,34,38,16,21,4,19,58,36,61,52,68,6,76,63, </key>
<key name="notebook"> 19,7,37,71,31, </key>
<key name="notic"> 9,41,42,46, </key>
<key name="notifi"> 41,42,15,46,55, </key>
<key name="notification"> 39,40,1,23, </key>
<key name="now"> 59,7,71,63, </key>
<key name="numb"> 66,8,12,34,39,42,67,43,44,17,21,4,5,60,75,61,37,47,52,68,71,22,23,76,78,25,64,65, </key>
<key name="number"> 16,48, </key>
<key name="object"> 3,4,63,31, </key>
<key name="objectclas"> 38, </key>
<key name="occupant"> 21, </key>
<key name="occur"> 12, </key>
<key name="off"> 8,39,15,21,61,53,69,55, </key>
<key name="offer"> 9,32, </key>
<key name="offic"> 62,31, </key>
<key name="often"> 40,68, </key>
<key name="ok"> 73,17,60,61,7,25,29,63, </key>
<key name="old"> 12,15,61,78,65,55,56, </key>
<key name="on"> 66,8,34,3,38,32,33,17,21,19,5,58,24,7,37,52,68,6,76,63,65,69,56, </key>
<key name="onc"> 16,60,61,76, </key>
<key name="open"> 9,39,2,41,33,16,19,74,46,60,77,24,7,62,68,23,25,79,29,65, </key>
<key name="openldap"> 32, </key>
<key name="operat"> 1, </key>
<key name="operation"> 38,32,61, </key>
<key name="opt"> 56, </key>
<key name="option"> 8,39,40,41,15,3,73,45,51,4,5,20,61,10,37,52,71,22,23,29,65, </key>
<key name="optional"> 34,7, </key>
<key name="ord"> 7,52,53,69,55, </key>
<key name="organiz"> 9,7, </key>
<key name="organization"> 38,7,71,31, </key>
<key name="origin"> 53,68, </key>
<key name="original"> 23,26, </key>
<key name="originat"> 45, </key>
<key name="other"> 71, </key>
<key name="otherwis"> 32, </key>
<key name="out"> 8,12,79, </key>
<key name="outbound"> 67, </key>
<key name="outbreak"> 46, </key>
<key name="outlook"> 8,73,74,61,76,31,65, </key>
<key name="output"> 52, </key>
<key name="outsid"> 49, </key>
<key name="overrid"> 12,2,3,51,16,5,47,6, </key>
<key name="overridden"> 3,78, </key>
<key name="overrul"> 43,44, </key>
<key name="overview"> 59, </key>
<key name="own"> 21,5,71,27,29,31, </key>
<key name="owner"> 9, </key>
<key name="packag"> 67,52,53,69, </key>
<key name="pag"> 8,12,34,41,3,33,5,35,36,77,7,71,23,76,79, </key>
<key name="pan"> 8,13,14,67,16,17,21,4,19,18,24,52,53,68,71,27,29,54,30,28,69, </key>
<key name="parameter"> 38,47, </key>
<key name="part"> 38,32,33,28, </key>
<key name="partial"> 17,19,25,63,28, </key>
<key name="particular"> 41,3,4,54, </key>
<key name="partner"> 9, </key>
<key name="party"> 31, </key>
<key name="pas"> 45,51, </key>
<key name="password"> 8,12,34,40,13,3,38,32,45,51,33,16,4,5,35,36,59,24,7,6,22,76,27,29,31,65,70, </key>
<key name="past"> 34,35,36,22, </key>
<key name="path"> 74,52,56, </key>
<key name="penalti"> 68, </key>
<key name="per"> 41,67,38,5,35,36,7,23,27, </key>
<key name="percent"> 39, </key>
<key name="percentag"> 15,53,55, </key>
<key name="perform"> 38,10,28, </key>
<key name="performanc"> 9,61,53,11, </key>
<key name="period"> 16,61, </key>
<key name="periodic"> 66, </key>
<key name="permanent"> 56, </key>
<key name="permission"> 7,62,65, </key>
<key name="permit"> 31, </key>
<key name="personal"> 8,12,61,7,71,76,78,31, </key>
<key name="phon"> 21, </key>
<key name="pick"> 61,63, </key>
<key name="piec"> 21,24, </key>
<key name="plac"> 66,5, </key>
<key name="pleas"> 36, </key>
<key name="point"> 57,68,65, </key>
<key name="pol"> 5,23, </key>
<key name="policy"> 8,41,21, </key>
<key name="pool"> 2,3,4,5,71, </key>
<key name="poor"> 49, </key>
<key name="pop"> 8,3,43,44,16,48,47,52,71,11, </key>
<key name="pop3"> 44,52,31, </key>
<key name="pops3"> 47, </key>
<key name="populat"> 21, </key>
<key name="port"> 34,38,32,43,44,45,51,35,36,48,59,52,76, </key>
<key name="portion"> 63,65, </key>
<key name="possibl"> 52,68,23, </key>
<key name="post"> 31, </key>
<key name="postfix"> 45,1,68,50, </key>
<key name="postmast"> 1, </key>
<key name="practic"> 29, </key>
<key name="precedenc"> 41,46, </key>
<key name="preconfigur"> 63, </key>
<key name="preferenc"> 3,16,4,5,20,71,23,31, </key>
<key name="prefix"> 39, </key>
<key name="premis"> 21, </key>
<key name="prepar"> 76, </key>
<key name="pres"> 19, </key>
<key name="present"> 48, </key>
<key name="prevent"> 46,27,50,65, </key>
<key name="previou"> 34,73,17,35,36,22,56, </key>
<key name="previous"> 73,61,76, </key>
<key name="primary"> 56, </key>
<key name="privileg"> 19,62,71,65, </key>
<key name="problem"> 75,68, </key>
<key name="proceed"> 57, </key>
<key name="proces"> 66,8,34,32,73,59,60,61,37,52,25,65, </key>
<key name="profil"> 62,65, </key>
<key name="progres"> 73,60,75,25,65, </key>
<key name="projector"> 21, </key>
<key name="prompt"> 62, </key>
<key name="properti"> 30, </key>
<key name="property"> 9, </key>
<key name="protect"> 40,42, </key>
<key name="protection"> 8,39,40,49, </key>
<key name="protocol"> 45,72,47,49,31, </key>
<key name="provid"> 32,36,49,65, </key>
<key name="provision"> 8,57,16,24,10,62,64,11,65, </key>
<key name="proxy"> 43,44,48,71,50, </key>
<key name="pst"> 73,74,75,77,76, </key>
<key name="purg"> 12,78, </key>
<key name="purpos"> 71, </key>
<key name="qualifi"> 49, </key>
<key name="query"> 45,51,63, </key>
<key name="question"> 67,65, </key>
<key name="queu"> 66,8,41,14,53,68,54, </key>
<key name="quick"> 8,24,29,31,28, </key>
<key name="quickadd"> 5,23, </key>
<key name="quit"> 12, </key>
<key name="quota"> 8,12,15,3,16,4,5,24,53,6,55, </key>
<key name="random"> 2,4,71, </key>
<key name="rath"> 0,61,31, </key>
<key name="rbl"> 39, </key>
<key name="re"> 12,73,24,68,22,25,29, </key>
<key name="reach"> 12,15,55, </key>
<key name="read"> 47, </key>
<key name="ready"> 66,19,7, </key>
<key name="reason"> 66, </key>
<key name="reassign"> 4, </key>
<key name="receiv"> 66,39,14,67,73,45,16,19,24,68,49,23,78,65,56, </key>
<key name="recent"> 57,22, </key>
<key name="recipient"> 39,40,41,42,67,45,51,19,46,24, </key>
<key name="recommend"> 61,62,68, </key>
<key name="record"> 8,45,51,33,21,4,52,31, </key>
<key name="recur"> 21, </key>
<key name="redirect"> 17, </key>
<key name="ref"> 39,62,11, </key>
<key name="refer"> 39, </key>
<key name="referenc"> 56, </key>
<key name="reflect"> 8, </key>
<key name="refresh"> 57,58,68, </key>
<key name="regard"> 52, </key>
<key name="regardles"> 41,46, </key>
<key name="register"> 52, </key>
<key name="regular"> 21,27, </key>
<key name="reindex"> 24,25, </key>
<key name="reject"> 41,42,15,3,45,21,46,24,47,55, </key>
<key name="relay"> 57,45,51,52,50,65, </key>
<key name="releas"> 8,68, </key>
<key name="reliabl"> 9, </key>
<key name="remain"> 12,78,26,79, </key>
<key name="rememb"> 12,79, </key>
<key name="remind"> 23, </key>
<key name="remov"> 17,20,24,7,71,6,63, </key>
<key name="renam"> 26, </key>
<key name="reoccur"> 21, </key>
<key name="rep"> 1,23, </key>
<key name="replicat"> 65, </key>
<key name="report"> 53, </key>
<key name="repository"> 7,71,31, </key>
<key name="represent"> 38, </key>
<key name="request"> 33,61,76,31, </key>
<key name="requeu"> 68, </key>
<key name="requir"> 13,67,38,32,43,44,45,33,16,59,37,25,50,31, </key>
<key name="resend"> 66, </key>
<key name="reserv"> 9, </key>
<key name="reset"> 16,52,6,22,29, </key>
<key name="resid"> 78, </key>
<key name="resolv"> 34,35,36, </key>
<key name="resourc"> 8,21,24,30,28, </key>
<key name="respectiv"> 9, </key>
<key name="restart"> 52, </key>
<key name="restrict"> 3,16,4,49, </key>
<key name="restriction"> 3,16,21,49,22, </key>
<key name="result"> 34,38,32,19,35,36,37,47,25,28, </key>
<key name="resum"> 41,54, </key>
<key name="retriev"> 22,25, </key>
<key name="retrieval"> 48,71, </key>
<key name="return"> 34,32,19,36,37,25, </key>
<key name="reus"> 68, </key>
<key name="review"> 39,77,63,65, </key>
<key name="revok"> 71, </key>
<key name="rfc"> 49, </key>
<key name="rich"> 7,31, </key>
<key name="right"> 8,9,2,19,7,25,54, </key>
<key name="room"> 66,21, </key>
<key name="root"> 1,52,63,56, </key>
<key name="rout"> 66,38,1,68,31, </key>
<key name="rul"> 39,41,38,32,46,61,47,6,76,31, </key>
<key name="run"> 8,38,32,73,59,53,76,25,31,65,69, </key>
<key name="s"> 8,39,13,38,43,44,45,51,16,21,4,74,20,1,59,24,10,7,52,53,49,71,6,22,23,25,79,29,63,11,31,65,70, </key>

</ftswdata>  
