<?xml version='1.0' encoding='windows-1252' ?>
<ftswdata>
<key name="0"> 10, </key>
<key name="05"> 57, </key>
<key name="10"> 41, </key>
<key name="100"> 7,28,32,30, </key>
<key name="11"> 57, </key>
<key name="1500"> 7, </key>
<key name="2"> 29,30,56, </key>
<key name="2005"> 7, </key>
<key name="25"> 16,4, </key>
<key name="30"> 6,10,39,4,55, </key>
<key name="33"> 33, </key>
<key name="365"> 6,39, </key>
<key name="389"> 28,32,27,29,30, </key>
<key name="4096"> 41,44, </key>
<key name="48"> 6,39, </key>
<key name="5"> 29, </key>
<key name="6"> 10,4,18, </key>
<key name="60"> 6,39,41, </key>
<key name="636"> 32,27,29,30, </key>
<key name="64"> 10,4,18, </key>
<key name="7071"> 47, </key>
<key name="75"> 33, </key>
<key name="8"> 29, </key>
<key name="9"> 57, </key>
<key name="94404"> 7, </key>
<key name="ability"> 7,35, </key>
<key name="abl"> 42, </key>
<key name="abov"> 6,51,44, </key>
<key name="accept"> 13,37, </key>
<key name="acces"> 10,35,32,27,21,25,26, </key>
<key name="accidental"> 21, </key>
<key name="accommodat"> 37, </key>
<key name="account"> 6,10,45,0,34,1,35,11,12,2,32,27,13,14,3,4,46,17,49,8,36,20,50,5,18,19,22,55,21,23,56,24,51,52,9,25,53,26,44, </key>
<key name="action"> 10,21,56,25,26, </key>
<key name="activ"> 10,28,12,27,29,30,31,20,22,56,51, </key>
<key name="active"> 44, </key>
<key name="activity"> 6,10,39,56, </key>
<key name="ad"> 45,28,33,2,14,3,16,17,31,19,44, </key>
<key name="add"> 6,28,1,14,16,17,29,30,41,51,44, </key>
<key name="addition"> 25, </key>
<key name="additional"> 6,28,27,17,29,30,31,41,25,44, </key>
<key name="addres"> 6,10,28,0,34,12,32,27,13,14,16,17,30,31,41,20,37,19,23,51,9,25,53, </key>
<key name="admin"> 0,34,47, </key>
<key name="administration"> 6,10,11,14,17,8,31,41,20,9,53,57, </key>
<key name="administrativ"> 0, </key>
<key name="administrator"> 10,0,33,34,13,16,47,8,50,18,24,25,53, </key>
<key name="advanc"> 7,10,35,2,13,3,4,18,22,55,56,25, </key>
<key name="advertis"> 41, </key>
<key name="affect"> 35,49, </key>
<key name="ag"> 10,18,55, </key>
<key name="again"> 25, </key>
<key name="aggressive"> 33, </key>
<key name="alert"> 0,34,49, </key>
<key name="alia"> 0,34,32,13,14,17,23, </key>
<key name="alias"> 6,0,13,14,20, </key>
<key name="allow"> 10,2,36,20,25, </key>
<key name="along"> 7,43, </key>
<key name="already"> 5, </key>
<key name="alternat"> 13, </key>
<key name="although"> 49, </key>
<key name="alway"> 4,19, </key>
<key name="amavis_msg_count"> 39, </key>
<key name="amavisd"> 39, </key>
<key name="amount"> 18, </key>
<key name="anonymou"> 32,27, </key>
<key name="anoth"> 32,14,4,5, </key>
<key name="anti"> 6,0,33,34,39,36,41,43, </key>
<key name="antiviru"> 34, </key>
<key name="any"> 10,45,34,35,11,3,16,48,49,36,41,55,21,23,56,53,26,44, </key>
<key name="ap"> 35,36,25, </key>
<key name="appear"> 12,13,51,53,44, </key>
<key name="application"> 2,51,25, </key>
<key name="appointment"> 25, </key>
<key name="appropriat"> 0, </key>
<key name="approximate"> 32, </key>
<key name="archiv"> 34, </key>
<key name="area"> 6,3, </key>
<key name="ask"> 53, </key>
<key name="assign"> 10,45,1,2,13,3,4,20,5,19,9,44, </key>
<key name="assist"> 26, </key>
<key name="assistanc"> 0, </key>
<key name="associat"> 1,35,14,3,5,21, </key>
<key name="assum"> 27,51, </key>
<key name="attachment"> 10,35,2,13,3,4,36,5,21,25, </key>
<key name="attempt"> 27, </key>
<key name="attribut"> 2,32,27,13,3,18,55, </key>
<key name="audit"> 26, </key>
<key name="authenticat"> 47, </key>
<key name="authentication"> 6,10,28,27,29,31,36,41,22, </key>
<key name="auto"> 19, </key>
<key name="automatical"> 10,0,33,34,2,3,4,41,55,21,44, </key>
<key name="availabl"> 1,39,2,32,8,20,9, </key>
<key name="away"> 19, </key>
<key name="back"> 6,20, </key>
<key name="background"> 21, </key>
<key name="bar"> 6,31,21,24, </key>
<key name="bas"> 32,27,13,29,30,37,24,51,25, </key>
<key name="basi"> 32,29,30,22, </key>
<key name="basic"> 32,19, </key>
<key name="be"> 12,27,48,49,36,22,55,53, </key>
<key name="becom"> 32,13,30,31,19,21,51,44, </key>
<key name="befor"> 10,45,35,3,49,37,18,55,21,25,53,44, </key>
<key name="begin"> 48,49,51,53, </key>
<key name="behav"> 37,19, </key>
<key name="behavior"> 37, </key>
<key name="below"> 10,16,25,53, </key>
<key name="bind"> 28,32,27,29,30,41, </key>
<key name="blank"> 33,16,29, </key>
<key name="blob"> 41,44, </key>
<key name="block"> 34,35,2, </key>
<key name="book"> 6,10,32,16,9,25, </key>
<key name="boolean"> 32, </key>
<key name="both"> 6,28,32,30,49,31,5, </key>
<key name="boulevard"> 7, </key>
<key name="box"> 6,45,28,13,29,30,48,49,18,22,23,51,53,44, </key>
<key name="brows"> 6,51, </key>
<key name="build"> 51,25, </key>
<key name="built"> 25, </key>
<key name="bulk"> 13,8, </key>
<key name="busy"> 25, </key>
<key name="button"> 6,10,56,24, </key>
<key name="byt"> 41,44, </key>
<key name="ca"> 7,8, </key>
<key name="cal"> 13,16, </key>
<key name="calculat"> 55, </key>
<key name="calendar"> 2,49,25,26, </key>
<key name="cancel"> 48,49,21, </key>
<key name="cannot"> 10,0,32,27,13,3,16,48,49,41,18,51,44, </key>
<key name="capabiliti"> 7, </key>
<key name="car"> 49, </key>
<key name="cas"> 49,5,18,38, </key>
<key name="categori"> 25, </key>
<key name="caution"> 48,49,21,38, </key>
<key name="ceil"> 36, </key>
<key name="central"> 6, </key>
<key name="certain"> 49, </key>
<key name="certificat"> 8, </key>
<key name="chang"> 6,7,10,45,28,33,1,35,11,12,39,2,13,14,3,4,17,47,36,41,20,5,18,19,22,24,51,25,53,43,44, </key>
<key name="chapt"> 33, </key>
<key name="character"> 10,4, </key>
<key name="check"> 10,45,28,34,35,39,29,30,49,36,37,18,22,21,24,51,42,52,44, </key>
<key name="checkbox"> 49, </key>
<key name="checkmark"> 41, </key>
<key name="choic"> 25, </key>
<key name="choos"> 28,12,50,22,42, </key>
<key name="clam"> 34, </key>
<key name="clamav"> 34,39, </key>
<key name="clas"> 6,45,1,35,2,3,4,20,5,22,9, </key>
<key name="classify"> 25, </key>
<key name="clear"> 41, </key>
<key name="cli"> 8,41, </key>
<key name="click"> 6,10,45,28,1,35,12,13,14,3,16,15,46,17,29,30,47,48,49,31,20,50,22,21,23,56,24,51,42,52,53,44, </key>
<key name="clickabl"> 10,56, </key>
<key name="client"> 10,35,12,2,13,3,37,19,56,25, </key>
<key name="clos"> 12,27,20,21, </key>
<key name="clust"> 40, </key>
<key name="cn"> 32,51,53, </key>
<key name="co"> 6,10,45,1,35,2,13,3,4,36,5,18,19,22,55,56,9,25, </key>
<key name="collaboration"> 7,33,34,27,4,44, </key>
<key name="colleagu"> 25, </key>
<key name="color"> 25, </key>
<key name="column"> 6,1, </key>
<key name="com"> 7,32,27,13,16,17,51, </key>
<key name="combin"> 32, </key>
<key name="comma"> 16,51, </key>
<key name="command"> 13,8,41,56, </key>
<key name="commit"> 1,14,17,22,24, </key>
<key name="common"> 32,16,38,51,53, </key>
<key name="company"> 32,16, </key>
<key name="complet"> 45,32,14,16,29,30,48,21,23,51,53, </key>
<key name="compos"> 4,19,55,38,25, </key>
<key name="compres"> 41,44, </key>
<key name="compression"> 41,44, </key>
<key name="compromis"> 37, </key>
<key name="comput"> 53, </key>
<key name="concurrenc"> 49, </key>
<key name="condition"> 25, </key>
<key name="conduct"> 50,53, </key>
<key name="configur"> 6,45,28,0,33,34,35,2,32,27,13,14,4,17,29,30,31,36,18,19,55,9,53,44, </key>
<key name="configuration"> 6,10,32,27,13,4,29,30,8,31,41,19,25, </key>
<key name="confirm"> 24, </key>
<key name="confus"> 38, </key>
<key name="connect"> 28,47,41,50, </key>
<key name="connection"> 27,41, </key>
<key name="consid"> 13,3, </key>
<key name="consider"> 33,27, </key>
<key name="consist"> 16, </key>
<key name="consistent"> 49, </key>
<key name="consol"> 6,10,11,14,17,8,31,20,9,53,57, </key>
<key name="consolidat"> 39, </key>
<key name="constraint"> 2,3,5, </key>
<key name="construct"> 32,51, </key>
<key name="contact"> 7,10,13,4,49,19,24,9,25,53, </key>
<key name="contain"> 39,3,16,8,22,51,25, </key>
<key name="content"> 6,10,12,14,3,16,41,22,21,23,56,24,43,26, </key>
<key name="continu"> 29,49,51, </key>
<key name="control"> 6,2,16, </key>
<key name="conversation"> 7,4,19,25, </key>
<key name="convert"> 53, </key>
<key name="copy"> 17, </key>
<key name="copyright"> 7, </key>
<key name="corporat"> 32, </key>
<key name="correct"> 30, </key>
<key name="corrupt"> 21, </key>
<key name="cos"> 3, </key>
<key name="could"> 12,23, </key>
<key name="count"> 6,39, </key>
<key name="creat"> 6,45,28,0,34,1,2,13,14,3,16,4,46,17,29,30,8,31,20,50,18,22,24,51,52,9,25,53,44, </key>
<key name="criteria"> 25, </key>
<key name="current"> 6,49,41,44, </key>
<key name="dat"> 49,55,25,53, </key>
<key name="data"> 6,39,43,44, </key>
<key name="databas"> 51, </key>
<key name="day"> 6,10,39,4,18,55,56, </key>
<key name="dc"> 32,27, </key>
<key name="decid"> 53, </key>

</ftswdata>  
