<?xml version='1.0' encoding='windows-1252' ?>
<ftswdata>
<key name="function"> 10, </key>
<key name="g"> 49, </key>
<key name="gal"> 10,38,36,42,21,40,41,51,25,34, </key>
<key name="gateway"> 55, </key>
<key name="gb"> 72, </key>
<key name="general"> 38,1,16,2,37,3,26,41,51,56,25,29,32, </key>
<key name="generat"> 0, </key>
<key name="get"> 45,46,17,50,60, </key>
<key name="giv"> 9, </key>
<key name="given"> 6,38,42,9, </key>
<key name="global"> 10,6,14,38,43,44,45,46,2,42,47,48,49,55,18,3,9,0,50,40,12,51,56,5,54,13,34, </key>
<key name="gn"> 42, </key>
<key name="go"> 10,72,77,39,40,73,69,70,61, </key>
<key name="good"> 32, </key>
<key name="grant"> 42,35, </key>
<key name="graph"> 72, </key>
<key name="graphical"> 57, </key>
<key name="greet"> 49,53, </key>
<key name="group"> 6,7,2,21,4,26,67,25,68,34,70, </key>
<key name="guid"> 43,18,12,41,56,57,13, </key>
<key name="hack"> 16, </key>
<key name="ham"> 43, </key>
<key name="handl"> 43, </key>
<key name="happen"> 66, </key>
<key name="hav"> 42,26,73,58,75, </key>
<key name="head"> 17,26, </key>
<key name="header"> 60, </key>
<key name="help"> 10,9,68,78, </key>
<key name="helpful"> 23, </key>
<key name="her"> 71,10,9,24, </key>
<key name="hid"> 21, </key>
<key name="hidden"> 18,22, </key>
<key name="hierarchy"> 70, </key>
<key name="high"> 11, </key>
<key name="highlight"> 19,56,5,32, </key>
<key name="history"> 14,24, </key>
<key name="hold"> 71,10,57,73, </key>
<key name="host"> 10,38,45,2,42,35,49,55,37,18,64,41,56,54,70, </key>
<key name="hostnam"> 49,55,52,56,53, </key>
<key name="hour"> 10,44,72,57,58, </key>
<key name="hov"> 19,26, </key>
<key name="how"> 6,14,43,44,45,55,37,18,3,9,77,50,39,40,25,27,58,34,70, </key>
<key name="html"> 4,25,34, </key>
<key name="http"> 47,48,37, </key>
<key name="i"> 18,68, </key>
<key name="icon"> 70, </key>
<key name="id"> 26,73,29,31, </key>
<key name="identifi"> 71,38,41,56, </key>
<key name="identify"> 43,35,67,53,68, </key>
<key name="idl"> 14,4,58, </key>
<key name="if"> 14,62,38,44,36,45,15,8,16,72,2,42,35,47,48,49,55,18,23,21,9,4,63,22,0,39,40,65,66,26,51,56,57,73,53,5,24,25,30,28,54,29,58,32,68,34,31,70, </key>
<key name="ignor"> 66,24, </key>
<key name="ill"> 53, </key>
<key name="imag"> 6,77, </key>
<key name="imap"> 10,2,47,48,18,4,52,51,56,25,13,34, </key>
<key name="immediate"> 10,8,16,59, </key>
<key name="impact"> 36, </key>
<key name="implement"> 53, </key>
<key name="import"> 10,63,64,65,66,67,68,13,70, </key>
<key name="important"> 44,2,18,66,56,67,53,5,54,70, </key>
<key name="inaccessibl"> 26, </key>
<key name="inbound"> 10,72, </key>
<key name="inbox"> 4,25,27, </key>
<key name="inc"> 11, </key>
<key name="includ"> 10,11,6,14,2,23,3,21,9,0,26,41,56,57,58,68,70,74,75, </key>
<key name="incom"> 71,10,57,73,53,27,34, </key>
<key name="increas"> 46,17,66,60, </key>
<key name="index"> 26,56,28,61, </key>
<key name="index1"> 56,61, </key>
<key name="individual"> 6,16,17,2,21,9,22,26,12,73,5,30,27,58,68,70, </key>
<key name="inform"> 66, </key>
<key name="information"> 10,11,6,62,38,1,16,72,2,42,35,48,18,23,3,9,39,40,64,26,12,56,57,73,29,58,32,68,13,70,60,61, </key>
<key name="inherit"> 14, </key>
<key name="initial"> 18,23,4,0,56,24,25,32,34,61, </key>
<key name="initializ"> 9, </key>
<key name="input"> 42, </key>
<key name="insert"> 38, </key>
<key name="instal"> 10,6,43,44,72,2,4,56,57,70,74,61, </key>
<key name="install"> 0,12, </key>
<key name="installation"> 38,44,41,51,56, </key>
<key name="instead"> 62,68,70, </key>
<key name="instruct"> 54, </key>
<key name="interfac"> 16,77,12,34, </key>
<key name="internal"> 38,15,42,35,39,40,41,24, </key>
<key name="internet"> 4,25, </key>
<key name="interrupt"> 66, </key>
<key name="interval"> 4,25, </key>
<key name="invit"> 23, </key>
<key name="invitation"> 23,26, </key>
<key name="ip"> 49,56,57,73,53, </key>
<key name="island"> 11, </key>
<key name="isp"> 49,54, </key>
<key name="issu"> 38,42,39,40, </key>
<key name="item"> 4,66,25,34,31,70, </key>
<key name="itself"> 59, </key>
<key name="jo"> 68, </key>
<key name="joanna"> 68, </key>
<key name="john"> 18, </key>
<key name="joseph"> 68, </key>
<key name="journal"> 66, </key>
<key name="junk"> 14,43,66,27,70, </key>
<key name="just"> 38, </key>
<key name="kb"> 72,49, </key>
<key name="keep"> 71,3,29, </key>
<key name="keyword"> 70, </key>
<key name="kill"> 43, </key>
<key name="know"> 42,18,21,22,31, </key>
<key name="known"> 42,21, </key>
<key name="label"> 34, </key>
<key name="larg"> 18,52,56,73,70,61, </key>
<key name="last"> 10,72,42,18,57,31,78,74, </key>
<key name="latest"> 70, </key>
<key name="launch"> 67, </key>
<key name="layout"> 23, </key>
<key name="ldap"> 10,38,36,42,35,18,23,39,40,41,56,57,24,30,32,68,74, </key>
<key name="least"> 32, </key>
<key name="leav"> 21, </key>
<key name="left"> 10,1,21,39,66,25,31, </key>
<key name="legitimat"> 35, </key>
<key name="length"> 14,2,3,4,24, </key>
<key name="lessen"> 36, </key>
<key name="let"> 45,2,42,18,50,66,26,34,75, </key>
<key name="level"> 38,36,2,49,55,66,30, </key>
<key name="lifetim"> 14,2,18,23,3,4,5,27,58, </key>
<key name="like"> 66, </key>
<key name="limit"> 71,14,17,3,4,58,60, </key>
<key name="lin"> 43,2,18,21,26,12,56,34,61, </key>
<key name="link"> 10,18,9,26,56,5, </key>
<key name="list"> 10,14,62,38,7,1,36,45,46,8,16,2,42,18,19,23,21,9,4,20,63,22,50,40,65,66,26,56,57,73,25,30,29,32,68,59,33,69,13,34,31,70,74,61, </key>
<key name="lmtp"> 76,56,59, </key>
<key name="load"> 36, </key>
<key name="local"> 49,22,76,12,25,54, </key>
<key name="location"> 10,23,26,56,54,68,33,61, </key>
<key name="lock"> 14,16,26,24,30, </key>
<key name="log"> 10,14,15,16,72,35,37,9,0,65,26,56,67,57,24,58,32,59,34,70,74,75, </key>
<key name="login"> 16,47,48,41,56, </key>
<key name="logo"> 11, </key>
<key name="logon"> 67, </key>
<key name="long"> 14,2,55,18,58,61, </key>
<key name="look"> 42,34, </key>
<key name="lookup"> 42,49,55,41,56, </key>
<key name="loop"> 54, </key>
<key name="lost"> 70, </key>
<key name="low"> 25, </key>
<key name="m"> 57, </key>
<key name="machin"> 56, </key>
<key name="mail"> 71,10,11,62,43,44,1,45,46,16,17,2,42,35,49,55,37,18,19,23,3,21,4,22,50,52,66,76,26,56,57,73,53,25,27,28,54,59,34,31,70,75, </key>
<key name="mailbox"> 10,14,62,44,1,45,16,17,72,2,18,23,0,64,66,76,26,56,67,57,5,25,28,32,68,59,69,34,31,70,74,60,75,61, </key>
<key name="maintain"> 71,23,13, </key>
<key name="maintenanc"> 45,16,26, </key>
<key name="mak"> 8,2,49,55,37,18,77,56,33, </key>
<key name="man"> 16,32, </key>
<key name="manag"> 71,10,43,2,19,3,22,26,12,41,51,56,73,32,13,34,61, </key>
<key name="management"> 13,61, </key>
<key name="map"> 35, </key>
<key name="mapi"> 67,70, </key>
<key name="mark"> 43,61, </key>
<key name="market"> 68, </key>
<key name="mas"> 43, </key>
<key name="match"> 36,42,35,34,31, </key>
<key name="mateo"> 11, </key>
<key name="maximum"> 14,38,42,49,4,40,51,24, </key>
<key name="mb"> 14,72,70, </key>
<key name="mean"> 14, </key>
<key name="measur"> 58, </key>
<key name="mechanism"> 10,38,35, </key>
<key name="meet"> 10,23,66,26,68, </key>
<key name="meeting"> 23,26,34, </key>
<key name="megabyt"> 14,17, </key>
<key name="memb"> 67,70, </key>
<key name="member"> 38,21, </key>
<key name="menu"> 19, </key>
<key name="messag"> 71,10,11,14,43,44,45,46,17,72,2,49,18,23,3,4,22,0,50,65,66,76,26,12,51,56,57,73,53,5,25,27,28,54,29,33,34,70,60,61, </key>
<key name="message1"> 56,61, </key>
<key name="method"> 35,18, </key>
<key name="microsoft"> 67,13,70, </key>
<key name="might"> 72,68, </key>
<key name="migrat"> 63,68,13,70, </key>
<key name="migration"> 10,64,66,67,68,13,70, </key>
<key name="mini"> 4,25, </key>
<key name="minimum"> 10,14,18,23,4,24, </key>
<key name="minut"> 4,56,25,58, </key>
<key name="mod"> 10,38,42,39,40, </key>
<key name="modify"> 44,2,9,26,25, </key>
<key name="monitor"> 71,10,17,23,57,73,13,74, </key>
<key name="month"> 72, </key>
<key name="morn"> 57, </key>
<key name="mous"> 14,19,26,58, </key>
<key name="mov"> 71,10,1,19,21,26,73,5, </key>
<key name="mta"> 71,10,44,45,16,49,55,76,51,56,57,73,53,54,59,13,74, </key>
<key name="multipl"> 1,42,35,39,52,56,34, </key>
<key name="must"> 14,15,42,35,18,23,9,22,52,56,67,53,24,30,54,32,68,31,70,74,61, </key>
<key name="mx"> 49,55, </key>
<key name="mycompany"> 35, </key>
<key name="nam"> 71,10,38,1,2,42,35,48,55,37,18,19,23,3,21,9,63,39,40,64,26,41,56,29,68,59,31,70,61, </key>
<key name="navigat"> 10, </key>
<key name="navigation"> 10,72,18,19,23,3,21,20,56,30,59, </key>
<key name="ne"> 17,18,23,3,9,67,60, </key>
<key name="necessary"> 35,29, </key>
<key name="network"> 49,55, </key>
<key name="nev"> 2,61, </key>

</ftswdata>  
