<?xml version='1.0' encoding='windows-1252' ?>
<ftswdata>
<key name="new"> 71,10,6,62,38,44,1,15,16,2,37,18,19,23,3,21,9,4,39,40,26,41,67,24,25,29,32,34,70,61, </key>
<key name="next"> 10,62,38,1,15,42,18,23,21,9,63,39,40,64,66,67,30,32,68,69,31, </key>
<key name="nor"> 8, </key>
<key name="normal"> 16,30, </key>
<key name="not"> 10,6,62,38,45,42,18,23,3,21,9,63,40,66,56,73,5,68, </key>
<key name="notebook"> 6,7,8,21,9, </key>
<key name="notic"> 11,45,46,50, </key>
<key name="notifi"> 45,46,17,50,60, </key>
<key name="notification"> 43,44,0,25,34, </key>
<key name="notify"> 9, </key>
<key name="now"> 64,68, </key>
<key name="numb"> 71,10,14,38,43,46,72,47,48,19,23,3,4,65,66,41,51,56,73,24,25,27,28,69,70, </key>
<key name="number"> 18,52, </key>
<key name="object"> 6,2,3,68,34, </key>
<key name="objectclas"> 42, </key>
<key name="occupant"> 23, </key>
<key name="occur"> 14, </key>
<key name="off"> 10,43,17,23,66,57,34,74,60, </key>
<key name="offer"> 11,35, </key>
<key name="offic"> 67,34, </key>
<key name="often"> 44,73, </key>
<key name="ok"> 8,19,65,66,28,32,68, </key>
<key name="old"> 14,17,66,27,70,60,61, </key>
<key name="on"> 71,10,6,38,2,42,35,37,19,23,21,9,77,4,63,26,41,56,73,5,68,70,74,61, </key>
<key name="onc"> 18,9,65,66,34, </key>
<key name="open"> 11,43,1,45,37,18,21,9,50,65,26,67,73,25,28,58,32,70, </key>
<key name="openldap"> 35, </key>
<key name="operat"> 0, </key>
<key name="operation"> 42,35,66, </key>
<key name="opt"> 61, </key>
<key name="option"> 10,43,44,36,17,2,49,55,3,4,22,66,12,41,56,24,25,32,34,70, </key>
<key name="optional"> 6,38, </key>
<key name="ord"> 56,57,74,60, </key>
<key name="organiz"> 11,6,9, </key>
<key name="organization"> 42, </key>
<key name="origin"> 57,73, </key>
<key name="original"> 25,29, </key>
<key name="originat"> 49, </key>
<key name="other"> 6,9, </key>
<key name="otherwis"> 35, </key>
<key name="out"> 10,14,58,34, </key>
<key name="outbound"> 72, </key>
<key name="outbreak"> 45,50, </key>
<key name="outlook"> 10,66,34,70, </key>
<key name="output"> 56, </key>
<key name="outsid"> 53, </key>
<key name="overrid"> 14,2,55,18,4,5, </key>
<key name="overridden"> 2,27, </key>
<key name="overrul"> 47,48, </key>
<key name="overview"> 64, </key>
<key name="own"> 23,4,30,32,34, </key>
<key name="owner"> 11, </key>
<key name="packag"> 72,56,57,74, </key>
<key name="pag"> 10,6,14,38,7,8,2,37,9,77,4,39,40,41,25,58, </key>
<key name="pan"> 10,15,16,72,18,19,23,3,21,20,26,56,57,73,30,32,59,33,31,74, </key>
<key name="parameter"> 42,51, </key>
<key name="part"> 42,35,37,31, </key>
<key name="partial"> 19,21,28,68,31, </key>
<key name="particular"> 45,2,3,59, </key>
<key name="partner"> 11, </key>
<key name="party"> 34, </key>
<key name="pas"> 49,55, </key>
<key name="password"> 10,14,38,44,15,2,42,35,49,55,37,18,3,9,4,39,40,64,26,5,24,30,32,34,70,75, </key>
<key name="past"> 38,39,40,24, </key>
<key name="path"> 9,56,61, </key>
<key name="penalti"> 73, </key>
<key name="per"> 6,72,42,9,4,39,40,25,30, </key>
<key name="percent"> 43, </key>
<key name="percentag"> 17,57,60, </key>
<key name="perform"> 42,12,31, </key>
<key name="performanc"> 11,42,66,57,13, </key>
<key name="period"> 18,66, </key>
<key name="periodic"> 71, </key>
<key name="permanent"> 61, </key>
<key name="permission"> 10,6,38,7,8,9,41,67,70, </key>
<key name="permit"> 34, </key>
<key name="person"> 34, </key>
<key name="personal"> 10,14,66,27,34, </key>
<key name="phon"> 23, </key>
<key name="pick"> 66,68, </key>
<key name="piec"> 23,26, </key>
<key name="plac"> 71,4, </key>
<key name="pleas"> 40, </key>
<key name="point"> 62,73,70, </key>
<key name="pol"> 4,25, </key>
<key name="policy"> 10,23, </key>
<key name="pool"> 1,2,23,3,4, </key>
<key name="poor"> 53, </key>
<key name="pop"> 10,2,47,48,18,52,51,56,13, </key>
<key name="pop3"> 48,56,34, </key>
<key name="pops3"> 51, </key>
<key name="populat"> 23, </key>
<key name="port"> 38,42,35,47,48,49,55,39,40,52,64,56, </key>
<key name="portion"> 68,70, </key>
<key name="possibl"> 56,73,25, </key>
<key name="post"> 34, </key>
<key name="postfix"> 49,0,73,54, </key>
<key name="postmast"> 0, </key>
<key name="potential"> 36, </key>
<key name="practic"> 32, </key>
<key name="precedenc"> 45,50, </key>
<key name="preconfigur"> 68, </key>
<key name="preferenc"> 2,18,3,4,22,25,34, </key>
<key name="prefix"> 43, </key>
<key name="premis"> 23, </key>
<key name="pres"> 21, </key>
<key name="present"> 52, </key>
<key name="prevent"> 45,50,30,54,70, </key>
<key name="previou"> 38,19,39,40,24,61, </key>
<key name="previous"> 66, </key>
<key name="primary"> 61, </key>
<key name="privileg"> 38,21,9,67,70, </key>
<key name="problem"> 73, </key>
<key name="proceed"> 62, </key>
<key name="proces"> 71,10,38,35,64,65,66,41,56,28,70, </key>
<key name="profil"> 67,70, </key>
<key name="progres"> 65,28,70, </key>
<key name="projector"> 23, </key>
<key name="prompt"> 67, </key>
<key name="properti"> 33, </key>
<key name="property"> 11, </key>
<key name="protect"> 44,46, </key>
<key name="protection"> 10,43,44,53, </key>
<key name="protocol"> 49,76,51,53,34, </key>
<key name="provid"> 35,40,53,70, </key>
<key name="provision"> 10,62,18,26,12,67,69,13,70, </key>
<key name="proxy"> 47,48,52,56,54, </key>
<key name="public"> 38,8,9,34, </key>
<key name="purg"> 14,2,27, </key>
<key name="qualifi"> 53, </key>
<key name="query"> 49,55,68, </key>
<key name="question"> 72,70, </key>
<key name="queu"> 71,10,45,16,57,73,59, </key>
<key name="quick"> 10,9,26,32,34,31, </key>
<key name="quickadd"> 4,25, </key>
<key name="quit"> 14, </key>
<key name="quota"> 10,14,17,2,18,3,4,26,57,5,60, </key>
<key name="random"> 1,3, </key>
<key name="rath"> 36,66,34, </key>
<key name="rbl"> 43, </key>
<key name="re"> 14,26,73,24,28,32, </key>
<key name="reach"> 14,17,60, </key>
<key name="read"> 38,51, </key>
<key name="ready"> 71,21, </key>
<key name="reason"> 71, </key>
<key name="reassign"> 3, </key>
<key name="receiv"> 71,43,16,72,49,18,21,26,73,53,25,27,34,70,61, </key>
<key name="recent"> 62,24, </key>
<key name="recipient"> 43,44,45,46,72,49,55,21,50,26,34, </key>
<key name="recommend"> 66,67,73, </key>
<key name="record"> 10,49,55,37,23,3,56,34, </key>
<key name="recur"> 23, </key>
<key name="redirect"> 19, </key>
<key name="ref"> 43,67,13, </key>
<key name="refer"> 43, </key>
<key name="referenc"> 61, </key>
<key name="reflect"> 10,8, </key>
<key name="refresh"> 62,63,73, </key>
<key name="regard"> 56, </key>
<key name="regardles"> 45,50,34, </key>
<key name="register"> 56, </key>
<key name="regular"> 23,30, </key>
<key name="reindex"> 26,28, </key>
<key name="reject"> 45,46,17,2,49,23,50,26,51,60, </key>
<key name="relay"> 62,49,55,56,54,70, </key>
<key name="releas"> 10,6,9,73, </key>
<key name="reliabl"> 11, </key>
<key name="remain"> 14,27,29,58, </key>
<key name="rememb"> 14,58, </key>
<key name="remind"> 25, </key>
<key name="remov"> 8,19,9,22,26,5,68, </key>
<key name="renam"> 29, </key>
<key name="reoccur"> 23, </key>
<key name="rep"> 0,25,34, </key>
<key name="repli"> 34, </key>
<key name="replicat"> 70, </key>
<key name="report"> 57, </key>
<key name="represent"> 42, </key>
<key name="request"> 37,66,34, </key>
<key name="requeu"> 73, </key>
<key name="requir"> 38,15,72,42,35,47,48,49,37,18,64,41,28,54,34, </key>
<key name="resend"> 71, </key>
<key name="reserv"> 11, </key>
<key name="reset"> 18,56,5,24,32, </key>
<key name="resid"> 27, </key>
<key name="resolv"> 38,39,40, </key>
<key name="resourc"> 10,23,26,33,31, </key>
<key name="respectiv"> 11, </key>
<key name="restart"> 56, </key>
<key name="restrict"> 2,18,3,53, </key>
<key name="restriction"> 2,18,23,53,24, </key>
<key name="result"> 38,42,35,21,39,40,41,51,28,31, </key>
<key name="resum"> 45,59, </key>
<key name="retriev"> 24,28, </key>
<key name="retrieval"> 52, </key>
<key name="return"> 38,35,21,40,41,28, </key>
<key name="reus"> 73, </key>
<key name="review"> 43,68,70, </key>
<key name="revok"> 8, </key>
<key name="rfc"> 53, </key>
<key name="rich"> 6,34, </key>
<key name="right"> 10,11,1,21,9,28,59, </key>
<key name="room"> 71,23, </key>
<key name="root"> 0,56,68,61, </key>
<key name="rout"> 71,42,0,73,34, </key>
<key name="rul"> 43,45,42,35,50,66,51,5,34, </key>
<key name="run"> 10,42,35,64,57,28,34,70,74, </key>
<key name="s"> 10,7,43,15,42,47,48,49,55,18,23,3,9,22,0,64,26,12,56,57,53,5,24,25,28,58,32,68,13,70,75, </key>
<key name="sam"> 23,21,52,29,31, </key>
<key name="samantha"> 21,31, </key>
<key name="sammy"> 21,31, </key>
<key name="sampl"> 77, </key>
<key name="samson"> 21,31, </key>
<key name="samuel"> 21,31, </key>
<key name="san"> 11, </key>
<key name="sav"> 7,1,8,16,18,19,3,21,39,40,25,30,29,32,59,33,34,70,61, </key>
<key name="scal"> 72, </key>
<key name="scan"> 71, </key>
<key name="schedul"> 10,23,66,26,34, </key>
<key name="schema"> 35, </key>
<key name="scor"> 43, </key>
<key name="screen"> 37, </key>
<key name="scroll"> 21, </key>

</ftswdata>  
