<?xml version='1.0' encoding='windows-1252' ?>
<!-- saved from url=(0014)about:internet -->
<ftswdata>
<key name="eith"> 81,15,43,16,47,23,97,72,44,45,98,61,100,84,29,34,31,63,90,36,77,38,79,65,66,39, </key>
<key name="elaborat"> 96, </key>
<key name="elaps"> 15, </key>
<key name="elsewher"> 56, </key>
<key name="email"> 11,15,69,8,17,48,50,51,19,47,54,20,21,28,23,10,72,24,26,2,55,75,30,56,100,62,6,29,31,59,77,37,14,38,79,80,65,39, </key>
<key name="embed"> 7, </key>
<key name="employe"> 4,47, </key>
<key name="empty"> 66, </key>
<key name="enabl"> 11,7,15,101,48,49,41,87,4,47,52,53,54,60,20,5,23,10,97,24,25,26,57,98,56,61,100,58,6,89,29,90,104,38,39, </key>
<key name="encrypt"> 49,52,53,89,92, </key>
<key name="end"> 4,5,29,14, </key>
<key name="enforc"> 89,34, </key>
<key name="enhanc"> 0,100,38,39, </key>
<key name="enlarg"> 17, </key>
<key name="enough"> 50, </key>
<key name="ensur"> 40,75,89, </key>
<key name="ent"> 69,43,16,17,87,88,19,47,40,60,42,20,21,28,5,23,10,71,72,26,44,45,67,73,75,68,30,92,77,35,79,80,66, </key>
<key name="enter"> 43,17,48,47,40,42,28,44,45,90,35, </key>
<key name="entir"> 72, </key>
<key name="entri"> 15,69,47,30,77,86, </key>
<key name="entry"> 47,40,104, </key>
<key name="envelop"> 84, </key>
<key name="environment"> 11,3,10,39, </key>
<key name="equal"> 47, </key>
<key name="equipment"> 11,28,30, </key>
<key name="error"> 40,83,74,62,84,79,80, </key>
<key name="establish"> 25,73,46,39, </key>
<key name="etc"> 87,47,28,89,33,92,38, </key>
<key name="evaluat"> 84, </key>
<key name="even"> 4, </key>
<key name="event"> 38, </key>
<key name="every"> 69,49,4,54,62,29,38, </key>
<key name="everyon"> 23,30, </key>
<key name="ex"> 79,80, </key>
<key name="exampl"> 11,15,16,87,19,4,47,40,42,20,23,72,68,89,92,77,35, </key>
<key name="exceed"> 90, </key>
<key name="except"> 31, </key>
<key name="exception"> 54,6, </key>
<key name="exchang"> 69,75,76,77,79, </key>
<key name="execut"> 13, </key>
<key name="executabl"> 79,80, </key>
<key name="executiv"> 4, </key>
<key name="exhibit"> 58, </key>
<key name="exist"> 18,4,47,20,21,96,72,44,30,32,77,78,79,80,66, </key>
<key name="expand"> 82, </key>
<key name="experienc"> 100, </key>
<key name="expir"> 81,15,63,90, </key>
<key name="expiration"> 15, </key>
<key name="explicit"> 4,47,54,60,45,56, </key>
<key name="expos"> 28, </key>
<key name="exposur"> 63, </key>
<key name="expression"> 44,45, </key>
<key name="extend"> 0, </key>
<key name="extension"> 11,50,51,0,55,56,1, </key>
<key name="external"> 12,7,15,43,47,40,54,60,71,25,44,45,46,61,89,29,34,59,92,38,39, </key>
<key name="fail"> 15,43,18,24,44,45,89,90, </key>
<key name="failur"> 81, </key>
<key name="fashion"> 89, </key>
<key name="featur"> 12,15,41,4,47,20,5,97,24,25,26,98,30,6,89,29,31,63,14,38,35,86,39, </key>
<key name="field"> 69,8,16,17,48,3,41,19,54,60,20,28,23,10,97,24,44,45,75,98,61,34,90,38,35,66, </key>
<key name="fil"> 81,49,50,51,10,0,55,74,75,68,30,61,84,32,1,103,104,79,80,86,66,39, </key>
<key name="filt"> 48,49,82,47,40,72,44,45,75,84,77, </key>
<key name="filter"> 81,12,48,47,26,59,38,39, </key>
<key name="final"> 93, </key>
<key name="find"> 16,17,23,32,35,79,80, </key>
<key name="finish"> 43,3,20,28,10,44,45, </key>
<key name="first"> 47,20,72,2,75,95,89,29,32,77,38,35,79,80, </key>
<key name="fix"> 84, </key>
<key name="flag"> 38, </key>
<key name="flander"> 77, </key>
<key name="floor"> 28, </key>
<key name="flush"> 84, </key>
<key name="fold"> 7,15,8,48,10,75,29,31,63,38,79,80, </key>
<key name="folder"> 12,7,10,75,68,30,29,31,32,33,77,38,79,80,86,39, </key>
<key name="follow"> 11,15,17,48,50,18,19,4,47,40,52,53,54,60,28,10,83,71,72,55,67,73,68,30,13,46,56,61,62,84,58,29,90,77,79,80,65,66, </key>
<key name="font"> 38, </key>
<key name="forc"> 15,54,60,34,92, </key>
<key name="forget"> 89,92, </key>
<key name="forgotten"> 18,30,84, </key>
<key name="format"> 68,62,29,39, </key>
<key name="forum"> 11,35, </key>
<key name="forward"> 11,16,54,20,23,24,26,2,30,29,38, </key>
<key name="fram"> 19, </key>
<key name="fre"> 28,61, </key>
<key name="frequency"> 49,29, </key>
<key name="frequent"> 81,11,28, </key>
<key name="ful"> 58, </key>
<key name="full"> 12,25,68,76,38,79,80,66,39, </key>
<key name="function"> 11, </key>
<key name="functionality"> 38,39, </key>
<key name="g"> 54, </key>
<key name="gal"> 11,43,41,47,20,23,45,46,56,29,38, </key>
<key name="gallery"> 100, </key>
<key name="gateway"> 60, </key>
<key name="gb"> 82, </key>
<key name="general"> 43,3,18,88,4,54,42,20,5,96,97,24,98,30,46,56,61,89,29,33,92, </key>
<key name="generat"> 19,94,83,2,95, </key>
<key name="geotrust"> 94, </key>
<key name="get"> 50,51,19,42,55,56,65, </key>
<key name="giv"> 10,39, </key>
<key name="given"> 7,43,47,10, </key>
<key name="global"> 11,7,15,43,48,49,50,51,4,47,52,53,54,60,20,5,10,2,55,45,13,56,61,6,59,14,38, </key>
<key name="gn"> 47, </key>
<key name="go"> 16,101,82,96,102,44,45,100,84,36,78,79,80,66, </key>
<key name="good"> 92, </key>
<key name="grant"> 47,40,104, </key>
<key name="graph"> 11,82, </key>
<key name="graphical"> 62, </key>
<key name="greet"> 54,58, </key>
<key name="group"> 7,8,4,23,72,25,30,76,29,77,38,79,80,39, </key>
<key name="groupwis"> 75, </key>
<key name="guid"> 69,48,20,67,73,13,46,61,100,62,14,79,80, </key>
<key name="hack"> 18, </key>
<key name="ham"> 48, </key>
<key name="handl"> 48,89,90, </key>
<key name="happen"> 75, </key>
<key name="hav"> 47,42,30,84,63,86, </key>
<key name="head"> 19,54,27,30,38, </key>
<key name="header"> 56,65, </key>
<key name="help"> 11,10,67,73,77,35,79,80,99, </key>
<key name="helpful"> 28, </key>
<key name="her"> 81,11,10, </key>
<key name="hid"> 20,23, </key>
<key name="hidden"> 20,24,26, </key>
<key name="hierarchy"> 79,80, </key>
<key name="high"> 12, </key>
<key name="highlight"> 21,61,6,92, </key>
<key name="history"> 15,89, </key>
<key name="hold"> 81,11,62,84, </key>
<key name="host"> 11,43,50,4,47,40,54,60,42,20,67,73,46,61,59,79,80, </key>
<key name="hostnam"> 54,60,57,61,58, </key>
<key name="hour"> 11,15,49,82,62,63,90, </key>
<key name="hov"> 21,30, </key>
<key name="how"> 7,15,48,49,50,18,19,60,42,20,5,10,96,24,25,0,55,44,45,100,89,29,31,63,90,38,79,80,39, </key>
<key name="html"> 29,38, </key>
<key name="http"> 52,53,42,100, </key>
<key name="i"> 20,77, </key>
<key name="icon"> 17,79,80, </key>
<key name="icppn30"> 80, </key>
<key name="id"> 17,75,68,30,84,33,35,80, </key>
<key name="identifi"> 81,43,46,61, </key>
<key name="identify"> 48,40,72,76,58,77, </key>
<key name="identiti"> 29,38, </key>
<key name="identity"> 38, </key>
<key name="idl"> 15,63, </key>
<key name="if"> 15,69,43,16,17,49,41,50,87,9,18,88,19,82,4,47,40,52,53,54,60,20,28,23,10,70,71,72,24,25,26,2,44,45,74,75,68,95,27,30,56,61,100,62,84,58,6,89,29,34,32,59,103,33,63,90,92,91,36,77,38,35,79,80,39, </key>
<key name="ignor"> 75,89, </key>
<key name="ill"> 58, </key>
<key name="imag"> 7,96,29, </key>
<key name="imap"> 11,4,52,53,20,57,56,61,29,14,38, </key>
<key name="immediate"> 11,9,18,20,0,104,64, </key>
<key name="impact"> 41, </key>
<key name="implement"> 58, </key>
<key name="import"> 70,72,67,73,74,75,68,76,77,14,79,80,39, </key>
<key name="important"> 49,4,20,75,61,76,58,6,59,79, </key>
<key name="inaccessibl"> 30, </key>
<key name="inactiv"> 11,35, </key>
<key name="inbound"> 11,82, </key>
<key name="inbox"> 29,31, </key>
<key name="inc"> 99, </key>
<key name="includ"> 11,12,7,15,17,4,54,28,5,23,10,96,83,97,2,98,30,46,61,100,62,63,104,77,35,79,80,85,86,39, </key>
<key name="incom"> 81,11,62,84,58,31,38, </key>
<key name="incorrect"> 90, </key>
<key name="increas"> 51,19,75,65, </key>
<key name="index"> 30,61,32,66, </key>
<key name="index1"> 61,66, </key>
<key name="indicat"> 38, </key>
<key name="individual"> 7,101,17,18,19,4,20,23,10,96,97,102,72,26,98,30,13,100,84,6,29,34,31,63,90,91,77,35,79,80,39, </key>
<key name="inform"> 75, </key>
<key name="information"> 11,7,69,43,3,18,88,82,4,47,40,53,20,28,5,10,83,71,24,25,44,45,67,73,68,30,13,61,100,62,84,1,103,33,63,92,77,14,35,79,80,65,66,39, </key>
<key name="inherit"> 15, </key>
<key name="ini"> 68,80, </key>
<key name="initial"> 20,28,5,2,61,89,29,92,38,66, </key>
<key name="initializ"> 10, </key>
<key name="input"> 47, </key>
<key name="insert"> 43, </key>
<key name="instal"> 11,7,48,49,82,4,94,83,97,24,95,61,100,62,1,36,104,79,80,85,66, </key>
<key name="install"> 94,0,2,95,13,29, </key>
<key name="installation"> 43,49,94,95,46,56,61, </key>
<key name="instant"> 29,38,39, </key>
<key name="instead"> 69,77,79,80, </key>
<key name="instruct"> 59, </key>
<key name="integrat"> 100, </key>
<key name="interact"> 100, </key>
<key name="interfac"> 18,4,96,97,0,98,13,100,38,39, </key>
<key name="intermix"> 100, </key>
<key name="internal"> 43,87,47,40,71,44,45,46,89,91, </key>
<key name="internet"> 29, </key>
<key name="interrupt"> 75, </key>
<key name="interval"> 29, </key>

</ftswdata>  
