<?xml version='1.0' encoding='windows-1252' ?>
<ftswdata>
<key name="click"> 12,17,65,41,9,18,92,19,3,81,10,20,21,40,22,23,28,5,25,11,24,66,93,26,0,42,43,67,68,69,44,91,70,78,29,34,32,1,94,33,61,84,86,95,71,62,36,72,35,73,63,64,74, </key>
<key name="clickabl"> 17,61, </key>
<key name="client"> 17,39,20,21,4,52,58,22,5,11,88,6,89,27,91,56,15,29,61,37, </key>
<key name="clos"> 18,19,20,38,30,32, </key>
<key name="cn"> 45,71,73, </key>
<key name="co"> 12,17,65,41,92,3,39,48,20,21,4,45,22,28,5,6,89,93,26,27,53,54,91,15,7,83,29,34,31,61,84,85,95,16,37,63, </key>
<key name="collaboration"> 13,8,46,47,38,11,6,91,16,90,64, </key>
<key name="colleagu"> 37, </key>
<key name="collect"> 8,11, </key>
<key name="color"> 88,29,37, </key>
<key name="column"> 12,92,3,93,63, </key>
<key name="com"> 45,38,40,22,27,91,78,71, </key>
<key name="com_zimbra_dat"> 91, </key>
<key name="com_zimbra_email"> 91, </key>
<key name="com_zimbra_phon"> 91, </key>
<key name="com_zimbra_url"> 91, </key>
<key name="combin"> 45, </key>
<key name="combination"> 15,85, </key>
<key name="comma"> 25,71, </key>
<key name="command"> 22,14,59,61, </key>
<key name="commercial"> 52, </key>
<key name="commit"> 3,23,34,86, </key>
<key name="common"> 48,49,45,25,53,30,57,71,37,73, </key>
<key name="company"> 18,45,40,25,26,91, </key>
<key name="complet"> 65,41,18,19,39,45,40,23,25,88,42,43,68,91,32,71,16,37,35,73,74, </key>
<key name="complex"> 19,15, </key>
<key name="compos"> 6,29,31,57,37, </key>
<key name="compres"> 59,64, </key>
<key name="compression"> 59,64, </key>
<key name="compromis"> 56, </key>
<key name="comput"> 49,0,95,73,74, </key>
<key name="computer"> 61, </key>
<key name="concern"> 39, </key>
<key name="concurrenc"> 69, </key>
<key name="condition"> 37, </key>
<key name="conduct"> 70,73, </key>
<key name="configur"> 12,65,41,19,46,47,48,49,82,4,45,38,50,51,52,58,40,22,23,28,88,6,89,26,27,53,42,43,55,30,44,54,91,60,15,83,29,31,61,85,16,37,73,63,64,74, </key>
<key name="configuration"> 12,17,41,9,10,20,45,38,40,22,11,6,0,42,43,14,44,59,91,29,1,94,95,37, </key>
<key name="confirm"> 86, </key>
<key name="confus"> 57, </key>
<key name="connect"> 41,52,58,67,59,70, </key>
<key name="connection"> 38,50,51,59, </key>
<key name="consecutiv"> 20,84, </key>
<key name="consid"> 22,5, </key>
<key name="consider"> 46,38, </key>
<key name="consist"> 8, </key>
<key name="consistent"> 69, </key>
<key name="consol"> 12,8,9,81,10,52,58,40,0,14,44,91,60,15,95,16,73,90,74, </key>
<key name="consolidat"> 76, </key>
<key name="constraint"> 4,5,7, </key>
<key name="construct"> 45,71, </key>
<key name="contact"> 17,22,28,25,6,26,69,30,91,15,29,33,86,16,37,73,74, </key>
<key name="contain"> 8,76,5,25,11,30,14,34,61,71,37,74, </key>
<key name="content"> 12,8,17,19,20,4,23,28,5,25,11,88,0,30,59,91,60,78,34,32,1,94,61,86,95,36,35,79,80, </key>
<key name="continu"> 3,40,27,42,69,78,71, </key>
<key name="control"> 41,18,10,4,52,25,11, </key>
<key name="conversation"> 13,6,29,37, </key>
<key name="convert"> 73,74, </key>
<key name="cooki"> 61, </key>
<key name="copy"> 26,27, </key>
<key name="corn"> 29, </key>
<key name="corporat"> 45, </key>
<key name="correct"> 43,84, </key>
<key name="corrupt"> 75,30,78,32, </key>
<key name="cos"> 5,95, </key>
<key name="could"> 75,17,18,20,4,28,25,78,35, </key>
<key name="count"> 12,76,60, </key>
<key name="creat"> 12,8,65,41,19,46,47,3,21,4,52,40,22,23,28,5,25,11,88,6,66,26,0,27,2,42,43,30,14,44,91,70,60,15,83,29,86,85,95,71,72,16,37,73,64, </key>
<key name="criteria"> 19,37, </key>
<key name="cronntab"> 77, </key>
<key name="current"> 12,89,69,59,29,64,74, </key>
<key name="custom"> 0,15,1,94, </key>
<key name="customiz"> 88,89, </key>
<key name="customization"> 88, </key>
<key name="dai"> 77,60, </key>
<key name="dat"> 69,91,29,31,37,73,74, </key>
<key name="data"> 12,76,69,59,79,64, </key>
<key name="databas"> 71, </key>
<key name="day"> 12,17,76,4,6,60,83,31,61,84, </key>
<key name="dc"> 45,38, </key>
<key name="decid"> 73,74, </key>
<key name="declin"> 28, </key>
<key name="deem"> 76, </key>
<key name="def"> 75, </key>
<key name="default"> 12,17,65,41,92,19,47,4,45,38,50,51,52,58,22,28,5,11,88,6,89,43,55,44,54,59,91,56,15,83,29,31,61,84,95,37,73,64,74, </key>
<key name="defer"> 75,12,60,78, </key>
<key name="defin"> 12,13,8,41,18,47,4,45,38,22,5,89,26,30,54,59,91,29,16,37,73,64,74, </key>
<key name="delay"> 77, </key>
<key name="delegat"> 13, </key>
<key name="delet"> 12,8,41,10,20,21,23,28,5,25,11,24,26,27,69,30,59,60,78,31,32,1,94,73,63,64,74, </key>
<key name="deliver"> 75,17,46,47,20,76,27,78,95,62,64, </key>
<key name="deliveri"> 77, </key>
<key name="delivery"> 75,48,52,58,77,27,87,59,78,29,57,35, </key>
<key name="deni"> 4,5, </key>
<key name="department"> 45, </key>
<key name="depend"> 76,32, </key>
<key name="deploy"> 92,88,0,91,95, </key>
<key name="deployment"> 91, </key>
<key name="deposit"> 32, </key>
<key name="descend"> 60,63, </key>
<key name="describ"> 41,25,42,43, </key>
<key name="description"> 12,17,41,4,28,5,25,44,59,85, </key>
<key name="descriptiv"> 28, </key>
<key name="deselect"> 5, </key>
<key name="design"> 49, </key>
<key name="designat"> 22,28,55,57, </key>
<key name="desir"> 20, </key>
<key name="desk"> 12,74, </key>
<key name="destination"> 66,67,60,71,72,73,74, </key>
<key name="detail"> 12,41,19,28,42,43,30,59,91,78,16,37,74, </key>
<key name="determin"> 46,20,4,45,58,5,69,7,61,73,74, </key>
<key name="develop"> 91, </key>
<key name="dialog"> 41,9,3,10,22,23,11,6,66,0,67,69,29,32,86,95,71,72,73,74, </key>
<key name="different"> 8,3,48,76,4,5,53,59,78,15,7,57,71,16,37, </key>
<key name="direct"> 42,43,44, </key>
<key name="directory"> 17,41,45,38,22,28,25,42,43,44,15,83,34,86,85,71,73,64,74, </key>
<key name="disabl"> 12,17,46,39,48,20,45,52,58,5,6,93,27,53,54,91,15,7,29,94, </key>
<key name="disapprov"> 56, </key>
<key name="discard"> 69, </key>
<key name="disk"> 12,17,21,76,22,60,63, </key>
<key name="disparat"> 91, </key>
<key name="display"> 12,8,41,9,18,19,39,10,76,4,40,22,23,28,25,11,88,6,89,26,0,27,2,42,43,68,69,30,59,91,60,78,15,7,29,32,33,71,72,37,35,73,79,63,64,74, </key>
<key name="distinguish"> 71, </key>
<key name="distribution"> 12,41,18,19,45,25,11,24,26,69,30,15,16,35, </key>
<key name="divid"> 78, </key>
<key name="dll"> 74, </key>
<key name="dn"> 45,38,52,58,40,42,43,54,59,56,71, </key>
<key name="do"> 65,39,48,49,40,28,11,93,27,53,56,32, </key>
<key name="document"> 75,12,13,8,41,9,10,11,44,91, </key>
<key name="documentation"> 12,88,0,70, </key>
<key name="domain"> 12,8,65,41,9,19,10,4,45,38,52,58,40,23,5,11,66,42,43,55,30,44,54,70,60,78,56,15,34,71,16,37,35,73,74, </key>
<key name="domino"> 15,74, </key>
<key name="don"> 49,25,30, </key>
<key name="doubl"> 23,86, </key>
<key name="down"> 9,3,45,23,35, </key>
<key name="download"> 12,47,78,15,16,73,74, </key>
<key name="downtim"> 69, </key>
<key name="drop"> 9,3,23,35, </key>
<key name="duplicat"> 69, </key>
<key name="e"> 52,22,71, </key>
<key name="earli"> 69,78, </key>
<key name="easi"> 0, </key>
<key name="easy"> 88,37, </key>
<key name="edit"> 12,8,9,18,92,10,20,21,40,23,5,11,89,93,26,2,42,43,30,44,59,32,33,86,36, </key>
<key name="effect"> 20,59, </key>
<key name="eith"> 75,17,41,18,45,25,42,43,59,91,78,29,34,31,61,84,71,37,73,63,64, </key>
<key name="elaborat"> 88, </key>
<key name="elaps"> 17, </key>
<key name="elsewher"> 54, </key>
<key name="email"> 12,17,65,9,19,46,48,49,21,45,52,22,23,28,25,11,26,27,2,53,69,30,91,60,15,7,31,57,71,36,16,37,73,63,74, </key>
<key name="embed"> 8, </key>
<key name="employe"> 4,45, </key>
<key name="empty"> 89,64, </key>
<key name="enabl"> 12,8,17,92,46,47,39,81,4,45,50,51,52,58,22,5,25,11,6,27,55,54,59,91,56,15,7,83,29,84,95,37, </key>
<key name="encrypt"> 47,50,51,83,86, </key>
<key name="end"> 4,5,6,29,16, </key>
<key name="enforc"> 17,15,83,34, </key>
<key name="enhanc"> 0,91, </key>
<key name="enhancement"> 15, </key>
<key name="enlarg"> 19, </key>
<key name="enough"> 48, </key>
<key name="ensur"> 38,69,83, </key>
<key name="ent"> 41,18,19,81,82,45,38,58,40,22,23,28,5,25,11,26,27,42,43,67,69,30,84,86,71,35,73,64,74, </key>
<key name="enter"> 41,19,46,45,38,40,28,42,43,84,35, </key>
<key name="entri"> 17,65,45,30,71,80, </key>
<key name="entry"> 45,38,95, </key>
<key name="envelop"> 78, </key>
<key name="environment"> 12,3,11, </key>
<key name="equal"> 45, </key>
<key name="equipment"> 12,28,30, </key>
<key name="error"> 38,77,68,60,78,73,74, </key>
<key name="establish"> 44, </key>
<key name="etc"> 45,28,83,33, </key>
<key name="evaluat"> 78, </key>
<key name="even"> 4, </key>
<key name="every"> 47,4,60, </key>
<key name="everyon"> 25,30, </key>
<key name="ex"> 73,74, </key>
<key name="exampl"> 18,4,45,38,40,22,25,83,71,35, </key>
<key name="exceed"> 84, </key>
<key name="except"> 31, </key>
<key name="exception"> 52,7, </key>

</ftswdata>  
