<?xml version='1.0' encoding='windows-1252' ?>
<ftswdata>
<key name="exchang"> 65,69,70,71,73, </key>
<key name="execut"> 14, </key>
<key name="executabl"> 12,73,74, </key>
<key name="executiv"> 4, </key>
<key name="exhibit"> 56, </key>
<key name="exist"> 20,4,45,23,42,30,32,71,72,73,64,74, </key>
<key name="expand"> 76,15, </key>
<key name="experienc"> 91, </key>
<key name="expir"> 75,17,61,84, </key>
<key name="explicit"> 4,45,52,58,43,54, </key>
<key name="expos"> 28, </key>
<key name="exposur"> 61, </key>
<key name="expression"> 42,43, </key>
<key name="extend"> 0, </key>
<key name="extension"> 12,48,49,0,53,54,15,1, </key>
<key name="external"> 13,8,17,41,45,38,52,58,42,43,44,59,83,34,57,86, </key>
<key name="fail"> 41,20,42,43,83,84, </key>
<key name="failur"> 75, </key>
<key name="far"> 12, </key>
<key name="fashion"> 83, </key>
<key name="featur"> 13,17,39,4,45,22,5,6,89,26,27,30,15,7,83,29,31,61,16,37,35,80, </key>
<key name="field"> 65,9,18,19,46,3,39,21,52,58,22,28,25,11,89,26,42,43,69,59,15,29,34,84,37,64, </key>
<key name="fil"> 75,12,47,48,49,11,0,53,68,69,30,59,78,32,1,94,95,73,80,64,74, </key>
<key name="filt"> 46,47,76,45,38,42,43,69,78,15,71, </key>
<key name="filter"> 75,13,46,45,27,57,37, </key>
<key name="final"> 87, </key>
<key name="find"> 18,19,25,32,35,74, </key>
<key name="finish"> 41,3,22,28,11,42,43, </key>
<key name="first"> 45,2,83,29,32,71,37,35,73,74, </key>
<key name="fix"> 78, </key>
<key name="flag"> 37, </key>
<key name="flander"> 71, </key>
<key name="floor"> 28, </key>
<key name="flush"> 78, </key>
<key name="fold"> 8,17,9,46,11,69,15,29,31,61,37,73,74, </key>
<key name="folder"> 13,8,11,6,69,30,15,29,31,32,33,71,37,73,80,74, </key>
<key name="follow"> 12,19,46,48,20,4,45,38,50,51,52,58,28,11,77,6,89,53,67,30,14,44,54,59,60,78,56,15,29,84,71,73,63,64,74, </key>
<key name="font"> 37, </key>
<key name="forc"> 17,52,58,34,86, </key>
<key name="forget"> 83,86, </key>
<key name="forgotten"> 20,30,78, </key>
<key name="format"> 60,29, </key>
<key name="forum"> 12, </key>
<key name="forward"> 12,18,22,25,26,27,2,30,15,29, </key>
<key name="fre"> 28,59,37, </key>
<key name="frequency"> 47, </key>
<key name="frequent"> 75,28, </key>
<key name="ful"> 56, </key>
<key name="full"> 13,70,73,64,74, </key>
<key name="function"> 12, </key>
<key name="g"> 52, </key>
<key name="gal"> 12,41,39,45,25,43,44,54,29,37, </key>
<key name="gallery"> 91, </key>
<key name="gateway"> 58, </key>
<key name="gb"> 76, </key>
<key name="general"> 41,3,20,82,4,52,40,5,88,89,26,30,44,54,59,83,29,33,86, </key>
<key name="generat"> 77,2, </key>
<key name="get"> 48,49,21,53,63, </key>
<key name="giv"> 11, </key>
<key name="given"> 8,41,45,11,26, </key>
<key name="global"> 12,8,17,41,46,47,48,49,4,45,50,51,52,58,22,5,11,26,2,53,43,14,54,59,7,57,16,37, </key>
<key name="gn"> 45, </key>
<key name="go"> 12,18,92,76,88,93,42,43,91,78,72,73,64,74, </key>
<key name="good"> 86, </key>
<key name="grant"> 45,38,95, </key>
<key name="graph"> 76, </key>
<key name="graphical"> 60, </key>
<key name="greet"> 52,56, </key>
<key name="group"> 8,9,4,25,6,30,70,15,29,71,37,73,74, </key>
<key name="guid"> 46,22,14,44,59,91,60,16,74, </key>
<key name="hack"> 20, </key>
<key name="ham"> 46, </key>
<key name="handl"> 46,83,84, </key>
<key name="happen"> 69, </key>
<key name="hav"> 45,30,78,61,80, </key>
<key name="head"> 21,30, </key>
<key name="header"> 63, </key>
<key name="help"> 12,11,71,90,74, </key>
<key name="helpful"> 28, </key>
<key name="her"> 75,12,11, </key>
<key name="hid"> 25, </key>
<key name="hidden"> 22,26,27, </key>
<key name="hierarchy"> 73,74, </key>
<key name="high"> 13, </key>
<key name="highlight"> 23,59,7,86, </key>
<key name="history"> 17,83, </key>
<key name="hold"> 75,12,60,78, </key>
<key name="host"> 12,41,48,4,45,38,52,58,40,22,67,44,59,57,73,74, </key>
<key name="hostnam"> 52,58,55,59,56, </key>
<key name="hour"> 12,47,76,60,61,84, </key>
<key name="hov"> 23,30, </key>
<key name="how"> 8,17,46,47,48,20,58,40,22,5,11,88,0,53,42,43,91,83,29,31,61,84,37,73,74, </key>
<key name="html"> 6,29,37, </key>
<key name="http"> 50,51,40,91, </key>
<key name="i"> 22,71, </key>
<key name="icon"> 73,74, </key>
<key name="icppn30"> 74, </key>
<key name="id"> 19,30,78,33,35,74, </key>
<key name="identifi"> 75,41,44,59, </key>
<key name="identify"> 46,38,70,56,15,71, </key>
<key name="identiti"> 15, </key>
<key name="identity"> 15, </key>
<key name="idl"> 17,6,61, </key>
<key name="if"> 17,65,41,18,19,47,39,48,81,10,20,82,76,4,45,38,50,51,52,58,22,28,25,11,6,66,26,27,2,42,43,68,69,30,54,59,91,60,78,56,15,7,83,29,34,32,57,94,33,61,84,86,85,71,37,35,73,74, </key>
<key name="ignor"> 69,83, </key>
<key name="ill"> 56, </key>
<key name="imag"> 8,88, </key>
<key name="imap"> 12,4,50,51,22,6,55,54,59,29,16,37, </key>
<key name="immediate"> 12,10,20,0,95,62, </key>
<key name="impact"> 39, </key>
<key name="implement"> 56, </key>
<key name="import"> 12,66,67,68,69,70,71,16,73,74, </key>
<key name="important"> 47,4,22,69,59,70,56,7,57,73, </key>
<key name="inaccessibl"> 30, </key>
<key name="inbound"> 12,76, </key>
<key name="inbox"> 6,29,31, </key>
<key name="includ"> 12,13,8,17,19,4,28,5,25,11,88,77,89,2,30,44,59,91,60,15,61,95,71,73,79,80,74, </key>
<key name="incom"> 75,12,60,78,56,31,37, </key>
<key name="incorrect"> 15,84, </key>
<key name="increas"> 49,21,69,63, </key>
<key name="index"> 30,59,32,64, </key>
<key name="index1"> 59,64, </key>
<key name="individual"> 8,19,20,21,4,25,11,88,89,93,27,30,14,91,78,15,7,34,31,61,84,85,71,73,74, </key>
<key name="inform"> 69, </key>
<key name="information"> 12,8,65,41,3,20,82,76,4,45,38,51,22,28,5,11,77,26,42,43,67,30,14,59,91,60,78,1,94,33,61,86,71,16,73,63,64,74, </key>
<key name="inherit"> 17, </key>
<key name="ini"> 74, </key>
<key name="initial"> 22,28,5,6,2,59,83,29,86,37,64, </key>
<key name="initializ"> 11, </key>
<key name="input"> 45, </key>
<key name="insert"> 41, </key>
<key name="instal"> 12,8,92,46,47,76,4,77,6,89,59,91,60,15,1,95,73,79,64,74, </key>
<key name="install"> 0,2,14,15, </key>
<key name="installation"> 41,47,44,54,59, </key>
<key name="instead"> 65,71,73,74, </key>
<key name="instruct"> 57, </key>
<key name="instruction"> 89, </key>
<key name="integrat"> 91, </key>
<key name="interact"> 91, </key>
<key name="interfac"> 20,4,88,89,0,14,91,37, </key>
<key name="intermix"> 91, </key>
<key name="internal"> 41,81,45,38,42,43,44,15,83,85, </key>
<key name="internet"> 6,29, </key>
<key name="interrupt"> 69, </key>
<key name="interval"> 6,29, </key>
<key name="invalid"> 83,84,85, </key>
<key name="invit"> 28, </key>
<key name="invitation"> 28,30, </key>
<key name="ip"> 52,59,60,78,56, </key>
<key name="isp"> 52,57, </key>
<key name="issu"> 41,45,42,43, </key>
<key name="item"> 19,6,69,29,37,35,73, </key>
<key name="itself"> 62, </key>
<key name="jo"> 71, </key>
<key name="joanna"> 71, </key>
<key name="john"> 22, </key>
<key name="joseph"> 71, </key>
<key name="journal"> 69, </key>
<key name="junk"> 17,46,69,31,73,74, </key>
<key name="just"> 41, </key>
<key name="kb"> 76,52, </key>
<key name="keep"> 75,5,33, </key>
<key name="key"> 15, </key>
<key name="keyword"> 73,74, </key>
<key name="kill"> 46, </key>
<key name="know"> 18,45,22,25,27,35, </key>
<key name="known"> 45,25, </key>
<key name="label"> 37, </key>
<key name="larg"> 22,55,59,78,73,64,74, </key>
<key name="last"> 12,19,76,45,22,60,35,90,79, </key>
<key name="latest"> 73,74, </key>
<key name="launch"> 91,70, </key>
<key name="layout"> 28, </key>
<key name="ldap"> 12,41,39,45,38,22,28,42,43,44,59,60,83,34,86,95,71,79, </key>
<key name="least"> 86, </key>
<key name="leav"> 18,25, </key>
<key name="left"> 12,18,3,25,42,69,29,35, </key>
<key name="legitimat"> 38, </key>
<key name="length"> 17,4,5,6,15,83,85, </key>
<key name="lessen"> 39, </key>
<key name="let"> 19,48,4,45,22,89,53,69,30,15,37,80, </key>
<key name="level"> 41,39,4,52,58,69,34, </key>
<key name="lifetim"> 17,4,22,28,5,6,15,7,31,61,85, </key>
<key name="like"> 69, </key>
<key name="limit"> 75,17,21,5,6,89,61,63, </key>
<key name="lin"> 46,4,22,25,30,14,59,37,64, </key>
<key name="link"> 12,22,11,30,59,7, </key>
<key name="list"> 12,17,65,41,9,18,92,19,3,39,48,49,10,20,4,45,22,23,28,25,11,6,89,24,66,93,26,0,27,53,43,68,69,30,59,91,60,78,15,29,34,33,86,95,71,62,36,72,16,37,35,73,79,64,74, </key>
<key name="lmtp"> 87,59,62, </key>
<key name="load"> 39, </key>
<key name="local"> 52,27,87,14,29,57,74, </key>
<key name="location"> 12,28,30,59,57,71,36,64, </key>
<key name="lock"> 17,19,20,82,30,15,83,34,84, </key>
<key name="lockout"> 20,82,15,83,84,85, </key>
<key name="log"> 12,17,81,20,82,76,38,40,11,77,0,2,68,30,59,70,60,15,83,61,84,86,95,62,37,73,79,80,74, </key>

</ftswdata>  
