<?xml version='1.0' encoding='windows-1252' ?>
<ftswdata>
<key name="street"> 28, </key>
<key name="styl"> 29,37, </key>
<key name="subject"> 46,37, </key>
<key name="subscrib"> 12, </key>
<key name="subtre"> 72, </key>
<key name="succeed"> 38, </key>
<key name="successful"> 76, </key>
<key name="suggest"> 39,28,37, </key>
<key name="suit"> 12,46,47,38,10,92,15,91,64, </key>
<key name="summari"> 79, </key>
<key name="summary"> 41,42,43,60,79, </key>
<key name="sup"> 75, </key>
<key name="suppli"> 38, </key>
<key name="support"> 12, </key>
<key name="sur"> 40,90, </key>
<key name="surnam"> 45, </key>
<key name="suspect"> 20, </key>
<key name="suspend"> 62, </key>
<key name="symbol"> 17,22,84, </key>
<key name="syntax"> 19,45, </key>
<key name="system"> 11,49,77,45,5,2,59,92,56,15,75,64, </key>
<key name="system32"> 75, </key>
<key name="t"> 25,30, </key>
<key name="tab"> 11,8,18,93,46,47,3,39,48,49,9,20,83,21,4,50,51,52,58,40,23,5,10,89,90,94,26,27,44,54,59,92,79,14,84,29,34,31,85,87,62,36,37,80,64, </key>
<key name="tag"> 12,46,77,30,14,29,37,74,75,81, </key>
<key name="tak"> 48,20,53,59,32, </key>
<key name="target"> 73,74,75, </key>
<key name="task"> 2,70,30,13,15, </key>
<key name="telephon"> 26, </key>
<key name="templat"> 7,41,10, </key>
<key name="temporari"> 76,48,20,83,85, </key>
<key name="temporary"> 71,74, </key>
<key name="ten"> 18,25, </key>
<key name="term"> 43, </key>
<key name="test"> 41,42,43, </key>
<key name="text"> 41,8,39,50,51,42,43,59,29,72,37, </key>
<key name="them"> 76,18,47,4,5,89,90,26,92,79,37,64, </key>
<key name="third"> 92,37, </key>
<key name="thoroughnes"> 45, </key>
<key name="thos"> 48,49,4,53,55,70, </key>
<key name="though"> 4, </key>
<key name="thre"> 38, </key>
<key name="thread"> 50,51,59,29, </key>
<key name="threshold"> 59,64, </key>
<key name="thu"> 28, </key>
<key name="thumbnail"> 92, </key>
<key name="thunderbird"> 37, </key>
<key name="tim"> 76,11,17,66,18,82,28,5,25,67,2,54,60,79,14,84,32,61,85,87,37,74,75,80, </key>
<key name="timeout"> 17,58,26,59,61, </key>
<key name="timezon"> 29, </key>
<key name="tip"> 23,30, </key>
<key name="tl"> 52,58,59, </key>
<key name="token"> 17,61, </key>
<key name="told"> 82, </key>
<key name="too"> 79, </key>
<key name="tool"> 11,22,23,5,30,13,14,32,15,74, </key>
<key name="toolbar"> 11,41,8,19,82,9,22,23,28,5,10,26,42,43,30,44,87, </key>
<key name="total"> 19,77,78,30, </key>
<key name="trac"> 13, </key>
<key name="traffic"> 62, </key>
<key name="train"> 46, </key>
<key name="transaction"> 52,58, </key>
<key name="transf"> 88, </key>
<key name="transfer"> 88, </key>
<key name="trash"> 17,28,31,75, </key>
<key name="tri"> 38,86, </key>
<key name="trig"> 85, </key>
<key name="troubl"> 30,81, </key>
<key name="troubleshoot"> 79, </key>
<key name="trust"> 52,58, </key>
<key name="try"> 20,58, </key>
<key name="turn"> 46,96,37,80, </key>
<key name="two"> 66,46,47,89,2,70,79, </key>
<key name="typ"> 8,18,19,39,48,49,9,45,22,28,5,25,10,53,42,43,70,30,59,92,60,79,56,72,15,37,35,64, </key>
<key name="u"> 38, </key>
<key name="ui"> 17,4,5,89,90,26,0,37, </key>
<key name="un"> 62, </key>
<key name="unauthoriz"> 48,49,20,53, </key>
<key name="unavailabl"> 28,70,36, </key>
<key name="unchang"> 17, </key>
<key name="uncheck"> 3, </key>
<key name="undeploy"> 1,95, </key>
<key name="uninstal"> 1,95, </key>
<key name="uninstall"> 92,14, </key>
<key name="uniqu"> 76,17,84, </key>
<key name="uniquenes"> 14,86, </key>
<key name="unit"> 65, </key>
<key name="unknown"> 52, </key>
<key name="unles"> 28, </key>
<key name="unlimit"> 17,4,23,26,37,63, </key>
<key name="unlock"> 20,83, </key>
<key name="unprovision"> 74,75, </key>
<key name="unread"> 46, </key>
<key name="unreadabl"> 76, </key>
<key name="unsolicit"> 46,52, </key>
<key name="up"> 17,41,45,50,51,40,22,2,55,70,84,85,87,96,37,74,75, </key>
<key name="updat"> 18,47,4,67,26,79,29,91, </key>
<key name="upgrad"> 14, </key>
<key name="upload"> 7,52,0,14,96, </key>
<key name="url"> 11,45,38,40,42,43, </key>
<key name="us"> 11,12,7,17,66,41,8,93,19,46,3,82,9,20,21,77,4,45,38,40,22,28,5,25,10,89,90,67,26,0,27,42,43,68,16,70,65,88,30,44,92,71,60,79,14,84,29,34,32,57,61,85,87,72,15,37,35,74,75,63,81,64, </key>
<key name="usag"> 11,77,25,26,84, </key>
<key name="useful"> 28,55, </key>
<key name="user"> 7,17,66,41,8,46,39,48,9,20,83,21,4,45,38,52,58,40,22,28,5,25,10,89,90,26,27,2,70,65,30,92,14,84,29,34,31,32,85,87,86,72,62,15,37,74,75,63,81, </key>
<key name="usernam"> 41,68,16,65, </key>
<key name="usual"> 6, </key>
<key name="utiliti"> 13, </key>
<key name="utiliz"> 74, </key>
<key name="vacation"> 37, </key>
<key name="valid"> 17,8,38,40, </key>
<key name="valu"> 45,22,26,43,54,6, </key>
<key name="variabl"> 75, </key>
<key name="variant"> 89, </key>
<key name="variou"> 11,45,5, </key>
<key name="verifi"> 45,25, </key>
<key name="verification"> 73,74,75, </key>
<key name="verify"> 1,95, </key>
<key name="version"> 91, </key>
<key name="via"> 49,59, </key>
<key name="view"> 76,11,7,17,46,48,20,21,77,4,23,28,5,25,10,89,0,53,30,60,79,14,6,29,61,37,80,63,81, </key>
<key name="violat"> 56, </key>
<key name="violator"> 56, </key>
<key name="virtual"> 11,41,40,44, </key>
<key name="viru"> 76,11,47,48,77,54,59,60,80, </key>
<key name="virus"> 49,77, </key>
<key name="voip"> 92, </key>
<key name="volum"> 11,77,59,60,64, </key>
<key name="wait"> 29, </key>
<key name="walk"> 41, </key>
<key name="want"> 66,41,19,39,22,5,25,10,55,30,56,34,1,95,72, </key>
<key name="warn"> 69,74,75, </key>
<key name="warning"> 69,74,75, </key>
<key name="way"> 18,30, </key>
<key name="web"> 12,7,39,21,4,52,58,40,22,5,10,89,90,26,27,59,92,14,29,57,61,37, </key>
<key name="webmail"> 17,57, </key>
<key name="websit"> 92, </key>
<key name="week"> 37, </key>
<key name="welcom"> 74,75, </key>
<key name="well"> 12, </key>
<key name="what"> 4,22,5,70,56,6,35,63, </key>
<key name="whenev"> 34, </key>
<key name="wheth"> 11,20,4,45,38,70,59,14,37,74,75,64, </key>
<key name="whil"> 76,69,70,92,79,32,74,75, </key>
<key name="whos"> 25,30,59,64, </key>
<key name="wid"> 11, </key>
<key name="wiki"> 41,10,89, </key>
<key name="will"> 17,66,41,48,21,58,22,23,5,10,67,27,70,92,71,29,31,85,72,73,74,75,63, </key>
<key name="window"> 11,17,71,29,85,72,74,75, </key>
<key name="with"> 38, </key>
<key name="within"> 11,7,17,45,38,10,89,42,92,14,61,85,37,35,81, </key>
<key name="without"> 45,40,30,61,62,81, </key>
<key name="wizard"> 11,41,45,38,22,28,10,67,42,43,68,16,70,65,30,44,71,14,72,74,75, </key>
<key name="word"> 22, </key>
<key name="work"> 70,92,37,75, </key>
<key name="would"> 38,28,72, </key>
<key name="writ"> 41, </key>
<key name="writh"> 72, </key>
<key name="wrong"> 83, </key>
<key name="www"> 92, </key>
<key name="x"> 77, </key>
<key name="year"> 77, </key>
<key name="yes"> 1,95, </key>
<key name="your"> 17,93,19,47,3,49,45,38,52,23,5,25,89,94,26,2,30,92,79,56,34,57,95,87,72,74,75,64, </key>
<key name="z"> 17,84, </key>
<key name="zc"> 7,93,19,46,89,90,26,55,92,14,84,95,96,75, </key>
<key name="zimbra"> 76,11,12,7,66,46,47,39,48,21,77,4,45,38,50,51,52,58,40,22,5,10,89,78,90,67,94,26,0,27,55,68,16,70,65,13,59,92,71,60,79,14,84,29,57,95,61,87,86,96,72,73,15,37,74,75,91,80,64, </key>
<key name="zimbraaccount"> 45, </key>
<key name="zimbradistributionlist"> 45, </key>
<key name="zimbramailaddres"> 45, </key>
<key name="zimbramailalia"> 45, </key>
<key name="zimbramaildeliveryaddres"> 45, </key>
<key name="zimlet"> 11,93,4,5,94,26,0,92,14,95,96, </key>
<key name="zip"> 47,0,1,95,96, </key>
<key name="zmprov"> 22,59, </key>
<key name="zwc"> 89,90,27,14,37, </key>

</ftswdata>  
