<?xml version='1.0' encoding='windows-1252' ?>
<ftswdata>
<key name="look"> 43,35, </key>
<key name="lookup"> 43,50,56,42,57, </key>
<key name="loop"> 55, </key>
<key name="lost"> 71,72, </key>
<key name="lotu"> 14,72, </key>
<key name="low"> 27,83, </key>
<key name="m"> 58, </key>
<key name="machin"> 57, </key>
<key name="mail"> 73,11,12,63,17,44,45,1,46,47,19,20,2,43,36,50,56,38,21,22,26,3,24,75,4,25,51,53,67,85,28,57,58,76,54,14,27,29,30,55,60,35,33,71,78,72, </key>
<key name="mailbox"> 11,16,63,18,45,1,46,19,20,74,2,21,26,75,0,65,67,85,28,57,68,58,5,27,30,84,69,60,70,35,33,71,77,61,78,62,72, </key>
<key name="maintain"> 73,26,15, </key>
<key name="maintenanc"> 18,46,19,28, </key>
<key name="major"> 14, </key>
<key name="mak"> 8,2,50,56,38,21,86,57,34, </key>
<key name="man"> 19,84, </key>
<key name="manag"> 73,11,44,2,22,3,25,28,13,42,52,57,89,76,14,84,15,35,62, </key>
<key name="management"> 15,62, </key>
<key name="map"> 36, </key>
<key name="mapi"> 68,71, </key>
<key name="mark"> 44,62, </key>
<key name="market"> 69, </key>
<key name="mas"> 44, </key>
<key name="mat"> 82, </key>
<key name="match"> 37,43,36,35,33, </key>
<key name="maximum"> 16,39,43,50,4,41,52,81,83, </key>
<key name="mb"> 16,74,71,72, </key>
<key name="mean"> 16, </key>
<key name="measur"> 59, </key>
<key name="mechanism"> 11,39,36,89, </key>
<key name="meet"> 11,26,67,28,69, </key>
<key name="meeting"> 26,28,35, </key>
<key name="megabyt"> 16,20, </key>
<key name="memb"> 17,28,68,71, </key>
<key name="member"> 39,17,24,93, </key>
<key name="menu"> 22, </key>
<key name="messag"> 73,11,12,16,44,45,46,47,20,74,2,50,21,26,3,75,4,25,0,51,66,67,85,28,13,52,57,89,58,76,54,14,5,27,29,30,55,31,34,35,71,61,62,72, </key>
<key name="message1"> 57,62, </key>
<key name="method"> 36,21, </key>
<key name="microsoft"> 68,71,72, </key>
<key name="might"> 74,69, </key>
<key name="migrat"> 64,69,15,71,72, </key>
<key name="migration"> 11,65,67,68,14,69,15,71,72, </key>
<key name="migrator"> 72, </key>
<key name="mini"> 18,4,89,27, </key>
<key name="minimum"> 11,16,63,21,26,4,81,83, </key>
<key name="minut"> 4,57,27,59,82, </key>
<key name="mod"> 11,39,43,40,41, </key>
<key name="modify"> 45,2,9,28,27, </key>
<key name="modul"> 10,14, </key>
<key name="monitor"> 73,11,20,26,58,76,15,77, </key>
<key name="month"> 74, </key>
<key name="morn"> 58, </key>
<key name="mous"> 16,22,28,59, </key>
<key name="mov"> 73,11,17,1,22,24,75,28,76,5, </key>
<key name="mt"> 75, </key>
<key name="mta"> 73,11,45,46,19,50,56,75,85,52,57,58,76,54,55,60,15,77, </key>
<key name="multipl"> 17,1,43,36,40,53,57,14,35, </key>
<key name="must"> 16,90,18,79,43,36,21,26,9,25,53,57,68,54,81,32,55,82,84,83,93,69,33,71,77,62,72, </key>
<key name="mx"> 50,56, </key>
<key name="mycompany"> 36, </key>
<key name="nam"> 73,11,39,17,18,1,2,43,36,49,56,38,21,22,26,3,24,9,64,40,41,65,28,42,57,14,31,69,60,33,71,62,72, </key>
<key name="navigat"> 11,14, </key>
<key name="navigation"> 11,74,21,22,26,3,24,23,10,57,14,32,92,93,60, </key>
<key name="ne"> 20,21,26,3,9,89,68,61, </key>
<key name="necessary"> 18,36,31,93, </key>
<key name="need"> 89, </key>
<key name="network"> 50,56, </key>
<key name="nev"> 2,62, </key>
<key name="new"> 73,11,6,63,39,90,45,1,79,19,2,38,21,22,26,3,24,9,4,10,40,41,28,42,89,68,14,81,27,31,84,83,93,35,71,62,72, </key>
<key name="next"> 11,63,39,1,79,43,21,26,24,9,64,40,41,65,67,68,32,84,69,70,33, </key>
<key name="nnot"> 72, </key>
<key name="non"> 63, </key>
<key name="nor"> 8,14, </key>
<key name="normal"> 19,32, </key>
<key name="not"> 11,6,63,39,17,46,43,21,26,3,24,9,64,41,67,57,76,5,69,72, </key>
<key name="notebook"> 11,6,7,8,24,9, </key>
<key name="notic"> 46,47,51, </key>
<key name="notifi"> 46,47,20,51,61, </key>
<key name="notification"> 44,45,0,27,35, </key>
<key name="notify"> 9, </key>
<key name="now"> 65,14,69, </key>
<key name="numb"> 73,11,16,39,18,44,47,19,74,48,49,22,26,3,75,4,87,66,67,28,42,52,57,89,76,14,81,27,29,30,82,83,70,71,72, </key>
<key name="number"> 21,53,83, </key>
<key name="numeric"> 83, </key>
<key name="object"> 6,18,2,3,69,35, </key>
<key name="objectclas"> 43, </key>
<key name="occupant"> 26, </key>
<key name="occur"> 16,82, </key>
<key name="off"> 44,20,26,67,58,35,77,61, </key>
<key name="offer"> 12,36, </key>
<key name="offic"> 68,35, </key>
<key name="often"> 18,45,76, </key>
<key name="ok"> 8,22,66,67,30,84,69, </key>
<key name="old"> 16,20,67,29,71,61,62,72, </key>
<key name="on"> 73,11,6,63,39,17,18,2,43,36,38,22,26,24,9,86,4,87,64,28,42,57,76,5,69,71,77,62,72, </key>
<key name="onc"> 21,9,66,67,35, </key>
<key name="open"> 12,18,44,1,46,80,38,21,24,9,10,66,28,68,76,27,30,92,59,82,84,93,71,72, </key>
<key name="openldap"> 36, </key>
<key name="operat"> 0, </key>
<key name="operation"> 43,36,67, </key>
<key name="opt"> 92,62, </key>
<key name="option"> 11,44,45,37,20,2,50,56,3,4,87,25,67,13,42,57,14,81,27,84,35,71,72, </key>
<key name="optional"> 6,39, </key>
<key name="ord"> 90,57,58,77,61, </key>
<key name="organiz"> 12,6,9, </key>
<key name="organization"> 43, </key>
<key name="origin"> 58,76, </key>
<key name="original"> 27,31, </key>
<key name="originat"> 50, </key>
<key name="other"> 6,9, </key>
<key name="otherwis"> 36, </key>
<key name="our"> 89, </key>
<key name="out"> 11,16,18,19,80,14,59,82,35, </key>
<key name="outbound"> 74, </key>
<key name="outbreak"> 46, </key>
<key name="outlook"> 67,35,71, </key>
<key name="output"> 57, </key>
<key name="outsid"> 54, </key>
<key name="overrid"> 16,2,56,21,4,5, </key>
<key name="overridden"> 2,29, </key>
<key name="overrul"> 48,49, </key>
<key name="overview"> 65, </key>
<key name="own"> 26,4,14,32,84,35, </key>
<key name="packag"> 74,75,57,58,77, </key>
<key name="pag"> 11,6,16,39,7,8,2,38,9,86,4,10,40,41,42,89,14,27,92,59,93,72, </key>
<key name="pan"> 11,18,19,74,21,22,26,3,24,23,10,28,57,89,58,76,14,32,92,84,93,60,34,33,77, </key>
<key name="parameter"> 43,52, </key>
<key name="part"> 43,36,38,33,72, </key>
<key name="partial"> 17,22,24,30,69,33, </key>
<key name="particular"> 46,2,3,14,60, </key>
<key name="partner"> 12, </key>
<key name="party"> 89,35, </key>
<key name="pas"> 50,56, </key>
<key name="password"> 11,16,39,45,79,19,80,2,43,36,50,56,38,21,3,9,4,40,41,65,28,14,5,81,32,82,84,83,35,71,78,72, </key>
<key name="past"> 39,40,41,81, </key>
<key name="path"> 9,57,62,72, </key>
<key name="penalti"> 76, </key>
<key name="per"> 6,74,43,9,4,40,41,27,32, </key>
<key name="percent"> 44, </key>
<key name="percentag"> 20,58,61, </key>
<key name="perform"> 43,13,33, </key>
<key name="performanc"> 12,43,67,58,15, </key>
<key name="period"> 21,67,14,82, </key>
<key name="periodic"> 73, </key>
<key name="permanent"> 62, </key>
<key name="permission"> 11,6,39,7,8,9,42,68,71, </key>
<key name="permit"> 35, </key>
<key name="person"> 35, </key>
<key name="personal"> 11,16,67,14,29,35, </key>
<key name="phon"> 26,89, </key>
<key name="pick"> 67,69, </key>
<key name="piec"> 26,28, </key>
<key name="plac"> 73,4,14, </key>
<key name="pleas"> 41, </key>
<key name="point"> 63,76,71,72, </key>
<key name="pol"> 4,27, </key>
<key name="policy"> 11,26, </key>
<key name="pool"> 1,2,26,3,4, </key>
<key name="poor"> 54, </key>
<key name="pop"> 11,2,48,49,21,53,52,57,14,15, </key>
<key name="pop3"> 49,57,35, </key>
<key name="pops3"> 52, </key>
<key name="populat"> 26, </key>
<key name="port"> 39,43,36,48,49,50,56,40,41,53,65,57, </key>
<key name="portion"> 69,71,72, </key>
<key name="possibl"> 57,76,27, </key>
<key name="post"> 35, </key>
<key name="postfix"> 50,75,0,76,55, </key>
<key name="postmast"> 0, </key>
<key name="potential"> 37, </key>
<key name="practic"> 84, </key>
<key name="precedenc"> 46,51, </key>
<key name="preconfigur"> 89,69, </key>
<key name="preferenc"> 2,21,3,4,87,25,27,35, </key>
<key name="prefix"> 44, </key>
<key name="premis"> 26, </key>
<key name="pres"> 24, </key>
<key name="present"> 53, </key>
<key name="prevent"> 46,32,55,71,72, </key>
<key name="previou"> 39,22,40,41,81,62, </key>
<key name="previous"> 67, </key>
<key name="primary"> 62, </key>
<key name="privat"> 72, </key>
<key name="privileg"> 39,24,9,89,68,14,71,72, </key>
<key name="problem"> 76, </key>
<key name="proceed"> 63, </key>
<key name="proces"> 73,11,39,36,65,66,67,42,57,30,71,72, </key>
<key name="profil"> 68,71, </key>
<key name="progres"> 66,30,71,72, </key>
<key name="projector"> 26, </key>
<key name="prompt"> 68, </key>
<key name="properti"> 34, </key>
<key name="protect"> 45,47, </key>
<key name="protection"> 11,44,45,54, </key>
<key name="protocol"> 50,85,52,54,35, </key>
<key name="provid"> 36,41,54,71,72, </key>
<key name="provision"> 11,63,21,28,13,68,70,15,71,72, </key>
<key name="proxy"> 48,49,53,57,55, </key>
<key name="public"> 39,8,9,35, </key>

</ftswdata>  
