<?xml version='1.0' encoding='windows-1252' ?>
<!-- saved from url=(0014)about:internet -->
<ftswdata>
<key name="checkmark"> 96,97,60, </key>
<key name="choic"> 38, </key>
<key name="choos"> 42,20,70,76,35,63,37, </key>
<key name="chosen"> 3, </key>
<key name="cisco"> 99, </key>
<key name="city"> 29, </key>
<key name="clam"> 48, </key>
<key name="clamav"> 48, </key>
<key name="clas"> 11,7,67,42,100,3,49,4,22,29,5,95,96,26,54,97,31,45,6,35,15, </key>
<key name="classify"> 38, </key>
<key name="clear"> 17,51,52,53,59,60, </key>
<key name="cli"> 13,60,99, </key>
<key name="click"> 11,17,67,42,8,18,100,19,3,88,9,20,21,41,22,23,29,5,25,10,24,68,101,70,26,0,71,72,43,44,73,16,74,75,66,28,45,99,76,85,30,35,33,1,102,34,62,91,93,103,77,63,37,78,36,79,80,81,64,65, </key>
<key name="clickabl"> 17,62, </key>
<key name="client"> 17,40,20,21,4,53,59,41,22,5,10,95,96,26,27,97,99,57,14,30,62,38,80, </key>
<key name="clos"> 11,18,19,20,39,31,33, </key>
<key name="cn"> 46,70,71,72,77,79, </key>
<key name="co"> 11,17,67,42,100,3,40,49,20,21,4,46,22,29,5,96,101,26,27,54,97,55,99,14,6,90,30,35,32,62,91,92,103,15,38,64, </key>
<key name="collaboration"> 12,7,47,48,39,10,99,15,38,80,98,65, </key>
<key name="colleagu"> 38, </key>
<key name="collect"> 7,10, </key>
<key name="color"> 95,38, </key>
<key name="column"> 3,101,26,28,64, </key>
<key name="com"> 46,39,41,22,70,27,72,99,85,77, </key>
<key name="com_zimbra_dat"> 99, </key>
<key name="com_zimbra_email"> 99, </key>
<key name="com_zimbra_phon"> 99, </key>
<key name="com_zimbra_url"> 99, </key>
<key name="combin"> 46, </key>
<key name="combination"> 14,92, </key>
<key name="comma"> 25,77, </key>
<key name="command"> 22,13,60,62, </key>
<key name="commercial"> 53, </key>
<key name="commit"> 3,23,35,93, </key>
<key name="common"> 49,50,46,25,70,54,72,31,58,77,38,36,79, </key>
<key name="company"> 18,46,41,22,25,26,99, </key>
<key name="complet"> 67,42,18,19,40,46,41,22,23,25,95,70,43,44,73,16,74,66,99,33,77,15,38,36,79,80,81, </key>
<key name="complex"> 17,19,14,36, </key>
<key name="compos"> 26,30,32,58,38, </key>
<key name="compres"> 60,65, </key>
<key name="compression"> 60,65, </key>
<key name="compromis"> 57, </key>
<key name="comput"> 50,0,103,79,80,81, </key>
<key name="computer"> 62, </key>
<key name="concern"> 40, </key>
<key name="concurrenc"> 75, </key>
<key name="condition"> 38, </key>
<key name="conduct"> 76,79, </key>
<key name="configur"> 11,17,67,42,19,47,48,49,50,89,4,46,39,51,52,53,59,41,22,23,29,95,96,27,54,43,44,56,97,31,45,55,99,61,14,90,30,32,62,92,15,38,79,80,81,64,65, </key>
<key name="configuration"> 11,17,42,8,100,9,20,46,39,41,22,10,26,0,43,44,13,45,60,99,30,1,102,103,38, </key>
<key name="confirm"> 93, </key>
<key name="confus"> 58, </key>
<key name="connect"> 42,53,59,71,73,16,66,60,76,81, </key>
<key name="connection"> 39,51,52,73,60, </key>
<key name="consecutiv"> 17,20,91, </key>
<key name="consid"> 22,5, </key>
<key name="consider"> 47,39, </key>
<key name="consist"> 7, </key>
<key name="consistent"> 75, </key>
<key name="consol"> 11,7,8,88,9,53,59,41,0,73,16,13,45,99,61,14,103,15,36,79,80,81,98, </key>
<key name="consolidat"> 83, </key>
<key name="constraint"> 4,5,6, </key>
<key name="construct"> 46,70,72,77, </key>
<key name="contact"> 17,22,29,25,26,75,31,99,14,30,34,93,15,38,79,80,81, </key>
<key name="contain"> 7,88,83,5,25,10,71,66,31,13,35,62,93,77,38,81, </key>
<key name="content"> 11,7,17,19,20,4,22,23,29,5,25,10,0,31,60,99,61,85,35,33,1,102,62,93,103,37,36,86,87, </key>
<key name="continu"> 17,3,41,70,27,72,43,75,85,77, </key>
<key name="control"> 42,18,9,4,53,25,10, </key>
<key name="conversation"> 12,30,38, </key>
<key name="convert"> 79,80,81, </key>
<key name="cooki"> 62, </key>
<key name="copy"> 26,27,73,16, </key>
<key name="copyright"> 98, </key>
<key name="corn"> 30, </key>
<key name="corporat"> 46, </key>
<key name="correct"> 17,44,91, </key>
<key name="corrupt"> 82,11,31,85,33, </key>
<key name="cos"> 5,103, </key>
<key name="could"> 82,17,18,4,29,25,85,36, </key>
<key name="count"> 11,83,61, </key>
<key name="creat"> 11,7,17,67,42,19,47,48,3,21,4,53,41,22,23,29,5,25,10,95,68,26,0,27,2,43,44,31,13,45,99,76,61,14,90,30,93,92,103,77,78,15,38,36,79,65, </key>
<key name="criteria"> 19,38,36, </key>
<key name="cronntab"> 84, </key>
<key name="current"> 11,96,75,97,60,80,81,65, </key>
<key name="custom"> 0,14,1,102, </key>
<key name="customiz"> 95,96,97, </key>
<key name="customization"> 95, </key>
<key name="dai"> 84,61, </key>
<key name="dat"> 17,75,28,99,30,32,38,79,80,81, </key>
<key name="data"> 11,83,60,86,65, </key>
<key name="databas"> 77, </key>
<key name="day"> 11,17,83,4,61,90,32,62,91,38, </key>
<key name="dc"> 46,39, </key>
<key name="decid"> 79,80,81, </key>
<key name="declin"> 29, </key>
<key name="deem"> 83, </key>
<key name="def"> 82, </key>
<key name="default"> 11,17,67,42,100,19,48,4,46,39,51,52,53,59,22,29,5,10,95,96,69,26,44,56,97,45,55,60,99,57,14,90,30,32,62,91,103,38,79,80,81,65, </key>
<key name="defer"> 82,11,61,85, </key>
<key name="defin"> 11,12,7,42,18,48,4,46,39,22,5,26,31,55,60,99,15,38,79,80,81,65, </key>
<key name="delay"> 84, </key>
<key name="delegat"> 12, </key>
<key name="delet"> 11,7,17,42,9,20,21,23,29,5,25,10,24,27,75,31,60,61,85,32,33,1,102,38,79,80,81,64,65, </key>
<key name="deliver"> 82,17,47,48,20,83,27,85,103,63,65, </key>
<key name="deliveri"> 84, </key>
<key name="delivery"> 82,49,53,59,84,27,94,60,85,58,38,36, </key>
<key name="deni"> 4,5, </key>
<key name="department"> 46,22, </key>
<key name="depend"> 83,33, </key>
<key name="deploy"> 11,100,95,26,0,99,103, </key>
<key name="deployment"> 99, </key>
<key name="deposit"> 33, </key>
<key name="descend"> 83,61,64, </key>
<key name="describ"> 42,25,43,44, </key>
<key name="description"> 11,17,42,4,22,29,5,25,45,60,14,92, </key>
<key name="descriptiv"> 29, </key>
<key name="deselect"> 5, </key>
<key name="design"> 50, </key>
<key name="designat"> 22,29,56,58, </key>
<key name="desir"> 20, </key>
<key name="desk"> 11,73,16,79,80,81, </key>
<key name="destination"> 68,70,72,73,16,61,77,78,79,80,81, </key>
<key name="detail"> 11,42,19,29,43,44,73,16,31,60,99,85,15,38, </key>
<key name="determin"> 47,20,4,46,59,5,75,66,6,62,79,80,81, </key>
<key name="develop"> 99,38, </key>
<key name="dialog"> 42,8,3,9,22,23,10,68,70,0,72,73,16,75,66,30,33,93,103,77,78,79,80,81, </key>
<key name="different"> 7,67,3,49,83,4,22,5,54,60,85,14,6,58,77,15,38, </key>
<key name="digit"> 17, </key>
<key name="direct"> 53,43,44,45,38, </key>
<key name="directory"> 42,46,39,22,29,25,71,43,44,66,45,14,90,35,93,92,77,79,80,81,65, </key>
<key name="disabl"> 11,17,47,40,49,20,46,53,59,5,101,27,54,55,99,14,6,102,38, </key>
<key name="disapprov"> 57, </key>
<key name="discard"> 75, </key>
<key name="disk"> 11,17,21,83,22,61,64, </key>
<key name="disparat"> 99, </key>
<key name="display"> 11,7,42,8,18,19,40,9,83,4,41,22,23,29,25,10,95,70,26,0,27,2,43,44,74,75,66,28,31,60,99,61,85,14,6,30,33,34,77,78,38,36,79,80,81,86,64,65, </key>
<key name="distinguish"> 69,77, </key>
<key name="distribution"> 11,42,18,19,46,25,10,24,26,75,31,14,15,36, </key>
<key name="divid"> 85, </key>
<key name="dll"> 80,81, </key>
<key name="dn"> 46,39,53,59,41,69,70,71,72,43,44,55,60,57,77, </key>
<key name="do"> 67,40,49,50,41,29,10,101,26,27,54,57,33, </key>
<key name="document"> 82,11,12,7,42,8,9,21,10,45,99,38,36, </key>
<key name="documentation"> 11,95,0,76, </key>
<key name="domain"> 11,7,17,67,42,8,19,9,4,46,39,53,59,41,22,23,5,10,68,70,71,72,43,44,56,31,45,55,76,61,85,57,14,35,77,15,38,36,79,80,81, </key>
<key name="domino"> 69,70,75,66,14,81, </key>
<key name="don"> 50,25,31, </key>
<key name="doubl"> 23,93, </key>
<key name="down"> 8,3,46,23,36, </key>
<key name="download"> 11,48,85,14,15,79,80,81, </key>
<key name="downtim"> 75, </key>
<key name="drop"> 8,3,23,36, </key>
<key name="duplicat"> 75, </key>
<key name="duration"> 17, </key>
<key name="e"> 53,22,77, </key>
<key name="�"> 88,93, </key>
<key name="earli"> 75,85, </key>
<key name="easi"> 0, </key>
<key name="easy"> 95,38, </key>
<key name="edit"> 11,7,8,18,100,9,20,21,41,23,5,10,96,101,26,2,43,44,97,31,45,60,33,34,93,37, </key>
<key name="effect"> 17,20,60, </key>
<key name="eith"> 82,17,42,18,46,25,96,70,72,43,44,97,60,99,85,30,35,32,62,91,77,38,79,80,64,65, </key>
<key name="elaborat"> 95, </key>
<key name="elaps"> 17, </key>
<key name="elsewher"> 55, </key>
<key name="email"> 11,17,67,8,19,47,49,50,21,46,53,22,23,29,25,10,70,26,27,2,54,72,75,31,55,99,61,14,6,30,32,58,77,37,15,38,79,80,81,64, </key>
<key name="embed"> 7, </key>
<key name="employe"> 4,46, </key>
<key name="empty"> 65, </key>

</ftswdata>  
