﻿<?xml version='1.0' encoding='utf-8' ?>
<!-- saved from url=(0014)about:internet -->
<ftswdata>
<key name="dll"> 83, </key>
<key name="dn"> 50,40,57,63,44,74,75,46,47,59,64,61,80, </key>
<key name="do"> 72,41,53,54,44,28,10,24,26,58,61,32, </key>
<key name="document"> 84,11,12,7,45,8,9,19,10,48,103,38,35,39, </key>
<key name="documentation"> 11,99,0,79, </key>
<key name="domain"> 11,7,15,72,45,8,17,42,9,43,4,50,40,57,63,44,20,21,5,10,73,75,46,47,60,98,30,48,59,79,65,87,61,34,80,49,14,38,35,82,83,39, </key>
<key name="domain'"> 72,43,50,10, </key>
<key name="domino"> 74,75,78,71,83, </key>
<key name="don"> 54, </key>
<key name="don't"> 30, </key>
<key name="doubl"> 21,95, </key>
<key name="down"> 8,3,50,21,35, </key>
<key name="download"> 11,52,98,97,87,14,82,83, </key>
<key name="downtim"> 78, </key>
<key name="drop"> 8,3,21,35, </key>
<key name="du"> 39, </key>
<key name="duplicat"> 78, </key>
<key name="duration"> 15,19, </key>
<key name="e"> 57,20,80, </key>
<key name="earli"> 78,87, </key>
<key name="easi"> 17,0,97, </key>
<key name="easy"> 99,29,38, </key>
<key name="edit"> 11,7,8,16,104,9,18,19,44,21,5,10,100,105,24,2,46,47,101,30,48,64,32,33,95,49,37,39, </key>
<key name="effect"> 18,64, </key>
<key name="eith"> 84,15,45,16,85,50,23,100,75,46,47,101,64,103,87,29,34,31,66,93,36,80,38,82,68,69,39, </key>
<key name="elaborat"> 99, </key>
<key name="elaps"> 15, </key>
<key name="elsewher"> 59, </key>
<key name="email"> 11,15,72,8,17,51,53,54,43,19,50,57,20,21,28,23,10,75,24,26,2,58,78,30,59,103,65,6,29,31,62,80,49,37,14,38,82,83,68,39, </key>
<key name="embed"> 7, </key>
<key name="employe"> 4,50, </key>
<key name="empty"> 69, </key>
<key name="enabl"> 11,7,15,104,51,52,41,90,4,50,55,56,57,63,20,5,23,10,100,24,25,26,60,101,59,64,103,61,6,92,29,93,107,38,39, </key>
<key name="encrypt"> 52,55,56,92,95, </key>
<key name="end"> 4,5,29,14, </key>
<key name="enforc"> 92,34, </key>
<key name="enhanc"> 0,103,38,39, </key>
<key name="enlarg"> 17, </key>
<key name="enough"> 53, </key>
<key name="ensur"> 40,78,92, </key>
<key name="ent"> 72,45,16,17,90,91,19,50,40,63,44,20,21,28,5,23,10,74,75,24,26,46,47,70,76,78,71,98,30,95,80,35,82,83,69, </key>
<key name="enter"> 45,17,51,50,40,44,28,46,47,98,93,35, </key>
<key name="entir"> 75, </key>
<key name="entri"> 15,72,50,30,80,89, </key>
<key name="entry"> 50,40,107, </key>
<key name="envelop"> 87, </key>
<key name="environment"> 11,3,10,98,39, </key>
<key name="equal"> 50, </key>
<key name="equipment"> 11,28,30, </key>
<key name="error"> 40,86,77,65,87,82,83, </key>
<key name="establish"> 25,76,48,39, </key>
<key name="etc"> 90,50,28,92,33,95,38, </key>
<key name="evaluat"> 87, </key>
<key name="even"> 4, </key>
<key name="event"> 38, </key>
<key name="every"> 72,52,4,57,65,29,38, </key>
<key name="everyon"> 23,30, </key>
<key name="ex"> 82,83, </key>
<key name="exact"> 98, </key>
<key name="exampl"> 11,15,16,90,43,19,85,4,50,40,44,20,75,71,92,95,80,35, </key>
<key name="exceed"> 93, </key>
<key name="except"> 31, </key>
<key name="exception"> 57,6, </key>
<key name="exchang"> 72,78,79,80,82, </key>
<key name="execut"> 13, </key>
<key name="executabl"> 82,83, </key>
<key name="executiv"> 4, </key>
<key name="exhibit"> 61, </key>
<key name="exist"> 18,4,50,20,21,99,75,46,30,32,80,81,82,83,69, </key>
<key name="experienc"> 103, </key>
<key name="expir"> 84,15,66,93, </key>
<key name="expiration"> 15,97, </key>
<key name="explicit"> 4,50,57,63,47,59, </key>
<key name="expos"> 28, </key>
<key name="exposur"> 66, </key>
<key name="expression"> 46,47, </key>
<key name="extend"> 0, </key>
<key name="extension"> 11,53,54,0,58,59,1, </key>
<key name="external"> 12,7,15,45,50,40,57,63,74,25,46,47,48,64,92,29,34,62,95,38,39, </key>
<key name="fail"> 15,45,18,24,46,47,92,93, </key>
<key name="failur"> 84, </key>
<key name="fashion"> 92, </key>
<key name="featur"> 12,7,15,41,4,50,20,5,100,24,25,26,101,30,6,92,29,31,66,14,38,35,89,39, </key>
<key name="field"> 72,8,16,17,51,3,41,19,57,63,20,28,23,10,100,24,46,47,78,98,101,64,34,93,38,35,69, </key>
<key name="fil"> 84,52,53,54,19,10,0,58,77,78,71,98,30,64,87,32,1,106,107,82,83,89,69,39, </key>
<key name="filt"> 51,52,85,50,40,75,46,47,78,87,80, </key>
<key name="filter"> 84,12,51,50,26,62,38,39, </key>
<key name="final"> 96, </key>
<key name="find"> 16,17,23,98,32,35,82,83, </key>
<key name="finish"> 45,3,20,28,10,46,47,98, </key>
<key name="first"> 50,20,75,2,78,92,29,32,80,38,35,82,83, </key>
<key name="fix"> 87, </key>
<key name="flag"> 38, </key>
<key name="flander"> 80, </key>
<key name="floor"> 28, </key>
<key name="flush"> 87, </key>
<key name="fold"> 7,15,8,51,10,78,98,29,31,66,38,82,83, </key>
<key name="folder"> 12,7,10,78,71,30,29,31,32,33,80,38,82,83,89,39, </key>
<key name="follow"> 11,15,17,51,53,18,43,19,85,4,50,40,55,56,57,63,28,10,86,74,75,58,70,76,71,98,30,13,48,59,64,65,87,61,29,93,80,82,83,68,69,39, </key>
<key name="font"> 38, </key>
<key name="forc"> 15,57,63,34,95, </key>
<key name="forget"> 92,95, </key>
<key name="forgotten"> 18,30,87, </key>
<key name="format"> 71,65,29,39, </key>
<key name="forum"> 11,35, </key>
<key name="forward"> 11,16,57,20,23,24,26,2,30,29,38, </key>
<key name="fram"> 19, </key>
<key name="fre"> 28,64, </key>
<key name="frequency"> 52,29, </key>
<key name="frequent"> 84,11,28, </key>
<key name="ful"> 61, </key>
<key name="full"> 12,25,71,79,38,82,83,69,39, </key>
<key name="function"> 11,39, </key>
<key name="functionality"> 38,39, </key>
<key name="g"> 57, </key>
<key name="gal"> 11,45,41,50,20,23,47,48,59,29,38, </key>
<key name="gallery"> 103, </key>
<key name="gateway"> 63, </key>
<key name="gb"> 85, </key>
<key name="general"> 45,3,18,43,91,4,57,44,20,5,99,100,24,101,30,48,59,64,92,29,33,95,49, </key>
<key name="generat"> 19,86,2,98,97, </key>
<key name="get"> 53,54,19,44,58,59,68, </key>
<key name="giv"> 19,10, </key>
<key name="given"> 7,45,50,10, </key>
<key name="global"> 11,7,15,45,51,52,53,54,4,50,55,56,57,63,20,5,10,2,58,47,13,59,64,6,62,14,38, </key>
<key name="gn"> 50, </key>
<key name="go"> 16,104,85,99,105,46,47,98,103,87,36,81,82,83,69, </key>
<key name="godaddy"> 97, </key>
<key name="good"> 95, </key>
<key name="grant"> 50,40,107, </key>
<key name="graph"> 11,85, </key>
<key name="graphical"> 65, </key>
<key name="greet"> 57,61, </key>
<key name="group"> 7,8,4,23,75,25,30,79,29,80,38,82,83,39, </key>
<key name="guid"> 72,51,42,20,70,76,13,48,64,103,65,14,82,83, </key>
<key name="hack"> 18, </key>
<key name="ham"> 51, </key>
<key name="handl"> 51,92,93, </key>
<key name="happen"> 78, </key>
<key name="hav"> 50,44,30,87,66,89, </key>
<key name="head"> 19,57,27,30,38, </key>
<key name="header"> 59,68, </key>
<key name="help"> 11,10,70,76,80,35,82,83,102, </key>
<key name="helpful"> 28, </key>
<key name="her"> 84,11,10,98, </key>
<key name="hid"> 20,23, </key>
<key name="hidden"> 20,24,26, </key>
<key name="hierarchy"> 82,83, </key>
<key name="high"> 12, </key>
<key name="highlight"> 21,64,6,95, </key>
<key name="history"> 15,92, </key>
<key name="hold"> 84,11,65,87, </key>
<key name="host"> 11,45,53,4,50,40,57,63,44,20,70,76,97,48,64,62,82,83, </key>
<key name="hostnam"> 57,63,60,64,61, </key>
<key name="hour"> 11,15,52,85,65,66,93, </key>
<key name="hov"> 21,30, </key>
<key name="how"> 7,15,51,52,53,18,19,63,44,20,5,10,99,24,25,0,58,46,47,98,103,92,29,31,66,93,38,82,83,39, </key>
<key name="html"> 29,38, </key>
<key name="http"> 55,56,44,103, </key>
<key name="i"> 20,80, </key>
<key name="icon"> 17,82,83, </key>
<key name="icppn30"> 83, </key>
<key name="id"> 17,78,71,30,87,33,35,83, </key>
<key name="identifi"> 84,45,48,64, </key>
<key name="identify"> 51,40,75,79,61,80, </key>
<key name="identiti"> 29,38, </key>
<key name="identity"> 97,38, </key>
<key name="idl"> 15,66, </key>
<key name="if"> 15,72,45,16,17,52,41,53,90,9,18,43,91,19,85,4,50,40,55,56,57,63,20,28,23,10,73,74,75,24,25,26,2,46,47,77,78,71,98,27,30,59,64,103,65,87,61,6,92,29,34,32,62,106,33,66,93,95,94,36,80,38,35,82,83,68,39, </key>
<key name="ignor"> 78,98,92, </key>
<key name="ill"> 61, </key>
<key name="imag"> 7,99,29, </key>
<key name="imap"> 11,4,55,56,20,60,59,64,29,14,38, </key>
<key name="immediate"> 11,9,18,20,0,107,67, </key>
<key name="impact"> 41, </key>
<key name="implement"> 61, </key>
<key name="import"> 73,75,70,76,77,78,71,79,80,14,82,83,39, </key>
<key name="important"> 52,4,20,78,64,79,61,6,62,82, </key>
<key name="in"> 43, </key>
<key name="inaccessibl"> 30, </key>
<key name="inactiv"> 11,35, </key>
<key name="inbound"> 11,85, </key>
<key name="inbox"> 29,31, </key>
<key name="inc"> 102, </key>
<key name="includ"> 11,12,7,15,17,85,4,57,28,5,23,10,99,86,100,2,98,101,30,48,64,103,65,66,107,80,35,82,83,88,89,39, </key>

</ftswdata>  
