<?xml version='1.0' encoding='windows-1252' ?>
<ftswdata>
<key name="0"> 10, </key>
<key name="05"> 56, </key>
<key name="10"> 40, </key>
<key name="100"> 7,28,32,30, </key>
<key name="12"> 56, </key>
<key name="1500"> 7, </key>
<key name="2"> 29,30,55, </key>
<key name="20"> 56, </key>
<key name="2006"> 7, </key>
<key name="25"> 16,4, </key>
<key name="30"> 6,10,39,4,54, </key>
<key name="33"> 33, </key>
<key name="365"> 6,39, </key>
<key name="389"> 28,32,27,29,30, </key>
<key name="4096"> 40,43, </key>
<key name="48"> 6,39, </key>
<key name="5"> 29, </key>
<key name="6"> 10,4,18, </key>
<key name="60"> 6,39,40, </key>
<key name="636"> 32,27,29,30, </key>
<key name="64"> 10,4,18, </key>
<key name="7071"> 46, </key>
<key name="75"> 33, </key>
<key name="8"> 29, </key>
<key name="94404"> 7, </key>
<key name="ability"> 7,35, </key>
<key name="abl"> 41, </key>
<key name="abov"> 6,40,50,43, </key>
<key name="accept"> 13,37, </key>
<key name="acces"> 10,35,32,27,21,25,26, </key>
<key name="accidental"> 21, </key>
<key name="accommodat"> 37, </key>
<key name="account"> 6,10,44,34,1,35,11,12,2,32,27,13,14,3,4,45,17,0,48,8,36,20,49,5,18,19,22,54,21,23,55,24,50,51,9,25,52,26,43, </key>
<key name="action"> 10,21,55,25,26, </key>
<key name="activ"> 10,28,12,27,29,30,31,20,19,22,55,50, </key>
<key name="active"> 43, </key>
<key name="activity"> 6,10,39,55, </key>
<key name="ad"> 44,28,33,2,14,3,16,17,31,19,43, </key>
<key name="add"> 6,28,1,14,16,17,29,30,40,50,43, </key>
<key name="addition"> 25, </key>
<key name="additional"> 6,28,27,17,29,30,31,40,25,43, </key>
<key name="addres"> 6,10,28,34,12,32,27,13,14,16,17,0,30,31,40,20,37,19,23,50,9,25,52, </key>
<key name="admin"> 10,34,0,46,9, </key>
<key name="administ"> 10, </key>
<key name="administration"> 6,10,11,17,8,31,40,9,52,56, </key>
<key name="administrativ"> 0, </key>
<key name="administrator"> 10,33,13,16,0,46,8,49,18,24,9,25,52, </key>
<key name="advanc"> 7,10,35,2,13,3,4,18,22,54,55,25, </key>
<key name="advertis"> 40, </key>
<key name="affect"> 35,48, </key>
<key name="ag"> 10,18,54, </key>
<key name="again"> 25, </key>
<key name="aggressive"> 33, </key>
<key name="alert"> 34,0,48, </key>
<key name="alia"> 34,32,13,14,0,20,23, </key>
<key name="alias"> 6,10,13,14,0,20,23, </key>
<key name="allow"> 10,2,25, </key>
<key name="along"> 7,42, </key>
<key name="already"> 5,43, </key>
<key name="alternat"> 13, </key>
<key name="although"> 48, </key>
<key name="alway"> 4,19, </key>
<key name="amavis_msg_count"> 39, </key>
<key name="amavisd"> 39, </key>
<key name="amount"> 18, </key>
<key name="anonymou"> 32,27, </key>
<key name="anoth"> 32,14,4,5, </key>
<key name="anti"> 6,33,34,39,0,36,40,42, </key>
<key name="antiviru"> 34, </key>
<key name="any"> 10,44,34,35,11,3,16,47,48,36,54,21,23,55,52,26,43, </key>
<key name="ap"> 35,36,25, </key>
<key name="appear"> 12,13,50,52,43, </key>
<key name="application"> 2,50,25, </key>
<key name="appointment"> 25, </key>
<key name="appropriat"> 0, </key>
<key name="approximate"> 32, </key>
<key name="archiv"> 34, </key>
<key name="area"> 6,3, </key>
<key name="ask"> 52, </key>
<key name="assign"> 10,44,1,2,13,3,4,40,20,5,19,9,43, </key>
<key name="assist"> 20,26, </key>
<key name="assistanc"> 0, </key>
<key name="associat"> 1,35,14,3,5,21, </key>
<key name="assum"> 27,50, </key>
<key name="attachment"> 10,35,2,13,3,4,36,5,21,25, </key>
<key name="attempt"> 27, </key>
<key name="attribut"> 2,32,27,13,3,18,54, </key>
<key name="audit"> 26, </key>
<key name="authenticat"> 46, </key>
<key name="authentication"> 6,10,28,27,29,31,36,40,22, </key>
<key name="auto"> 19, </key>
<key name="automatical"> 10,33,34,2,3,4,0,40,54,21,43, </key>
<key name="availabl"> 1,39,2,32,8,20,9, </key>
<key name="away"> 19, </key>
<key name="back"> 6, </key>
<key name="background"> 21, </key>
<key name="bar"> 6,31,21, </key>
<key name="bas"> 32,27,13,29,30,37,24,50,25, </key>
<key name="basi"> 32,29,30,22, </key>
<key name="basic"> 32,4,19, </key>
<key name="be"> 12,27,47,48,36,22,54,52, </key>
<key name="becom"> 32,13,30,31,19,21,50,43, </key>
<key name="befor"> 10,44,3,48,37,18,54,21,25,52,43, </key>
<key name="begin"> 47,48,50,52, </key>
<key name="behav"> 37,19, </key>
<key name="behavior"> 37, </key>
<key name="below"> 10,16,25,52, </key>
<key name="bind"> 28,32,27,29,30,40, </key>
<key name="blank"> 33,16,29, </key>
<key name="blob"> 40,43, </key>
<key name="block"> 34,35,2, </key>
<key name="book"> 6,10,32,16,9,25, </key>
<key name="boolean"> 32, </key>
<key name="both"> 6,28,32,30,48,31,5, </key>
<key name="bottom"> 6, </key>
<key name="boulevard"> 7, </key>
<key name="box"> 6,44,28,13,29,30,47,48,40,18,22,23,50,52,43, </key>
<key name="brows"> 6,50, </key>
<key name="build"> 50,25, </key>
<key name="built"> 25, </key>
<key name="bulk"> 13,8, </key>
<key name="busy"> 25, </key>
<key name="button"> 6,10,55, </key>
<key name="byt"> 40,43, </key>
<key name="ca"> 7,8, </key>
<key name="cal"> 13,16, </key>
<key name="calculat"> 54, </key>
<key name="calendar"> 2,48,20,25,26, </key>
<key name="cancel"> 47,48,21, </key>
<key name="cannot"> 10,32,27,13,3,16,0,47,48,40,18,21,50,43, </key>
<key name="capabiliti"> 7, </key>
<key name="car"> 48, </key>
<key name="cas"> 48,5,18,38, </key>
<key name="categori"> 25, </key>
<key name="caution"> 47,48,21,38, </key>
<key name="ceil"> 36, </key>
<key name="central"> 6, </key>
<key name="certain"> 48, </key>
<key name="certificat"> 8, </key>
<key name="chang"> 6,7,10,44,28,33,1,35,11,12,39,2,13,14,3,4,17,46,36,40,20,5,18,19,22,24,50,25,52,42,43, </key>
<key name="chapt"> 33, </key>
<key name="character"> 10,4, </key>
<key name="check"> 10,44,28,34,39,29,30,48,36,40,37,18,22,21,24,50,41,51,43, </key>
<key name="checkbox"> 48, </key>
<key name="checkmark"> 40, </key>
<key name="choic"> 25, </key>
<key name="choos"> 28,12,49,22,41, </key>
<key name="clam"> 34, </key>
<key name="clamav"> 34,39, </key>
<key name="clas"> 6,44,1,35,2,3,4,20,5,22,9, </key>
<key name="classify"> 25, </key>
<key name="clear"> 40, </key>
<key name="cli"> 8,40, </key>
<key name="click"> 6,10,44,28,1,35,12,13,14,3,16,15,45,17,29,30,46,47,48,31,49,22,21,23,55,24,50,41,51,52,43, </key>
<key name="clickabl"> 10,55, </key>
<key name="client"> 10,35,12,2,13,3,37,19,55,25, </key>
<key name="clos"> 12,27,20,21, </key>
<key name="cn"> 32,50,52, </key>
<key name="co"> 6,10,44,1,35,2,13,3,4,36,5,18,19,22,54,55,9,25, </key>
<key name="collaboration"> 7,33,34,27,4,9,43, </key>
<key name="colleagu"> 25, </key>
<key name="color"> 25, </key>
<key name="column"> 6,1, </key>
<key name="com"> 7,32,27,13,16,17,50, </key>
<key name="combin"> 32, </key>
<key name="comma"> 16,50, </key>
<key name="command"> 13,8,40,55, </key>
<key name="commit"> 1,14,17,22,24, </key>
<key name="common"> 32,16,38,50,52, </key>
<key name="company"> 32,16, </key>
<key name="complet"> 44,32,14,16,29,30,47,21,23,50,9,52, </key>
<key name="compos"> 4,19,54,38,25, </key>
<key name="compres"> 40,43, </key>
<key name="compression"> 40,43, </key>
<key name="compromis"> 37, </key>
<key name="comput"> 52, </key>
<key name="concurrenc"> 48, </key>
<key name="condition"> 25, </key>
<key name="conduct"> 49,52, </key>
<key name="configur"> 6,44,28,33,34,35,2,32,27,13,14,4,17,0,29,30,31,36,18,19,54,9,52,43, </key>
<key name="configuration"> 6,10,32,27,13,4,29,30,8,31,40,20,19,25, </key>
<key name="confirm"> 24, </key>
<key name="confus"> 38, </key>
<key name="connect"> 28,46,40,49, </key>
<key name="connection"> 27,40, </key>
<key name="consid"> 13,3, </key>
<key name="consider"> 33,27, </key>
<key name="consist"> 16, </key>
<key name="consistent"> 48, </key>
<key name="consol"> 6,10,11,17,8,31,9,52,56, </key>
<key name="consolidat"> 39, </key>
<key name="constraint"> 2,3,5, </key>
<key name="construct"> 32,50, </key>
<key name="contact"> 7,10,13,4,48,20,19,24,9,25,52, </key>
<key name="contain"> 39,3,16,8,22,50,25, </key>
<key name="content"> 6,10,11,12,14,3,16,40,20,22,21,23,55,24,42,26, </key>
<key name="continu"> 29,48,50, </key>
<key name="control"> 2,16, </key>
<key name="conversation"> 7,4,19,25, </key>
<key name="convert"> 52, </key>
<key name="copy"> 17, </key>
<key name="copyright"> 7, </key>
<key name="corporat"> 32, </key>
<key name="correct"> 30, </key>
<key name="corrupt"> 21, </key>
<key name="cos"> 3, </key>
<key name="could"> 12,23, </key>
<key name="count"> 6,39, </key>
<key name="creat"> 6,44,28,34,1,2,13,14,3,16,4,45,17,0,29,30,8,31,20,49,18,22,24,50,51,9,25,52,43, </key>
<key name="criteria"> 25, </key>
<key name="current"> 6,48,40,43, </key>
<key name="dat"> 48,54,25,52, </key>
<key name="data"> 6,39,40,42,43, </key>
<key name="databas"> 50, </key>
<key name="day"> 6,10,39,4,18,54,55, </key>
<key name="dc"> 32,27, </key>

</ftswdata>  
