<?xml version='1.0' encoding='windows-1252' ?>
<ftswdata>
<key name="0"> 13,67, </key>
<key name="00"> 59, </key>
<key name="06"> 76, </key>
<key name="0mb"> 59, </key>
<key name="1"> 43, </key>
<key name="10"> 55,69, </key>
<key name="100"> 8,37,41,39, </key>
<key name="10000"> 48, </key>
<key name="110"> 47,51, </key>
<key name="143"> 46,51, </key>
<key name="1500"> 8, </key>
<key name="18"> 76, </key>
<key name="2"> 8,13,4,38,39,10,57,76, </key>
<key name="20"> 47,10, </key>
<key name="200"> 46, </key>
<key name="2006"> 8, </key>
<key name="24"> 43, </key>
<key name="25"> 48,54,4,55, </key>
<key name="3"> 8,10,76, </key>
<key name="30"> 7,13,71,4,56,27, </key>
<key name="33"> 42, </key>
<key name="365"> 7,71,56, </key>
<key name="389"> 37,41,35,38,39, </key>
<key name="4"> 56, </key>
<key name="4096"> 55,60, </key>
<key name="48"> 7,71,56, </key>
<key name="5"> 4,38,25,67, </key>
<key name="6"> 13,4,24,67, </key>
<key name="60"> 7,71,2,55,56, </key>
<key name="636"> 41,35,38,39, </key>
<key name="64"> 13,4,24, </key>
<key name="7"> 76, </key>
<key name="7071"> 63, </key>
<key name="7110"> 47,51, </key>
<key name="7143"> 46,51, </key>
<key name="75"> 42, </key>
<key name="7993"> 46,51, </key>
<key name="7995"> 47,51, </key>
<key name="8"> 38, </key>
<key name="94404"> 8, </key>
<key name="993"> 46,51, </key>
<key name="995"> 47,51, </key>
<key name="ability"> 8,41,6,10, </key>
<key name="abl"> 58, </key>
<key name="abov"> 7,55,10,67,60, </key>
<key name="accept"> 18,23,26,52, </key>
<key name="acces"> 41,35,26,6,28,34,74, </key>
<key name="accidental"> 26,28, </key>
<key name="accommodat"> 52, </key>
<key name="accord"> 44,23,49, </key>
<key name="account"> 7,13,61,42,43,1,14,44,45,15,16,17,2,41,35,18,19,23,3,4,62,22,0,49,12,51,65,26,9,6,50,66,56,10,5,24,25,30,27,28,29,57,32,67,33,68,11,34,31,69,59,74,60, </key>
<key name="acros"> 51,6,10, </key>
<key name="action"> 13,28,57,34,74, </key>
<key name="activ"> 70,7,13,37,16,35,38,39,26,40,56,72,24,25,30,57,67, </key>
<key name="active"> 60, </key>
<key name="activity"> 7,13,71,56,57, </key>
<key name="ad"> 61,37,42,14,2,41,18,19,23,3,21,4,40,10,25,60, </key>
<key name="adautocomplet"> 41, </key>
<key name="add"> 7,37,1,44,45,36,19,23,21,22,49,38,39,6,55,67,60, </key>
<key name="addition"> 23,72,10,34, </key>
<key name="additional"> 7,37,35,21,38,39,40,55,34,60, </key>
<key name="addres"> 7,13,37,42,43,14,16,41,35,47,48,18,19,23,21,4,22,0,39,12,26,40,55,56,72,52,10,25,67,11,34,31,69, </key>
<key name="admin"> 43,15,0,63,9,11, </key>
<key name="administration"> 7,8,48,54,36,9,40,55,56,10,11,69,76, </key>
<key name="administrativ"> 0, </key>
<key name="administrator"> 70,42,18,23,21,0,63,9,66,56,72,10,24,32,11,34,69, </key>
<key name="advanc"> 8,13,17,2,18,3,4,24,30,27,57,34, </key>
<key name="advertis"> 47,55, </key>
<key name="affect"> 65, </key>
<key name="ag"> 13,24,27, </key>
<key name="again"> 13,57,34, </key>
<key name="aggregat"> 71, </key>
<key name="aggressive"> 42, </key>
<key name="alert"> 43,65, </key>
<key name="alia"> 43,41,18,19,26,31, </key>
<key name="alias"> 7,18,19,0,26,31, </key>
<key name="allocat"> 56,59, </key>
<key name="allow"> 46,47,48,54,36,22,51,10,34,31, </key>
<key name="along"> 8,71,56,73, </key>
<key name="already"> 23,22,5,60, </key>
<key name="alternat"> 18, </key>
<key name="although"> 65, </key>
<key name="alway"> 23,4,22,25, </key>
<key name="amavisd"> 71, </key>
<key name="amount"> 17,24, </key>
<key name="anonymou"> 41,35, </key>
<key name="anoth"> 70,2,41,19,4,26,5, </key>
<key name="anti"> 70,7,42,43,71,50,55,56,73, </key>
<key name="antiviru"> 43, </key>
<key name="any"> 70,13,61,43,44,15,23,3,21,49,51,64,65,6,50,72,27,28,57,31,69,74,60, </key>
<key name="ap"> 17,50,34,59, </key>
<key name="appear"> 16,18,23,22,67,33,69,60, </key>
<key name="applicabl"> 24, </key>
<key name="application"> 6,10,67,34, </key>
<key name="appointment"> 17,23,4,25,34,59, </key>
<key name="appropriat"> 0, </key>
<key name="approximate"> 41, </key>
<key name="architectur"> 71, </key>
<key name="archiv"> 43, </key>
<key name="area"> 7,3,21,26, </key>
<key name="arrow"> 31, </key>
<key name="ask"> 69, </key>
<key name="assign"> 13,61,1,17,2,18,3,4,26,40,10,5,25,11,60, </key>
<key name="assist"> 26,74, </key>
<key name="associat"> 1,17,19,3,26,5,28, </key>
<key name="assum"> 35,67, </key>
<key name="attach"> 44,45,23,49,6, </key>
<key name="attachment"> 13,44,45,17,2,48,18,3,4,49,6,50,5,28,34,69,59, </key>
<key name="attempt"> 70,35,72, </key>
<key name="attende"> 23, </key>
<key name="attribut"> 2,41,35,18,3,24,27, </key>
<key name="audit"> 74, </key>
<key name="auth"> 13,48,54,4,57, </key>
<key name="authenticat"> 48,54,63, </key>
<key name="authentication"> 7,13,37,15,35,48,54,36,38,40,50,55,24,30,32, </key>
<key name="auto"> 1,18,23,25, </key>
<key name="autocomplet"> 14,41,12,10,34, </key>
<key name="automat"> 42, </key>
<key name="automatic"> 4, </key>
<key name="automatical"> 13,42,43,17,2,18,23,3,4,0,26,55,56,10,27,28,57,34,59,60, </key>
<key name="availabl"> 1,71,2,41,46,47,23,9,6,56,11, </key>
<key name="avoid"> 48,54, </key>
<key name="away"> 25, </key>
<key name="back"> 70,7,21, </key>
<key name="background"> 28,34, </key>
<key name="bar"> 7,71,40,28, </key>
<key name="bas"> 41,35,18,38,39,52,32,67,34, </key>
<key name="basi"> 41,23,38,39,51,10,30, </key>
<key name="basic"> 41,25, </key>
<key name="be"> 70,16,71,35,64,65,50,30,27,69, </key>
<key name="becom"> 41,18,39,26,40,25,28,67,60, </key>
<key name="befor"> 70,13,61,71,3,65,52,24,25,27,28,34,69,60, </key>
<key name="begin"> 64,65,67,69, </key>
<key name="behav"> 52,25, </key>
<key name="behavior"> 52, </key>
<key name="below"> 13,17,21,34,69,59, </key>
<key name="beta"> 8,10, </key>
<key name="beta2"> 76, </key>
<key name="bind"> 37,41,35,38,39,55, </key>
<key name="blank"> 42,21,38, </key>
<key name="blob"> 55,60, </key>
<key name="block"> 43,44,2, </key>
<key name="book"> 7,13,41,21,4,11,34, </key>
<key name="boolean"> 41, </key>
<key name="both"> 7,37,41,39,65,40,5,57,34, </key>
<key name="bottom"> 7,21, </key>
<key name="boulevard"> 8, </key>
<key name="bounc"> 70,44,45,49, </key>
<key name="box"> 7,61,37,36,21,4,38,39,64,65,55,10,24,30,67,31,69,60, </key>
<key name="brows"> 7,13,36,57,67, </key>
<key name="build"> 23,67,34, </key>
<key name="built"> 34, </key>
<key name="bulk"> 18,9, </key>
<key name="busy"> 23,34, </key>
<key name="button"> 7,13,72,57, </key>
<key name="byt"> 71,55,60, </key>
<key name="ca"> 8,9, </key>
<key name="cach"> 14,72, </key>
<key name="cal"> 18, </key>
<key name="calculat"> 27, </key>
<key name="calendar"> 8,17,23,21,4,65,26,10,25,29,34,69,59,74, </key>
<key name="cancel"> 64,65,28, </key>
<key name="cannot"> 70,13,44,41,35,48,54,18,3,21,0,49,51,64,65,26,55,24,28,67,60, </key>
<key name="capabiliti"> 8, </key>
<key name="capacity"> 23, </key>
<key name="car"> 65, </key>
<key name="cas"> 23,65,5,24,53, </key>
<key name="categori"> 34, </key>
<key name="caution"> 64,65,28,53, </key>
<key name="ceil"> 50, </key>
<key name="central"> 7, </key>
<key name="certain"> 65, </key>
<key name="certificat"> 9, </key>
<key name="chang"> 7,8,13,61,37,42,1,44,15,16,17,71,2,48,54,36,18,19,23,3,4,51,63,26,40,50,55,56,10,5,24,25,30,29,32,67,33,34,69,73,59,60, </key>
<key name="chapt"> 42,56, </key>
<key name="character"> 13,4, </key>
<key name="check"> 13,61,37,43,71,48,54,18,23,21,4,38,39,65,50,55,52,10,24,25,30,28,57,32,67,58,68,34,59,60, </key>
<key name="checkbox"> 21,65, </key>
<key name="checkmark"> 55, </key>
<key name="choic"> 34, </key>
<key name="choos"> 37,16,66,30,58,33, </key>
<key name="chosen"> 1, </key>
<key name="city"> 23, </key>
<key name="clam"> 43, </key>
<key name="clamav"> 43, </key>
<key name="clas"> 7,61,37,1,44,2,23,3,4,26,40,5,30,11, </key>
<key name="classify"> 34, </key>
<key name="clear"> 46,47,48,54,55, </key>
<key name="cli"> 9,55, </key>
<key name="click"> 7,13,61,37,1,16,17,36,18,19,23,3,21,20,62,38,39,63,64,65,6,40,66,72,25,30,28,29,57,32,67,58,33,68,31,69,59,60, </key>
<key name="clickabl"> 13,57, </key>
<key name="client"> 13,14,16,17,2,48,54,18,3,4,22,6,52,25,57,34, </key>
<key name="clos"> 16,35,26,28, </key>
<key name="cn"> 41,67,69, </key>
<key name="co"> 7,13,61,37,1,14,44,17,2,41,18,23,3,4,22,49,12,6,50,10,5,24,25,30,27,57,11,34,59, </key>
<key name="collaboration"> 8,42,43,35,4,11,76,60, </key>
<key name="colleagu"> 34, </key>
<key name="collect"> 6, </key>
<key name="color"> 34, </key>
<key name="column"> 7,1,59, </key>
<key name="com"> 8,41,35,36,18,22,72,67, </key>
<key name="combin"> 41, </key>
<key name="comma"> 21,67, </key>
<key name="command"> 18,9,55,57, </key>
<key name="commercial"> 48, </key>

</ftswdata>  
