<?xml version='1.0' encoding='windows-1252' ?>
<ftswdata>
<key name="previous"> 70, </key>
<key name="primary"> 64, </key>
<key name="privat"> 70,65,75, </key>
<key name="privileg"> 41,25,10,92,71,14,74,75, </key>
<key name="problem"> 79, </key>
<key name="proceed"> 66, </key>
<key name="proces"> 76,11,41,38,68,16,69,70,44,59,32,74,75, </key>
<key name="profil"> 71,74, </key>
<key name="progres"> 69,32,74,75, </key>
<key name="projector"> 28, </key>
<key name="prompt"> 71, </key>
<key name="properti"> 36, </key>
<key name="protect"> 47,49, </key>
<key name="protection"> 11,46,47,56, </key>
<key name="protocol"> 52,88,54,56,37, </key>
<key name="provid"> 38,43,56,74,75, </key>
<key name="provision"> 11,66,22,30,13,71,73,15,74,75, </key>
<key name="proxy"> 50,51,55,59,57, </key>
<key name="public"> 41,9,10,37, </key>
<key name="punctuation"> 17,84, </key>
<key name="purg"> 17,4,31, </key>
<key name="qualifi"> 56, </key>
<key name="query"> 11,19,52,58,14,72, </key>
<key name="question"> 77,14,74,75, </key>
<key name="queu"> 76,11,48,20,60,79,62, </key>
<key name="quick"> 11,18,82,10,30,92,14,87,37,35, </key>
<key name="quickadd"> 29, </key>
<key name="quit"> 17, </key>
<key name="quota"> 11,17,21,4,22,5,26,30,60,6,63, </key>
<key name="random"> 3,5, </key>
<key name="rath"> 39,70,37, </key>
<key name="rbl"> 46, </key>
<key name="re"> 30,79,32,87, </key>
<key name="reach"> 17,21,84,63, </key>
<key name="read"> 41,68,16,54,14,75, </key>
<key name="ready"> 76,25, </key>
<key name="reason"> 76, </key>
<key name="reassign"> 5, </key>
<key name="receiv"> 76,46,20,77,52,22,25,26,30,79,56,29,31,37,74,75,64, </key>
<key name="recent"> 66,84, </key>
<key name="recipient"> 46,47,48,49,77,52,58,25,78,53,30,37, </key>
<key name="recommend"> 70,71,79, </key>
<key name="record"> 11,52,58,40,28,5,59,37, </key>
<key name="recur"> 28, </key>
<key name="redirect"> 23,26, </key>
<key name="ref"> 66,46,71,15, </key>
<key name="refer"> 66,46, </key>
<key name="referenc"> 64, </key>
<key name="reflect"> 11,9, </key>
<key name="refresh"> 66,67,79, </key>
<key name="regard"> 59, </key>
<key name="regardles"> 48,37, </key>
<key name="register"> 59, </key>
<key name="regular"> 28,34, </key>
<key name="reindex"> 30,32, </key>
<key name="reject"> 48,49,21,4,52,28,53,30,54,63, </key>
<key name="relay"> 66,52,58,59,57,74,75, </key>
<key name="releas"> 11,7,10,79, </key>
<key name="reliabl"> 12, </key>
<key name="remain"> 17,31,33,61, </key>
<key name="rememb"> 17,61, </key>
<key name="remind"> 29, </key>
<key name="remov"> 93,9,23,10,90,94,26,0,27,30,92,6,1,95,72, </key>
<key name="renam"> 33, </key>
<key name="reoccur"> 28, </key>
<key name="rep"> 2,29,37, </key>
<key name="replac"> 70,75, </key>
<key name="repli"> 37, </key>
<key name="replicat"> 74,75, </key>
<key name="report"> 78,60, </key>
<key name="represent"> 45, </key>
<key name="request"> 40,70,37, </key>
<key name="requeu"> 79, </key>
<key name="requir"> 17,41,77,45,38,50,51,52,40,22,68,16,65,44,14,32,57,86,37, </key>
<key name="resend"> 76, </key>
<key name="reset"> 22,26,59,6,84,85,87, </key>
<key name="resid"> 31, </key>
<key name="resolv"> 41,42,43, </key>
<key name="resourc"> 11,19,28,30,92,36,35, </key>
<key name="restart"> 59, </key>
<key name="restrict"> 4,22,5,56, </key>
<key name="restriction"> 4,22,28,56,84, </key>
<key name="result"> 41,18,19,45,38,25,42,43,44,54,32,35, </key>
<key name="resum"> 48,62, </key>
<key name="retriev"> 14,84,32,37, </key>
<key name="retrieval"> 55, </key>
<key name="return"> 41,18,38,25,43,44,32, </key>
<key name="reus"> 17,79,84, </key>
<key name="review"> 46,72,74,75, </key>
<key name="revok"> 9, </key>
<key name="rfc"> 56, </key>
<key name="rich"> 7,37, </key>
<key name="right"> 11,18,19,3,25,10,32,62, </key>
<key name="room"> 76,28, </key>
<key name="root"> 2,59,72,64, </key>
<key name="rout"> 76,45,2,79,37, </key>
<key name="rul"> 46,48,83,45,38,52,53,70,54,14,6,84,85,86,37, </key>
<key name="run"> 11,45,38,68,16,60,32,96,37,74,75,80, </key>
<key name="s"> 11,17,66,8,18,46,82,20,45,50,51,52,58,22,28,5,10,78,26,0,27,2,68,16,65,30,13,59,92,60,56,6,84,29,32,1,95,61,87,96,72,15,37,74,75,81, </key>
<key name="sam"> 18,28,25,90,55,33,35, </key>
<key name="samantha"> 18,25,35, </key>
<key name="sammy"> 18,25,35, </key>
<key name="sampl"> 89, </key>
<key name="samson"> 18,25,35, </key>
<key name="samuel"> 18,25,35, </key>
<key name="sav"> 8,18,93,3,9,20,22,23,5,25,94,26,0,42,43,29,34,33,85,87,96,62,36,37,74,75,64, </key>
<key name="scal"> 77, </key>
<key name="scan"> 76, </key>
<key name="schedul"> 11,28,78,70,30,92,37, </key>
<key name="schema"> 38, </key>
<key name="scor"> 46, </key>
<key name="screen"> 40,92, </key>
<key name="scroll"> 18,25, </key>
<key name="se"> 76,11,77,4,52,22,23,10,26,43,68,16,69,30,13,59,92,60,79,6,86,72,37,80, </key>
<key name="search"> 11,12,41,18,19,45,38,40,23,25,42,43,44,54,14,29,32,72,37,35, </key>
<key name="second"> 17,78,70,61,85, </key>
<key name="secondary"> 64, </key>
<key name="section"> 18,25,0,79,1,95,96,37, </key>
<key name="secur"> 14,86, </key>
<key name="security"> 11,52,58,15, </key>
<key name="select"> 11,66,41,8,18,93,19,3,39,48,9,20,21,77,45,38,40,22,23,28,5,25,10,89,90,24,67,94,26,53,42,43,30,44,59,71,79,14,34,32,1,95,33,87,72,36,37,35,74,75,81,64, </key>
<key name="self"> 13, </key>
<key name="send"> 76,47,48,49,52,58,25,78,53,30,79,56,14,57,37, </key>
<key name="sender"> 56, </key>
<key name="sent"> 76,66,77,28,78,26,27,2,60,14,29,31,36,37, </key>
<key name="separat"> 11,25,72, </key>
<key name="sequenc"> 18,25,35,74,75, </key>
<key name="seri"> 76,22,74,75, </key>
<key name="serv"> 11,17,66,41,19,47,3,39,48,21,77,4,45,38,50,51,52,58,40,22,28,5,67,94,0,42,43,55,68,16,70,65,88,30,13,44,59,71,60,79,14,84,57,95,87,96,72,62,73,15,37,74,75,80,63,64, </key>
<key name="server"> 11,19,3,39,77,4,45,50,51,58,28,5,89,42,43,55,70,54,59,60,62,15,80,64, </key>
<key name="servic"> 11,12,7,66,41,93,3,48,4,45,38,50,51,52,28,5,89,90,26,53,68,16,70,30,13,44,54,59,60,6,34,62,15,80, </key>
<key name="session"> 17,4,22,5,61, </key>
<key name="set"> 76,11,17,41,8,19,46,47,48,9,20,21,4,45,50,51,52,58,40,22,28,5,10,89,26,27,2,53,42,43,55,70,54,59,92,56,14,6,84,34,31,57,61,85,87,86,96,37,74,75,63, </key>
<key name="setting"> 11,17,41,46,47,48,49,21,4,45,38,50,51,52,58,22,5,26,53,42,43,44,54,14,6,57,15, </key>
<key name="setup"> 30, </key>
<key name="seven"> 37, </key>
<key name="shar"> 12,7,25,10,61,37, </key>
<key name="shift"> 18,25, </key>
<key name="ship"> 95, </key>
<key name="shortcut"> 14,29, </key>
<key name="shortnam"> 65, </key>
<key name="should"> 17,66,46,3,9,38,50,51,22,5,25,10,90,27,43,70,65,84,57,95,85,72,74,75, </key>
<key name="show"> 11,18,77,4,23,26,30,59,79,14,29,63,64, </key>
<key name="shown"> 66,28,74,75, </key>
<key name="sid"> 19,70, </key>
<key name="sign"> 19,13, </key>
<key name="signatur"> 29, </key>
<key name="similar"> 52,58, </key>
<key name="simp"> 89, </key>
<key name="simultaneous"> 70,37,74,75, </key>
<key name="sinc"> 70, </key>
<key name="singl"> 38,52,55,71,79,72,37,74, </key>
<key name="sit"> 28,55, </key>
<key name="siz"> 17,77,52,54,59,60,37,74,75,63,64, </key>
<key name="skyp"> 92, </key>
<key name="smith"> 22,72, </key>
<key name="smtp"> 52,58,56,57,75, </key>
<key name="sn"> 45, </key>
<key name="snapshot"> 79, </key>
<key name="snmp"> 11,59,60,80, </key>
<key name="so"> 47,45,52,58,28,26,2,92,56, </key>
<key name="soft"> 20, </key>
<key name="softwar"> 46,47,92, </key>
<key name="sort"> 12,60,63, </key>
<key name="soul"> 75, </key>
<key name="sourc"> 12,65,72,73,74,75, </key>
<key name="spac"> 17,21,77,22,5,25,60,63, </key>
<key name="spam"> 76,11,17,46,77,52,54,59,60,56,31,80, </key>
<key name="spamassassin"> 46, </key>
<key name="specifi"> 17,66,19,20,45,38,23,27,65,30,71,14,85,74, </key>
<key name="specific"> 11,41,19,3,49,77,4,45,38,23,5,25,53,30,54,60,79,14,85,72,35, </key>
<key name="specification"> 92, </key>
<key name="specify"> 19,3,40,28,27,42,65,85,37,74,75, </key>
<key name="spell"> 59,80, </key>
<key name="split"> 55, </key>
<key name="spread"> 49, </key>
<key name="spreadsheet"> 7, </key>
<key name="ssl"> 41,45,38,50,51,52,58,42,43,55,59, </key>
<key name="standard"> 12,56,29,72, </key>
<key name="start"> 67,68,16,13,32,74,75, </key>
<key name="stat"> 48,28,53, </key>
<key name="statistic"> 11,21,77,60,15,63, </key>
<key name="statu"> 11,17,66,19,48,20,83,28,26,30,59,60,32,85,36,73,15,80,64, </key>
<key name="status"> 19,20, </key>
<key name="stay"> 76,22,28,79, </key>
<key name="step"> 41,22,42,43,44,72, </key>
<key name="still"> 20,32,64, </key>
<key name="stop"> 48,13,32,62, </key>
<key name="stor"> 11,59,84,87,72,64, </key>
<key name="storag"> 64, </key>
<key name="str"> 45,29,35, </key>

</ftswdata>  
