<?xml version='1.0' encoding='windows-1252' ?>
<ftswdata>
<key name="0"> 12,63, </key>
<key name="00"> 55, </key>
<key name="06"> 80, </key>
<key name="0mb"> 55, </key>
<key name="1"> 40, </key>
<key name="10"> 52,65, </key>
<key name="100"> 9,34,38,36, </key>
<key name="10000"> 45, </key>
<key name="110"> 44,48, </key>
<key name="143"> 43,48, </key>
<key name="1500"> 9, </key>
<key name="16"> 80, </key>
<key name="2"> 9,12,5,35,36,71,79,80, </key>
<key name="20"> 44,71, </key>
<key name="200"> 43, </key>
<key name="2006"> 9, </key>
<key name="24"> 40, </key>
<key name="25"> 45,51,5,52, </key>
<key name="3"> 9,71,80, </key>
<key name="30"> 8,12,67,5,53,78, </key>
<key name="33"> 39, </key>
<key name="365"> 8,67,53, </key>
<key name="389"> 34,38,32,35,36, </key>
<key name="4"> 53, </key>
<key name="4096"> 52,56, </key>
<key name="443"> 76, </key>
<key name="48"> 8,67,53, </key>
<key name="5"> 5,35,23,63, </key>
<key name="6"> 12,5,22,63,80, </key>
<key name="60"> 8,67,52,53, </key>
<key name="636"> 38,32,35,36, </key>
<key name="64"> 12,5,22, </key>
<key name="7071"> 59, </key>
<key name="7110"> 44,48, </key>
<key name="7143"> 43,48, </key>
<key name="75"> 39, </key>
<key name="7993"> 43,48, </key>
<key name="7995"> 44,48, </key>
<key name="8"> 35, </key>
<key name="80"> 76, </key>
<key name="94404"> 9, </key>
<key name="993"> 43,48, </key>
<key name="995"> 44,48, </key>
<key name="ability"> 9,41,7,71, </key>
<key name="abl"> 54, </key>
<key name="abov"> 8,52,71,63,56, </key>
<key name="accept"> 16,21,24,49, </key>
<key name="acces"> 38,32,24,7,25,31,70, </key>
<key name="accessibl"> 76, </key>
<key name="accidental"> 24,25, </key>
<key name="accommodat"> 49, </key>
<key name="accord"> 21,46, </key>
<key name="account"> 8,12,57,39,40,2,41,42,13,14,15,3,38,32,16,17,21,4,5,58,20,1,46,48,75,61,77,24,10,7,47,62,53,71,6,22,23,76,27,78,25,26,79,29,63,30,64,11,31,28,65,55,70,56, </key>
<key name="acros"> 48,7,71,31, </key>
<key name="action"> 12,77,25,79,31,70, </key>
<key name="activ"> 66,8,12,34,14,32,35,36,24,37,53,68,22,23,27,79,63, </key>
<key name="active"> 56, </key>
<key name="activity"> 8,12,67,53,79, </key>
<key name="ad"> 57,34,39,3,16,17,21,4,19,5,74,37,71,23,56, </key>
<key name="add"> 8,34,2,42,33,17,21,19,20,46,35,36,7,52,63,56, </key>
<key name="addition"> 21,68,71,31, </key>
<key name="additional"> 8,34,32,19,35,36,37,52,76,31,56, </key>
<key name="addres"> 8,12,34,39,40,0,14,38,32,44,45,16,17,21,19,5,20,1,36,24,37,52,53,68,49,71,23,76,63,11,31,28,65, </key>
<key name="admin"> 40,13,1,59,10,11, </key>
<key name="administration"> 8,9,45,51,33,10,37,52,53,71,11,65,80, </key>
<key name="administrativ"> 1, </key>
<key name="administrator"> 66,39,16,21,19,1,59,77,10,62,53,68,71,22,76,29,11,31,65, </key>
<key name="advanc"> 9,12,15,3,16,4,5,22,27,78,79,31, </key>
<key name="advertis"> 44,52, </key>
<key name="affect"> 61, </key>
<key name="ag"> 12,22,78, </key>
<key name="again"> 12,73,79,31, </key>
<key name="aggregat"> 67, </key>
<key name="aggressive"> 39, </key>
<key name="alert"> 40,61,76, </key>
<key name="alia"> 40,38,16,17,24,28, </key>
<key name="alias"> 8,16,17,1,24,28, </key>
<key name="allocat"> 53,55, </key>
<key name="allow"> 3,43,44,45,51,33,20,48,71,31,28, </key>
<key name="along"> 9,67,53,69, </key>
<key name="already"> 73,21,20,6,56, </key>
<key name="alternat"> 16, </key>
<key name="although"> 61, </key>
<key name="alway"> 21,5,20,23, </key>
<key name="amavisd"> 67, </key>
<key name="amount"> 15,22, </key>
<key name="anonymou"> 38,32, </key>
<key name="anoth"> 66,38,17,5,77,24,6, </key>
<key name="anti"> 66,8,39,40,67,47,52,53,69, </key>
<key name="antiviru"> 40, </key>
<key name="any"> 66,12,57,40,13,21,4,19,46,48,60,61,77,7,47,68,78,25,79,28,65,70,56, </key>
<key name="ap"> 15,47,31,55, </key>
<key name="appear"> 14,16,21,20,63,30,65,56, </key>
<key name="applicabl"> 22, </key>
<key name="application"> 3,74,7,71,63,31, </key>
<key name="appointment"> 15,21,5,23,31,55, </key>
<key name="appropriat"> 1,77, </key>
<key name="approximate"> 38, </key>
<key name="architectur"> 67, </key>
<key name="archiv"> 40,76, </key>
<key name="area"> 8,4,19,24, </key>
<key name="arrow"> 74,28, </key>
<key name="ask"> 73,65, </key>
<key name="assign"> 12,57,2,15,3,16,4,5,24,37,71,6,23,76,11,56, </key>
<key name="assignment"> 2, </key>
<key name="assist"> 24,70, </key>
<key name="associat"> 2,15,17,4,24,6,25, </key>
<key name="assum"> 32,63, </key>
<key name="attach"> 41,42,21,46,7, </key>
<key name="attachment"> 12,41,42,15,3,45,16,4,5,46,7,47,6,76,25,31,65,55, </key>
<key name="attempt"> 66,32,68, </key>
<key name="attende"> 21, </key>
<key name="attribut"> 3,38,32,16,4,22,78, </key>
<key name="audit"> 70, </key>
<key name="auth"> 12,45,51,5,79, </key>
<key name="authenticat"> 45,51,59, </key>
<key name="authentication"> 8,12,34,13,32,45,51,33,35,37,47,52,22,27,29, </key>
<key name="auto"> 2,16,21,23, </key>
<key name="autocomplet"> 0,71,31, </key>
<key name="automat"> 39, </key>
<key name="automatic"> 5, </key>
<key name="automatical"> 12,39,40,15,3,16,21,4,5,74,1,24,52,53,71,78,25,79,55,56, </key>
<key name="availabl"> 2,41,67,3,38,43,44,21,10,7,53,11, </key>
<key name="avoid"> 45,51, </key>
<key name="away"> 23, </key>
<key name="back"> 66,8,19, </key>
<key name="background"> 25, </key>
<key name="bar"> 8,67,37,25, </key>
<key name="bas"> 38,32,16,35,36,49,29,63,31, </key>
<key name="basi"> 38,21,35,36,48,71,27, </key>
<key name="basic"> 38,23, </key>
<key name="be"> 66,14,67,32,73,60,75,61,47,27,78,65, </key>
<key name="becom"> 38,16,36,24,37,23,25,63,56, </key>
<key name="befor"> 66,12,57,67,73,4,61,49,22,23,78,25,31,65,56, </key>
<key name="begin"> 73,60,61,63,65, </key>
<key name="behav"> 49,23, </key>
<key name="behavior"> 49, </key>
<key name="below"> 12,15,19,31,65,55, </key>
<key name="beta"> 9,71,80, </key>
<key name="bind"> 34,38,32,35,36,52, </key>
<key name="blank"> 39,19,35, </key>
<key name="blob"> 52,56, </key>
<key name="block"> 40,41,3, </key>
<key name="book"> 8,12,38,19,5,11,31, </key>
<key name="boolean"> 38, </key>
<key name="both"> 8,34,38,36,61,37,6,79, </key>
<key name="bottom"> 8,19, </key>
<key name="boulevard"> 9, </key>
<key name="bounc"> 66,41,42,46, </key>
<key name="box"> 8,57,34,33,19,5,35,36,60,61,52,71,22,76,27,63,28,65,56, </key>
<key name="br"> 73, </key>
<key name="brows"> 8,12,33,74,79,63, </key>
<key name="build"> 21,63,31, </key>
<key name="built"> 31, </key>
<key name="bulk"> 16,10, </key>
<key name="busy"> 21,31, </key>
<key name="button"> 8,12,68,79, </key>
<key name="byt"> 67,52,56, </key>
<key name="ca"> 9,10, </key>
<key name="cach"> 68, </key>
<key name="cal"> 16, </key>
<key name="calculat"> 78, </key>
<key name="calendar"> 9,15,3,21,19,5,61,24,71,23,76,26,31,55,70, </key>
<key name="cancel"> 60,61,25, </key>
<key name="cannot"> 66,12,38,32,45,51,16,4,19,74,1,46,48,60,61,24,52,22,25,63,56, </key>
<key name="capabiliti"> 9, </key>
<key name="capacity"> 21, </key>
<key name="car"> 61, </key>
<key name="cas"> 21,61,6,22,50, </key>
<key name="categori"> 76,31, </key>
<key name="caution"> 60,61,25,50, </key>
<key name="ceil"> 47, </key>
<key name="central"> 8, </key>
<key name="certain"> 61, </key>
<key name="certificat"> 10, </key>
<key name="chang"> 8,9,12,57,34,39,2,41,13,14,15,67,3,45,51,33,16,17,21,4,5,48,59,24,37,47,52,53,71,6,22,23,27,26,29,63,30,31,65,69,55,56, </key>
<key name="chapt"> 39,53, </key>
<key name="character"> 12,5, </key>
<key name="check"> 12,57,34,40,67,73,45,51,16,21,19,5,35,36,61,47,52,49,71,22,23,76,27,25,79,29,63,54,64,55,56, </key>
<key name="checkbox"> 19,61, </key>
<key name="checkmark"> 52, </key>
<key name="choic"> 31, </key>
<key name="choos"> 34,14,62,27,54,30, </key>
<key name="chosen"> 2, </key>
<key name="city"> 21, </key>
<key name="clam"> 40, </key>
<key name="clamav"> 40, </key>
<key name="clas"> 8,57,34,2,3,21,4,5,24,37,6,27,11, </key>
<key name="classify"> 31, </key>
<key name="clear"> 43,44,45,51,52, </key>
<key name="cli"> 10,52, </key>
<key name="click"> 8,12,57,34,2,14,15,73,33,16,17,21,4,19,18,58,74,35,36,59,60,75,61,77,7,37,62,68,23,76,27,25,26,79,29,63,54,30,64,28,65,55,56, </key>
<key name="clickabl"> 12,79, </key>
<key name="client"> 12,14,15,3,45,51,16,4,5,20,7,49,23,79,31, </key>
<key name="clos"> 14,32,24,25, </key>
<key name="cn"> 38,63,65, </key>
<key name="co"> 8,12,57,34,2,41,15,3,16,21,4,5,20,46,7,47,71,6,22,23,27,78,79,11,31,55, </key>
<key name="collaboration"> 9,39,40,32,5,76,11,80,56, </key>
<key name="colleagu"> 31, </key>
<key name="collect"> 7, </key>
<key name="color"> 31, </key>
<key name="column"> 8,2,77,55, </key>
<key name="com"> 9,38,32,33,16,20,68,76,63, </key>

</ftswdata>  
