<?xml version='1.0' encoding='windows-1252' ?>
<!-- saved from url=(0014)about:internet -->
<ftswdata>
<key name="wiki"> 11,42,10,95,36, </key>
<key name="will"> 17,67,42,49,21,59,22,23,5,10,68,70,27,72,75,99,76,30,32,91,77,78,79,80,81,64, </key>
<key name="window"> 11,17,76,30,91,77,36,79,80,81, </key>
<key name="with"> 39, </key>
<key name="within"> 11,7,17,46,39,10,95,71,43,99,14,62,91,38,36,87, </key>
<key name="without"> 46,41,31,62,63,87, </key>
<key name="wizard"> 11,42,46,39,22,29,10,68,70,72,43,44,73,16,75,66,31,45,76,14,77,79,80,81, </key>
<key name="word"> 22, </key>
<key name="work"> 75,99,38,80,81, </key>
<key name="would"> 39,29,70,72,77, </key>
<key name="writ"> 42, </key>
<key name="writh"> 77, </key>
<key name="wrong"> 89, </key>
<key name="www"> 99, </key>
<key name="x"> 83,53,55, </key>
<key name="xml"> 71, </key>
<key name="year"> 83, </key>
<key name="yes"> 1,102, </key>
<key name="your"> 17,100,19,48,3,50,46,39,53,22,23,5,25,95,96,101,69,70,26,2,72,97,31,99,85,57,35,58,102,93,77,79,80,81,65, </key>
<key name="z"> 17,90, </key>
<key name="z1"> 71, </key>
<key name="zc"> 11,7,100,19,47,95,96,70,26,71,56,97,99,14,90,30,102,103,79,80,81, </key>
<key name="zimbra"> 82,11,12,7,67,47,48,40,49,21,83,4,46,39,51,52,53,59,41,22,5,10,95,84,96,68,101,70,26,0,27,71,72,56,73,16,75,66,97,13,60,99,76,61,85,14,90,30,58,102,62,93,92,103,77,78,15,38,36,79,80,81,98,86,65, </key>
<key name="zimbraaccount"> 46, </key>
<key name="zimbradistributionlist"> 46, </key>
<key name="zimbramailaddres"> 46, </key>
<key name="zimbramailalia"> 46, </key>
<key name="zimbramaildeliveryaddres"> 46, </key>
<key name="zimlet"> 11,100,4,22,5,101,26,0,99,14,102,103, </key>
<key name="zip"> 48,0,1,102,103, </key>
<key name="zmprov"> 22,60, </key>
<key name="zon"> 22,30, </key>
<key name="zwc"> 95,96,27,97,14,38, </key>

</ftswdata>  
