<?xml version='1.0' encoding='windows-1252' ?>
<ftswdata>
<key name="punctuation"> 83, </key>
<key name="purg"> 16,2,29, </key>
<key name="qualifi"> 54, </key>
<key name="query"> 11,18,50,56,14,69, </key>
<key name="question"> 74,14,71,72, </key>
<key name="queu"> 73,11,46,19,58,76,60, </key>
<key name="quick"> 11,17,79,9,28,89,14,84,35,33, </key>
<key name="quickadd"> 4,27, </key>
<key name="quit"> 16, </key>
<key name="quota"> 11,16,20,2,21,3,4,28,58,5,61, </key>
<key name="random"> 1,3, </key>
<key name="rath"> 37,67,35, </key>
<key name="rbl"> 44, </key>
<key name="re"> 16,28,76,81,30,84, </key>
<key name="reach"> 16,20,83,61, </key>
<key name="read"> 39,52,14,72, </key>
<key name="ready"> 73,24, </key>
<key name="reason"> 73, </key>
<key name="reassign"> 3, </key>
<key name="receiv"> 73,44,19,74,50,21,24,28,76,54,27,29,35,71,62,72, </key>
<key name="recent"> 63,81, </key>
<key name="recipient"> 44,45,46,47,74,50,56,24,75,51,28,35, </key>
<key name="recommend"> 67,68,76, </key>
<key name="record"> 11,50,56,38,26,3,57,35, </key>
<key name="recur"> 26, </key>
<key name="redirect"> 22, </key>
<key name="ref"> 63,44,68,15, </key>
<key name="refer"> 63,44, </key>
<key name="referenc"> 62, </key>
<key name="reflect"> 11,8, </key>
<key name="refresh"> 63,64,76, </key>
<key name="regard"> 57, </key>
<key name="regardles"> 46,35, </key>
<key name="register"> 57, </key>
<key name="regular"> 26,32,15, </key>
<key name="reindex"> 28,30, </key>
<key name="reject"> 46,47,20,2,50,26,51,28,52,61, </key>
<key name="relay"> 63,50,56,57,55,71,72, </key>
<key name="releas"> 11,6,9,76, </key>
<key name="reliabl"> 12, </key>
<key name="remain"> 16,29,31,59, </key>
<key name="rememb"> 16,59, </key>
<key name="remind"> 27, </key>
<key name="remov"> 90,8,22,9,87,91,25,28,89,5,92,69, </key>
<key name="renam"> 31, </key>
<key name="reoccur"> 26, </key>
<key name="rep"> 0,27,35, </key>
<key name="repeat"> 83, </key>
<key name="repli"> 35, </key>
<key name="replicat"> 71,72, </key>
<key name="report"> 75,58, </key>
<key name="represent"> 43, </key>
<key name="request"> 38,67,35, </key>
<key name="requeu"> 76, </key>
<key name="requir"> 39,74,43,36,48,49,50,38,21,65,42,14,30,55,83,35, </key>
<key name="resend"> 73, </key>
<key name="reset"> 21,57,5,81,82,84, </key>
<key name="resid"> 29, </key>
<key name="resolv"> 39,40,41, </key>
<key name="resourc"> 11,18,26,28,89,34,33, </key>
<key name="restart"> 57, </key>
<key name="restrict"> 2,21,3,54, </key>
<key name="restriction"> 2,21,26,54,81, </key>
<key name="result"> 39,17,18,43,36,24,40,41,42,52,30,33, </key>
<key name="resum"> 46,60, </key>
<key name="retriev"> 14,81,30, </key>
<key name="retrieval"> 53, </key>
<key name="return"> 39,17,36,24,41,42,30, </key>
<key name="reus"> 76, </key>
<key name="review"> 44,69,71,72, </key>
<key name="revok"> 8, </key>
<key name="rfc"> 54, </key>
<key name="rich"> 6,35, </key>
<key name="right"> 11,17,18,1,24,9,30,60, </key>
<key name="room"> 73,26, </key>
<key name="root"> 0,57,69,62, </key>
<key name="rout"> 73,43,0,76,35, </key>
<key name="rul"> 44,46,80,43,36,51,67,52,14,5,81,82,83,35, </key>
<key name="run"> 11,43,36,65,58,30,93,35,71,77,72, </key>
<key name="s"> 11,63,7,17,44,79,19,43,48,49,50,56,21,26,3,9,75,87,10,25,0,65,28,13,57,89,58,54,5,81,27,30,92,59,84,93,69,15,71,78,72, </key>
<key name="sam"> 17,26,24,53,31,33, </key>
<key name="samantha"> 17,24,33, </key>
<key name="sammy"> 17,24,33, </key>
<key name="sampl"> 86, </key>
<key name="samson"> 17,24,33, </key>
<key name="samuel"> 17,24,33, </key>
<key name="sav"> 7,17,90,1,8,19,21,22,3,24,91,10,40,41,27,32,31,82,84,93,60,34,35,71,62,72, </key>
<key name="scal"> 74, </key>
<key name="scan"> 73, </key>
<key name="schedul"> 11,26,75,67,28,89,35, </key>
<key name="schema"> 36, </key>
<key name="scor"> 44, </key>
<key name="screen"> 38,89, </key>
<key name="scroll"> 17,24, </key>
<key name="se"> 73,11,74,50,21,22,9,41,65,66,28,13,57,89,58,76,5,69,35,77, </key>
<key name="search"> 11,12,39,17,18,43,36,38,22,24,4,40,41,42,52,14,27,30,69,35,33, </key>
<key name="second"> 75,59,82, </key>
<key name="secondary"> 62, </key>
<key name="section"> 17,24,10,76,92,93,35, </key>
<key name="secur"> 14,83, </key>
<key name="security"> 11,50,56,15, </key>
<key name="select"> 11,63,39,7,17,90,18,1,37,46,8,19,20,74,43,36,38,21,22,26,3,24,9,86,87,23,64,91,51,40,41,28,42,57,68,76,14,27,32,30,31,84,69,34,35,33,71,78,62,72, </key>
<key name="self"> 13, </key>
<key name="send"> 73,45,46,47,50,56,24,75,51,28,76,54,14,55,35, </key>
<key name="sender"> 54, </key>
<key name="sent"> 73,63,74,26,75,25,0,58,14,27,29,34,35, </key>
<key name="separat"> 11,24,69, </key>
<key name="sequenc"> 17,24,33,71,72, </key>
<key name="seri"> 73,21,71,72, </key>
<key name="serv"> 11,16,63,39,18,45,1,37,46,20,74,2,43,36,48,49,50,56,38,21,26,3,4,64,91,10,40,41,53,65,67,85,28,13,42,57,68,58,76,14,81,55,92,84,93,69,60,70,15,71,77,61,62,72, </key>
<key name="server"> 11,18,1,37,74,43,48,49,56,26,3,86,40,41,53,67,52,57,58,60,15,77,62, </key>
<key name="servic"> 11,12,6,63,39,90,1,46,2,43,36,48,49,26,3,4,87,51,65,67,28,13,42,52,57,58,5,32,60,15,77, </key>
<key name="session"> 16,2,21,3,4,59, </key>
<key name="set"> 73,11,16,39,7,18,44,45,46,8,19,20,2,43,48,49,50,56,38,21,26,3,9,86,25,0,51,40,41,53,67,52,57,89,54,14,5,81,32,29,55,59,82,84,83,93,35,71,61,72, </key>
<key name="setting"> 11,39,44,45,46,47,20,2,43,36,48,49,50,56,21,4,51,40,41,42,52,14,5,55,15, </key>
<key name="setup"> 28, </key>
<key name="shar"> 12,6,24,9,59,35, </key>
<key name="shift"> 17,24, </key>
<key name="ship"> 92, </key>
<key name="shortcut"> 14, </key>
<key name="should"> 16,63,44,1,8,36,48,49,21,24,9,25,41,67,81,55,92,82,69,71,72, </key>
<key name="show"> 11,17,74,2,22,4,28,57,76,14,27,61,62, </key>
<key name="shown"> 63,26,71,72, </key>
<key name="sid"> 18,67, </key>
<key name="sign"> 18,13, </key>
<key name="signatur"> 4,27, </key>
<key name="similar"> 50,56, </key>
<key name="simp"> 86, </key>
<key name="simultaneous"> 67,35,71,72, </key>
<key name="sinc"> 67, </key>
<key name="singl"> 36,50,53,68,76,69,35,71, </key>
<key name="sit"> 26,53, </key>
<key name="siz"> 16,74,50,4,52,57,58,35,71,61,62,72, </key>
<key name="skyp"> 89, </key>
<key name="smith"> 21,69, </key>
<key name="smtp"> 50,56,54,55,72, </key>
<key name="sn"> 43, </key>
<key name="snapshot"> 76, </key>
<key name="snmp"> 11,57,58,77, </key>
<key name="so"> 45,43,50,56,26,0,89,54, </key>
<key name="soft"> 19, </key>
<key name="softwar"> 44,45,89, </key>
<key name="sort"> 12,58,61, </key>
<key name="soul"> 72, </key>
<key name="sourc"> 12,69,70,71,72, </key>
<key name="spac"> 16,20,74,21,3,24,58,61, </key>
<key name="spam"> 73,11,16,44,74,50,4,52,57,58,54,29,77, </key>
<key name="spamassassin"> 44, </key>
<key name="specifi"> 16,18,19,43,36,22,25,28,68,14,27,82,71, </key>
<key name="specific"> 11,39,18,1,47,74,2,43,36,22,24,87,51,28,52,58,76,14,81,82,69,33, </key>
<key name="specification"> 89, </key>
<key name="specify"> 18,1,38,26,3,25,40,82,35,71,72, </key>
<key name="spell"> 57,77, </key>
<key name="split"> 53, </key>
<key name="spread"> 47, </key>
<key name="spreadsheet"> 6, </key>
<key name="ssl"> 39,43,36,48,49,50,56,40,41,53,57, </key>
<key name="standard"> 12,4,54,27,69, </key>
<key name="start"> 64,65,13,30,71,72, </key>
<key name="stat"> 46,26,51, </key>
<key name="statistic"> 11,20,74,58,15,61, </key>
<key name="statu"> 11,63,18,46,19,80,26,28,57,58,30,82,34,70,15,77,62, </key>
<key name="status"> 18,19, </key>
<key name="stay"> 73,21,26,76, </key>
<key name="step"> 39,21,40,41,42,69, </key>
<key name="still"> 19,30,62, </key>
<key name="stop"> 46,13,30,60, </key>
<key name="stor"> 11,57,81,84,69,62, </key>
<key name="storag"> 62, </key>
<key name="str"> 43,27,33, </key>
<key name="street"> 26, </key>
<key name="styl"> 4,27,35, </key>
<key name="subject"> 44,35, </key>
<key name="subscrib"> 12, </key>
<key name="subtre"> 69, </key>
<key name="succeed"> 36, </key>
<key name="successful"> 73, </key>
<key name="suggest"> 37,26,35, </key>
<key name="suit"> 12,44,45,36,9,4,89,15,88,62, </key>
<key name="summari"> 76, </key>
<key name="summary"> 39,40,41,58,76, </key>
<key name="sup"> 72, </key>
<key name="suppli"> 36, </key>
<key name="support"> 12, </key>
<key name="sur"> 38, </key>
<key name="surnam"> 43, </key>
<key name="suspect"> 19, </key>
<key name="suspend"> 60, </key>
<key name="symbol"> 21, </key>
<key name="syntax"> 18,43, </key>
<key name="system"> 11,47,74,43,3,0,57,89,54,83,15,62,72, </key>
<key name="system32"> 72, </key>
<key name="t"> 24,28, </key>
<key name="tab"> 11,7,17,90,44,45,1,37,46,47,8,19,80,20,2,48,49,50,56,38,22,3,9,87,91,25,42,52,57,89,76,14,81,27,32,29,82,84,60,34,35,77,62, </key>

</ftswdata>  
