<?xml version='1.0' encoding='windows-1252' ?>
<!-- saved from url=(0014)about:internet -->
<ftswdata>
<key name="organization"> 47,68,95,94,38, </key>
<key name="origin"> 62,84, </key>
<key name="original"> 54,29,33, </key>
<key name="originat"> 54,56, </key>
<key name="other"> 7,10,25,38,39, </key>
<key name="otherwis"> 40,38, </key>
<key name="ou"> 95, </key>
<key name="our"> 100, </key>
<key name="out"> 11,15,17,18,88,19,29,63,90,38,35, </key>
<key name="outbound"> 82, </key>
<key name="outbreak"> 50, </key>
<key name="outlook"> 75,38,79, </key>
<key name="output"> 61, </key>
<key name="outsid"> 58, </key>
<key name="overrid"> 15,4,60,20,5,24,6, </key>
<key name="overridden"> 4,31, </key>
<key name="overrul"> 52,53, </key>
<key name="overview"> 73,67, </key>
<key name="own"> 28,94,29,34,92,38,39, </key>
<key name="packag"> 82,83,61,62,85, </key>
<key name="pag"> 11,7,15,43,8,9,19,42,10,96,24,44,45,73,67,46,100,29,63,104,79,80, </key>
<key name="pan"> 11,17,18,82,4,20,21,28,5,23,22,102,24,0,30,61,100,62,84,29,34,1,103,92,104,64,37,35,85, </key>
<key name="parameter"> 47,56, </key>
<key name="part"> 47,40,42,35,80, </key>
<key name="partial"> 16,21,23,32,77,35, </key>
<key name="particular"> 50,4,5,64, </key>
<key name="partner"> 12, </key>
<key name="party"> 100,38, </key>
<key name="pas"> 54,60, </key>
<key name="password"> 11,15,69,43,49,87,18,88,4,47,40,54,60,42,20,5,10,71,24,44,45,73,67,68,30,6,89,34,90,92,91,14,38,79,80,86, </key>
<key name="past"> 43,44,45,89, </key>
<key name="path"> 10,68,61,80,66, </key>
<key name="penalti"> 84, </key>
<key name="per"> 7,82,47,10,44,45,29,34, </key>
<key name="percent"> 48, </key>
<key name="percentag"> 19,62,65,39, </key>
<key name="perform"> 47,13,29,35, </key>
<key name="performanc"> 12,47,75,62,14, </key>
<key name="period"> 20,75,90, </key>
<key name="periodic"> 81, </key>
<key name="permanent"> 66, </key>
<key name="permission"> 11,7,43,8,9,10,46,76,79, </key>
<key name="permit"> 38, </key>
<key name="person"> 38, </key>
<key name="persona"> 38, </key>
<key name="personal"> 11,15,25,75,31,38,39, </key>
<key name="phon"> 20,28,100, </key>
<key name="pick"> 72,75,77, </key>
<key name="piec"> 28,30, </key>
<key name="plac"> 81, </key>
<key name="pleas"> 45, </key>
<key name="point"> 69,84,79,80, </key>
<key name="pol"> 29, </key>
<key name="polici"> 14, </key>
<key name="policy"> 11,15,28,24, </key>
<key name="pool"> 3,4,28,5, </key>
<key name="poor"> 58, </key>
<key name="pop"> 11,4,52,53,20,57,56,61,14,38, </key>
<key name="pop3"> 53,61,38, </key>
<key name="pops3"> 56, </key>
<key name="populat"> 28, </key>
<key name="port"> 43,47,40,52,53,54,60,71,44,45,57,73,67,61, </key>
<key name="portion"> 72,77,79,80, </key>
<key name="possibl"> 61,84,29, </key>
<key name="post"> 38, </key>
<key name="postfix"> 54,83,2,84,59, </key>
<key name="postmast"> 2, </key>
<key name="potential"> 41, </key>
<key name="powerful"> 11,35, </key>
<key name="practic"> 92, </key>
<key name="precedenc"> 50,55, </key>
<key name="preconfigur"> 100,77, </key>
<key name="predefin"> 35, </key>
<key name="preferenc"> 4,20,5,24,26,29,36,38,39, </key>
<key name="prefix"> 48, </key>
<key name="premis"> 28, </key>
<key name="pres"> 23, </key>
<key name="present"> 57, </key>
<key name="prevent"> 50,34,59,79,80, </key>
<key name="previou"> 43,21,44,45,66, </key>
<key name="previous"> 75, </key>
<key name="primary"> 66, </key>
<key name="priority"> 39, </key>
<key name="privat"> 75,68,95,94,80, </key>
<key name="privileg"> 43,23,10,100,76,79,80,39, </key>
<key name="problem"> 84, </key>
<key name="proceed"> 69, </key>
<key name="proces"> 81,11,43,40,73,67,75,46,61,32,79,80, </key>
<key name="product"> 39, </key>
<key name="production"> 95, </key>
<key name="profil"> 76,79, </key>
<key name="progres"> 74,32,79,80,39, </key>
<key name="projector"> 28, </key>
<key name="prompt"> 76, </key>
<key name="properti"> 37, </key>
<key name="protect"> 49,51, </key>
<key name="protection"> 11,48,49,56,58, </key>
<key name="protocol"> 54,93,56,58,38, </key>
<key name="provid"> 40,45,58,79,80,39, </key>
<key name="provinc"> 95, </key>
<key name="provision"> 11,69,20,30,13,76,78,14,79,80, </key>
<key name="proxy"> 52,53,57,61,59, </key>
<key name="public"> 43,9,10,94,38, </key>
<key name="punctuation"> 15,89, </key>
<key name="purg"> 15,4,31, </key>
<key name="push"> 38, </key>
<key name="qualifi"> 58, </key>
<key name="query"> 17,54,60,72,77,35, </key>
<key name="question"> 82,35,79,80, </key>
<key name="queu"> 81,11,50,18,62,84,64, </key>
<key name="quick"> 11,16,87,10,30,100,92,38,35, </key>
<key name="quickadd"> 29, </key>
<key name="quit"> 15, </key>
<key name="quota"> 11,15,19,82,4,20,5,24,30,62,6,65, </key>
<key name="radial"> 97,98, </key>
<key name="random"> 3,5, </key>
<key name="rath"> 41,75,38, </key>
<key name="rbl"> 48, </key>
<key name="rc2"> 99, </key>
<key name="re"> 30,84,32,92, </key>
<key name="reach"> 15,19,89,65, </key>
<key name="read"> 43,73,67,56,29,79,80,39, </key>
<key name="ready"> 81,23, </key>
<key name="real"> 38,39, </key>
<key name="reason"> 81, </key>
<key name="reassign"> 5, </key>
<key name="rebrand"> 96, </key>
<key name="receiv"> 81,48,18,82,54,20,23,24,95,30,94,84,58,29,31,38,79,80,66,39, </key>
<key name="recent"> 69,89, </key>
<key name="recipient"> 48,49,50,51,82,54,60,23,83,55,30,38, </key>
<key name="recommend"> 75,76,84, </key>
<key name="record"> 11,54,60,42,28,5,61, </key>
<key name="recur"> 28,25,39, </key>
<key name="redirect"> 21,24, </key>
<key name="ref"> 69,48,76,14, </key>
<key name="refer"> 69,48, </key>
<key name="referenc"> 66, </key>
<key name="reflect"> 11,9, </key>
<key name="refresh"> 69,70,84, </key>
<key name="regard"> 61, </key>
<key name="regardles"> 50,38, </key>
<key name="register"> 61, </key>
<key name="regular"> 28,34, </key>
<key name="reindex"> 30,32, </key>
<key name="reject"> 50,51,19,4,54,28,55,30,56,65, </key>
<key name="relay"> 69,54,60,61,59,79,80, </key>
<key name="releas"> 84, </key>
<key name="reliabl"> 12, </key>
<key name="remain"> 15,31,33,63, </key>
<key name="rememb"> 15,63, </key>
<key name="remind"> 29, </key>
<key name="remot"> 56, </key>
<key name="remov"> 9,21,10,97,102,24,0,26,98,30,100,6,1,103,77, </key>
<key name="renam"> 33, </key>
<key name="reoccur"> 28, </key>
<key name="rep"> 2,29,38, </key>
<key name="replac"> 75,80, </key>
<key name="repli"> 38, </key>
<key name="replicat"> 79,80, </key>
<key name="report"> 83,62, </key>
<key name="represent"> 47, </key>
<key name="request"> 42,75,95,94,38, </key>
<key name="requeu"> 84, </key>
<key name="requir"> 15,43,82,47,40,52,53,54,42,20,73,67,68,95,46,32,59,91,38, </key>
<key name="resend"> 81, </key>
<key name="reset"> 20,24,61,6,89,90,92, </key>
<key name="resid"> 31, </key>
<key name="resolv"> 43,44,45, </key>
<key name="resourc"> 11,17,28,30,100,37,35, </key>
<key name="restart"> 95,61, </key>
<key name="restrict"> 4,20,5,58, </key>
<key name="restriction"> 4,20,28,58,89, </key>
<key name="result"> 43,16,17,47,40,23,44,45,46,56,32,35, </key>
<key name="resum"> 50,64, </key>
<key name="retriev"> 89,32,38, </key>
<key name="retrieval"> 57, </key>
<key name="return"> 43,16,40,23,45,46,32, </key>
<key name="reus"> 15,84,89, </key>
<key name="review"> 48,77,79,80, </key>
<key name="revok"> 9, </key>
<key name="rfc"> 58, </key>
<key name="rich"> 7,38,39, </key>
<key name="right"> 11,16,17,3,23,10,95,32,64, </key>
<key name="room"> 81,28, </key>
<key name="root"> 2,61,77,66, </key>
<key name="rout"> 81,47,2,84,38, </key>
<key name="rsa"> 95,94, </key>
<key name="rul"> 48,50,88,47,40,54,55,75,94,56,6,89,90,91,38, </key>
<key name="run"> 11,47,40,73,67,95,62,32,104,38,79,80,85, </key>
<key name="s"> 11,15,69,8,16,48,87,18,47,52,53,54,60,20,28,5,10,83,72,24,25,0,26,2,73,67,68,30,13,61,100,62,58,6,89,29,32,1,103,63,92,104,77,14,35,79,80,86,39, </key>
<key name="sam"> 16,28,23,57,33,35, </key>
<key name="samantha"> 16,23,35, </key>
<key name="sammy"> 16,23,35, </key>
<key name="sampl"> 96, </key>
<key name="samson"> 16,23,35, </key>
<key name="samuel"> 16,23,35, </key>
<key name="san"> 95, </key>
<key name="sav"> 11,8,16,101,17,3,9,18,20,21,5,23,97,102,24,0,26,44,45,95,98,29,34,33,90,92,104,64,37,38,79,80,66,39, </key>
<key name="scal"> 82, </key>
<key name="scan"> 81, </key>
<key name="schedul"> 11,28,83,25,75,30,100,38,39, </key>
<key name="schema"> 40, </key>
<key name="scor"> 48, </key>
<key name="screen"> 42,100, </key>
<key name="scroll"> 16,23, </key>
<key name="se"> 81,11,15,82,4,54,20,21,10,72,24,45,73,67,74,95,27,30,13,94,56,61,100,62,84,6,91,77,38,85,39, </key>
<key name="search"> 11,12,43,16,17,47,40,42,21,23,72,44,45,30,46,56,29,32,77,38,35,39, </key>
<key name="second"> 15,83,75,95,63,90, </key>
<key name="secondary"> 66, </key>
<key name="section"> 16,20,23,0,84,1,103,36,104,38,35, </key>
<key name="secur"> 73,91, </key>
<key name="secure"> 95, </key>
<key name="security"> 11,54,60,14, </key>

</ftswdata>  
