<?xml version='1.0' encoding='windows-1252' ?>
<ftswdata>
<key name="well"> 7, </key>
<key name="what"> 2,54,13,3,48,37,5, </key>
<key name="whenev"> 22, </key>
<key name="wheth"> 6,12,2,32,27,54,48,40,52,43, </key>
<key name="whil"> 47,48,21,52, </key>
<key name="whos"> 16,40,20,43, </key>
<key name="wid"> 6, </key>
<key name="will"> 44,28,35,13,14,3,17,48,49,57,59,50,51,52, </key>
<key name="window"> 6,49,19,50,52, </key>
<key name="with"> 27, </key>
<key name="within"> 6,32,27,29,18,26, </key>
<key name="without"> 7,32,20,41,26, </key>
<key name="wizard"> 6,28,32,27,54,13,45,29,30,46,48,31,20,49,57,50,9,52, </key>
<key name="word"> 13, </key>
<key name="work"> 48, </key>
<key name="would"> 27,54,50, </key>
<key name="writh"> 50, </key>
<key name="www"> 7, </key>
<key name="x"> 39, </key>
<key name="your"> 34,1,35,32,27,54,14,3,4,55,17,0,56,58,20,37,57,22,38,24,50,52,43, </key>
<key name="zc"> 6, </key>
<key name="zimbra"> 6,7,44,33,34,35,39,2,32,27,54,13,3,4,45,0,46,56,48,58,8,31,40,49,19,57,38,50,51,9,25,52,61,42,43, </key>
<key name="zimbraaccount"> 32, </key>
<key name="zimbradistributionlist"> 32, </key>
<key name="zimbramailaddres"> 32, </key>
<key name="zimbramailalia"> 32, </key>
<key name="zimbramaildeliveryaddres"> 32, </key>
<key name="zip"> 34, </key>
<key name="zmprov"> 13,40, </key>

</ftswdata>  
