<?xml version='1.0' encoding='windows-1252' ?>
<ftswdata>
<key name="0"> 11,5, </key>
<key name="05"> 8,50, </key>
<key name="0505"> 8, </key>
<key name="10"> 32, </key>
<key name="100"> 8,25,27, </key>
<key name="12"> 7,33, </key>
<key name="1500"> 8, </key>
<key name="2"> 49, </key>
<key name="2005"> 8, </key>
<key name="212"> 8, </key>
<key name="24"> 7,33,34, </key>
<key name="25"> 4, </key>
<key name="3"> 7,33,34, </key>
<key name="30"> 11,4,48, </key>
<key name="33"> 28, </key>
<key name="389"> 25,24, </key>
<key name="5"> 50, </key>
<key name="6"> 11,4,16, </key>
<key name="60"> 32, </key>
<key name="64"> 11,4,16, </key>
<key name="650"> 8, </key>
<key name="7"> 6, </key>
<key name="7025"> 32, </key>
<key name="7071"> 40, </key>
<key name="75"> 28, </key>
<key name="8"> 8,50, </key>
<key name="ability"> 8, </key>
<key name="abl"> 36, </key>
<key name="abov"> 7, </key>
<key name="acces"> 7,11,30,24,22,23, </key>
<key name="account"> 7,11,38,29,1,30,0,12,2,13,14,3,4,39,15,42,9,31,18,5,16,17,19,48,20,49,21,44,45,10,22,46,23, </key>
<key name="action"> 11,41,49,22,23, </key>
<key name="activ"> 11,25,12,24,26,19,49,44, </key>
<key name="activity"> 11,49, </key>
<key name="ad"> 38,25,28,2,14,3,15,26,17, </key>
<key name="add"> 25,1,14,15,35, </key>
<key name="addition"> 7,22, </key>
<key name="additional"> 25,32,15,26,22, </key>
<key name="addres"> 7,11,25,29,32,12,27,13,14,6,15,26,35,17,20,10,22,46, </key>
<key name="admin"> 40, </key>
<key name="administration"> 7,11,14,6,15,40,9,26,35,18,10,46,50, </key>
<key name="administrator"> 11,29,13,40,9,21,46, </key>
<key name="advanc"> 8,11,30,2,13,3,4,5,19,48,49,22, </key>
<key name="advertis"> 32, </key>
<key name="affect"> 30,42, </key>
<key name="ag"> 11,16,48, </key>
<key name="again"> 21,44, </key>
<key name="aggressive"> 28, </key>
<key name="alert"> 29, </key>
<key name="alia"> 13,14,15,20, </key>
<key name="alias"> 7,13,14, </key>
<key name="allow"> 11,2,27,31,18, </key>
<key name="along"> 8, </key>
<key name="alternat"> 13, </key>
<key name="although"> 42, </key>
<key name="alway"> 4,17, </key>
<key name="amount"> 16, </key>
<key name="anoth"> 27,4,41,18, </key>
<key name="anti"> 7,28,29,32,31,37, </key>
<key name="antiviru"> 29, </key>
<key name="any"> 11,38,29,30,0,3,41,42,31,16,48,20,49,22,46,23, </key>
<key name="ap"> 30,31,5,22, </key>
<key name="appear"> 12,13,41,44,46, </key>
<key name="application"> 2, </key>
<key name="appointment"> 22, </key>
<key name="appropriat"> 41, </key>
<key name="archiv"> 29, </key>
<key name="area"> 3,18, </key>
<key name="ask"> 46, </key>
<key name="assign"> 11,38,1,2,3,4,10, </key>
<key name="assist"> 23, </key>
<key name="associat"> 1,30,3,5, </key>
<key name="attach"> 30, </key>
<key name="attachment"> 11,30,2,13,3,4,31,5,22, </key>
<key name="attempt"> 24, </key>
<key name="attribut"> 2,27,13,3,16,48, </key>
<key name="audit"> 23, </key>
<key name="august"> 8, </key>
<key name="authenticat"> 40, </key>
<key name="authentication"> 7,11,25,32,24,26,31,19, </key>
<key name="auto"> 17, </key>
<key name="automatical"> 11,28,29,2,3,4,35,48, </key>
<key name="availabl"> 7,1,2,24,9,18,17,10, </key>
<key name="away"> 17, </key>
<key name="back"> 18, </key>
<key name="backup"> 9, </key>
<key name="bar"> 7, </key>
<key name="bas"> 25,27,24,21,44, </key>
<key name="basi"> 27,16,19, </key>
<key name="basic"> 7, </key>
<key name="batch"> 41, </key>
<key name="be"> 12,42,31,19,48,46, </key>
<key name="becom"> 27,13,22, </key>
<key name="befor"> 11,38,30,3,16,48,46, </key>
<key name="begin"> 42,46, </key>
<key name="below"> 11,14,22,46, </key>
<key name="beta"> 8, </key>
<key name="bind"> 25,32,27,24, </key>
<key name="blank"> 28, </key>
<key name="block"> 29,30,2,5, </key>
<key name="book"> 7,11,27,10,22, </key>
<key name="both"> 7,25,27,42,26,5, </key>
<key name="boulevard"> 8, </key>
<key name="box"> 38,25,13,5,16,19,20,44,46, </key>
<key name="brows"> 7,44, </key>
<key name="build"> 44,22, </key>
<key name="built"> 22, </key>
<key name="bulk"> 13,9, </key>
<key name="busy"> 22, </key>
<key name="button"> 7,11,18,49,21, </key>
<key name="ca"> 9, </key>
<key name="cal"> 13, </key>
<key name="calculat"> 48, </key>
<key name="calendar"> 2,22,23, </key>
<key name="cannot"> 11,3,35,16, </key>
<key name="capabiliti"> 8, </key>
<key name="car"> 42, </key>
<key name="cas"> 42,5, </key>
<key name="categori"> 22, </key>
<key name="caus"> 42, </key>
<key name="ceil"> 31, </key>
<key name="central"> 7, </key>
<key name="certain"> 42, </key>
<key name="certificat"> 9, </key>
<key name="chang"> 7,8,11,38,25,28,1,30,0,12,34,2,14,3,4,15,31,18,5,16,17,19,21,22,46, </key>
<key name="chapt"> 6, </key>
<key name="character"> 11,4, </key>
<key name="chart"> 33, </key>
<key name="check"> 11,38,25,29,30,0,33,34,13,42,31,5,16,19,21,44,36,45,37, </key>
<key name="checkbox"> 42, </key>
<key name="checkmark"> 32, </key>
<key name="choos"> 25,12,34,43,19,36, </key>
<key name="clam"> 29, </key>
<key name="clamav"> 29, </key>
<key name="clas"> 7,38,1,30,2,13,3,4,5,19,10, </key>
<key name="classify"> 22, </key>
<key name="clear"> 32, </key>
<key name="cli"> 9,35, </key>
<key name="click"> 7,11,38,25,1,30,12,33,34,13,14,3,39,15,41,42,43,5,19,20,49,21,44,36,45,46, </key>
<key name="clickabl"> 11,49, </key>
<key name="client"> 11,12,2,3,49,22, </key>
<key name="clos"> 12,24, </key>
<key name="cn"> 46, </key>
<key name="co"> 7,11,38,1,30,2,13,3,4,31,5,16,17,19,48,49,10,22, </key>
<key name="collaboration"> 8,28,29,24,4, </key>
<key name="colleagu"> 22, </key>
<key name="column"> 1,41, </key>
<key name="com"> 15, </key>
<key name="comma"> 44, </key>
<key name="command"> 13,6,9,35,49, </key>
<key name="commit"> 1,14,15,5,19,21, </key>
<key name="common"> 27,24,6,46, </key>
<key name="company"> 27, </key>
<key name="complet"> 27,41,20,44,46, </key>
<key name="component"> 7, </key>
<key name="compos"> 4,17,48,22, </key>
<key name="comput"> 22,46, </key>
<key name="concurrenc"> 42, </key>
<key name="conduct"> 43, </key>
<key name="configur"> 38,25,28,29,1,30,32,27,24,13,4,15,26,31,16,48,10,46, </key>
<key name="configuration"> 11,27,24,13,4,9,22, </key>
<key name="confirm"> 21, </key>
<key name="connect"> 25,32,24,40, </key>
<key name="connection"> 32,24,35, </key>
<key name="consid"> 13,3, </key>
<key name="consider"> 28,24, </key>
<key name="consistent"> 42, </key>
<key name="consol"> 7,11,14,15,9,26,18,10,46,50, </key>
<key name="consolidat"> 34, </key>
<key name="constraint"> 2,3,5, </key>
<key name="construct"> 44, </key>
<key name="contact"> 8,11,13,4,17,21,10,22,46, </key>
<key name="contain"> 3,9,19,44, </key>
<key name="content"> 7,11,25,32,12,33,34,3,19,20,49,21,37,23, </key>
<key name="continu"> 42,44, </key>
<key name="control"> 34,2,18, </key>
<key name="conversation"> 8,4,17,22, </key>
<key name="convert"> 46, </key>
<key name="copy"> 15, </key>
<key name="copyright"> 8, </key>
<key name="corporat"> 27, </key>
<key name="correct"> 24, </key>
<key name="correspond"> 5,22, </key>
<key name="cos"> 3, </key>
<key name="could"> 12,20, </key>
<key name="count"> 7,34, </key>
<key name="creat"> 7,38,1,2,24,13,14,3,4,39,6,15,9,26,18,43,16,19,21,44,45,10,22, </key>
<key name="criteria"> 22, </key>
<key name="current"> 7,42, </key>
<key name="dat"> 42,48,22,46, </key>
<key name="data"> 7,34, </key>
<key name="databas"> 44, </key>
<key name="day"> 11,4,16,48,49, </key>
<key name="decid"> 46, </key>
<key name="default"> 7,11,25,29,32,2,27,24,3,4,31,16,17,48,49,22, </key>
<key name="defin"> 7,8,29,2,3,31,35,10,22,46, </key>
<key name="delet"> 7,12,2,3,42,35,18,48,46, </key>
<key name="deliver"> 11,28,29,12,36, </key>
<key name="delivery"> 30,32,47,20, </key>
<key name="deni"> 2,3, </key>
<key name="department"> 27,6, </key>
<key name="depend"> 34,5, </key>
<key name="describ"> 25,43, </key>
<key name="description"> 7,11,25,32,2,3,41,26, </key>
<key name="deselect"> 3, </key>
<key name="designat"> 13, </key>
<key name="desir"> 30,12, </key>
<key name="destination"> 39,40,44,46, </key>
<key name="detail"> 7,25,33,6,41,35,10,22, </key>
<key name="determin"> 28,12,2,27,24,13,3,42,5,49,46, </key>
<key name="dialog"> 13,41,42,21,44,45,46, </key>
<key name="different"> 1,13,3,41,10, </key>
<key name="directory"> 11,25,27,24,13,26,16,19,21,44,46,37, </key>
<key name="disabl"> 11,28,30,12,3,31,5, </key>
<key name="discard"> 42, </key>
<key name="disk"> 7,11,33,34, </key>
<key name="display"> 7,25,32,33,34,2,14,4,41,17,20,44,45,46, </key>
<key name="distinguish"> 44, </key>
<key name="distribution"> 6,9, </key>
<key name="dn"> 25,32,27,24,31,44, </key>
<key name="document"> 8, </key>
<key name="documentation"> 43, </key>
<key name="domain"> 7,25,29,12,2,27,24,14,3,39,41,26,31,19,44,10,22,46, </key>
<key name="don"> 29, </key>

</ftswdata>  
