<?xml version='1.0' encoding='windows-1252' ?>
<ftswdata>
<key name="spac"> 10,13,14,3,17,46,48, </key>
<key name="spam"> 59,6,10,36,38,60,40,4,41,45,46,42,70,62, </key>
<key name="spamassassin"> 36,60, </key>
<key name="specifi"> 10,30,65,15,22,55,58, </key>
<key name="specific"> 6,38,39,60,2,35,30,15,17,22,41,46,61,20,26,56, </key>
<key name="specify"> 3,18,32,58, </key>
<key name="spell"> 45,62, </key>
<key name="spread"> 39, </key>
<key name="ssl"> 31,35,30,40,44,32,33,45, </key>
<key name="standard"> 7,11,4,42,21,56, </key>
<key name="start"> 65,51,52,67,8,23,58, </key>
<key name="stat"> 19, </key>
<key name="statistic"> 6,13,60,46,9,48, </key>
<key name="statu"> 6,50,38,12,19,22,45,46,23,28,57,9,62,49, </key>
<key name="status"> 12, </key>
<key name="stay"> 59,14,19,61, </key>
<key name="step"> 31,14,32,33,34,56, </key>
<key name="still"> 12,23,49, </key>
<key name="stop"> 38,8,23,47, </key>
<key name="stor"> 6,45,20,68,27,56,49, </key>
<key name="storag"> 49, </key>
<key name="str"> 35,21,26, </key>
<key name="street"> 19, </key>
<key name="styl"> 4,21,29, </key>
<key name="subject"> 7,36,29, </key>
<key name="subscrib"> 7, </key>
<key name="subtre"> 56, </key>
<key name="succeed"> 30, </key>
<key name="successful"> 59,67, </key>
<key name="sudden"> 38, </key>
<key name="suggest"> 19, </key>
<key name="suit"> 7,36,37,30,4,68,9,72,49, </key>
<key name="summari"> 61, </key>
<key name="summary"> 31,32,33,46,61, </key>
<key name="suppli"> 30, </key>
<key name="support"> 7, </key>
<key name="surg"> 38, </key>
<key name="surnam"> 35, </key>
<key name="suspect"> 12, </key>
<key name="suspend"> 47, </key>
<key name="symbol"> 14, </key>
<key name="syntax"> 35, </key>
<key name="system"> 6,39,35,3,0,69,34,45,42,9,49, </key>
<key name="t"> 22, </key>
<key name="tab"> 6,36,37,1,38,39,12,13,2,40,44,15,3,18,41,45,61,20,21,25,70,27,47,28,29,62,49, </key>
<key name="tag"> 7,36,60,22,68,29,58,63, </key>
<key name="tak"> 12,69,45,23, </key>
<key name="target"> 57,58, </key>
<key name="task"> 0,54,22,8,68,9, </key>
<key name="templat"> 31, </key>
<key name="temporari"> 59,38,17, </key>
<key name="temporary"> 55,58, </key>
<key name="ten"> 17, </key>
<key name="term"> 33, </key>
<key name="test"> 31,32,33, </key>
<key name="text"> 31,4,32,33,45,21,56, </key>
<key name="them"> 59,37,61,49, </key>
<key name="third"> 29, </key>
<key name="thoroughnes"> 35, </key>
<key name="thos"> 39,2,54, </key>
<key name="though"> 2, </key>
<key name="thre"> 30, </key>
<key name="thread"> 4,45,21, </key>
<key name="threshold"> 45,49, </key>
<key name="thu"> 19, </key>
<key name="thunderbird"> 29, </key>
<key name="tim"> 59,6,10,11,19,3,17,4,51,0,41,46,61,20,23,71,27,29,58,62, </key>
<key name="timeout"> 10,44,4,45,71, </key>
<key name="timezon"> 21, </key>
<key name="tip"> 15,22, </key>
<key name="tl"> 40,44,45, </key>
<key name="token"> 10,4,71, </key>
<key name="told"> 11, </key>
<key name="too"> 61, </key>
<key name="tool"> 6,2,14,15,3,22,8,34,23,58, </key>
<key name="toolbar"> 6,31,14,15,19,3,32,33,22,27, </key>
<key name="total"> 60, </key>
<key name="trac"> 8, </key>
<key name="track"> 65, </key>
<key name="trademark"> 7, </key>
<key name="traffic"> 38,47, </key>
<key name="train"> 36, </key>
<key name="transaction"> 40,44, </key>
<key name="transf"> 64, </key>
<key name="transfer"> 64, </key>
<key name="trash"> 10,19,4,70, </key>
<key name="tri"> 30, </key>
<key name="troubl"> 22,63, </key>
<key name="troubleshoot"> 69,61, </key>
<key name="trust"> 40,44, </key>
<key name="try"> 44, </key>
<key name="turn"> 36,62, </key>
<key name="two"> 36,37,0,61, </key>
<key name="typ"> 7,38,39,35,14,19,3,17,66,32,33,54,45,46,61,42,68,56,9,49, </key>
<key name="u"> 30, </key>
<key name="ui"> 10,4, </key>
<key name="un"> 47, </key>
<key name="unauthoriz"> 38,39,12, </key>
<key name="unavailabl"> 17,54,28, </key>
<key name="unchang"> 10, </key>
<key name="uniqu"> 59, </key>
<key name="unknown"> 40, </key>
<key name="unles"> 19, </key>
<key name="unlimit"> 10,15,29,48, </key>
<key name="unprovision"> 58, </key>
<key name="unread"> 36, </key>
<key name="unreadabl"> 59, </key>
<key name="unsolicit"> 36,40, </key>
<key name="up"> 35,14,0,54,41,20,27,29,58, </key>
<key name="updat"> 37,2,51,61,21,72, </key>
<key name="url"> 6,35,30,32,33, </key>
<key name="us"> 6,7,10,36,1,38,11,12,13,2,35,30,14,19,3,17,4,51,18,32,33,52,54,64,22,55,46,61,20,21,68,25,23,43,26,71,27,56,9,29,58,48,63,49, </key>
<key name="usa"> 7, </key>
<key name="usag"> 6,60,17,20, </key>
<key name="useful"> 19, </key>
<key name="user"> 10,50,36,38,12,13,2,35,30,40,44,14,19,3,4,18,0,54,22,20,21,25,70,23,27,56,47,29,58,48,63, </key>
<key name="usernam"> 31,52,68, </key>
<key name="usual"> 66,5,68, </key>
<key name="utiliti"> 8, </key>
<key name="utiliz"> 58, </key>
<key name="valid"> 10,30, </key>
<key name="valu"> 35,14,33,41,5, </key>
<key name="variou"> 6,35,3, </key>
<key name="verifi"> 35, </key>
<key name="verification"> 57,58, </key>
<key name="verify"> 68, </key>
<key name="version"> 72, </key>
<key name="via"> 39,45, </key>
<key name="view"> 59,6,10,36,38,12,13,60,2,15,19,3,17,4,69,22,46,61,5,21,71,29,62,48,63, </key>
<key name="violat"> 42, </key>
<key name="violator"> 42, </key>
<key name="viru"> 59,6,37,38,60,41,45,46,62, </key>
<key name="virus"> 39, </key>
<key name="volum"> 6,60,45,46,49, </key>
<key name="wait"> 21, </key>
<key name="walk"> 31, </key>
<key name="want"> 50,65,14,3,22,42,25,56, </key>
<key name="warn"> 53,67,58, </key>
<key name="warning"> 53,58, </key>
<key name="way"> 22, </key>
<key name="web"> 38,13,2,40,44,14,3,4,45,21,43,71,29, </key>
<key name="webmail"> 10,43, </key>
<key name="welcom"> 58, </key>
<key name="well"> 7, </key>
<key name="what"> 2,65,14,3,54,42,5,48, </key>
<key name="whenev"> 25, </key>
<key name="wheth"> 6,12,2,35,30,65,54,45,58,49, </key>
<key name="whil"> 59,53,54,61,23,58, </key>
<key name="whos"> 17,22,45,49, </key>
<key name="wid"> 6, </key>
<key name="will"> 10,50,31,38,13,44,14,15,3,18,54,55,21,68,70,56,57,58,48, </key>
<key name="window"> 6,55,21,56,58, </key>
<key name="with"> 30, </key>
<key name="within"> 6,35,30,32,20,71,63, </key>
<key name="without"> 7,35,22,71,47,63, </key>
<key name="wizard"> 6,31,35,30,65,14,19,51,32,33,52,54,22,34,55,68,56,9,58, </key>
<key name="word"> 14, </key>
<key name="work"> 54,71, </key>
<key name="would"> 30,65,19,56, </key>
<key name="writh"> 56, </key>
<key name="www"> 7, </key>
<key name="x"> 60, </key>
<key name="your"> 37,1,38,39,35,30,65,40,15,3,4,66,18,0,67,69,22,61,42,68,25,43,27,56,58,49, </key>
<key name="zc"> 6,36,20, </key>
<key name="zimbra"> 59,6,7,50,36,37,38,13,60,2,35,30,65,40,44,14,3,4,51,52,67,54,69,8,34,45,55,46,61,20,21,68,43,71,27,56,57,9,29,58,72,62,49, </key>
<key name="zimbraaccount"> 35, </key>
<key name="zimbradistributionlist"> 35, </key>
<key name="zimbramailaddres"> 35, </key>
<key name="zimbramailalia"> 35, </key>
<key name="zimbramaildeliveryaddres"> 35, </key>
<key name="zip"> 37, </key>
<key name="zmprov"> 14,45, </key>
<key name="zon"> 4, </key>

</ftswdata>  
