﻿<?xml version='1.0' encoding='utf-8' ?>
<!-- saved from url=(0014)about:internet -->
<ftswdata>
<key name="number"> 20,60, </key>
<key name="numeric"> 15, </key>
<key name="o"> 98, </key>
<key name="object"> 7,17,4,5,75,80,38, </key>
<key name="objectclas"> 50, </key>
<key name="obtain"> 97, </key>
<key name="occupant"> 28, </key>
<key name="occur"> 15,93, </key>
<key name="off"> 51,28,78,65,38,88,68, </key>
<key name="offer"> 12,40, </key>
<key name="offic"> 79,29,38, </key>
<key name="often"> 17,52,19,87, </key>
<key name="ok"> 9,21,75,77,78,32,95,80, </key>
<key name="old"> 15,42,19,24,78,92,31,82,83,68,69, </key>
<key name="olddomain"> 42, </key>
<key name="on"> 84,11,7,72,45,16,17,85,4,50,40,44,21,28,10,99,100,73,75,98,101,30,48,64,87,6,29,80,82,83,88,69, </key>
<key name="onc"> 20,10,29,38, </key>
<key name="open"> 11,12,17,51,3,53,91,44,20,23,10,0,77,30,79,87,29,32,1,106,66,93,95,107,82,83, </key>
<key name="openldap"> 40, </key>
<key name="operat"> 2, </key>
<key name="operation"> 50,40,78,29, </key>
<key name="opt"> 106,69, </key>
<key name="option"> 11,72,51,52,41,4,57,63,5,23,99,100,24,26,78,101,13,48,64,92,29,95,94,36,38,35,82,83, </key>
<key name="optional"> 7,45,19,23, </key>
<key name="ord"> 85,5,24,71,64,65,88,68, </key>
<key name="organiz"> 12,7,10,78,38,83,39, </key>
<key name="organization"> 50,71,98,97, </key>
<key name="origin"> 65,87, </key>
<key name="original"> 57,29,33, </key>
<key name="originat"> 57,59, </key>
<key name="other"> 7,10,25,38,39, </key>
<key name="otherwis"> 40,38, </key>
<key name="ou"> 98, </key>
<key name="out"> 11,15,17,18,91,19,29,66,93,38,35, </key>
<key name="outbound"> 85, </key>
<key name="outbreak"> 53, </key>
<key name="outlook"> 78,38,82, </key>
<key name="output"> 64, </key>
<key name="outsid"> 61, </key>
<key name="overrid"> 15,43,4,63,20,5,24,6, </key>
<key name="overridden"> 4,31, </key>
<key name="overrul"> 55,56, </key>
<key name="overview"> 70,76, </key>
<key name="own"> 28,97,29,34,95,38,39, </key>
<key name="packag"> 85,86,64,65,88, </key>
<key name="pag"> 11,7,15,45,8,9,19,44,10,99,24,46,47,70,76,48,103,29,66,107,82,83, </key>
<key name="pan"> 11,17,18,85,4,20,21,28,5,23,22,105,24,0,30,103,65,87,29,34,1,106,95,67,49,37,35,88, </key>
<key name="pane'"> 0,1,106,107, </key>
<key name="parameter"> 50,59, </key>
<key name="part"> 50,40,44,35,83, </key>
<key name="partial"> 16,21,23,32,80,35, </key>
<key name="particular"> 53,4,5,67, </key>
<key name="partner"> 12, </key>
<key name="party"> 103,38, </key>
<key name="pas"> 57,63, </key>
<key name="password"> 11,15,72,45,52,90,18,91,4,50,40,57,63,44,20,5,10,74,24,46,47,70,76,71,30,6,92,34,93,95,94,14,38,82,83,89, </key>
<key name="past"> 45,46,47,92, </key>
<key name="path"> 10,71,64,83,69, </key>
<key name="penalti"> 87, </key>
<key name="peopl"> 85, </key>
<key name="per"> 7,85,50,10,46,47,29,34, </key>
<key name="percent"> 51, </key>
<key name="percentag"> 19,65,68,39, </key>
<key name="perform"> 50,13,29,35, </key>
<key name="performanc"> 12,50,78,65,14, </key>
<key name="period"> 20,78,93, </key>
<key name="periodic"> 84, </key>
<key name="permanent"> 69, </key>
<key name="permission"> 11,7,45,8,9,10,48,79,82, </key>
<key name="permit"> 38, </key>
<key name="person"> 85,38, </key>
<key name="persona"> 38, </key>
<key name="personal"> 11,15,25,78,38,39, </key>
<key name="phon"> 20,28,103, </key>
<key name="pick"> 75,78,80, </key>
<key name="piec"> 28,30, </key>
<key name="plac"> 84, </key>
<key name="pleas"> 47, </key>
<key name="point"> 72,87,82,83, </key>
<key name="pol"> 29, </key>
<key name="polici"> 14, </key>
<key name="policy"> 11,15,28,24, </key>
<key name="pool"> 3,4,28,5, </key>
<key name="poor"> 61, </key>
<key name="pop"> 11,4,55,56,20,60,59,64,14,38, </key>
<key name="pop3"> 56,64,38, </key>
<key name="pops3"> 59, </key>
<key name="populat"> 28, </key>
<key name="port"> 45,50,40,55,56,57,63,74,46,47,60,70,76,64, </key>
<key name="portion"> 75,80,82,83, </key>
<key name="possibl"> 64,87,29, </key>
<key name="post"> 38, </key>
<key name="postfix"> 85,57,86,2,87,62, </key>
<key name="postmast"> 2, </key>
<key name="potential"> 41, </key>
<key name="powerful"> 11,35, </key>
<key name="pr"> 103,80, </key>
<key name="practic"> 95, </key>
<key name="precedenc"> 53,58, </key>
<key name="predefin"> 35, </key>
<key name="preferenc"> 4,20,5,24,26,6,29,36,38,39, </key>
<key name="prefix"> 51, </key>
<key name="premis"> 28, </key>
<key name="pres"> 23, </key>
<key name="present"> 60, </key>
<key name="prevent"> 53,34,62,49,82,83, </key>
<key name="previou"> 45,21,46,47,69, </key>
<key name="previous"> 78, </key>
<key name="primary"> 69, </key>
<key name="priority"> 39, </key>
<key name="privat"> 78,71,98,97,83, </key>
<key name="privileg"> 45,23,10,103,79,82,83, </key>
<key name="problem"> 87, </key>
<key name="proceed"> 72, </key>
<key name="proces"> 84,11,45,85,40,70,76,78,48,64,32,82,83, </key>
<key name="production"> 98, </key>
<key name="profil"> 79,82, </key>
<key name="progres"> 77,32,82,83,39, </key>
<key name="projector"> 28, </key>
<key name="prompt"> 79, </key>
<key name="properti"> 37, </key>
<key name="protect"> 52,54, </key>
<key name="protection"> 11,51,52,59,61, </key>
<key name="protocol"> 57,96,59,61,38, </key>
<key name="provid"> 40,47,61,82,83,39, </key>
<key name="provinc"> 98, </key>
<key name="provision"> 11,72,20,30,13,79,81,14,82,83, </key>
<key name="proxy"> 55,56,60,64,62, </key>
<key name="public"> 45,9,10,97, </key>
<key name="punctuation"> 15,92, </key>
<key name="purg"> 15,4,31, </key>
<key name="push"> 38, </key>
<key name="qualifi"> 61, </key>
<key name="query"> 17,57,63,75,80,35, </key>
<key name="question"> 85,35,82,83, </key>
<key name="queu"> 84,11,53,18,43,65,87,67,49, </key>
<key name="quick"> 11,16,90,10,30,103,95,38,35, </key>
<key name="quickadd"> 29, </key>
<key name="quit"> 15, </key>
<key name="quota"> 11,15,19,85,4,20,5,24,30,65,6,38,68, </key>
<key name="radial"> 101, </key>
<key name="random"> 3,5, </key>
<key name="rath"> 41,78,38, </key>
<key name="rbl'"> 51, </key>
<key name="re"> 42,30,87,32,95, </key>
<key name="reach"> 15,19,92,38,68, </key>
<key name="read"> 45,70,76,59,29,82,83, </key>
<key name="ready"> 84,23, </key>
<key name="real"> 38,39, </key>
<key name="reason"> 84, </key>
<key name="reassign"> 5, </key>
<key name="rebrand"> 99, </key>
<key name="receipt"> 85, </key>
<key name="receiv"> 84,51,18,85,57,20,23,24,98,30,97,87,61,29,31,38,82,83,69,39, </key>
<key name="recent"> 72,92, </key>
<key name="recipient"> 52,53,54,85,57,63,23,86,58,30,38, </key>
<key name="recipient'"> 51, </key>
<key name="recommend"> 78,79, </key>
<key name="record"> 11,57,63,44,28,5,64, </key>
<key name="recur"> 28,25,39, </key>
<key name="redirect"> 21,24, </key>
<key name="ref"> 72,51,79,14, </key>
<key name="refer"> 72,51, </key>
<key name="referenc"> 69, </key>
<key name="reflect"> 11,42,9, </key>
<key name="refresh"> 72,73,87, </key>
<key name="regard"> 64, </key>
<key name="regardles"> 53,38, </key>
<key name="register"> 64, </key>
<key name="regular"> 28,34, </key>
<key name="reindex"> 30,32, </key>
<key name="reject"> 53,54,19,4,57,28,58,30,59,68, </key>
<key name="relay"> 72,57,63,64,62,82,83, </key>
<key name="releas"> 87, </key>
<key name="reliabl"> 12, </key>
<key name="remain"> 15,31,33,66, </key>
<key name="rememb"> 15,66, </key>
<key name="remind"> 29, </key>
<key name="remot"> 59, </key>
<key name="remov"> 9,19,21,10,100,105,24,0,26,101,30,103,1,106,80, </key>
<key name="renam"> 42,33, </key>
<key name="reoccur"> 28, </key>
<key name="rep"> 2,29,38, </key>
<key name="replac"> 78,83, </key>
<key name="repli"> 38, </key>
<key name="replicat"> 82,83, </key>
<key name="report"> 86,65, </key>
<key name="represent"> 50, </key>
<key name="request"> 44,78,98,97,38, </key>
<key name="requeu"> 87, </key>
<key name="requir"> 15,45,19,85,50,40,55,56,57,44,20,70,76,71,98,48,32,62,94,38, </key>
<key name="resend"> 84, </key>
<key name="reset"> 20,24,64,6,92,93,95, </key>
<key name="resid"> 31, </key>
<key name="resolv"> 45,46,47, </key>
<key name="resourc"> 11,17,42,28,30,103,37,35, </key>
<key name="resource'"> 28, </key>
<key name="rest"> 31, </key>
<key name="restart"> 98,64, </key>
<key name="restrict"> 4,5,61, </key>
<key name="restriction"> 4,20,28,61,92, </key>
<key name="result"> 45,16,17,50,40,23,46,47,48,59,32,35, </key>
<key name="resum"> 53,67, </key>
<key name="retriev"> 92,32,38, </key>
<key name="retrieval"> 60, </key>
<key name="return"> 45,16,40,23,47,98,48,32, </key>
<key name="reus"> 15,87,92, </key>
<key name="review"> 51,80,82,83, </key>
<key name="revok"> 9, </key>
<key name="rfc"> 61, </key>
<key name="rich"> 7,38,39, </key>
<key name="right"> 11,16,17,3,23,10,32,67, </key>
<key name="room"> 84,28, </key>
<key name="root"> 2,64,80,69, </key>
<key name="rout"> 84,50,2,87, </key>
<key name="rsa"> 98,97, </key>
<key name="rul"> 51,53,91,50,40,57,58,78,59,6,92,93,94,38, </key>

</ftswdata>  
