<?xml version='1.0' encoding='windows-1252' ?>
<ftswdata>
<key name="format"> 58,26, </key>
<key name="forum"> 10, </key>
<key name="forward"> 10,15,19,22,23,0,27,26, </key>
<key name="fre"> 24,57,35, </key>
<key name="frequency"> 45, </key>
<key name="frequent"> 72,24, </key>
<key name="ful"> 54, </key>
<key name="full"> 11,68,71,62, </key>
<key name="function"> 10, </key>
<key name="g"> 50, </key>
<key name="gal"> 10,39,37,43,22,41,42,52,26,35, </key>
<key name="gateway"> 56, </key>
<key name="gb"> 73, </key>
<key name="general"> 39,1,17,2,38,3,80,27,42,52,57,26,30,33, </key>
<key name="generat"> 74,0, </key>
<key name="get"> 46,47,18,51,61, </key>
<key name="giv"> 9, </key>
<key name="given"> 6,39,43,9, </key>
<key name="global"> 10,6,14,39,44,45,46,47,2,43,48,49,50,56,19,3,9,0,51,41,12,52,57,5,55,13,35, </key>
<key name="gn"> 43, </key>
<key name="go"> 10,15,73,79,40,41,75,70,71,62, </key>
<key name="good"> 33, </key>
<key name="grant"> 43,36, </key>
<key name="graph"> 73, </key>
<key name="graphical"> 58, </key>
<key name="greet"> 50,54, </key>
<key name="group"> 6,7,2,22,4,27,68,26,69,35,71, </key>
<key name="guid"> 44,19,12,42,57,58,13, </key>
<key name="hack"> 17, </key>
<key name="ham"> 44, </key>
<key name="handl"> 44, </key>
<key name="happen"> 67, </key>
<key name="hav"> 43,27,75,59,77, </key>
<key name="head"> 18,27, </key>
<key name="header"> 61, </key>
<key name="help"> 10,9,69,81, </key>
<key name="helpful"> 24, </key>
<key name="her"> 72,10,9,25, </key>
<key name="hid"> 22, </key>
<key name="hidden"> 19,23, </key>
<key name="hierarchy"> 71, </key>
<key name="high"> 11, </key>
<key name="highlight"> 20,57,5,33, </key>
<key name="history"> 14,25, </key>
<key name="hold"> 72,10,58,75, </key>
<key name="host"> 10,39,46,2,43,36,50,56,38,19,65,42,57,55,71, </key>
<key name="hostnam"> 50,56,53,57,54, </key>
<key name="hour"> 10,45,73,58,59, </key>
<key name="hov"> 20,27, </key>
<key name="how"> 6,14,44,45,46,56,38,19,3,9,79,51,40,41,26,28,59,35,71, </key>
<key name="html"> 4,26,35, </key>
<key name="http"> 48,49,38, </key>
<key name="i"> 19,69, </key>
<key name="icon"> 71, </key>
<key name="id"> 27,75,30,32, </key>
<key name="identifi"> 72,39,42,57, </key>
<key name="identify"> 44,36,68,54,69, </key>
<key name="idl"> 14,4,59, </key>
<key name="if"> 14,63,39,15,45,37,46,16,8,17,73,2,43,36,48,49,50,56,19,24,22,9,4,80,64,23,0,40,41,66,67,27,52,57,58,75,54,5,25,26,31,29,55,30,59,33,69,35,32,71, </key>
<key name="ignor"> 67,25, </key>
<key name="ill"> 54, </key>
<key name="imag"> 6,79, </key>
<key name="imap"> 10,2,48,49,19,4,53,52,57,26,13,35, </key>
<key name="immediate"> 10,8,17,60, </key>
<key name="impact"> 37, </key>
<key name="implement"> 54, </key>
<key name="import"> 10,64,65,66,67,68,69,13,71, </key>
<key name="important"> 45,2,19,67,57,68,54,5,55,71, </key>
<key name="inaccessibl"> 27, </key>
<key name="inbound"> 10,73, </key>
<key name="inbox"> 4,26,28, </key>
<key name="includ"> 10,11,6,14,2,24,3,22,9,74,0,27,42,57,58,59,69,71,76,77, </key>
<key name="incom"> 72,10,58,75,54,28,35, </key>
<key name="increas"> 47,18,67,61, </key>
<key name="index"> 27,57,29,62, </key>
<key name="index1"> 57,62, </key>
<key name="individual"> 6,17,18,2,22,9,23,27,12,75,5,31,28,59,69,71, </key>
<key name="inform"> 67, </key>
<key name="information"> 10,6,63,39,1,17,73,2,43,36,49,19,24,3,9,74,40,41,65,27,12,57,58,75,30,59,33,69,13,71,61,62, </key>
<key name="inherit"> 14, </key>
<key name="initial"> 19,24,4,0,57,25,26,33,35,62, </key>
<key name="initializ"> 9, </key>
<key name="input"> 43, </key>
<key name="insert"> 39, </key>
<key name="instal"> 10,6,44,45,73,2,74,4,80,57,58,71,76,62, </key>
<key name="install"> 0,12, </key>
<key name="installation"> 39,45,42,52,57, </key>
<key name="instead"> 63,69,71, </key>
<key name="instruct"> 55, </key>
<key name="interfac"> 17,79,80,12,35, </key>
<key name="internal"> 39,16,43,36,40,41,42,25, </key>
<key name="internet"> 4,26, </key>
<key name="interrupt"> 67, </key>
<key name="interval"> 4,26, </key>
<key name="invit"> 24, </key>
<key name="invitation"> 24,27, </key>
<key name="ip"> 50,57,58,75,54, </key>
<key name="isp"> 50,55, </key>
<key name="issu"> 39,43,40,41, </key>
<key name="item"> 4,67,26,35,32,71, </key>
<key name="itself"> 60, </key>
<key name="jo"> 69, </key>
<key name="joanna"> 69, </key>
<key name="john"> 19, </key>
<key name="joseph"> 69, </key>
<key name="journal"> 67, </key>
<key name="junk"> 14,44,67,28,71, </key>
<key name="just"> 39, </key>
<key name="kb"> 73,50, </key>
<key name="keep"> 72,3,30, </key>
<key name="keyword"> 71, </key>
<key name="kill"> 44, </key>
<key name="know"> 15,43,19,22,23,32, </key>
<key name="known"> 43,22, </key>
<key name="label"> 35, </key>
<key name="larg"> 19,53,57,75,71,62, </key>
<key name="last"> 10,73,43,19,58,32,81,76, </key>
<key name="latest"> 71, </key>
<key name="launch"> 68, </key>
<key name="layout"> 24, </key>
<key name="ldap"> 10,39,37,43,36,19,24,40,41,42,57,58,25,31,33,69,76, </key>
<key name="least"> 33, </key>
<key name="leav"> 15,22, </key>
<key name="left"> 10,15,1,22,40,67,26,32, </key>
<key name="legitimat"> 36, </key>
<key name="length"> 14,2,3,4,25, </key>
<key name="lessen"> 37, </key>
<key name="let"> 46,2,43,19,80,51,67,27,35,77, </key>
<key name="level"> 39,37,2,50,56,67,31, </key>
<key name="lifetim"> 14,2,19,24,3,4,5,28,59, </key>
<key name="like"> 67, </key>
<key name="limit"> 72,14,18,3,4,80,59,61, </key>
<key name="lin"> 44,2,19,22,27,12,57,35,62, </key>
<key name="link"> 10,19,9,27,57,5, </key>
<key name="list"> 10,14,63,39,7,15,1,37,46,47,8,17,2,43,19,20,24,22,9,4,80,21,64,23,51,41,66,67,27,57,58,75,26,31,30,33,69,60,34,70,13,35,32,71,76,62, </key>
<key name="lmtp"> 78,57,60, </key>
<key name="load"> 37, </key>
<key name="local"> 50,23,78,12,26,55, </key>
<key name="location"> 10,24,27,57,55,69,34,62, </key>
<key name="lock"> 14,17,27,25,31, </key>
<key name="log"> 10,14,16,17,73,36,38,9,74,0,66,27,57,68,58,25,59,33,60,35,71,76,77, </key>
<key name="login"> 17,48,49,42,57, </key>
<key name="logon"> 68, </key>
<key name="long"> 14,2,56,19,59,62, </key>
<key name="look"> 43,35, </key>
<key name="lookup"> 43,50,56,42,57, </key>
<key name="loop"> 55, </key>
<key name="lost"> 71, </key>
<key name="low"> 26, </key>
<key name="m"> 58, </key>
<key name="machin"> 57, </key>
<key name="mail"> 72,10,11,63,15,44,45,1,46,47,17,18,2,43,36,50,56,38,19,20,24,3,22,74,4,23,51,53,67,78,27,57,58,75,54,26,28,29,55,60,35,32,71,77, </key>
<key name="mailbox"> 10,14,63,45,1,46,17,18,73,2,19,24,74,0,65,67,78,27,57,68,58,5,26,29,33,69,60,70,35,32,71,76,61,77,62, </key>
<key name="maintain"> 72,24,13, </key>
<key name="maintenanc"> 46,17,27, </key>
<key name="mak"> 8,2,50,56,38,19,79,57,34, </key>
<key name="man"> 17,33, </key>
<key name="manag"> 72,10,44,2,20,3,23,27,12,42,52,57,75,33,13,35,62, </key>
<key name="management"> 13,62, </key>
<key name="map"> 36, </key>
<key name="mapi"> 68,71, </key>
<key name="mark"> 44,62, </key>
<key name="market"> 69, </key>
<key name="mas"> 44, </key>
<key name="match"> 37,43,36,35,32, </key>
<key name="maximum"> 14,39,43,50,4,41,52,25, </key>
<key name="mb"> 14,73,71, </key>
<key name="mean"> 14, </key>
<key name="measur"> 59, </key>
<key name="mechanism"> 10,39,36, </key>
<key name="meet"> 10,24,67,27,69, </key>
<key name="meeting"> 24,27,35, </key>
<key name="megabyt"> 14,18, </key>
<key name="memb"> 15,27,68,71, </key>
<key name="member"> 39,15,22, </key>
<key name="menu"> 20, </key>
<key name="messag"> 72,10,11,14,44,45,46,47,18,73,2,50,19,24,3,74,4,23,0,51,66,67,78,27,12,52,57,58,75,54,5,26,28,29,55,30,34,35,71,61,62, </key>
<key name="message1"> 57,62, </key>
<key name="method"> 36,19, </key>
<key name="microsoft"> 68,13,71, </key>
<key name="might"> 73,69, </key>
<key name="migrat"> 64,69,13,71, </key>
<key name="migration"> 10,65,67,68,69,13,71, </key>
<key name="mini"> 4,26, </key>
<key name="minimum"> 10,14,63,19,24,4,25, </key>
<key name="minut"> 4,57,26,59, </key>
<key name="mod"> 10,39,43,40,41, </key>
<key name="modify"> 45,2,9,27,26, </key>
<key name="monitor"> 72,10,18,24,58,75,13,76, </key>
<key name="month"> 73, </key>
<key name="morn"> 58, </key>
<key name="mous"> 14,20,27,59, </key>
<key name="mov"> 72,10,15,1,20,22,74,27,75,5, </key>
<key name="mt"> 74, </key>
<key name="mta"> 72,10,45,46,17,50,56,74,78,52,57,58,75,54,55,60,13,76, </key>
<key name="multipl"> 15,1,43,36,40,53,57,35, </key>
<key name="must"> 14,16,43,36,19,24,9,23,53,57,68,54,25,31,55,33,69,32,71,76,62, </key>
<key name="mx"> 50,56, </key>
<key name="mycompany"> 36, </key>
<key name="nam"> 72,10,39,15,1,2,43,36,49,56,38,19,20,24,3,22,9,64,40,41,65,27,42,57,30,69,60,32,71,62, </key>
<key name="navigat"> 10, </key>

</ftswdata>  
