<?xml version='1.0' encoding='windows-1252' ?>
<!-- saved from url=(0014)about:internet -->
<ftswdata>
<key name="0"> 7,17,10,91,77,81,98, </key>
<key name="00"> 64, </key>
<key name="0mb"> 64, </key>
<key name="1"> 17,48, </key>
<key name="10"> 17,60,30,91,79,80,81, </key>
<key name="100"> 42,46,44,30, </key>
<key name="10000"> 53, </key>
<key name="110"> 52,56, </key>
<key name="143"> 51,56, </key>
<key name="19"> 98, </key>
<key name="2"> 17,43,44,62, </key>
<key name="20"> 52, </key>
<key name="200"> 51, </key>
<key name="2005"> 98, </key>
<key name="2007"> 98, </key>
<key name="24"> 48, </key>
<key name="25"> 53,59,60,30, </key>
<key name="30"> 11,17,83,61,32, </key>
<key name="33"> 47, </key>
<key name="365"> 11,83,61, </key>
<key name="389"> 42,46,39,69,43,44, </key>
<key name="4"> 7,10,61,14, </key>
<key name="4096"> 60,65, </key>
<key name="48"> 11,83,61, </key>
<key name="5"> 43,14,30,77,80,98, </key>
<key name="50"> 30, </key>
<key name="6"> 17,90,77,80,81,98, </key>
<key name="60"> 11,83,4,60,61, </key>
<key name="636"> 46,39,43,44, </key>
<key name="64"> 17,90, </key>
<key name="7071"> 73,16, </key>
<key name="7110"> 52,56, </key>
<key name="7143"> 51,56, </key>
<key name="75"> 47, </key>
<key name="7993"> 51,56, </key>
<key name="7995"> 52,56, </key>
<key name="8"> 43, </key>
<key name="9"> 17, </key>
<key name="993"> 51,56, </key>
<key name="995"> 52,56, </key>
<key name="ability"> 12,46, </key>
<key name="abl"> 96,97,63, </key>
<key name="abov"> 11,70,72,60,77,65, </key>
<key name="accent"> 88,93, </key>
<key name="accept"> 29,31,57, </key>
<key name="acces"> 42,8,9,46,39,10,96,101,0,28,97,31,45,99,14,33,102,103,38,87, </key>
<key name="accidental"> 31,33, </key>
<key name="accommodat"> 57, </key>
<key name="accord"> 49,29,54,91, </key>
<key name="account"> 11,7,17,67,42,8,18,100,19,47,48,3,40,49,50,88,9,20,89,21,83,4,46,39,22,23,29,5,10,95,84,96,68,101,70,26,27,2,54,72,56,75,28,97,31,13,45,55,99,76,61,14,6,90,30,35,32,33,34,62,91,93,92,77,37,78,15,38,36,79,80,81,64,87,65, </key>
<key name="acm"> 70, </key>
<key name="acros"> 56, </key>
<key name="action"> 17,5,33,62,38,87, </key>
<key name="activ"> 82,11,17,42,19,20,89,39,22,29,84,43,44,31,45,61,85,90,35,62,91,77, </key>
<key name="active"> 65, </key>
<key name="activity"> 11,17,83,61,62, </key>
<key name="ad"> 67,42,8,18,100,47,40,4,46,22,23,29,5,25,26,45,14,30,65, </key>
<key name="adam"> 70, </key>
<key name="adautocomplet"> 46, </key>
<key name="add"> 7,42,8,18,3,49,50,53,41,22,23,29,25,10,70,26,0,27,54,43,44,31,55,60,99,14,77,65, </key>
<key name="addition"> 29,95,85,92,38, </key>
<key name="additional"> 11,7,42,18,39,25,43,44,45,60,99,38,65, </key>
<key name="addres"> 11,12,17,42,8,18,19,47,48,40,20,46,39,52,53,41,22,23,29,25,10,70,26,27,2,71,72,44,75,31,60,99,61,85,57,14,30,77,38,36,79,80,81, </key>
<key name="admin"> 11,48,88,0,2,71,73,16,13,1,15,81, </key>
<key name="administration"> 11,7,8,9,53,59,41,0,73,16,66,13,45,60,99,61,14,103,15,36,79,80,81,98, </key>
<key name="administrativ"> 2,81, </key>
<key name="administrator"> 82,17,47,22,29,25,84,2,73,16,13,99,76,61,85,14,90,91,93,15,38,79,80, </key>
<key name="advanc"> 11,12,17,19,21,4,22,5,10,26,14,35,32,62,91,38,36, </key>
<key name="advertis"> 52,60, </key>
<key name="affect"> 75, </key>
<key name="ag"> 17,90,32, </key>
<key name="again"> 17,62,38, </key>
<key name="aggregat"> 83, </key>
<key name="aggressive"> 47, </key>
<key name="alert"> 48,75, </key>
<key name="alia"> 48,46,22,23,26,31,36, </key>
<key name="alias"> 11,19,22,23,26,2,31,36, </key>
<key name="allocat"> 61,64, </key>
<key name="allow"> 17,8,19,89,51,52,53,59,41,10,27,56,14,30,91,38,36, </key>
<key name="along"> 12,83,61,86, </key>
<key name="alphanumeric"> 17,90, </key>
<key name="already"> 29,27,99,6,65, </key>
<key name="alternat"> 22, </key>
<key name="although"> 75, </key>
<key name="alway"> 29,27,14,30, </key>
<key name="amavisd"> 83, </key>
<key name="amount"> 17,21, </key>
<key name="anonymou"> 46,39, </key>
<key name="anoth"> 82,4,46,22,23,31,6, </key>
<key name="answer"> 36, </key>
<key name="anti"> 82,11,47,48,83,55,60,61,86, </key>
<key name="antiviru"> 48, </key>
<key name="any"> 82,7,17,67,18,48,49,29,5,25,10,96,26,0,56,74,75,97,55,99,85,90,30,32,33,62,36,79,80,81,87,65, </key>
<key name="anytim"> 20, </key>
<key name="ap"> 21,55,38,64, </key>
<key name="appear"> 20,22,29,27,77,37,38,79,80,81,65, </key>
<key name="appearanc"> 95,96,97, </key>
<key name="appli"> 38, </key>
<key name="applicabl"> 90, </key>
<key name="application"> 7,10,70,71,72,99,77,38, </key>
<key name="appointment"> 21,29,75,30,38,64, </key>
<key name="appropriat"> 2, </key>
<key name="approximate"> 46, </key>
<key name="arbitrari"> 53, </key>
<key name="architectur"> 83, </key>
<key name="archiv"> 48, </key>
<key name="area"> 11,18,5,25,31, </key>
<key name="arrow"> 36, </key>
<key name="ask"> 1,102,79,80,81, </key>
<key name="assign"> 17,67,3,21,4,22,5,31,45,6,15,65, </key>
<key name="assist"> 31,87, </key>
<key name="associat"> 3,21,23,5,31,6,33,1,102, </key>
<key name="assum"> 39,70,72,77, </key>
<key name="asterisk"> 22, </key>
<key name="attach"> 49,50,29,54, </key>
<key name="attachment"> 17,49,50,21,4,53,22,5,26,54,55,6,33,15,38,79,80,81,64, </key>
<key name="attempt"> 82,17,20,89,39,85,14,91, </key>
<key name="attende"> 29, </key>
<key name="attribut"> 19,4,46,39,22,5,90,32,80, </key>
<key name="audit"> 87, </key>
<key name="auth"> 17,53,59,62, </key>
<key name="authenticat"> 17,53,59,73,16,66, </key>
<key name="authentication"> 11,17,42,88,39,53,59,41,43,45,55,60,14,90,35,93,92, </key>
<key name="author"> 12, </key>
<key name="auto"> 3,22,29, </key>
<key name="autocomplet"> 40,46,30,38, </key>
<key name="automat"> 47, </key>
<key name="automatic"> 30, </key>
<key name="automatical"> 11,7,17,67,100,19,47,48,20,21,4,22,29,5,84,26,2,31,60,61,32,33,62,91,103,38,64,65, </key>
<key name="av"> 55, </key>
<key name="availabl"> 7,18,100,3,83,4,46,51,52,22,29,5,10,95,96,101,26,71,72,97,13,99,61,14,103,15,38,36, </key>
<key name="averag"> 84, </key>
<key name="avoid"> 53,59, </key>
<key name="away"> 30, </key>
<key name="back"> 82,11,18,25, </key>
<key name="background"> 95,33,38, </key>
<key name="bar"> 11,19,83,33, </key>
<key name="bas"> 17,46,39,22,10,70,72,43,44,57,93,77,38, </key>
<key name="basi"> 46,29,43,44,56,35, </key>
<key name="basic"> 19,46,30, </key>
<key name="be"> 82,20,83,39,74,75,55,35,32,79,80,81, </key>
<key name="becom"> 46,22,70,72,44,31,45,30,33,103,77,80,81,65, </key>
<key name="befor"> 82,17,67,19,83,5,75,57,14,90,30,32,33,91,38,79,80,81,65, </key>
<key name="begin"> 75,77,79,80,81, </key>
<key name="behav"> 26,57,30, </key>
<key name="behavior"> 57, </key>
<key name="behind"> 11, </key>
<key name="below"> 17,18,21,25,99,38,79,80,81,64, </key>
<key name="beta2"> 98, </key>
<key name="bind"> 42,46,39,43,44,60, </key>
<key name="blank"> 18,47,25,43, </key>
<key name="blob"> 60,65, </key>
<key name="block"> 48,49,4,55, </key>
<key name="book"> 11,12,17,18,40,46,25,70,99,14,38,80,81, </key>
<key name="boolean"> 46, </key>
<key name="both"> 11,42,46,44,75,45,6,62, </key>
<key name="bottom"> 11,18,25, </key>
<key name="bounc"> 82,49,50,84,54, </key>
<key name="box"> 11,17,67,42,8,18,100,41,22,25,96,43,44,74,75,97,60,90,35,1,102,103,77,36,79,80,81,65, </key>
<key name="brows"> 11,17,0,62,103,77, </key>
<key name="build"> 11,19,29,70,72,77,38, </key>
<key name="built"> 38, </key>
<key name="bulk"> 22,13, </key>
<key name="busy"> 29,38, </key>
<key name="button"> 11,17,96,97,85,62, </key>
<key name="byt"> 83,60,65, </key>
<key name="ca"> 13, </key>
<key name="cach"> 40,85, </key>
<key name="cal"> 11,22, </key>
<key name="calculat"> 32, </key>
<key name="calendar"> 12,21,29,25,75,31,99,30,34,15,38,79,80,81,64,87, </key>
<key name="call"> 99, </key>
<key name="cancel"> 33, </key>
<key name="cannot"> 82,17,49,88,9,46,39,53,59,22,5,25,2,56,31,60,14,90,33,93,77,65, </key>
<key name="canonical"> 22,14, </key>
<key name="capabiliti"> 12,14, </key>
<key name="capacity"> 29, </key>
<key name="car"> 75, </key>
<key name="cas"> 17,29,75,6,90,58, </key>
<key name="categori"> 38,80, </key>
<key name="caution"> 33,58, </key>
<key name="ceil"> 55, </key>
<key name="central"> 11,38, </key>
<key name="certain"> 75, </key>
<key name="certificat"> 13, </key>
<key name="chang"> 11,7,17,67,42,100,47,3,49,88,9,20,89,21,83,4,53,59,41,22,23,29,5,10,95,96,101,26,56,73,16,97,31,55,60,99,61,14,6,90,30,35,34,91,93,77,37,38,79,80,81,86,64,65, </key>
<key name="chapt"> 47,99,61, </key>
<key name="character"> 17,88,90,93, </key>
<key name="check"> 17,67,42,8,100,48,9,83,53,59,22,29,25,96,70,72,43,44,73,75,66,97,55,60,57,90,30,35,33,62,91,93,103,77,63,78,38,64,65, </key>
<key name="checkbox"> 25,75, </key>

</ftswdata>  
