<?xml version='1.0' encoding='windows-1252' ?>
<ftswdata>
<key name="login"> 20,50,51,44,59,84, </key>
<key name="logon"> 70, </key>
<key name="long"> 17,20,4,58,22,61,84,64, </key>
<key name="look"> 45,37, </key>
<key name="lookup"> 45,52,58,44,59, </key>
<key name="loop"> 57, </key>
<key name="lost"> 73,74, </key>
<key name="lotu"> 15,74, </key>
<key name="low"> 83,29, </key>
<key name="m"> 60, </key>
<key name="machin"> 59, </key>
<key name="mail"> 75,12,13,65,18,46,47,3,48,49,20,21,4,45,38,52,58,40,22,23,28,5,25,77,6,27,53,55,69,87,30,59,60,78,56,15,29,31,32,57,62,37,35,73,80,74, </key>
<key name="mailbox"> 12,17,65,19,47,3,48,20,21,76,4,22,28,77,2,67,69,87,30,59,70,60,7,29,32,86,71,62,72,37,35,73,79,63,80,64,74, </key>
<key name="maintain"> 75,28,16, </key>
<key name="maintenanc"> 19,48,20,30, </key>
<key name="major"> 15, </key>
<key name="mak"> 10,4,52,58,40,22,88,89,59,36, </key>
<key name="man"> 20,86, </key>
<key name="manag"> 75,12,46,4,23,5,27,30,14,44,54,59,91,78,15,86,16,37,64, </key>
<key name="management"> 16,64, </key>
<key name="map"> 38, </key>
<key name="mapi"> 70,73, </key>
<key name="mark"> 46,64, </key>
<key name="market"> 71, </key>
<key name="mas"> 46, </key>
<key name="mat"> 84, </key>
<key name="match"> 39,45,38,37,35, </key>
<key name="maximum"> 17,41,45,52,6,26,43,54,83, </key>
<key name="mb"> 17,76,73,74, </key>
<key name="mean"> 17, </key>
<key name="measur"> 61, </key>
<key name="mechanism"> 12,41,38,91, </key>
<key name="meet"> 12,28,69,30,71, </key>
<key name="meeting"> 28,30,37, </key>
<key name="megabyt"> 17,21, </key>
<key name="memb"> 18,26,30,70,73, </key>
<key name="member"> 41,18,25,95, </key>
<key name="menu"> 23, </key>
<key name="messag"> 75,12,13,17,46,47,48,49,21,76,4,52,22,28,5,77,6,26,27,2,53,68,69,87,30,14,54,59,91,60,78,56,15,7,29,31,32,57,33,36,37,73,63,64,74, </key>
<key name="message1"> 59,64, </key>
<key name="method"> 38,22, </key>
<key name="microsoft"> 70,73,74, </key>
<key name="might"> 76,71, </key>
<key name="migrat"> 66,71,16,73,74, </key>
<key name="migration"> 12,67,69,70,15,71,16,73,74, </key>
<key name="migrator"> 74, </key>
<key name="mini"> 19,6,91,29, </key>
<key name="minimum"> 12,17,65,22,28,6,83, </key>
<key name="minut"> 6,59,29,61,84, </key>
<key name="mod"> 12,41,45,42,43, </key>
<key name="modify"> 47,4,11,26,30,29, </key>
<key name="modul"> 0,15,1, </key>
<key name="monitor"> 75,12,21,28,60,78,16,79, </key>
<key name="month"> 76, </key>
<key name="morn"> 60, </key>
<key name="mous"> 17,23,30,61, </key>
<key name="mov"> 75,12,18,3,23,25,77,30,78,7, </key>
<key name="mt"> 77, </key>
<key name="mta"> 75,12,47,48,20,52,58,77,87,54,59,60,78,56,57,62,16,79, </key>
<key name="multipl"> 18,3,45,38,42,55,59,15,37, </key>
<key name="must"> 17,92,19,81,45,38,52,22,28,5,11,27,55,59,70,56,83,34,57,84,86,95,71,35,73,79,64,74, </key>
<key name="mx"> 52,58, </key>
<key name="mycompany"> 38, </key>
<key name="nam"> 75,12,41,18,19,3,4,45,38,51,58,40,22,23,28,5,25,11,66,26,42,43,67,30,44,59,15,33,71,62,35,73,64,74, </key>
<key name="navigat"> 12,15, </key>
<key name="navigation"> 12,76,22,23,28,5,25,24,26,0,59,15,34,1,94,95,62, </key>
<key name="ne"> 21,22,28,5,11,26,91,70,63, </key>
<key name="necessary"> 19,38,33,95, </key>
<key name="need"> 91, </key>
<key name="network"> 52,58, </key>
<key name="nev"> 4,64, </key>
<key name="new"> 75,12,8,65,41,92,47,3,81,20,4,40,22,23,28,5,25,11,6,26,0,42,43,30,44,91,70,15,83,29,33,86,95,37,73,64,74, </key>
<key name="next"> 12,65,41,3,81,45,22,28,25,11,66,42,43,67,69,70,34,86,71,72,35, </key>
<key name="nnot"> 74, </key>
<key name="non"> 65, </key>
<key name="nor"> 10,15, </key>
<key name="normal"> 20,34, </key>
<key name="not"> 12,8,65,41,18,48,45,22,28,5,25,11,66,26,43,69,59,78,7,1,71,74, </key>
<key name="notebook"> 12,8,9,10,25,11, </key>
<key name="notic"> 48,49,53, </key>
<key name="notifi"> 48,49,21,53,63, </key>
<key name="notification"> 46,47,2,29,37, </key>
<key name="notify"> 11, </key>
<key name="now"> 67,15,71, </key>
<key name="numb"> 75,12,17,41,19,46,49,20,76,50,51,23,28,5,88,77,6,68,69,30,44,54,59,91,78,15,83,29,31,32,84,72,73,74, </key>
<key name="number"> 22,55, </key>
<key name="object"> 8,19,4,5,71,37, </key>
<key name="objectclas"> 45, </key>
<key name="occupant"> 28, </key>
<key name="occur"> 17,84, </key>
<key name="off"> 46,21,28,69,60,37,79,63, </key>
<key name="offer"> 13,38, </key>
<key name="offic"> 70,37, </key>
<key name="often"> 19,47,78, </key>
<key name="ok"> 10,23,68,69,32,86,71, </key>
<key name="old"> 17,21,26,69,83,31,73,63,64,74, </key>
<key name="on"> 75,12,8,65,41,18,19,4,45,38,40,23,28,25,11,88,6,89,66,30,44,59,78,7,71,73,79,64,74, </key>
<key name="onc"> 22,11,68,69,37, </key>
<key name="open"> 13,19,46,3,48,82,40,22,25,11,0,68,30,70,78,29,32,1,94,61,84,86,95,73,74, </key>
<key name="openldap"> 38, </key>
<key name="operat"> 2, </key>
<key name="operation"> 45,38,69, </key>
<key name="opt"> 94,64, </key>
<key name="option"> 12,46,47,39,21,4,52,58,5,88,6,89,27,69,14,44,59,15,83,29,86,85,37,73,74, </key>
<key name="optional"> 8,41, </key>
<key name="ord"> 92,5,59,60,79,63, </key>
<key name="organiz"> 13,8,11, </key>
<key name="organization"> 45, </key>
<key name="origin"> 60,78, </key>
<key name="original"> 29,33, </key>
<key name="originat"> 52, </key>
<key name="other"> 8,11, </key>
<key name="otherwis"> 38, </key>
<key name="our"> 91, </key>
<key name="out"> 12,17,19,20,82,15,61,84,37, </key>
<key name="outbound"> 76, </key>
<key name="outbreak"> 48, </key>
<key name="outlook"> 69,37,73, </key>
<key name="output"> 59, </key>
<key name="outsid"> 56, </key>
<key name="overrid"> 17,4,58,22,5,6,7, </key>
<key name="overridden"> 4,31, </key>
<key name="overrul"> 50,51, </key>
<key name="overview"> 67, </key>
<key name="own"> 28,88,6,15,34,86,37, </key>
<key name="packag"> 76,77,59,60,79, </key>
<key name="pag"> 12,8,17,41,9,10,40,11,88,6,42,43,44,91,15,29,61,95,74, </key>
<key name="pan"> 12,19,20,76,4,22,23,28,5,25,24,26,0,30,59,91,60,78,15,34,1,94,86,95,62,36,35,79, </key>
<key name="parameter"> 45,54, </key>
<key name="part"> 45,38,40,35,74, </key>
<key name="partial"> 18,23,25,32,71,35, </key>
<key name="particular"> 48,4,5,15,62, </key>
<key name="partner"> 13, </key>
<key name="party"> 91,37, </key>
<key name="pas"> 52,58, </key>
<key name="password"> 12,17,41,47,81,20,82,4,45,38,52,58,40,22,5,11,6,26,42,43,67,30,15,7,83,34,84,86,85,16,37,73,80,74, </key>
<key name="past"> 41,42,43,83, </key>
<key name="path"> 11,59,64,74, </key>
<key name="penalti"> 78, </key>
<key name="per"> 8,76,45,11,6,42,43,29,34, </key>
<key name="percent"> 46, </key>
<key name="percentag"> 21,60,63, </key>
<key name="perform"> 45,14,35, </key>
<key name="performanc"> 13,45,69,60,16, </key>
<key name="period"> 22,69,15,84, </key>
<key name="periodic"> 75, </key>
<key name="permanent"> 64, </key>
<key name="permission"> 12,8,41,9,10,11,26,44,70,73, </key>
<key name="permit"> 37, </key>
<key name="person"> 37, </key>
<key name="personal"> 12,17,69,15,31,37, </key>
<key name="phon"> 28,91, </key>
<key name="pick"> 69,71, </key>
<key name="piec"> 28,30, </key>
<key name="plac"> 75,6,15, </key>
<key name="pleas"> 43, </key>
<key name="point"> 65,78,73,74, </key>
<key name="pol"> 6,29, </key>
<key name="polici"> 16, </key>
<key name="policy"> 12,28, </key>
<key name="pool"> 3,4,28,5,6, </key>
<key name="poor"> 56, </key>
<key name="pop"> 12,4,50,51,22,55,54,59,15,16, </key>
<key name="pop3"> 51,59,37, </key>
<key name="pops3"> 54, </key>
<key name="populat"> 28, </key>
<key name="port"> 41,45,38,50,51,52,58,42,43,55,67,59, </key>
<key name="portion"> 71,73,74, </key>
<key name="possibl"> 59,78,29, </key>
<key name="post"> 37, </key>
<key name="postfix"> 52,77,2,78,57, </key>
<key name="postmast"> 2, </key>
<key name="potential"> 39, </key>
<key name="practic"> 86, </key>
<key name="precedenc"> 48,53, </key>
<key name="preconfigur"> 91,71, </key>
<key name="preferenc"> 4,22,5,6,26,27,29,37, </key>
<key name="prefix"> 46, </key>
<key name="premis"> 28, </key>
<key name="pres"> 25, </key>
<key name="present"> 55, </key>
<key name="prevent"> 48,34,57,73,74, </key>
<key name="previou"> 41,23,42,43,64, </key>
<key name="previous"> 69, </key>
<key name="primary"> 64, </key>
<key name="privat"> 74, </key>
<key name="privileg"> 41,25,11,91,70,15,73,74, </key>
<key name="problem"> 78, </key>
<key name="proceed"> 65, </key>
<key name="proces"> 75,12,41,38,67,68,69,44,59,32,73,74, </key>
<key name="profil"> 70,73, </key>
<key name="progres"> 68,32,73,74, </key>
<key name="projector"> 28, </key>
<key name="prompt"> 70, </key>
<key name="properti"> 36, </key>
<key name="protect"> 47,49, </key>
<key name="protection"> 12,46,47,56, </key>
<key name="protocol"> 52,87,54,56,37, </key>

</ftswdata>  
