<?xml version='1.0' encoding='windows-1252' ?>
<ftswdata>
<key name="0"> 11,6,14,9,68,78, </key>
<key name="00"> 60, </key>
<key name="06"> 78, </key>
<key name="0mb"> 60, </key>
<key name="1"> 44, </key>
<key name="10"> 56,70, </key>
<key name="100"> 11,38,42,40, </key>
<key name="10000"> 49, </key>
<key name="110"> 48,52, </key>
<key name="143"> 47,52, </key>
<key name="1500"> 11, </key>
<key name="2"> 14,4,39,40,58, </key>
<key name="20"> 48, </key>
<key name="200"> 47, </key>
<key name="2006"> 11, </key>
<key name="24"> 44, </key>
<key name="25"> 49,55,4,56, </key>
<key name="30"> 10,14,72,4,57,27, </key>
<key name="33"> 43, </key>
<key name="365"> 10,72,57, </key>
<key name="389"> 38,42,35,39,40, </key>
<key name="4"> 11,6,9,57,78, </key>
<key name="4096"> 56,61, </key>
<key name="48"> 10,72,57, </key>
<key name="5"> 4,39,25,68, </key>
<key name="6"> 14,4,24,68, </key>
<key name="60"> 10,72,2,56,57, </key>
<key name="636"> 42,35,39,40, </key>
<key name="64"> 14,4,24, </key>
<key name="7"> 78, </key>
<key name="7071"> 64, </key>
<key name="7110"> 48,52, </key>
<key name="7143"> 47,52, </key>
<key name="75"> 43, </key>
<key name="7993"> 47,52, </key>
<key name="7995"> 48,52, </key>
<key name="8"> 39,78, </key>
<key name="94404"> 11, </key>
<key name="993"> 47,52, </key>
<key name="995"> 48,52, </key>
<key name="ability"> 11,42, </key>
<key name="abl"> 59, </key>
<key name="abov"> 10,56,68,61, </key>
<key name="accept"> 18,23,26,53, </key>
<key name="acces"> 38,7,8,42,35,9,26,41,28,34,75, </key>
<key name="accidental"> 26,28, </key>
<key name="accommodat"> 53, </key>
<key name="accord"> 45,23,50, </key>
<key name="account"> 10,6,14,62,38,7,43,44,1,36,45,46,15,8,16,17,2,42,35,18,19,23,3,9,4,63,22,0,50,52,66,26,12,41,51,67,57,5,24,25,30,27,28,29,58,32,68,33,69,13,34,31,70,60,75,61, </key>
<key name="acros"> 52, </key>
<key name="action"> 14,28,58,34,75, </key>
<key name="activ"> 71,10,14,38,16,35,23,39,40,26,41,57,73,24,25,30,58,68, </key>
<key name="active"> 61, </key>
<key name="activity"> 10,14,72,57,58, </key>
<key name="ad"> 62,38,7,43,36,2,42,18,19,23,3,21,4,41,25,61, </key>
<key name="adautocomplet"> 42, </key>
<key name="add"> 10,6,38,7,1,45,46,37,19,23,21,9,22,50,39,40,56,68,61, </key>
<key name="addition"> 23,77,73,25,34, </key>
<key name="additional"> 10,6,38,35,21,39,40,41,56,25,34,61, </key>
<key name="addres"> 10,14,38,7,43,44,36,16,42,35,48,49,18,19,23,21,9,4,22,0,40,26,56,57,73,53,25,68,13,34,31,70, </key>
<key name="admin"> 44,15,0,64,12,13, </key>
<key name="administration"> 10,6,7,8,49,55,37,12,41,56,57,13,70,78, </key>
<key name="administrativ"> 0, </key>
<key name="administrator"> 71,43,18,23,21,0,64,12,67,57,73,24,32,13,34,70, </key>
<key name="advanc"> 11,14,17,2,18,3,9,4,24,30,27,58,34, </key>
<key name="advertis"> 48,56, </key>
<key name="affect"> 66, </key>
<key name="ag"> 14,24,27, </key>
<key name="again"> 14,58,34, </key>
<key name="aggregat"> 72, </key>
<key name="aggressive"> 43, </key>
<key name="alert"> 44,66, </key>
<key name="alia"> 44,42,18,19,26,31, </key>
<key name="alias"> 10,18,19,0,26,31, </key>
<key name="allocat"> 57,60, </key>
<key name="allow"> 7,47,48,49,55,37,9,22,52,34,31, </key>
<key name="along"> 11,72,57,74, </key>
<key name="already"> 23,22,5,61, </key>
<key name="alternat"> 18, </key>
<key name="although"> 66, </key>
<key name="alway"> 23,4,22,25, </key>
<key name="amavisd"> 72, </key>
<key name="amount"> 17,24, </key>
<key name="anonymou"> 42,35, </key>
<key name="anoth"> 71,2,42,19,4,26,5, </key>
<key name="anti"> 71,10,43,44,72,51,56,57,74, </key>
<key name="antiviru"> 44, </key>
<key name="any"> 71,6,14,62,44,45,15,23,3,21,9,50,52,65,66,51,73,27,28,58,31,70,75,61, </key>
<key name="ap"> 17,51,34,60, </key>
<key name="appear"> 16,18,23,22,68,33,70,61, </key>
<key name="applicabl"> 24, </key>
<key name="application"> 6,9,68,34, </key>
<key name="appointment"> 17,23,4,25,34,60, </key>
<key name="appropriat"> 0, </key>
<key name="approximate"> 42, </key>
<key name="architectur"> 72, </key>
<key name="archiv"> 44, </key>
<key name="area"> 10,3,21,26, </key>
<key name="arrow"> 31, </key>
<key name="ask"> 70, </key>
<key name="assign"> 14,62,1,17,2,18,3,4,26,41,5,25,13,61, </key>
<key name="assist"> 26,75, </key>
<key name="associat"> 1,17,19,3,26,5,28, </key>
<key name="assum"> 35,68, </key>
<key name="attach"> 45,46,23,50, </key>
<key name="attachment"> 14,45,46,17,2,49,18,3,4,50,51,5,28,34,70,60, </key>
<key name="attempt"> 71,35,73, </key>
<key name="attende"> 23, </key>
<key name="attribut"> 2,42,35,18,3,24,27, </key>
<key name="audit"> 75, </key>
<key name="auth"> 14,49,55,4,58, </key>
<key name="authenticat"> 49,55,64, </key>
<key name="authentication"> 10,14,38,15,35,49,55,37,39,41,51,56,24,30,32, </key>
<key name="author"> 11, </key>
<key name="auto"> 1,18,23,25, </key>
<key name="autocomplet"> 36,42,25,34, </key>
<key name="automat"> 43, </key>
<key name="automatic"> 4, </key>
<key name="automatical"> 6,14,43,44,17,2,18,23,3,4,0,26,56,57,27,28,58,34,60,61, </key>
<key name="av"> 51, </key>
<key name="availabl"> 6,1,72,2,42,47,48,23,9,12,57,13, </key>
<key name="avoid"> 49,55, </key>
<key name="away"> 25, </key>
<key name="back"> 71,10,21, </key>
<key name="background"> 28,34, </key>
<key name="bar"> 10,72,28, </key>
<key name="bas"> 42,35,18,9,39,40,53,32,68,34, </key>
<key name="basi"> 42,23,39,40,52,30, </key>
<key name="basic"> 42,25, </key>
<key name="be"> 71,16,72,35,65,66,51,30,27,70, </key>
<key name="becom"> 42,18,40,26,41,25,28,68,61, </key>
<key name="befor"> 71,14,62,72,3,66,53,24,25,27,28,34,70,61, </key>
<key name="begin"> 65,66,68,70, </key>
<key name="behav"> 53,25, </key>
<key name="behavior"> 53, </key>
<key name="below"> 14,17,21,34,70,60, </key>
<key name="bind"> 38,42,35,39,40,56, </key>
<key name="blank"> 43,21,39, </key>
<key name="blob"> 56,61, </key>
<key name="block"> 44,45,2, </key>
<key name="book"> 10,14,36,42,21,4,13,34, </key>
<key name="boolean"> 42, </key>
<key name="both"> 10,38,42,40,66,41,5,58,34, </key>
<key name="bottom"> 10,21, </key>
<key name="boulevard"> 11, </key>
<key name="bounc"> 71,45,46,50, </key>
<key name="box"> 10,62,38,7,37,21,4,39,40,65,66,56,24,30,68,31,70,61, </key>
<key name="brows"> 10,14,37,58,68, </key>
<key name="build"> 23,68,34, </key>
<key name="built"> 34, </key>
<key name="bulk"> 18,12, </key>
<key name="busy"> 23,34, </key>
<key name="button"> 10,14,73,58, </key>
<key name="byt"> 72,56,61, </key>
<key name="ca"> 11,12, </key>
<key name="cach"> 36,73, </key>
<key name="cal"> 18, </key>
<key name="calculat"> 27, </key>
<key name="calendar"> 11,17,23,21,4,66,26,25,29,34,70,60,75, </key>
<key name="cancel"> 65,66,28, </key>
<key name="cannot"> 71,14,45,8,42,35,49,55,18,3,21,0,50,52,65,66,26,56,24,28,68,61, </key>
<key name="capabiliti"> 11, </key>
<key name="capacity"> 23, </key>
<key name="car"> 66, </key>
<key name="cas"> 23,66,5,24,54, </key>
<key name="categori"> 34, </key>
<key name="caution"> 65,66,28,54, </key>
<key name="ceil"> 51, </key>
<key name="central"> 10, </key>
<key name="certain"> 66, </key>
<key name="certificat"> 12, </key>
<key name="chang"> 10,11,6,14,62,38,43,1,45,15,8,16,17,72,2,49,55,37,18,19,23,3,9,77,4,52,64,26,51,56,57,5,24,25,30,29,32,68,33,34,70,74,60,61, </key>
<key name="chapt"> 43,57, </key>
<key name="character"> 14,4, </key>
<key name="check"> 14,62,38,7,44,8,72,49,55,18,23,21,4,39,40,66,51,56,53,24,25,30,28,58,32,68,59,69,34,60,61, </key>
<key name="checkbox"> 21,66, </key>
<key name="checkmark"> 56, </key>
<key name="choic"> 34, </key>
<key name="choos"> 38,16,67,30,59,33, </key>
<key name="chosen"> 1, </key>
<key name="city"> 23, </key>
<key name="clam"> 44, </key>
<key name="clamav"> 44, </key>
<key name="clas"> 10,6,62,38,1,45,2,23,3,4,26,41,5,30,13, </key>
<key name="classify"> 34, </key>
<key name="clear"> 47,48,49,55,56, </key>
<key name="cli"> 12,56, </key>
<key name="click"> 10,14,62,38,7,1,8,16,17,37,18,19,23,3,21,9,20,63,39,40,64,65,66,41,67,73,25,30,28,29,58,32,68,59,33,69,31,70,60,61, </key>
<key name="clickabl"> 14,58, </key>
<key name="client"> 14,36,16,17,2,49,55,18,3,9,77,4,22,53,25,58,34, </key>
<key name="clos"> 16,35,26,28, </key>
<key name="cn"> 42,68,70, </key>
<key name="co"> 10,14,62,38,1,36,45,17,2,42,18,23,3,4,22,50,51,5,24,25,30,27,58,13,34,60, </key>
<key name="collaboration"> 11,6,43,44,35,9,4,13,78,61, </key>
<key name="colleagu"> 34, </key>
<key name="collect"> 6,9, </key>
<key name="color"> 77,25,34, </key>
<key name="column"> 10,1,60, </key>
<key name="com"> 11,42,35,37,18,22,73,68, </key>
<key name="combin"> 42, </key>
<key name="comma"> 21,68, </key>
<key name="command"> 18,12,56,58, </key>
<key name="commercial"> 49, </key>

</ftswdata>  
