<?xml version='1.0' encoding='windows-1252' ?>
<ftswdata>
<key name="0"> 6,14,9,69,81, </key>
<key name="00"> 61, </key>
<key name="06"> 81, </key>
<key name="0mb"> 61, </key>
<key name="1"> 45, </key>
<key name="10"> 57,71, </key>
<key name="100"> 39,43,41, </key>
<key name="10000"> 50, </key>
<key name="110"> 49,53, </key>
<key name="143"> 48,53, </key>
<key name="2"> 14,4,40,41,59, </key>
<key name="20"> 49, </key>
<key name="200"> 48, </key>
<key name="21"> 81, </key>
<key name="24"> 45, </key>
<key name="25"> 50,56,4,57, </key>
<key name="30"> 10,14,73,4,58,28, </key>
<key name="33"> 44, </key>
<key name="365"> 10,73,58, </key>
<key name="389"> 39,43,36,40,41, </key>
<key name="4"> 6,9,58,81, </key>
<key name="4096"> 57,62, </key>
<key name="48"> 10,73,58, </key>
<key name="5"> 4,40,26,69, </key>
<key name="6"> 14,4,25,69, </key>
<key name="60"> 10,73,2,57,58, </key>
<key name="636"> 43,36,40,41, </key>
<key name="64"> 14,4,25, </key>
<key name="7071"> 65, </key>
<key name="7110"> 49,53, </key>
<key name="7143"> 48,53, </key>
<key name="75"> 44, </key>
<key name="7993"> 48,53, </key>
<key name="7995"> 49,53, </key>
<key name="8"> 40,81, </key>
<key name="993"> 48,53, </key>
<key name="995"> 49,53, </key>
<key name="ability"> 11,43, </key>
<key name="abl"> 60, </key>
<key name="abov"> 10,57,69,62, </key>
<key name="accept"> 19,24,27,54, </key>
<key name="acces"> 39,7,8,43,36,9,80,27,42,29,35,77, </key>
<key name="accidental"> 27,29, </key>
<key name="accommodat"> 54, </key>
<key name="accord"> 46,24,51, </key>
<key name="account"> 10,6,14,63,39,7,15,44,45,1,37,46,47,16,8,17,18,2,43,36,19,20,24,3,9,74,4,80,64,23,0,51,53,67,27,12,42,52,68,58,5,25,26,31,28,29,30,59,33,69,34,70,13,35,32,71,61,77,62, </key>
<key name="acros"> 53, </key>
<key name="action"> 14,29,59,35,77, </key>
<key name="activ"> 72,10,14,39,17,36,24,74,40,41,27,42,58,75,25,26,31,59,69, </key>
<key name="active"> 62, </key>
<key name="activity"> 10,14,73,58,59, </key>
<key name="ad"> 63,39,7,15,44,37,2,43,19,20,24,3,22,4,42,26,62, </key>
<key name="adautocomplet"> 43, </key>
<key name="add"> 10,6,39,7,15,1,46,47,38,20,24,22,9,80,23,51,40,41,27,57,69,62, </key>
<key name="addition"> 24,79,75,26,35, </key>
<key name="additional"> 10,6,39,15,36,22,40,41,42,57,26,35,62, </key>
<key name="addres"> 10,11,14,39,7,15,44,45,37,17,43,36,49,50,19,20,24,22,9,4,23,0,41,27,57,58,75,54,26,69,13,35,32,71, </key>
<key name="admin"> 45,16,0,65,12,13, </key>
<key name="administration"> 10,6,7,8,50,56,38,80,12,42,57,58,13,71,81, </key>
<key name="administrativ"> 0, </key>
<key name="administrator"> 72,44,19,24,22,74,0,65,12,68,58,75,25,33,13,35,71, </key>
<key name="advanc"> 11,14,18,2,19,3,9,4,25,31,28,59,35, </key>
<key name="advertis"> 49,57, </key>
<key name="affect"> 67, </key>
<key name="ag"> 14,25,28, </key>
<key name="again"> 14,59,35, </key>
<key name="aggregat"> 73, </key>
<key name="aggressive"> 44, </key>
<key name="alert"> 45,67, </key>
<key name="alia"> 45,43,19,20,27,32, </key>
<key name="alias"> 10,19,20,0,27,32, </key>
<key name="allocat"> 58,61, </key>
<key name="allow"> 7,48,49,50,56,38,9,23,53,35,32, </key>
<key name="along"> 11,73,58,76, </key>
<key name="already"> 24,23,5,62, </key>
<key name="alternat"> 19, </key>
<key name="although"> 67, </key>
<key name="alway"> 24,4,23,26, </key>
<key name="amavisd"> 73, </key>
<key name="amount"> 18,25, </key>
<key name="anonymou"> 43,36, </key>
<key name="anoth"> 72,2,43,20,4,27,5, </key>
<key name="anti"> 72,10,44,45,73,52,57,58,76, </key>
<key name="antiviru"> 45, </key>
<key name="any"> 72,6,14,63,15,45,46,16,24,3,22,9,80,51,53,66,67,52,75,28,29,59,32,71,77,62, </key>
<key name="ap"> 18,52,35,61, </key>
<key name="appear"> 17,19,24,23,69,34,71,62, </key>
<key name="appearanc"> 79, </key>
<key name="applicabl"> 25, </key>
<key name="application"> 6,9,69,35, </key>
<key name="appointment"> 18,24,4,26,35,61, </key>
<key name="appropriat"> 0, </key>
<key name="approximate"> 43, </key>
<key name="architectur"> 73, </key>
<key name="archiv"> 45, </key>
<key name="area"> 10,15,3,22,27, </key>
<key name="arrow"> 32, </key>
<key name="ask"> 71, </key>
<key name="assign"> 14,63,1,18,2,19,3,4,27,42,5,26,13,62, </key>
<key name="assist"> 27,77, </key>
<key name="associat"> 1,18,20,3,27,5,29, </key>
<key name="assum"> 36,69, </key>
<key name="attach"> 46,47,24,51, </key>
<key name="attachment"> 14,46,47,18,2,50,19,3,4,51,52,5,29,35,71,61, </key>
<key name="attempt"> 72,36,75, </key>
<key name="attende"> 24, </key>
<key name="attribut"> 2,43,36,19,3,25,28, </key>
<key name="audit"> 77, </key>
<key name="auth"> 14,50,56,4,59, </key>
<key name="authenticat"> 50,56,65, </key>
<key name="authentication"> 10,14,39,16,36,50,56,38,40,42,52,57,25,31,33, </key>
<key name="author"> 11, </key>
<key name="auto"> 1,19,24,26, </key>
<key name="autocomplet"> 37,43,26,35, </key>
<key name="automat"> 44, </key>
<key name="automatic"> 4, </key>
<key name="automatical"> 6,14,63,44,45,18,2,19,24,3,74,4,0,27,57,58,28,29,59,35,61,62, </key>
<key name="av"> 52, </key>
<key name="availabl"> 6,15,1,73,2,43,48,49,24,9,79,80,12,58,13, </key>
<key name="averag"> 74, </key>
<key name="avoid"> 50,56, </key>
<key name="away"> 26, </key>
<key name="back"> 72,10,15,22, </key>
<key name="background"> 29,35, </key>
<key name="bar"> 10,73,29, </key>
<key name="bas"> 43,36,19,9,40,41,54,33,69,35, </key>
<key name="basi"> 43,24,40,41,53,31, </key>
<key name="basic"> 43,26, </key>
<key name="be"> 72,17,73,36,66,67,52,31,28,71, </key>
<key name="becom"> 43,19,41,27,42,26,29,69,62, </key>
<key name="befor"> 72,14,63,73,3,67,54,25,26,28,29,35,71,62, </key>
<key name="begin"> 66,67,69,71, </key>
<key name="behav"> 54,26, </key>
<key name="behavior"> 54, </key>
<key name="below"> 14,15,18,22,35,71,61, </key>
<key name="bind"> 39,43,36,40,41,57, </key>
<key name="blank"> 15,44,22,40, </key>
<key name="blob"> 57,62, </key>
<key name="block"> 45,46,2, </key>
<key name="book"> 10,11,14,15,37,43,22,4,13,35, </key>
<key name="boolean"> 43, </key>
<key name="both"> 10,39,43,41,67,42,5,59,35, </key>
<key name="bottom"> 10,15,22, </key>
<key name="bounc"> 72,46,47,74,51, </key>
<key name="box"> 10,63,39,7,15,38,22,4,40,41,66,67,57,25,31,69,32,71,62, </key>
<key name="brows"> 10,14,38,59,69, </key>
<key name="build"> 24,69,35, </key>
<key name="built"> 35, </key>
<key name="bulk"> 19,12, </key>
<key name="busy"> 24,35, </key>
<key name="button"> 10,14,75,59, </key>
<key name="byt"> 73,57,62, </key>
<key name="ca"> 12, </key>
<key name="cach"> 37,75, </key>
<key name="cal"> 19, </key>
<key name="calculat"> 28, </key>
<key name="calendar"> 11,18,24,22,4,67,27,26,30,35,71,61,77, </key>
<key name="cancel"> 66,67,29, </key>
<key name="cannot"> 72,14,46,8,43,36,50,56,19,3,22,0,51,53,66,67,27,57,25,29,69,62, </key>
<key name="capabiliti"> 11, </key>
<key name="capacity"> 24, </key>
<key name="car"> 67, </key>
<key name="cas"> 24,67,5,25,55, </key>
<key name="categori"> 35, </key>
<key name="caution"> 66,67,29,55, </key>
<key name="ceil"> 52, </key>
<key name="central"> 10, </key>
<key name="certain"> 67, </key>
<key name="certificat"> 12, </key>
<key name="chang"> 10,6,14,63,39,44,1,46,16,8,17,18,73,2,50,56,38,19,20,24,3,9,79,4,80,53,65,27,52,57,58,5,25,26,31,30,33,69,34,35,71,76,61,62, </key>
<key name="chapt"> 44,58, </key>
<key name="character"> 14,4, </key>
<key name="check"> 14,63,39,7,45,8,73,50,56,19,24,22,4,80,40,41,67,52,57,54,25,26,31,29,59,33,69,60,70,35,61,62, </key>
<key name="checkbox"> 22,67, </key>
<key name="checkmark"> 80,57, </key>
<key name="choic"> 35, </key>
<key name="choos"> 39,17,68,31,60,34, </key>
<key name="chosen"> 1, </key>
<key name="city"> 24, </key>
<key name="clam"> 45, </key>
<key name="clamav"> 45, </key>
<key name="clas"> 10,6,63,39,1,46,2,24,3,4,80,27,42,5,31,13, </key>
<key name="classify"> 35, </key>
<key name="clear"> 48,49,50,56,57, </key>
<key name="cli"> 12,57, </key>
<key name="click"> 10,14,63,39,7,15,1,8,17,18,38,19,20,24,3,22,9,21,64,40,41,65,66,67,42,68,75,26,31,29,30,59,33,69,60,34,70,32,71,61,62, </key>
<key name="clickabl"> 14,59, </key>
<key name="client"> 14,37,17,18,2,50,56,19,3,9,79,4,80,23,54,26,59,35, </key>
<key name="clos"> 15,17,36,27,29, </key>
<key name="cn"> 43,69,71, </key>
<key name="co"> 10,14,63,39,1,37,46,18,2,43,19,24,3,4,80,23,51,52,5,25,26,31,28,59,13,35,61, </key>
<key name="collaboration"> 11,6,44,45,36,9,4,13,81,62, </key>
<key name="colleagu"> 35, </key>
<key name="collect"> 6,9, </key>
<key name="color"> 79,26,35, </key>
<key name="column"> 10,1,61, </key>
<key name="com"> 43,36,38,19,23,75,69, </key>
<key name="combin"> 43, </key>
<key name="comma"> 22,69, </key>

</ftswdata>  
