<?xml version='1.0' encoding='windows-1252' ?>
<ftswdata>
<key name="will"> 14,62,38,45,17,55,18,19,3,9,22,66,67,25,27,68,69,70,60, </key>
<key name="window"> 10,67,25,68,70, </key>
<key name="with"> 35, </key>
<key name="within"> 10,6,42,35,9,77,39,24,58,31,75, </key>
<key name="without"> 11,42,37,26,58,59,75, </key>
<key name="wizard"> 10,38,42,35,18,23,9,63,39,40,64,66,26,41,67,68,13,70, </key>
<key name="word"> 18, </key>
<key name="work"> 66, </key>
<key name="would"> 35,23,68, </key>
<key name="writ"> 38, </key>
<key name="writh"> 68, </key>
<key name="www"> 11, </key>
<key name="x"> 14,72, </key>
<key name="year"> 72, </key>
<key name="your"> 44,1,46,42,35,49,19,3,21,77,4,0,26,73,53,30,54,32,68,70,61, </key>
<key name="zc"> 10,6,43,52,24, </key>
<key name="zimbra"> 71,10,11,6,62,43,44,36,45,17,72,2,42,35,47,48,49,55,37,18,3,9,77,4,63,22,52,64,66,12,56,67,57,73,24,25,54,58,32,68,69,13,34,70,78,74,61, </key>
<key name="zimbraaccount"> 42, </key>
<key name="zimbradistributionlist"> 42, </key>
<key name="zimbramailaddres"> 42, </key>
<key name="zimbramailalia"> 42, </key>
<key name="zimbramaildeliveryaddres"> 42, </key>
<key name="zip"> 44, </key>
<key name="zmprov"> 18,56, </key>
<key name="zon"> 4, </key>
<key name="zwc"> 22,34, </key>

</ftswdata>  
