<?xml version='1.0' encoding='windows-1252' ?>
<ftswdata>
<key name="click"> 11,16,63,39,7,17,90,18,1,79,8,19,20,38,21,22,26,3,24,9,23,64,91,10,40,41,65,66,67,42,89,68,76,27,32,30,92,31,59,82,84,93,69,60,34,70,33,71,61,62,72, </key>
<key name="clickabl"> 16,59, </key>
<key name="client"> 16,37,19,20,2,50,56,21,3,9,86,4,87,25,89,54,14,27,59,35, </key>
<key name="clos"> 17,18,19,36,28,30, </key>
<key name="cn"> 43,69,71, </key>
<key name="co"> 11,16,63,39,90,1,37,46,19,20,2,43,21,26,3,4,87,91,25,51,52,89,14,5,81,27,32,29,59,82,83,93,15,35,61, </key>
<key name="collaboration"> 12,6,44,45,36,9,4,89,15,88,62, </key>
<key name="colleagu"> 35, </key>
<key name="collect"> 6,9, </key>
<key name="color"> 86,27,35, </key>
<key name="column"> 11,90,1,91,61, </key>
<key name="com"> 43,36,38,21,25,89,76,69, </key>
<key name="com_zimbra_dat"> 89, </key>
<key name="com_zimbra_email"> 89, </key>
<key name="com_zimbra_phon"> 89, </key>
<key name="com_zimbra_url"> 89, </key>
<key name="combin"> 43, </key>
<key name="combination"> 14,83, </key>
<key name="comma"> 24,69, </key>
<key name="command"> 21,13,57,59, </key>
<key name="commercial"> 50, </key>
<key name="commit"> 1,22,32,84, </key>
<key name="common"> 46,47,43,24,51,28,55,69,35,71, </key>
<key name="company"> 17,43,38,24,89, </key>
<key name="complet"> 63,39,17,18,37,43,38,22,24,86,40,41,66,89,30,69,15,35,33,71,72, </key>
<key name="complex"> 18,14,83, </key>
<key name="compos"> 4,27,29,55,35, </key>
<key name="compres"> 57,62, </key>
<key name="compression"> 57,62, </key>
<key name="compromis"> 54, </key>
<key name="comput"> 47,10,93,71,72, </key>
<key name="computer"> 59, </key>
<key name="concern"> 37, </key>
<key name="concurrenc"> 67, </key>
<key name="condition"> 35, </key>
<key name="conduct"> 68,71, </key>
<key name="configur"> 11,63,39,18,44,45,46,47,80,2,43,36,48,49,50,56,38,21,22,26,4,87,25,51,40,41,53,28,42,52,89,58,14,81,27,29,59,83,15,35,71,61,62,72, </key>
<key name="configuration"> 11,16,39,7,8,19,43,36,38,21,9,4,87,10,40,41,13,42,57,89,27,92,93,35, </key>
<key name="confirm"> 84, </key>
<key name="confus"> 55, </key>
<key name="connect"> 39,50,56,65,57,68, </key>
<key name="connection"> 36,48,49,57, </key>
<key name="consecutiv"> 19,82, </key>
<key name="consid"> 21,3, </key>
<key name="consider"> 44,36, </key>
<key name="consist"> 6, </key>
<key name="consistent"> 67, </key>
<key name="consol"> 11,6,7,79,8,50,56,38,87,10,13,42,89,58,14,93,15,71,88,72, </key>
<key name="consolidat"> 74, </key>
<key name="constraint"> 2,3,5, </key>
<key name="construct"> 43,69, </key>
<key name="contact"> 16,21,26,24,4,67,28,89,14,27,31,84,15,35,71,72, </key>
<key name="contain"> 6,74,3,24,9,28,13,32,59,69,35,72, </key>
<key name="content"> 11,6,16,18,19,22,26,3,24,9,86,10,28,57,89,58,76,32,30,92,59,84,93,34,33,77,78, </key>
<key name="continu"> 1,38,25,40,67,76,69, </key>
<key name="control"> 39,17,8,2,50,24,9, </key>
<key name="conversation"> 12,4,27,35, </key>
<key name="convert"> 71,72, </key>
<key name="cooki"> 59, </key>
<key name="copy"> 25, </key>
<key name="corn"> 27, </key>
<key name="corporat"> 43, </key>
<key name="correct"> 41,82, </key>
<key name="corrupt"> 73,28,76,30, </key>
<key name="cos"> 3,93, </key>
<key name="could"> 73,16,17,19,2,26,24,76,33, </key>
<key name="count"> 11,74,58, </key>
<key name="creat"> 11,6,63,39,18,44,45,1,20,2,38,21,22,26,3,24,9,86,4,64,10,25,0,40,41,28,13,42,89,68,58,14,81,27,84,83,93,69,70,15,35,71,62, </key>
<key name="criteria"> 18,35, </key>
<key name="cronntab"> 75, </key>
<key name="current"> 11,87,67,57,27,62,72, </key>
<key name="custom"> 10,14,92, </key>
<key name="customiz"> 86, </key>
<key name="customization"> 86, </key>
<key name="dai"> 75,58, </key>
<key name="dat"> 67,89,27,29,83,35,71,72, </key>
<key name="data"> 11,74,67,57,77,62, </key>
<key name="databas"> 69, </key>
<key name="day"> 11,16,74,2,4,58,81,29,59,82, </key>
<key name="dc"> 43,36, </key>
<key name="decid"> 71,72, </key>
<key name="declin"> 26, </key>
<key name="deem"> 74, </key>
<key name="def"> 73, </key>
<key name="default"> 11,16,63,39,90,18,45,2,43,36,48,49,50,56,21,26,3,9,4,87,41,53,42,52,57,89,54,14,81,27,29,59,82,93,35,71,62,72, </key>
<key name="defer"> 73,11,58,76, </key>
<key name="defin"> 11,12,6,39,17,45,2,43,36,21,3,87,28,52,57,89,27,15,35,71,62,72, </key>
<key name="delay"> 75, </key>
<key name="delegat"> 12, </key>
<key name="delet"> 11,6,39,8,19,20,22,26,3,24,9,23,25,67,28,57,58,76,29,30,92,71,61,62,72, </key>
<key name="deliver"> 73,16,44,45,19,74,25,76,93,60,62, </key>
<key name="deliveri"> 75, </key>
<key name="delivery"> 73,46,50,56,75,25,85,57,76,27,55,33, </key>
<key name="deni"> 2,3, </key>
<key name="department"> 43, </key>
<key name="depend"> 74,30, </key>
<key name="deploy"> 90,86,10,89,93, </key>
<key name="deployment"> 89, </key>
<key name="deposit"> 30, </key>
<key name="descend"> 58,61, </key>
<key name="describ"> 39,24,40,41, </key>
<key name="description"> 11,16,39,2,26,3,24,42,57, </key>
<key name="descriptiv"> 26, </key>
<key name="deselect"> 3, </key>
<key name="design"> 47, </key>
<key name="designat"> 21,26,53,55, </key>
<key name="desir"> 19, </key>
<key name="desk"> 11,72, </key>
<key name="destination"> 64,65,58,69,70,71,72, </key>
<key name="detail"> 11,39,18,26,40,41,28,57,89,76,15,35,72, </key>
<key name="determin"> 44,19,2,43,56,3,67,5,59,71,72, </key>
<key name="develop"> 89, </key>
<key name="dialog"> 39,7,1,8,21,22,9,4,64,10,65,67,27,30,84,93,69,70,71,72, </key>
<key name="different"> 6,1,46,74,3,51,57,76,14,5,55,69,15,35, </key>
<key name="direct"> 40,41,42, </key>
<key name="directory"> 16,39,43,36,21,26,24,40,41,42,14,81,32,84,83,69,71,62,72, </key>
<key name="disabl"> 11,16,44,37,46,19,43,50,56,3,4,91,25,51,52,89,14,5,27,92, </key>
<key name="disapprov"> 54, </key>
<key name="discard"> 67, </key>
<key name="disk"> 11,16,20,74,21,58,61, </key>
<key name="disparat"> 89, </key>
<key name="display"> 11,6,39,7,17,18,37,8,74,2,38,21,22,26,24,9,4,87,25,0,40,41,66,67,28,57,89,58,76,14,5,27,30,31,69,70,35,33,71,77,61,62,72, </key>
<key name="distinguish"> 69, </key>
<key name="distribution"> 11,39,17,18,43,24,9,23,67,28,14,15,33, </key>
<key name="divid"> 76, </key>
<key name="dll"> 72, </key>
<key name="dn"> 43,36,50,56,38,40,41,52,57,54,69, </key>
<key name="do"> 63,37,46,47,38,26,9,91,25,51,54,30, </key>
<key name="document"> 73,11,12,6,39,7,8,9,42,89, </key>
<key name="documentation"> 11,86,10,68, </key>
<key name="domain"> 11,6,63,39,7,18,8,2,43,36,50,56,38,22,3,9,64,40,41,53,28,42,52,68,58,76,54,14,32,69,15,35,33,71,72, </key>
<key name="domino"> 14,72, </key>
<key name="don"> 47,24,28, </key>
<key name="doubl"> 22,84, </key>
<key name="down"> 7,1,43,22,33, </key>
<key name="download"> 11,45,76,14,15,71,72, </key>
<key name="downtim"> 67, </key>
<key name="drop"> 7,1,22,33, </key>
<key name="duplicat"> 67, </key>
<key name="e"> 50,21,69, </key>
<key name="earli"> 67,76, </key>
<key name="easi"> 10, </key>
<key name="easy"> 86,35, </key>
<key name="edit"> 11,6,7,17,90,8,19,20,38,22,3,9,91,0,40,41,28,42,57,30,31,84,34, </key>
<key name="effect"> 19,57, </key>
<key name="eith"> 73,16,39,17,43,24,40,41,57,89,76,27,32,29,59,82,69,35,71,61,62, </key>
<key name="elaborat"> 86, </key>
<key name="elaps"> 16, </key>
<key name="elsewher"> 52, </key>
<key name="email"> 11,16,63,7,18,44,46,47,20,43,50,21,22,26,24,9,25,0,51,67,28,89,58,14,5,29,55,69,34,15,35,71,61,72, </key>
<key name="embed"> 6, </key>
<key name="employe"> 2,43, </key>
<key name="empty"> 87,62, </key>
<key name="enabl"> 11,6,16,90,44,45,37,79,2,43,48,49,50,56,21,24,9,4,25,53,52,57,89,54,14,5,81,27,82,93,35, </key>
<key name="encrypt"> 45,48,49,81,84, </key>
<key name="end"> 2,3,4,27,15, </key>
<key name="enforc"> 16,14,81,32, </key>
<key name="enhanc"> 10,89, </key>
<key name="enhancement"> 14, </key>
<key name="enlarg"> 18, </key>
<key name="enough"> 46, </key>
<key name="ensur"> 36,67,81, </key>
<key name="ent"> 39,17,18,79,80,43,36,56,38,21,22,26,3,24,9,25,40,41,65,67,28,82,84,69,33,71,62,72, </key>
<key name="enter"> 39,18,44,43,36,38,26,40,41,81,82,33, </key>
<key name="entri"> 16,63,43,28,69,78, </key>
<key name="entry"> 43,36,93, </key>
<key name="envelop"> 76, </key>
<key name="environment"> 11,1,9, </key>
<key name="equal"> 43, </key>
<key name="equipment"> 11,26,28, </key>
<key name="error"> 36,75,66,58,76,71,72, </key>
<key name="establish"> 42, </key>
<key name="etc"> 43,26,31, </key>
<key name="evaluat"> 76, </key>
<key name="even"> 2, </key>
<key name="every"> 45,2,58, </key>
<key name="everyon"> 24,28, </key>
<key name="ex"> 71,72, </key>
<key name="exampl"> 17,2,43,36,38,21,24,69,33, </key>
<key name="exceed"> 82, </key>
<key name="except"> 29, </key>
<key name="exception"> 5, </key>
<key name="exchang"> 63,67,68,69,71, </key>
<key name="execut"> 13, </key>

</ftswdata>  
