<?xml version='1.0' encoding='windows-1252' ?>
<ftswdata>
<key name="step"> 30,15,31,32,33,55, </key>
<key name="still"> 13,23,48, </key>
<key name="stop"> 37,9,23,46, </key>
<key name="stor"> 7,44,20,67,27,55,48, </key>
<key name="storag"> 48, </key>
<key name="str"> 34,21,26, </key>
<key name="street"> 6, </key>
<key name="styl"> 4,21,28, </key>
<key name="subject"> 8,35,28, </key>
<key name="subscrib"> 8, </key>
<key name="subtre"> 55, </key>
<key name="succeed"> 29, </key>
<key name="successful"> 66,60, </key>
<key name="sudden"> 37, </key>
<key name="suit"> 8,35,36,29,4,67,10,72,48, </key>
<key name="summary"> 30,31,32,45, </key>
<key name="suppli"> 29, </key>
<key name="support"> 8, </key>
<key name="surg"> 37, </key>
<key name="surnam"> 34, </key>
<key name="suspect"> 13, </key>
<key name="suspend"> 46, </key>
<key name="symbol"> 15, </key>
<key name="syntax"> 34, </key>
<key name="system"> 7,38,34,3,0,68,33,44,41,10,48, </key>
<key name="t"> 22, </key>
<key name="tab"> 7,35,36,1,37,38,13,14,2,39,43,16,3,19,40,44,20,21,25,69,27,46,71,28,61,48, </key>
<key name="tag"> 8,35,58,22,67,28,57,62, </key>
<key name="tak"> 13,68,44,23, </key>
<key name="target"> 56,57, </key>
<key name="task"> 0,53,22,9,67,10, </key>
<key name="templat"> 30, </key>
<key name="temporari"> 37,18,60, </key>
<key name="temporary"> 54,57, </key>
<key name="ten"> 18, </key>
<key name="term"> 32, </key>
<key name="test"> 30,31,32, </key>
<key name="text"> 30,4,31,32,44,21,55, </key>
<key name="them"> 36,60,48, </key>
<key name="third"> 28, </key>
<key name="thoroughnes"> 34, </key>
<key name="thos"> 38,2,53, </key>
<key name="though"> 2, </key>
<key name="thre"> 29, </key>
<key name="thread"> 4,44,21, </key>
<key name="threshold"> 44,48, </key>
<key name="thunderbird"> 28, </key>
<key name="tim"> 7,11,12,6,3,18,4,50,0,40,45,60,20,23,70,27,28,57,61, </key>
<key name="timeout"> 11,43,4,44,70, </key>
<key name="timezon"> 21, </key>
<key name="tip"> 16,22, </key>
<key name="tl"> 39,43,44, </key>
<key name="token"> 11,4,70, </key>
<key name="told"> 12, </key>
<key name="tool"> 7,2,15,16,3,22,9,33,23,57, </key>
<key name="toolbar"> 7,30,15,16,6,3,31,32,22,27, </key>
<key name="total"> 58, </key>
<key name="trac"> 9, </key>
<key name="track"> 64, </key>
<key name="trademark"> 8, </key>
<key name="traffic"> 37,46, </key>
<key name="train"> 35, </key>
<key name="transaction"> 39,43, </key>
<key name="transf"> 63, </key>
<key name="transfer"> 63, </key>
<key name="trash"> 11,6,4,69, </key>
<key name="tri"> 29, </key>
<key name="troubl"> 22,62, </key>
<key name="troubleshoot"> 68, </key>
<key name="trust"> 39,43, </key>
<key name="try"> 43, </key>
<key name="turn"> 35,61, </key>
<key name="two"> 35,36,0, </key>
<key name="typ"> 8,37,38,34,15,6,3,18,65,31,32,53,22,44,45,41,67,55,10,48, </key>
<key name="u"> 29, </key>
<key name="ui"> 11,4, </key>
<key name="un"> 46, </key>
<key name="unauthoriz"> 37,38,13, </key>
<key name="unavailabl"> 18,53,71, </key>
<key name="unchang"> 11, </key>
<key name="uniqu"> 60, </key>
<key name="unknown"> 39, </key>
<key name="unles"> 6, </key>
<key name="unlimit"> 11,16,28,47, </key>
<key name="unprovision"> 57, </key>
<key name="unread"> 35, </key>
<key name="unsolicit"> 35,39, </key>
<key name="up"> 34,15,0,53,40,20,27,28,57, </key>
<key name="updat"> 36,2,50,21,72, </key>
<key name="url"> 7,34,29,31,32, </key>
<key name="us"> 7,8,11,35,1,37,12,13,14,2,34,29,15,6,3,18,4,50,31,32,51,53,63,22,54,45,20,21,67,25,23,42,26,70,27,55,10,28,57,47,62,48, </key>
<key name="usag"> 7,58,18,20, </key>
<key name="useful"> 6, </key>
<key name="user"> 11,49,35,37,13,14,2,34,29,39,43,15,6,3,4,0,53,22,20,21,25,69,23,27,55,46,28,57,47,62, </key>
<key name="usernam"> 30,51,67, </key>
<key name="usual"> 65,5,67, </key>
<key name="utiliti"> 9, </key>
<key name="utiliz"> 57, </key>
<key name="valid"> 11,29, </key>
<key name="valu"> 34,15,32,40,5, </key>
<key name="variou"> 7,34,3, </key>
<key name="verifi"> 34, </key>
<key name="verification"> 56,57, </key>
<key name="verify"> 67, </key>
<key name="version"> 72, </key>
<key name="via"> 38,44, </key>
<key name="view"> 7,11,35,37,13,14,58,2,16,6,3,18,4,68,22,45,5,21,70,28,61,47,62, </key>
<key name="violat"> 41, </key>
<key name="violator"> 41, </key>
<key name="viru"> 7,36,37,58,40,44,45,60,61, </key>
<key name="virus"> 38, </key>
<key name="volum"> 7,58,44,45,48, </key>
<key name="wait"> 21, </key>
<key name="walk"> 30, </key>
<key name="want"> 49,64,15,3,22,41,25,55, </key>
<key name="warn"> 52,66,57, </key>
<key name="warning"> 52,57, </key>
<key name="way"> 22, </key>
<key name="web"> 37,14,2,39,43,15,3,4,44,21,42,70,28, </key>
<key name="webmail"> 11,42, </key>
<key name="welcom"> 57, </key>
<key name="well"> 8, </key>
<key name="what"> 2,64,15,3,53,41,5,47, </key>
<key name="whenev"> 25, </key>
<key name="wheth"> 7,13,2,34,29,64,53,44,57,48, </key>
<key name="whil"> 52,53,60,23,57, </key>
<key name="whos"> 18,22,44,48, </key>
<key name="wid"> 7, </key>
<key name="will"> 11,49,30,37,14,43,15,16,3,19,53,54,21,67,69,55,56,57,47, </key>
<key name="window"> 7,54,21,55,57, </key>
<key name="with"> 29, </key>
<key name="within"> 7,34,29,31,20,70,62, </key>
<key name="without"> 8,34,22,70,46,62, </key>
<key name="wizard"> 7,30,34,29,64,15,6,50,31,32,51,53,22,33,54,67,55,10,57, </key>
<key name="word"> 15, </key>
<key name="work"> 53,70, </key>
<key name="would"> 29,64,55, </key>
<key name="writh"> 55, </key>
<key name="www"> 8, </key>
<key name="x"> 58, </key>
<key name="your"> 36,1,37,38,34,29,64,39,16,3,4,65,19,0,66,68,22,41,67,25,42,27,55,57,48, </key>
<key name="zc"> 7,35,20, </key>
<key name="zimbra"> 7,8,49,35,36,37,14,58,2,34,29,64,39,43,15,3,4,50,51,66,53,68,9,33,44,54,45,60,20,21,67,42,70,27,55,56,10,28,57,72,61,48, </key>
<key name="zimbraaccount"> 34, </key>
<key name="zimbradistributionlist"> 34, </key>
<key name="zimbramailaddres"> 34, </key>
<key name="zimbramailalia"> 34, </key>
<key name="zimbramaildeliveryaddres"> 34, </key>
<key name="zip"> 36, </key>
<key name="zmprov"> 15,44, </key>
<key name="zon"> 4, </key>

</ftswdata>  
