<?xml version='1.0' encoding='windows-1252' ?>
<ftswdata>
<key name="commit"> 1,19,30,32, </key>
<key name="common"> 44,45,41,21,49,26,53,67,34,69, </key>
<key name="company"> 41,36,21, </key>
<key name="complet"> 8,61,14,41,36,19,21,38,39,64,28,67,11,34,31,69, </key>
<key name="compos"> 4,25,27,53,34, </key>
<key name="compres"> 55,60, </key>
<key name="compression"> 55,60, </key>
<key name="compromis"> 52, </key>
<key name="comput"> 45,69, </key>
<key name="computer"> 57, </key>
<key name="concern"> 14, </key>
<key name="concurrenc"> 65, </key>
<key name="condition"> 34, </key>
<key name="conduct"> 66,69, </key>
<key name="configur"> 7,61,37,42,43,44,45,2,41,35,46,47,48,54,36,18,19,23,4,22,49,38,39,12,51,26,6,40,50,56,10,24,25,27,57,11,34,69,59,60, </key>
<key name="configuration"> 7,13,41,35,36,18,4,38,39,12,26,9,6,40,55,10,25,34, </key>
<key name="confirm"> 32, </key>
<key name="confus"> 53, </key>
<key name="connect"> 37,48,54,63,55,66, </key>
<key name="connection"> 35,46,47,55, </key>
<key name="consid"> 18,3, </key>
<key name="consider"> 42,35, </key>
<key name="consistent"> 65, </key>
<key name="consol"> 7,15,48,54,36,9,40,56,11,69,76, </key>
<key name="consolidat"> 71, </key>
<key name="constraint"> 2,3,5, </key>
<key name="construct"> 41,67, </key>
<key name="contact"> 8,13,18,23,21,4,65,26,10,25,29,32,11,34,69, </key>
<key name="contain"> 71,3,21,26,9,30,57,67,34, </key>
<key name="content"> 7,13,15,16,19,23,3,21,26,6,55,56,72,30,28,57,32,33,31,73,74, </key>
<key name="continu"> 1,36,22,38,65,72,67, </key>
<key name="control"> 2,48,21, </key>
<key name="conversation"> 8,4,25,34, </key>
<key name="convert"> 69, </key>
<key name="cooki"> 57, </key>
<key name="copy"> 22, </key>
<key name="copyright"> 8, </key>
<key name="corn"> 25, </key>
<key name="corporat"> 41, </key>
<key name="correct"> 39, </key>
<key name="corrupt"> 70,26,72,28, </key>
<key name="cos"> 3, </key>
<key name="could"> 70,13,16,2,23,21,72,31, </key>
<key name="count"> 7,71,56, </key>
<key name="creat"> 7,61,37,42,43,1,17,2,36,18,19,23,3,21,4,62,22,0,38,39,26,9,6,40,66,56,10,24,25,32,67,68,11,34,69,60, </key>
<key name="criteria"> 34, </key>
<key name="current"> 7,65,55,60, </key>
<key name="dai"> 56, </key>
<key name="dat"> 65,25,27,34,69, </key>
<key name="data"> 7,71,65,55,73,60, </key>
<key name="databas"> 67, </key>
<key name="day"> 7,13,71,2,4,56,24,27,57, </key>
<key name="dc"> 41,35, </key>
<key name="decid"> 69, </key>
<key name="declin"> 23, </key>
<key name="deem"> 71, </key>
<key name="def"> 70, </key>
<key name="default"> 7,13,37,43,15,2,41,35,46,47,48,54,18,3,4,39,51,40,50,55,52,10,24,25,27,57,34,69,60, </key>
<key name="defer"> 70,7,56,72, </key>
<key name="defin"> 7,8,43,2,41,35,18,3,26,6,50,55,11,34,69,60, </key>
<key name="definition"> 10, </key>
<key name="delegat"> 8, </key>
<key name="delet"> 7,16,17,19,23,3,21,20,22,65,26,55,56,72,10,27,28,69,59,60, </key>
<key name="deliver"> 70,13,42,43,16,71,22,72,58,60, </key>
<key name="delivery"> 70,44,48,54,22,75,55,72,25,53,31, </key>
<key name="deni"> 2,3, </key>
<key name="department"> 41, </key>
<key name="depend"> 71,28, </key>
<key name="deposit"> 28, </key>
<key name="descend"> 56,59, </key>
<key name="describ"> 37,21,38,39,10, </key>
<key name="description"> 7,13,37,2,23,3,21,40,55, </key>
<key name="descriptiv"> 23, </key>
<key name="deselect"> 3, </key>
<key name="design"> 45, </key>
<key name="designat"> 18,23,51,53, </key>
<key name="desir"> 16, </key>
<key name="desk"> 7, </key>
<key name="destination"> 62,63,6,56,67,68,69, </key>
<key name="detail"> 7,37,23,38,39,26,55,72,10,11,34, </key>
<key name="determin"> 42,16,2,41,54,3,65,5,57,69, </key>
<key name="dialog"> 37,1,18,19,4,62,63,65,6,25,28,32,67,68,69, </key>
<key name="different"> 1,44,71,3,49,55,72,5,53,67,11,34, </key>
<key name="direct"> 38,39, </key>
<key name="directory"> 13,37,41,35,18,23,21,38,39,6,40,24,30,32,67,69,60, </key>
<key name="disabl"> 7,13,42,44,16,41,48,54,3,4,22,49,50,10,5,25, </key>
<key name="disapprov"> 52, </key>
<key name="discard"> 65, </key>
<key name="disk"> 7,13,17,71,18,56,59, </key>
<key name="display"> 7,37,14,71,2,36,18,19,23,21,4,22,0,38,39,12,64,65,26,6,55,56,72,10,5,25,28,29,67,68,34,31,69,73,59,60, </key>
<key name="distinguish"> 67, </key>
<key name="distribution"> 7,41,21,20,65,26,10,11,31, </key>
<key name="divid"> 72, </key>
<key name="dl"> 10, </key>
<key name="dn"> 41,35,48,54,36,38,39,50,55,52,67, </key>
<key name="do"> 8,14,44,45,36,23,22,49,52,28, </key>
<key name="document"> 70,8,6,10, </key>
<key name="documentation"> 7,66, </key>
<key name="domain"> 7,37,2,41,35,48,54,36,19,3,62,38,39,12,51,26,6,40,50,66,56,72,52,10,30,67,11,34,31,69, </key>
<key name="don"> 45,21,26,6, </key>
<key name="doubl"> 19,32, </key>
<key name="down"> 1,41,19,10,31, </key>
<key name="download"> 7,43,72,11,69, </key>
<key name="downtim"> 65, </key>
<key name="draft"> 8, </key>
<key name="drop"> 1,19,10,31, </key>
<key name="duplicat"> 65, </key>
<key name="e"> 48,18,67, </key>
<key name="earli"> 65,72, </key>
<key name="easy"> 34, </key>
<key name="edit"> 7,16,17,36,19,3,0,38,39,26,6,40,55,28,29,32,33, </key>
<key name="editor"> 6, </key>
<key name="effect"> 16,55, </key>
<key name="eith"> 70,7,13,37,41,21,38,39,55,72,25,30,27,57,67,34,69,59,60, </key>
<key name="elaps"> 13, </key>
<key name="elsewher"> 50, </key>
<key name="email"> 7,13,61,42,44,45,17,41,48,18,19,23,21,22,0,49,65,26,56,5,27,53,67,33,11,34,69,59, </key>
<key name="employe"> 2,41, </key>
<key name="empty"> 60, </key>
<key name="enabl"> 7,13,42,43,14,15,2,41,46,47,48,54,18,21,4,22,12,51,6,50,55,52,10,5,24,25,34, </key>
<key name="encrypt"> 43,46,47,24,32, </key>
<key name="end"> 2,3,4,25,11, </key>
<key name="enforc"> 13,24,30, </key>
<key name="enhancement"> 8,10, </key>
<key name="enough"> 44, </key>
<key name="ensur"> 35,65,24, </key>
<key name="ent"> 37,41,35,54,36,18,19,23,3,21,22,38,39,63,65,26,6,10,32,67,31,69,60, </key>
<key name="enter"> 37,42,41,35,36,23,38,39,6,24,31, </key>
<key name="entri"> 13,41,26,67,74, </key>
<key name="entry"> 41,35, </key>
<key name="envelop"> 72, </key>
<key name="environment"> 7,1,10, </key>
<key name="equal"> 41, </key>
<key name="equipment"> 7,23,26, </key>
<key name="error"> 35,64,56,72,69, </key>
<key name="establish"> 40,10, </key>
<key name="etc"> 41,23,29, </key>
<key name="evaluat"> 72, </key>
<key name="even"> 2, </key>
<key name="every"> 43,2,56, </key>
<key name="everyon"> 21,26,10, </key>
<key name="ex"> 69, </key>
<key name="exampl"> 2,41,35,36,18,21,67,31, </key>
<key name="except"> 27, </key>
<key name="exception"> 5, </key>
<key name="exchang"> 7,61,65,66,67,11,69, </key>
<key name="execut"> 9, </key>
<key name="executabl"> 7,69, </key>
<key name="executiv"> 2, </key>
<key name="exhibit"> 52, </key>
<key name="exist"> 16,2,41,19,38,28,67,68,69,60, </key>
<key name="expand"> 71, </key>
<key name="expir"> 70,13,24,57, </key>
<key name="explicit"> 2,41,48,54,39,50, </key>
<key name="expos"> 23, </key>
<key name="exposur"> 57, </key>
<key name="expression"> 38,39, </key>
<key name="extension"> 44,45,49,50, </key>
<key name="external"> 8,13,37,41,35,48,54,38,39,40,55,24,30,53,32, </key>
<key name="fail"> 37,38,39, </key>
<key name="failur"> 70, </key>
<key name="far"> 7, </key>
<key name="fashion"> 8,24, </key>
<key name="featur"> 8,13,14,2,41,18,3,4,22,12,26,6,10,5,24,25,27,57,11,34,31,74, </key>
<key name="few"> 10, </key>
<key name="field"> 42,1,14,17,48,54,18,23,21,38,39,12,65,6,55,25,30,34,60, </key>
<key name="fil"> 70,7,43,44,45,49,64,65,26,6,55,72,10,28,69,74,60, </key>
<key name="filt"> 42,43,71,41,35,38,39,65,72,67, </key>
<key name="filter"> 70,8,42,41,53,34, </key>
<key name="final"> 75, </key>
<key name="find"> 21,28,31, </key>
<key name="finish"> 37,1,18,23,38,39, </key>
<key name="first"> 41,0,24,25,28,67,34,31,69, </key>
<key name="fix"> 72, </key>
<key name="flag"> 34, </key>
<key name="flander"> 67, </key>
<key name="floor"> 23, </key>
<key name="flush"> 72, </key>
<key name="fold"> 13,42,65,6,10,25,27,57,34,69, </key>
<key name="folder"> 8,4,65,26,10,25,27,28,29,67,34,69,74, </key>
<key name="follow"> 7,42,44,16,2,41,35,46,47,48,54,23,4,49,63,26,9,50,55,56,72,52,10,25,67,69,59,60, </key>
<key name="font"> 34, </key>
<key name="forc"> 13,48,54,30,32, </key>
<key name="forget"> 24,32, </key>
<key name="forgotten"> 26,72, </key>
<key name="format"> 6,56,25, </key>
<key name="forum"> 7, </key>
<key name="forward"> 7,18,21,22,0,26,10,25, </key>
<key name="fre"> 23,55,34, </key>
<key name="frequency"> 43, </key>
<key name="frequent"> 70,23, </key>
<key name="ful"> 52, </key>
<key name="full"> 8,66,69,60, </key>
<key name="function"> 7, </key>
<key name="g"> 48, </key>

</ftswdata>  
