<?xml version='1.0' encoding='windows-1252' ?>
<!-- saved from url=(0014)about:internet -->
<ftswdata>
<key name="certify"> 94, </key>
<key name="chang"> 11,15,69,43,101,48,3,50,87,9,18,88,19,82,4,54,60,42,20,21,28,5,10,96,97,102,24,57,73,67,95,98,30,94,56,61,100,62,6,89,29,34,33,63,90,92,36,77,37,38,79,80,85,65,66,39, </key>
<key name="chapt"> 48,100,62, </key>
<key name="character"> 15,87,89,29,92, </key>
<key name="check"> 15,69,43,8,101,49,9,82,54,60,20,28,23,97,72,25,44,45,73,75,68,95,98,56,61,58,89,29,34,32,63,90,92,104,77,64,78,38,65,66, </key>
<key name="checkbox"> 23,75,29, </key>
<key name="checkmark"> 97,98,61, </key>
<key name="choic"> 38, </key>
<key name="choos"> 43,18,72,76,34,64,37, </key>
<key name="chosen"> 3, </key>
<key name="cisco"> 100, </key>
<key name="city"> 28,95, </key>
<key name="clam"> 49, </key>
<key name="clamav"> 49, </key>
<key name="clas"> 11,7,69,43,101,3,50,4,20,28,5,96,97,24,55,98,30,46,6,34,14, </key>
<key name="classify"> 38, </key>
<key name="clear"> 15,52,53,54,60,61, </key>
<key name="cli"> 13,94,61,100, </key>
<key name="click"> 11,15,69,43,8,16,101,17,3,87,9,18,19,42,20,21,28,5,23,10,22,70,102,72,24,0,44,45,73,67,74,75,68,95,27,46,100,76,84,29,34,32,1,103,33,63,90,92,104,77,64,37,78,35,79,80,65,66, </key>
<key name="clickabl"> 15,63, </key>
<key name="client"> 15,41,18,19,4,54,60,42,20,5,10,96,97,24,26,95,98,100,58,29,63,38,39, </key>
<key name="clos"> 11,16,17,18,19,40,30,32,35, </key>
<key name="cn"> 47,72,95,77,79, </key>
<key name="co"> 11,15,69,43,101,3,41,50,18,19,4,47,20,28,5,97,102,24,25,26,55,98,56,100,6,89,29,34,31,63,90,91,36,104,14,38,65,39, </key>
<key name="collaboration"> 12,7,48,49,40,10,100,14,99,66,39, </key>
<key name="collect"> 7,10, </key>
<key name="color"> 96,38, </key>
<key name="column"> 3,102,24,27,30,65, </key>
<key name="com"> 47,40,42,20,72,26,100,84,77, </key>
<key name="com_zimbra_dat"> 100, </key>
<key name="com_zimbra_email"> 100, </key>
<key name="com_zimbra_phon"> 100, </key>
<key name="com_zimbra_url"> 100, </key>
<key name="combin"> 47, </key>
<key name="combination"> 91, </key>
<key name="comma"> 23,77, </key>
<key name="command"> 20,95,13,94,61,63, </key>
<key name="commercial"> 54,95,94, </key>
<key name="commit"> 3,21,34,92, </key>
<key name="common"> 50,51,47,23,72,55,95,30,59,36,77,38,35,79, </key>
<key name="communication"> 39, </key>
<key name="company"> 16,47,42,20,23,24,95,100, </key>
<key name="complet"> 69,43,16,17,41,47,42,20,21,23,96,72,44,45,73,67,74,68,95,100,32,77,14,38,35,79,80,39, </key>
<key name="complex"> 15,17,35, </key>
<key name="compos"> 24,29,31,59,38, </key>
<key name="compres"> 61,66, </key>
<key name="compression"> 61,66, </key>
<key name="compromis"> 58, </key>
<key name="comput"> 51,0,95,104,79,80, </key>
<key name="computer"> 63, </key>
<key name="concern"> 41, </key>
<key name="concurrenc"> 75, </key>
<key name="condition"> 38, </key>
<key name="conduct"> 76,79, </key>
<key name="configur"> 11,15,69,43,17,48,49,50,51,88,19,4,47,40,52,53,54,60,42,20,21,28,96,97,26,55,44,45,57,98,30,46,56,100,62,89,29,31,63,91,36,14,38,79,80,65,66,39, </key>
<key name="configuration"> 11,15,43,8,101,9,18,47,40,42,20,10,24,0,44,45,13,46,61,100,1,103,104,38,39, </key>
<key name="confirm"> 92, </key>
<key name="confus"> 59, </key>
<key name="connect"> 43,54,60,73,67,68,61,76,80, </key>
<key name="connection"> 40,52,53,73,61, </key>
<key name="consecutiv"> 15,18,90, </key>
<key name="consid"> 20,5, </key>
<key name="consider"> 48,40, </key>
<key name="consist"> 7, </key>
<key name="consistent"> 75, </key>
<key name="consol"> 11,7,15,8,87,9,54,60,42,0,73,67,95,13,94,46,100,62,63,104,14,35,79,80,99, </key>
<key name="consolidat"> 82, </key>
<key name="constraint"> 4,5,6, </key>
<key name="construct"> 47,72,77, </key>
<key name="contact"> 15,20,28,23,24,75,30,100,29,33,92,14,79,80,39, </key>
<key name="contain"> 7,87,82,5,23,10,68,30,13,94,34,63,92,77,38,80, </key>
<key name="content"> 11,7,15,17,18,4,20,21,28,5,23,10,102,0,30,56,61,100,62,84,29,34,32,1,103,63,92,104,37,35,85,86,39, </key>
<key name="continu"> 15,3,42,72,26,44,75,84,77, </key>
<key name="control"> 43,16,9,4,54,23,10, </key>
<key name="conversation"> 12,29,38,39, </key>
<key name="convert"> 79,80, </key>
<key name="cooki"> 63, </key>
<key name="copy"> 24,26,73,67, </key>
<key name="copyright"> 99, </key>
<key name="corn"> 29, </key>
<key name="corporat"> 47, </key>
<key name="correct"> 45,95,90, </key>
<key name="corrupt"> 81,11,30,84,32, </key>
<key name="cos"> 5,104, </key>
<key name="could"> 81,15,16,4,28,23,84,35, </key>
<key name="count"> 11,82,62, </key>
<key name="country"> 95, </key>
<key name="creat"> 11,7,15,69,43,17,48,49,3,4,54,42,20,21,28,5,23,10,96,70,24,25,0,26,2,44,45,95,30,46,100,76,62,89,29,92,91,104,77,78,14,38,35,79,66,39, </key>
<key name="creation"> 10, </key>
<key name="creator"> 94, </key>
<key name="criteria"> 17,38,35, </key>
<key name="cronntab"> 83, </key>
<key name="csr"> 95,94, </key>
<key name="csv"> 39, </key>
<key name="current"> 11,97,75,95,98,61,80,66, </key>
<key name="custom"> 0,1,103, </key>
<key name="customiz"> 96,97,98, </key>
<key name="customization"> 96, </key>
<key name="dai"> 19,83,62, </key>
<key name="dat"> 15,75,27,30,94,100,29,31,38,79,80,39, </key>
<key name="data"> 11,82,56,61,85,66, </key>
<key name="databas"> 77, </key>
<key name="day"> 11,15,19,82,4,94,62,89,29,31,63,90,38, </key>
<key name="dc"> 47,40, </key>
<key name="decid"> 79,80, </key>
<key name="declin"> 28, </key>
<key name="deem"> 82, </key>
<key name="def"> 81, </key>
<key name="default"> 11,15,69,43,101,17,49,19,4,47,40,52,53,54,60,20,28,5,10,96,97,71,24,45,57,95,98,94,46,56,61,100,58,89,29,31,63,90,36,104,38,79,80,66,39, </key>
<key name="defer"> 81,11,62,84, </key>
<key name="defin"> 11,12,7,43,16,49,4,47,40,20,5,24,30,56,61,100,14,38,79,80,66,39, </key>
<key name="delay"> 83, </key>
<key name="delegat"> 12,17,25,39, </key>
<key name="delet"> 11,7,15,43,9,18,19,21,28,5,23,10,22,75,30,61,62,84,29,31,32,1,103,38,79,80,65,66, </key>
<key name="deliver"> 81,15,48,49,18,82,26,84,104,64,66, </key>
<key name="deliveri"> 83, </key>
<key name="delivery"> 81,50,54,60,83,26,93,61,84,59,38,35, </key>
<key name="deni"> 4,5, </key>
<key name="department"> 47,20, </key>
<key name="depend"> 82,32, </key>
<key name="deploy"> 11,101,96,24,0,94,100,104, </key>
<key name="deployment"> 100, </key>
<key name="deposit"> 32, </key>
<key name="descend"> 82,62,65, </key>
<key name="describ"> 43,23,44,45,95, </key>
<key name="description"> 11,15,43,4,20,28,5,23,46,61,91, </key>
<key name="descriptiv"> 28, </key>
<key name="deselect"> 5, </key>
<key name="design"> 51, </key>
<key name="designat"> 20,28,57,59, </key>
<key name="desir"> 18, </key>
<key name="desk"> 11,73,67,79,80, </key>
<key name="destination"> 70,72,73,67,62,77,78,79,80, </key>
<key name="detail"> 11,43,17,19,28,44,45,73,67,95,30,94,61,100,84,14,38, </key>
<key name="determin"> 48,18,4,47,60,5,75,68,6,63,79,80, </key>
<key name="develop"> 100,39, </key>
<key name="dialog"> 43,8,3,9,20,21,10,70,72,0,73,67,75,68,95,29,32,92,104,77,78,79,80, </key>
<key name="different"> 7,69,3,50,82,4,20,5,55,61,84,6,29,59,77,14,38,39, </key>
<key name="digit"> 15, </key>
<key name="digital"> 95,94, </key>
<key name="direct"> 54,44,45,46,38, </key>
<key name="directory"> 43,47,40,20,28,23,44,45,68,46,89,34,92,91,77,79,80,66, </key>
<key name="disabl"> 11,15,48,41,50,18,47,54,60,5,102,25,26,55,56,100,6,103,38,39, </key>
<key name="disapprov"> 58, </key>
<key name="discard"> 75, </key>
<key name="disk"> 11,15,19,82,20,62,65, </key>
<key name="disparat"> 100, </key>
<key name="display"> 11,7,43,8,16,17,41,9,82,4,42,20,21,28,23,10,96,72,24,0,26,2,44,45,74,75,68,95,27,30,61,100,62,84,6,29,32,33,77,78,38,35,79,80,85,65,66, </key>
<key name="distinguish"> 71,77,38, </key>
<key name="distribut"> 36, </key>
<key name="distribution"> 11,43,16,17,47,23,10,22,24,75,30,14,35, </key>
<key name="divid"> 84, </key>
<key name="dll"> 80, </key>
<key name="dn"> 47,40,54,60,42,71,72,44,45,56,61,58,77, </key>
<key name="do"> 69,41,50,51,42,28,10,24,26,55,58,32, </key>
<key name="document"> 81,11,12,7,43,8,9,19,10,46,100,38,35,39, </key>
<key name="documentation"> 11,96,0,76, </key>
<key name="domain"> 11,7,15,69,43,8,17,9,4,47,40,54,60,42,20,21,5,10,70,72,44,45,57,95,30,46,56,76,62,84,58,34,77,14,38,35,79,80,39, </key>
<key name="domino"> 71,72,75,68,80, </key>
<key name="don"> 51,23,30, </key>
<key name="doubl"> 21,92, </key>
<key name="down"> 8,3,47,21,35, </key>
<key name="download"> 11,49,95,94,84,14,79,80, </key>
<key name="downtim"> 75, </key>
<key name="drop"> 8,3,21,35, </key>
<key name="du"> 39, </key>
<key name="duplicat"> 75, </key>
<key name="duration"> 15, </key>

</ftswdata>  
