<?xml version='1.0' encoding='windows-1252' ?>
<!-- saved from url=(0014)about:internet -->
<ftswdata>
<key name="0"> 15,90,77,80,99, </key>
<key name="00"> 65, </key>
<key name="0mb"> 65, </key>
<key name="1"> 15,49,19, </key>
<key name="10"> 15,61,29,90,79,80,99, </key>
<key name="100"> 43,47,45,29, </key>
<key name="10000"> 54, </key>
<key name="1024"> 29, </key>
<key name="110"> 53,57, </key>
<key name="12"> 15, </key>
<key name="143"> 52,57, </key>
<key name="2"> 15,44,45,63, </key>
<key name="20"> 53, </key>
<key name="200"> 52, </key>
<key name="2005"> 99, </key>
<key name="2007"> 99, </key>
<key name="24"> 49, </key>
<key name="25"> 54,60,61,29, </key>
<key name="30"> 11,15,82,62,31, </key>
<key name="31"> 99, </key>
<key name="33"> 48, </key>
<key name="365"> 11,82,94,62, </key>
<key name="389"> 43,47,40,71,44,45, </key>
<key name="4"> 62, </key>
<key name="4096"> 61,66, </key>
<key name="48"> 11,82,62, </key>
<key name="5"> 44,29,77,99, </key>
<key name="50"> 29, </key>
<key name="6"> 15,89,77,80, </key>
<key name="60"> 11,82,4,61,62, </key>
<key name="636"> 47,40,44,45, </key>
<key name="64"> 15,89, </key>
<key name="7"> 29, </key>
<key name="7071"> 73,67, </key>
<key name="7110"> 53,57, </key>
<key name="7143"> 52,57, </key>
<key name="75"> 48, </key>
<key name="7993"> 52,57, </key>
<key name="7995"> 53,57, </key>
<key name="8"> 44, </key>
<key name="9"> 15, </key>
<key name="90"> 19, </key>
<key name="993"> 52,57, </key>
<key name="995"> 53,57, </key>
<key name="ability"> 12,47,25,39, </key>
<key name="abl"> 97,98,64, </key>
<key name="abov"> 11,72,95,61,77,66, </key>
<key name="accent"> 87,92, </key>
<key name="accept"> 28,30,58, </key>
<key name="acces"> 43,8,9,47,40,10,97,102,25,0,95,27,98,30,46,100,32,103,104,38,86,39, </key>
<key name="accidental"> 30,32, </key>
<key name="accommodat"> 58, </key>
<key name="accord"> 50,28,55,90, </key>
<key name="account"> 11,7,15,69,43,8,16,101,17,48,49,3,41,50,51,87,9,18,88,19,82,4,47,40,20,21,28,5,10,96,83,97,70,102,72,24,26,2,55,57,75,27,98,30,13,46,56,100,76,62,6,89,29,34,31,32,33,63,90,92,91,36,77,37,78,14,38,35,79,80,65,86,66,39, </key>
<key name="acm"> 72, </key>
<key name="acros"> 57, </key>
<key name="action"> 15,5,29,32,63,38,86, </key>
<key name="activ"> 81,11,15,43,17,18,88,40,20,28,83,44,45,30,46,62,84,89,34,63,90,77, </key>
<key name="active"> 66, </key>
<key name="activiti"> 25,39, </key>
<key name="activity"> 11,15,82,62,63, </key>
<key name="ad"> 69,43,8,16,101,48,41,4,47,20,21,28,5,23,24,95,46,29,66, </key>
<key name="adam"> 72, </key>
<key name="adautocomplet"> 47, </key>
<key name="add"> 7,43,8,16,3,50,51,19,54,42,20,21,28,23,10,72,24,0,26,55,44,45,30,56,61,100,77,38,66,39, </key>
<key name="addition"> 28,96,84,91,38,35,39, </key>
<key name="additional"> 11,7,43,16,19,40,53,23,44,45,46,61,100,38,66,39, </key>
<key name="addres"> 11,12,15,43,8,16,17,48,49,41,18,47,40,53,54,42,20,21,28,23,10,72,24,26,2,45,75,95,30,61,100,62,84,58,29,77,38,35,79,80,39, </key>
<key name="admin"> 11,15,49,87,0,2,73,67,13,1,63,14,80, </key>
<key name="administration"> 11,7,8,9,54,60,42,0,73,67,68,95,13,94,46,61,100,62,63,104,14,35,79,80,99, </key>
<key name="administrativ"> 2,80, </key>
<key name="administrator"> 81,15,17,48,20,28,23,83,2,73,67,13,100,76,62,84,89,90,92,14,38,79, </key>
<key name="advanc"> 11,12,15,17,19,4,20,5,10,24,34,31,63,90,38,35,39, </key>
<key name="advertis"> 53,61, </key>
<key name="affect"> 75, </key>
<key name="ag"> 15,89,31, </key>
<key name="again"> 15,63,38, </key>
<key name="aggregat"> 82, </key>
<key name="aggressive"> 48, </key>
<key name="alert"> 49,75, </key>
<key name="alia"> 49,47,20,21,24,30,35, </key>
<key name="alias"> 11,17,20,21,24,2,30,29,38,35, </key>
<key name="allocat"> 62,65, </key>
<key name="allot"> 19, </key>
<key name="allow"> 15,8,17,88,52,53,54,60,42,10,26,57,29,90,38,39, </key>
<key name="along"> 12,82,62,85,39, </key>
<key name="alphanumeric"> 15,89, </key>
<key name="already"> 28,26,100,6,66, </key>
<key name="alternat"> 20,95, </key>
<key name="alternativ"> 95, </key>
<key name="although"> 75, </key>
<key name="alway"> 28,26,29, </key>
<key name="amavisd"> 82, </key>
<key name="amount"> 15,19, </key>
<key name="anonymou"> 47,40, </key>
<key name="anoth"> 81,4,47,20,21,30,6,39, </key>
<key name="answer"> 35, </key>
<key name="anti"> 81,11,48,49,82,56,61,62,85, </key>
<key name="antiviru"> 49, </key>
<key name="any"> 81,7,15,69,16,49,50,28,5,23,10,97,102,24,0,57,74,75,98,56,100,84,89,29,31,32,63,35,79,80,86,66, </key>
<key name="anytim"> 18, </key>
<key name="ap"> 19,95,56,38,65, </key>
<key name="appear"> 18,20,28,26,77,37,38,79,80,66, </key>
<key name="appearanc"> 96,97,98, </key>
<key name="appli"> 38, </key>
<key name="applicabl"> 95,89, </key>
<key name="application"> 7,72,25,100,77,38,39, </key>
<key name="appointment"> 19,28,25,75,29,38,65,39, </key>
<key name="appropriat"> 2,36,39, </key>
<key name="approximate"> 47, </key>
<key name="arbitrari"> 54, </key>
<key name="architectur"> 82, </key>
<key name="archiv"> 49, </key>
<key name="area"> 11,16,5,23,30, </key>
<key name="arrow"> 35, </key>
<key name="ask"> 1,103,79,80, </key>
<key name="assign"> 15,69,3,19,4,20,5,30,46,6,14,66, </key>
<key name="assist"> 30,86, </key>
<key name="associat"> 3,19,21,5,30,6,32,1,103, </key>
<key name="assum"> 40,72,77, </key>
<key name="asterisk"> 20,95, </key>
<key name="attach"> 50,51,28,55, </key>
<key name="attachment"> 15,50,51,19,4,54,20,5,24,55,56,6,32,14,38,79,80,65,39, </key>
<key name="attempt"> 81,15,18,88,40,84,90, </key>
<key name="attende"> 28, </key>
<key name="attest"> 94, </key>
<key name="attribut"> 17,4,47,40,20,5,89,31, </key>
<key name="audit"> 86, </key>
<key name="auth"> 15,54,60,63, </key>
<key name="authenticat"> 15,54,60,73,67,68, </key>
<key name="authentication"> 11,15,43,87,40,54,60,42,44,46,56,61,89,34,92,91, </key>
<key name="author"> 12, </key>
<key name="authority"> 95,94, </key>
<key name="authoriz"> 95, </key>
<key name="auto"> 3,20,28, </key>
<key name="autocomplet"> 41,47,29,38, </key>
<key name="automat"> 48, </key>
<key name="automatic"> 29, </key>
<key name="automatical"> 11,7,15,69,101,17,48,49,18,19,4,20,28,5,83,24,2,95,30,94,61,62,29,31,32,63,90,104,38,65,66,39, </key>
<key name="av"> 56, </key>
<key name="availabl"> 16,101,3,82,4,47,52,53,20,28,5,10,96,97,102,24,98,13,100,62,29,104,14,38,35,39, </key>
<key name="averag"> 83, </key>
<key name="avoid"> 54,60, </key>
<key name="away"> 29, </key>
<key name="back"> 81,11,16,23,95, </key>
<key name="background"> 96,32,38, </key>
<key name="bar"> 11,17,82,32, </key>
<key name="bas"> 15,47,40,20,10,72,44,45,58,92,77,38,39, </key>
<key name="basi"> 47,28,44,45,57,34, </key>
<key name="basic"> 17,47,29, </key>
<key name="batch"> 29, </key>
<key name="be"> 81,18,82,40,74,75,56,34,31,79,80, </key>
<key name="becom"> 47,20,72,45,30,46,29,32,104,77,38,80,66, </key>
<key name="befor"> 81,15,69,17,82,5,75,95,58,89,29,31,32,90,38,79,80,66, </key>
<key name="begin"> 75,77,79,80, </key>
<key name="behalf"> 39, </key>
<key name="behav"> 24,58,29, </key>
<key name="behavior"> 58, </key>
<key name="behind"> 11, </key>
<key name="belong"> 94, </key>
<key name="below"> 15,16,19,23,100,38,79,80,65, </key>
<key name="beta"> 29,39, </key>
<key name="bind"> 43,47,40,44,45,95,61, </key>
<key name="blank"> 16,48,23,44, </key>
<key name="blob"> 61,66, </key>
<key name="block"> 49,50,4,56, </key>
<key name="book"> 11,12,15,16,41,47,23,72,100,29,38,80,39, </key>
<key name="boolean"> 47, </key>
<key name="both"> 11,43,47,25,45,75,46,6,63, </key>
<key name="bottom"> 11,16,23, </key>
<key name="bounc"> 81,50,51,83,55, </key>
<key name="box"> 11,15,69,43,8,16,101,42,20,23,97,44,45,74,75,95,98,61,89,34,1,103,104,77,35,79,80,66, </key>
<key name="briefcas"> 39, </key>
<key name="brows"> 11,15,0,95,63,104,77,39, </key>
<key name="build"> 11,17,28,72,77,38, </key>
<key name="built"> 38, </key>
<key name="bulk"> 20,13, </key>
<key name="busy"> 28, </key>
<key name="button"> 11,15,97,98,84,63, </key>
<key name="byt"> 82,61,66, </key>
<key name="c"> 95, </key>
<key name="ca"> 94, </key>
<key name="cach"> 41,84,29, </key>
<key name="cal"> 11,20,38, </key>
<key name="calculat"> 31, </key>
<key name="calendar"> 12,19,28,23,25,75,30,100,29,33,36,14,38,79,80,65,86,39, </key>
<key name="call"> 100, </key>
<key name="cancel"> 32, </key>
<key name="cannot"> 81,15,50,87,9,47,40,54,60,20,5,23,25,2,57,30,61,89,32,92,77,38,66,39, </key>
<key name="canonical"> 20, </key>
<key name="capabiliti"> 12, </key>
<key name="capacity"> 28, </key>
<key name="car"> 75, </key>
<key name="cas"> 15,28,75,6,89,59, </key>
<key name="categori"> 38, </key>
<key name="caution"> 32,59, </key>
<key name="ceil"> 56, </key>
<key name="central"> 11, </key>
<key name="certain"> 75, </key>
<key name="certificat"> 95,94,14, </key>

</ftswdata>  
