<?xml version='1.0' encoding='windows-1252' ?>
<ftswdata>
<key name="could"> 12,16,23, </key>
<key name="count"> 6,39, </key>
<key name="creat"> 6,44,28,34,1,2,54,13,14,3,16,4,45,17,0,29,30,8,31,20,49,18,57,22,24,50,51,9,25,52,43, </key>
<key name="criteria"> 25, </key>
<key name="current"> 6,48,40,43, </key>
<key name="dat"> 54,48,59,25,52, </key>
<key name="data"> 6,39,55,56,48,40,57,42,43, </key>
<key name="databas"> 50, </key>
<key name="day"> 6,10,39,4,18,59,60, </key>
<key name="dc"> 32,27, </key>
<key name="decid"> 52, </key>
<key name="default"> 6,10,28,34,11,2,32,27,13,3,4,55,30,36,40,37,18,19,59,60,25,43, </key>
<key name="defin"> 6,7,34,2,32,27,3,36,40,20,9,25,52,43, </key>
<key name="delegat"> 7,10, </key>
<key name="delet"> 6,12,54,14,3,16,15,48,40,20,59,21,52,43, </key>
<key name="deliver"> 10,33,34,12,0,41,43, </key>
<key name="delivery"> 35,53,40,38,23, </key>
<key name="deni"> 2,3, </key>
<key name="department"> 32, </key>
<key name="depend"> 39,21, </key>
<key name="deposit"> 21, </key>
<key name="describ"> 28,16,29,30, </key>
<key name="description"> 6,10,28,2,3,16,58,31,40, </key>
<key name="deselect"> 3, </key>
<key name="designat"> 13,38, </key>
<key name="desir"> 35,12, </key>
<key name="desk"> 6, </key>
<key name="destination"> 45,46,58,57,50,51,52, </key>
<key name="detail"> 6,28,29,30,58,40,20,9,25, </key>
<key name="determin"> 33,12,2,32,3,48,5,60,52, </key>
<key name="dialog"> 54,13,14,45,46,56,48,58,57,21,24,50,51,52, </key>
<key name="did"> 0, </key>
<key name="different"> 1,3,40,5,38,50,9,25, </key>
<key name="direct"> 29,30, </key>
<key name="directory"> 10,28,32,27,13,55,29,30,31,18,22,24,50,52,43, </key>
<key name="disabl"> 6,10,33,35,12,3,16,36,5, </key>
<key name="disapprov"> 37, </key>
<key name="discard"> 48, </key>
<key name="disk"> 6,10,13, </key>
<key name="display"> 6,28,39,2,54,13,14,16,4,29,30,47,56,48,58,40,20,5,19,21,23,50,51,25,52,42,43, </key>
<key name="distinguish"> 50, </key>
<key name="distribution"> 6,10,32,16,15,48,20,23,9, </key>
<key name="dn"> 32,27,29,30,36,40,37,50, </key>
<key name="do"> 0,37,21, </key>
<key name="document"> 7, </key>
<key name="documentation"> 6,49, </key>
<key name="domain"> 6,10,28,35,2,32,27,14,3,45,0,29,30,31,36,20,49,37,57,22,23,50,9,25,52, </key>
<key name="don"> 20, </key>
<key name="doubl"> 14,17,24, </key>
<key name="down"> 32,14,55, </key>
<key name="download"> 6,9,52, </key>
<key name="downtim"> 48, </key>
<key name="drop"> 14,55, </key>
<key name="du"> 35, </key>
<key name="duplicat"> 54,48, </key>
<key name="e"> 13,50, </key>
<key name="earli"> 48, </key>
<key name="easy"> 25, </key>
<key name="edit"> 6,35,12,14,3,17,0,29,30,31,40,20,22,21,24, </key>
<key name="effect"> 12,40, </key>
<key name="eith"> 6,10,28,35,32,16,4,0,29,30,36,40,19,22,59,60,50,25,52,43, </key>
<key name="elaps"> 10, </key>
<key name="elsewher"> 36, </key>
<key name="email"> 6,10,44,33,35,32,54,13,0,48,20,5,57,59,38,23,50,41,9,25,52, </key>
<key name="employe"> 2,32, </key>
<key name="empty"> 43, </key>
<key name="enabl"> 6,10,33,34,11,2,13,16,4,36,40,37,5,18,19,22,25, </key>
<key name="encrypt"> 34,18,24, </key>
<key name="end"> 2,3,4,19,9, </key>
<key name="enforc"> 10,18,22, </key>
<key name="enough"> 35, </key>
<key name="ensur"> 27,48,18, </key>
<key name="ent"> 28,32,27,13,14,3,16,17,29,30,46,48,20,57,23,24,50,52,43, </key>
<key name="enter"> 28,33,32,27,29,30,18,57,23, </key>
<key name="entri"> 10,32,20,57,50,26, </key>
<key name="entry"> 32,27, </key>
<key name="environment"> 6,1, </key>
<key name="equal"> 32, </key>
<key name="error"> 27,47,56,58,52, </key>
<key name="etc"> 32, </key>
<key name="even"> 2, </key>
<key name="every"> 34, </key>
<key name="everyon"> 16,20, </key>
<key name="ex"> 52, </key>
<key name="exampl"> 2,32,27,13,16,23,50, </key>
<key name="except"> 59, </key>
<key name="exception"> 5, </key>
<key name="exchang"> 6,44,48,49,50,9,52, </key>
<key name="execut"> 8, </key>
<key name="executabl"> 6,52, </key>
<key name="executiv"> 2, </key>
<key name="exhibit"> 37, </key>
<key name="exist"> 12,2,32,14,17,0,29,21,50,51,52,43, </key>
<key name="expand"> 39, </key>
<key name="experienc"> 35, </key>
<key name="expir"> 18, </key>
<key name="explicit"> 2,32,30,36, </key>
<key name="expression"> 29,30, </key>
<key name="extension"> 35,36, </key>
<key name="external"> 7,10,28,32,27,29,30,31,40,38, </key>
<key name="fail"> 28,29,30, </key>
<key name="far"> 6, </key>
<key name="fashion"> 7,18, </key>
<key name="featur"> 7,10,2,32,13,3,4,55,20,5,59,23,9,25,26, </key>
<key name="field"> 33,16,55,29,30,48,40,19,22,43, </key>
<key name="fil"> 6,34,35,54,55,47,56,48,58,40,57,21,52,26,43, </key>
<key name="filenam"> 55, </key>
<key name="filt"> 33,34,32,27,29,30,48,50, </key>
<key name="filter"> 7,33,32,38,25, </key>
<key name="final"> 53, </key>
<key name="find"> 16,55,21,23, </key>
<key name="finish"> 28,13,29,30, </key>
<key name="first"> 10,32,0,18,19,21,23,50,25,52, </key>
<key name="flag"> 25, </key>
<key name="flander"> 50, </key>
<key name="fold"> 10,33,54,55,48,19,57,59,60,25,52, </key>
<key name="folder"> 7,48,20,59,21,50,25,52,26, </key>
<key name="follow"> 6,33,35,12,2,32,27,4,46,8,36,40,20,37,19,57,50,52,43, </key>
<key name="font"> 25, </key>
<key name="forc"> 10,11,22,24, </key>
<key name="forget"> 18,24, </key>
<key name="forgotten"> 20, </key>
<key name="format"> 39,19, </key>
<key name="forum"> 6, </key>
<key name="forward"> 6,13,16,17,20,19, </key>
<key name="fre"> 40,25, </key>
<key name="frequency"> 34, </key>
<key name="ful"> 37, </key>
<key name="full"> 7,10,49,52,43, </key>
<key name="function"> 6, </key>
<key name="gal"> 6,28,32,30,31,36,25, </key>
<key name="gb"> 39, </key>
<key name="general"> 35,12,2,3,31,36,40,20,24, </key>
<key name="generat"> 0, </key>
<key name="giv"> 54,57, </key>
<key name="given"> 32, </key>
<key name="global"> 6,10,28,33,34,35,2,32,3,0,30,8,31,36,40,5,38,9,25, </key>
<key name="gn"> 32, </key>
<key name="go"> 6,35,29,30,51,52,43, </key>
<key name="good"> 24, </key>
<key name="grant"> 32,27, </key>
<key name="graph"> 39, </key>
<key name="graphical"> 39, </key>
<key name="greet"> 37, </key>
<key name="group"> 2,16,4,20,49,19,50,25,52, </key>
<key name="guid"> 33,13,8,31,40,9, </key>
<key name="hack"> 12, </key>
<key name="handl"> 33, </key>
<key name="happen"> 48, </key>
<key name="hav"> 32,20,26, </key>
<key name="head"> 20, </key>
<key name="help"> 6,58,50,61, </key>
<key name="her"> 6,18, </key>
<key name="hierarchy"> 57,52, </key>
<key name="high"> 7, </key>
<key name="highlight"> 14,17,40,5,24, </key>
<key name="history"> 10,18, </key>
<key name="holidaycommitte"> 16, </key>
<key name="host"> 6,1,35,2,32,27,13,0,46,40,57,38,52, </key>
<key name="hostnam"> 37,57, </key>
<key name="hour"> 6,34,39,60, </key>
<key name="hov"> 14,20, </key>
<key name="how"> 10,33,35,13,3,29,30,19,59,60,25,52, </key>
<key name="html"> 4,19,25, </key>
<key name="i"> 13,50, </key>
<key name="icon"> 52, </key>
<key name="id"> 20,23, </key>
<key name="identifi"> 28,31,40, </key>
<key name="identify"> 33,27,16,49,37,50, </key>
<key name="if"> 10,44,28,34,35,11,12,39,2,32,27,54,13,16,45,55,0,29,30,47,48,58,36,40,20,37,5,18,57,22,21,38,23,60,24,50,25,52, </key>
<key name="ignor"> 54,48, </key>
<key name="ill"> 37, </key>
<key name="imap"> 6,2,13,36,40,9,25, </key>
<key name="immediate"> 6,12,41, </key>
<key name="implement"> 37, </key>
<key name="import"> 6,54,45,55,46,47,56,48,58,49,57,50,9,52, </key>
<key name="important"> 34,2,13,48,40,49,37,5,38,52, </key>
<key name="inaccessibl"> 20, </key>
<key name="inbound"> 6,39, </key>
<key name="inbox"> 4,19,57,59, </key>
<key name="inc"> 7, </key>
<key name="includ"> 6,7,10,2,3,16,31,36,40,20,60,50,42,26, </key>
<key name="incom"> 37,59, </key>
<key name="increas"> 48, </key>
<key name="index"> 4,40,21,43, </key>
<key name="index1"> 40,43, </key>
<key name="individual"> 35,12,2,16,8,20,5,22,59,50,52, </key>
<key name="inform"> 48, </key>
<key name="information"> 7,44,28,12,2,32,27,13,3,29,30,46,58,8,40,20,57,24,50,9,52,43, </key>
<key name="inherit"> 10, </key>
<key name="initial"> 13,4,0,40,18,19,24,25,43, </key>
<key name="input"> 32, </key>
<key name="instal"> 6,33,34,39,2,4,40,52,42,43, </key>
<key name="install"> 0,8, </key>
<key name="installation"> 28,34,31,36,40, </key>
<key name="instead"> 44,50,52, </key>
<key name="instruct"> 0,57,38, </key>
<key name="interfac"> 12,8,25, </key>
<key name="internal"> 28,32,27,29,30,31, </key>
<key name="internet"> 4,19, </key>
<key name="interrupt"> 54,48, </key>
<key name="ip"> 40,37, </key>
<key name="island"> 7, </key>
<key name="isp"> 38, </key>
<key name="issu"> 28,29,30, </key>
<key name="item"> 54,4,48,19,57,25,52, </key>
<key name="itself"> 41, </key>

</ftswdata>  
