<?xml version='1.0' encoding='windows-1252' ?>
<ftswdata>
<key name="well"> 11, </key>
<key name="what"> 2,19,3,67,54,5,32,61, </key>
<key name="whenev"> 31, </key>
<key name="wheth"> 10,17,2,43,36,67,57,35,71,62, </key>
<key name="whil"> 72,66,67,75,29,71, </key>
<key name="whos"> 22,27,57,62, </key>
<key name="wid"> 10, </key>
<key name="wiki"> 10,6,39,7,8,9,79, </key>
<key name="will"> 14,63,39,46,18,56,19,20,3,9,23,67,68,26,28,69,70,71,61, </key>
<key name="window"> 10,68,26,69,71, </key>
<key name="with"> 36, </key>
<key name="within"> 10,6,43,36,9,79,40,25,59,32,77, </key>
<key name="without"> 43,38,27,59,60,77, </key>
<key name="wizard"> 10,39,43,36,19,24,9,64,40,41,65,67,27,42,68,69,13,71, </key>
<key name="word"> 19, </key>
<key name="work"> 67, </key>
<key name="would"> 36,24,69, </key>
<key name="writ"> 39, </key>
<key name="writh"> 69, </key>
<key name="x"> 14,73, </key>
<key name="year"> 73, </key>
<key name="your"> 45,1,47,43,36,50,20,3,22,79,4,0,27,75,54,31,55,33,69,71,62, </key>
<key name="zc"> 10,6,44,53,25, </key>
<key name="zimbra"> 72,10,11,6,63,44,45,37,46,18,73,2,43,36,48,49,50,56,38,19,3,9,79,74,4,80,64,23,53,65,67,12,57,68,58,75,25,26,55,59,33,69,70,13,35,71,81,76,62, </key>
<key name="zimbraaccount"> 43, </key>
<key name="zimbradistributionlist"> 43, </key>
<key name="zimbramailaddres"> 43, </key>
<key name="zimbramailalia"> 43, </key>
<key name="zimbramaildeliveryaddres"> 43, </key>
<key name="zip"> 45, </key>
<key name="zmprov"> 19,57, </key>
<key name="zon"> 4, </key>
<key name="zwc"> 80,23,35, </key>

</ftswdata>  
