<?xml version='1.0' encoding='windows-1252' ?>
<!-- saved from url=(0014)about:internet -->
<ftswdata>
<key name="valid"> 15,8,40,42, </key>
<key name="valu"> 47,20,24,45,56,6, </key>
<key name="variabl"> 80, </key>
<key name="variant"> 96, </key>
<key name="variou"> 11,47,5, </key>
<key name="verifi"> 47,23, </key>
<key name="verification"> 78,79,80, </key>
<key name="verify"> 95,1,103, </key>
<key name="verisign"> 94, </key>
<key name="version"> 25,99, </key>
<key name="via"> 51,61, </key>
<key name="view"> 81,11,7,15,48,50,18,19,82,4,21,28,5,23,10,96,25,0,55,30,94,62,84,6,29,63,14,38,85,65,86,39, </key>
<key name="violat"> 58, </key>
<key name="violator"> 58, </key>
<key name="virtual"> 11,43,42,46, </key>
<key name="viru"> 81,11,49,50,82,56,61,62,85, </key>
<key name="virus"> 51,82, </key>
<key name="voip"> 100, </key>
<key name="volum"> 11,82,61,62,66, </key>
<key name="wait"> 29, </key>
<key name="walk"> 43, </key>
<key name="want"> 69,43,17,41,19,20,5,23,10,97,26,57,95,98,30,94,58,34,1,103,77, </key>
<key name="warn"> 19,74,29,79,80, </key>
<key name="warning"> 74,79,80, </key>
<key name="way"> 16,30, </key>
<key name="web"> 12,7,41,19,4,54,60,42,20,5,10,96,97,24,26,95,98,61,100,29,59,63,38,39, </key>
<key name="webmail"> 15,59, </key>
<key name="websit"> 94,100, </key>
<key name="week"> 38, </key>
<key name="welcom"> 79,80, </key>
<key name="well"> 12,39, </key>
<key name="what"> 4,20,5,75,58,6,35,65, </key>
<key name="whenev"> 34,39, </key>
<key name="wheth"> 18,4,47,40,20,75,61,38,79,80,66, </key>
<key name="whil"> 81,74,75,100,84,32,79,80, </key>
<key name="whos"> 23,30,61,66, </key>
<key name="wid"> 11, </key>
<key name="wiki"> 11,43,96,35, </key>
<key name="wildcard"> 95, </key>
<key name="will"> 15,69,43,50,19,60,20,21,5,10,70,102,72,26,75,95,100,76,29,31,90,36,77,78,79,80,65,39, </key>
<key name="window"> 11,15,76,29,90,77,35,79,80, </key>
<key name="with"> 40, </key>
<key name="within"> 11,7,15,47,40,10,96,44,100,63,90,38,35,86,39, </key>
<key name="without"> 47,42,30,63,64,86, </key>
<key name="wizard"> 11,43,47,40,20,28,10,70,72,44,45,73,67,75,68,95,30,94,46,76,77,79,80, </key>
<key name="word"> 20,10, </key>
<key name="work"> 75,100,38,80,39, </key>
<key name="would"> 19,40,28,72,77, </key>
<key name="writ"> 43,39, </key>
<key name="writh"> 77, </key>
<key name="wrong"> 88, </key>
<key name="www"> 100, </key>
<key name="wysiwyg"> 39, </key>
<key name="x"> 82,54,56, </key>
<key name="year"> 82, </key>
<key name="yes"> 1,103, </key>
<key name="your"> 15,101,17,49,3,51,47,40,54,20,21,5,23,96,97,102,71,72,24,2,95,98,30,94,100,84,58,34,59,103,92,77,79,80,66,39, </key>
<key name="z"> 15,89, </key>
<key name="zc"> 11,7,101,17,48,96,97,72,24,57,95,98,94,100,89,29,103,36,104,79,80,39, </key>
<key name="zimbra"> 81,11,12,7,69,48,49,41,50,19,82,4,47,40,52,53,54,60,42,20,5,10,96,83,97,70,72,24,25,0,26,57,73,67,75,68,98,13,94,61,100,76,62,84,89,29,59,103,63,92,91,104,77,78,14,38,35,79,80,99,85,66,39, </key>
<key name="zimbraaccount"> 47, </key>
<key name="zimbradistributionlist"> 47, </key>
<key name="zimbramailaddres"> 47, </key>
<key name="zimbramailalia"> 47, </key>
<key name="zimbramaildeliveryaddres"> 47, </key>
<key name="zimlet"> 11,101,4,20,5,102,24,0,30,100,103,104, </key>
<key name="zip"> 49,0,1,103,104, </key>
<key name="zmcertinstall"> 94, </key>
<key name="zmcertmgr"> 94, </key>
<key name="zmcontrol"> 95, </key>
<key name="zmcreatecert"> 94, </key>
<key name="zmprov"> 20,61, </key>
<key name="zon"> 20,29,36, </key>
<key name="zwc"> 96,97,25,26,98,38,39, </key>

</ftswdata>  
