<?xml version='1.0' encoding='windows-1252' ?>
<ftswdata>
<key name="0"> 10,56, </key>
<key name="00"> 48, </key>
<key name="06"> 73, </key>
<key name="0mb"> 48, </key>
<key name="1"> 37,73, </key>
<key name="10"> 45,58, </key>
<key name="100"> 7,31,35,33, </key>
<key name="10000"> 40, </key>
<key name="1500"> 7, </key>
<key name="2"> 10,4,32,33,72, </key>
<key name="2006"> 7, </key>
<key name="24"> 37,73, </key>
<key name="25"> 40,44,4,45, </key>
<key name="3"> 73, </key>
<key name="30"> 6,10,60,4,46,71, </key>
<key name="33"> 36, </key>
<key name="365"> 6,60,46, </key>
<key name="389"> 31,35,30,32,33, </key>
<key name="4096"> 45,49, </key>
<key name="443"> 69, </key>
<key name="48"> 6,60,46, </key>
<key name="5"> 4,32,21,56, </key>
<key name="6"> 10,4,20,56, </key>
<key name="60"> 6,60,45,46, </key>
<key name="636"> 35,30,32,33, </key>
<key name="64"> 10,4,20, </key>
<key name="7071"> 52, </key>
<key name="75"> 36, </key>
<key name="8"> 32, </key>
<key name="80"> 69, </key>
<key name="94404"> 7, </key>
<key name="ability"> 7,38, </key>
<key name="abl"> 47, </key>
<key name="abov"> 6,45,56,49, </key>
<key name="accept"> 14,19,22,42, </key>
<key name="acces"> 38,35,30,22,23,29,64, </key>
<key name="accessibl"> 69, </key>
<key name="accidental"> 23, </key>
<key name="accommodat"> 42, </key>
<key name="accord"> 19, </key>
<key name="account"> 6,10,50,36,37,1,38,39,11,12,13,2,35,30,14,15,19,3,4,51,18,0,68,54,70,22,8,41,55,46,5,20,21,69,25,71,23,24,26,72,27,56,28,57,9,29,58,48,64,49, </key>
<key name="action"> 10,70,23,72,29,64, </key>
<key name="activ"> 59,6,10,31,12,30,32,33,22,34,46,62,20,21,25,72,56, </key>
<key name="active"> 49, </key>
<key name="activity"> 6,10,60,46,72, </key>
<key name="ad"> 50,31,36,2,15,19,3,17,4,67,18,34,21,49, </key>
<key name="add"> 6,31,1,15,19,17,18,32,33,45,56,49, </key>
<key name="addition"> 19,62,29, </key>
<key name="additional"> 6,31,30,17,18,32,33,34,45,69,29,49, </key>
<key name="addres"> 6,10,31,36,37,12,35,30,40,14,15,19,17,4,18,0,33,22,34,45,46,62,42,21,69,26,56,9,29,58, </key>
<key name="admin"> 37,0,52,9, </key>
<key name="administration"> 6,11,40,44,8,34,45,46,9,58,73, </key>
<key name="administrativ"> 0, </key>
<key name="administrator"> 59,36,14,19,17,0,52,70,8,55,62,20,69,27,9,29,58, </key>
<key name="advanc"> 7,10,38,13,2,14,3,4,20,25,71,72,29, </key>
<key name="advertis"> 45, </key>
<key name="affect"> 38,54, </key>
<key name="ag"> 10,20,71, </key>
<key name="again"> 10,66,72,29, </key>
<key name="aggressive"> 36, </key>
<key name="alert"> 37,54,69, </key>
<key name="alia"> 37,35,14,15,22,26, </key>
<key name="alias"> 6,14,15,0,22,26, </key>
<key name="allocat"> 46,48, </key>
<key name="allow"> 2,40,44,29, </key>
<key name="along"> 7,46,63, </key>
<key name="already"> 66,19,5,49, </key>
<key name="alternat"> 14, </key>
<key name="although"> 54, </key>
<key name="alway"> 4,21, </key>
<key name="amavis_msg_count"> 60, </key>
<key name="amavisd"> 60, </key>
<key name="amount"> 13,20, </key>
<key name="anonymou"> 35,30, </key>
<key name="anoth"> 59,35,15,4,70,22,5, </key>
<key name="anti"> 59,6,36,37,60,41,45,46,63, </key>
<key name="antiviru"> 37, </key>
<key name="any"> 59,10,50,37,38,11,19,3,17,53,54,70,41,62,71,23,26,72,58,64,49, </key>
<key name="ap"> 38,13,41,29,48, </key>
<key name="appear"> 12,14,19,56,28,58,49, </key>
<key name="applicabl"> 20, </key>
<key name="application"> 2,67,56,29, </key>
<key name="appointment"> 13,19,4,21,29,48, </key>
<key name="appropriat"> 0,70, </key>
<key name="approximate"> 35, </key>
<key name="archiv"> 37,69, </key>
<key name="area"> 6,3,17,22, </key>
<key name="arrow"> 67, </key>
<key name="ask"> 66,58, </key>
<key name="assign"> 10,50,1,13,2,14,3,4,22,5,21,69,9,49, </key>
<key name="assist"> 22,64, </key>
<key name="associat"> 1,38,13,15,3,22,5,23, </key>
<key name="assum"> 30,56, </key>
<key name="attach"> 39,19, </key>
<key name="attachment"> 10,38,39,13,2,40,14,3,4,41,5,69,23,29,58,48, </key>
<key name="attempt"> 59,30,62, </key>
<key name="attribut"> 2,35,30,14,3,20,71, </key>
<key name="audit"> 64, </key>
<key name="auth"> 10,40,44,4,72, </key>
<key name="authenticat"> 40,44,52, </key>
<key name="authentication"> 6,10,31,11,30,40,44,32,34,41,45,20,25,27, </key>
<key name="auto"> 19,21, </key>
<key name="automat"> 36, </key>
<key name="automatic"> 4, </key>
<key name="automatical"> 10,36,37,13,2,19,3,4,67,0,22,45,71,23,72,48,49, </key>
<key name="availabl"> 1,60,2,35,19,8,46,9, </key>
<key name="avoid"> 40,44, </key>
<key name="away"> 21, </key>
<key name="back"> 59,6,17, </key>
<key name="background"> 23, </key>
<key name="bar"> 6,34,23, </key>
<key name="bas"> 35,30,14,32,33,42,27,56,29, </key>
<key name="basi"> 35,19,32,33,25, </key>
<key name="basic"> 35,21, </key>
<key name="be"> 59,12,30,66,53,68,54,41,25,71,58, </key>
<key name="becom"> 35,14,33,34,21,23,56,49, </key>
<key name="befor"> 59,10,50,66,3,54,42,20,21,71,23,29,58,49, </key>
<key name="begin"> 66,53,54,56,58, </key>
<key name="behav"> 42,21, </key>
<key name="behavior"> 42, </key>
<key name="below"> 10,13,17,29,58,48, </key>
<key name="bind"> 31,35,30,32,33,45, </key>
<key name="blank"> 36,17,32, </key>
<key name="blob"> 45,49, </key>
<key name="block"> 37,38,2, </key>
<key name="book"> 6,10,35,17,4,9,29, </key>
<key name="boolean"> 35, </key>
<key name="both"> 6,31,35,33,54,34,5,72, </key>
<key name="bottom"> 6,17, </key>
<key name="boulevard"> 7, </key>
<key name="bounc"> 59,39, </key>
<key name="box"> 6,50,31,14,17,4,32,33,53,54,45,20,69,25,26,56,58,49, </key>
<key name="br"> 66, </key>
<key name="brows"> 6,10,67,72,56, </key>
<key name="build"> 19,56,29, </key>
<key name="built"> 29, </key>
<key name="bulk"> 14,8, </key>
<key name="busy"> 19,29, </key>
<key name="button"> 6,10,62,72, </key>
<key name="byt"> 45,49, </key>
<key name="ca"> 7,8, </key>
<key name="cach"> 62, </key>
<key name="cal"> 14,17, </key>
<key name="calculat"> 71, </key>
<key name="calendar"> 7,13,2,19,4,54,22,21,69,24,29,48,64, </key>
<key name="cancel"> 53,54,23, </key>
<key name="cannot"> 59,10,35,30,40,44,14,3,17,67,0,53,54,22,45,20,23,56,49, </key>
<key name="capabiliti"> 7, </key>
<key name="capacity"> 19, </key>
<key name="car"> 54, </key>
<key name="cas"> 19,54,5,20,43, </key>
<key name="categori"> 69,29, </key>
<key name="caution"> 53,54,23,43, </key>
<key name="ceil"> 41, </key>
<key name="central"> 6, </key>
<key name="certain"> 54, </key>
<key name="certificat"> 8, </key>
<key name="chang"> 6,7,10,50,31,36,1,38,11,12,13,60,2,40,44,14,15,19,3,4,18,52,22,41,45,46,5,20,21,25,24,27,56,28,29,58,63,48,49, </key>
<key name="chapt"> 36, </key>
<key name="character"> 10,4, </key>
<key name="check"> 10,50,31,37,60,66,40,44,19,4,32,33,54,41,45,42,20,21,69,25,23,72,27,56,47,57,48,49, </key>
<key name="checkbox"> 54, </key>
<key name="checkmark"> 45, </key>
<key name="choic"> 29, </key>
<key name="choos"> 31,12,55,25,47,28, </key>
<key name="city"> 19, </key>
<key name="clam"> 37, </key>
<key name="clamav"> 37,60, </key>
<key name="clas"> 6,50,1,38,2,19,3,4,22,5,25,9, </key>
<key name="classify"> 29, </key>
<key name="clear"> 40,44,45, </key>
<key name="cli"> 8,45, </key>
<key name="click"> 6,10,50,31,1,38,12,13,66,14,15,19,3,17,16,51,67,18,32,33,52,53,68,54,70,34,55,62,21,69,25,23,24,26,72,27,56,47,28,57,58,48,49, </key>
<key name="clickabl"> 10,72, </key>
<key name="client"> 10,38,12,13,2,40,44,14,3,4,42,21,72,29, </key>
<key name="clos"> 12,30,22,23, </key>
<key name="cn"> 35,56,58, </key>
<key name="co"> 6,10,50,1,38,13,2,14,19,3,4,41,5,20,21,25,71,72,9,29,48, </key>
<key name="collaboration"> 7,36,37,30,4,69,9,73,49, </key>
<key name="colleagu"> 29, </key>
<key name="color"> 29, </key>
<key name="column"> 6,1,70,48, </key>
<key name="com"> 7,35,30,14,17,18,62,69,56, </key>
<key name="combin"> 35, </key>
<key name="comma"> 17,56, </key>
<key name="command"> 14,8,45,72, </key>
<key name="commercial"> 40, </key>
<key name="commit"> 1,15,18,25,27, </key>
<key name="common"> 39,35,17,22,43,56,58, </key>
<key name="company"> 35,17, </key>
<key name="complet"> 50,35,66,15,17,67,32,33,53,68,70,69,23,26,56,9,58, </key>
<key name="compos"> 4,21,71,43,29, </key>
<key name="compres"> 45,49, </key>
<key name="compression"> 45,49, </key>
<key name="compromis"> 42, </key>
<key name="comput"> 39,67,58, </key>
<key name="computer"> 72, </key>
<key name="concurrenc"> 54, </key>
<key name="condition"> 29, </key>
<key name="conduct"> 55,58, </key>
<key name="configur"> 6,50,31,36,37,38,39,2,35,30,66,40,44,14,15,19,4,18,32,33,22,34,41,46,20,21,71,72,9,58,48,49, </key>
<key name="configuration"> 6,10,35,30,14,4,32,33,22,8,34,45,21,29, </key>
<key name="confirm"> 27, </key>
<key name="confus"> 43, </key>

</ftswdata>  
