<?xml version='1.0' encoding='windows-1252' ?>
<ftswdata>
<key name="0"> 8,17,11,84,71,74, </key>
<key name="00"> 63, </key>
<key name="06"> 90, </key>
<key name="0mb"> 63, </key>
<key name="1"> 47,15, </key>
<key name="10"> 59,29,84,73,74, </key>
<key name="100"> 41,45,43,29, </key>
<key name="10000"> 52, </key>
<key name="11"> 90, </key>
<key name="110"> 51,55, </key>
<key name="143"> 50,55, </key>
<key name="2"> 17,6,42,43,61, </key>
<key name="20"> 51, </key>
<key name="200"> 50, </key>
<key name="24"> 47, </key>
<key name="25"> 52,58,6,59,29, </key>
<key name="29"> 90, </key>
<key name="30"> 12,17,76,6,60,31, </key>
<key name="33"> 46, </key>
<key name="365"> 12,76,60, </key>
<key name="389"> 41,45,38,42,43, </key>
<key name="4"> 8,11,60,15,90, </key>
<key name="4096"> 59,64, </key>
<key name="48"> 12,76,60, </key>
<key name="5"> 6,42,15,29,71,90, </key>
<key name="50"> 29, </key>
<key name="6"> 17,6,83,71,74, </key>
<key name="60"> 12,76,4,59,60, </key>
<key name="636"> 45,38,42,43, </key>
<key name="64"> 17,6,83, </key>
<key name="7071"> 67, </key>
<key name="7110"> 51,55, </key>
<key name="7143"> 50,55, </key>
<key name="75"> 46, </key>
<key name="7993"> 50,55, </key>
<key name="7995"> 51,55, </key>
<key name="8"> 42, </key>
<key name="993"> 50,55, </key>
<key name="995"> 51,55, </key>
<key name="ability"> 13,45,15, </key>
<key name="abl"> 62, </key>
<key name="abov"> 12,59,71,64, </key>
<key name="accept"> 22,28,30,56, </key>
<key name="acces"> 41,9,10,45,38,11,89,93,0,30,44,91,15,32,94,95,37,80, </key>
<key name="accidental"> 30,32, </key>
<key name="accommodat"> 56, </key>
<key name="accord"> 48,28,53,84, </key>
<key name="account"> 12,8,17,65,41,9,18,92,19,46,47,3,39,48,49,81,10,20,82,21,4,45,38,22,23,28,5,11,88,77,6,89,66,93,26,27,2,53,55,69,30,14,44,54,91,70,60,15,7,83,29,34,31,32,33,61,84,86,85,71,36,72,16,37,35,73,63,80,64,74, </key>
<key name="acros"> 55, </key>
<key name="action"> 17,5,32,61,37,80, </key>
<key name="activ"> 75,12,17,41,19,20,82,38,28,77,42,43,30,44,60,78,83,29,34,61,84,71, </key>
<key name="active"> 64, </key>
<key name="activity"> 12,17,76,60,61, </key>
<key name="ad"> 65,41,9,18,92,46,39,4,45,22,23,28,5,25,6,44,15,29,64, </key>
<key name="adautocomplet"> 45, </key>
<key name="add"> 12,8,41,9,18,92,3,48,49,40,23,28,25,11,89,26,0,27,53,42,43,30,59,91,15,95,71,64, </key>
<key name="addition"> 28,88,78,29,85,37, </key>
<key name="additional"> 12,8,41,18,38,25,42,43,44,59,91,29,37,64, </key>
<key name="addres"> 12,13,17,41,9,18,19,46,47,39,20,45,38,51,52,22,23,28,25,11,6,26,27,2,43,30,59,91,60,78,56,15,29,71,37,35,73,74, </key>
<key name="admin"> 12,47,81,0,2,67,14,1,16,74, </key>
<key name="administration"> 12,8,9,10,52,58,40,0,14,44,59,91,60,15,95,16,73,90,74, </key>
<key name="administrativ"> 2,74, </key>
<key name="administrator"> 75,46,22,28,25,77,26,2,67,14,91,70,60,78,83,84,86,16,37,73, </key>
<key name="advanc"> 12,13,17,19,21,4,22,5,11,6,26,15,34,31,61,84,37, </key>
<key name="advertis"> 51,59, </key>
<key name="affect"> 69, </key>
<key name="ag"> 17,83,31, </key>
<key name="again"> 17,61,37, </key>
<key name="aggregat"> 76, </key>
<key name="aggressive"> 46, </key>
<key name="alert"> 47,69, </key>
<key name="alia"> 47,45,22,23,26,30,35, </key>
<key name="alias"> 12,19,22,23,26,2,30,35, </key>
<key name="allocat"> 60,63, </key>
<key name="allow"> 9,19,82,50,51,52,58,40,11,27,55,15,84,37,35, </key>
<key name="along"> 13,76,60,79, </key>
<key name="alphanumeric"> 83, </key>
<key name="already"> 28,27,91,7,64, </key>
<key name="alternat"> 22, </key>
<key name="although"> 69, </key>
<key name="alway"> 28,6,27,15,29, </key>
<key name="amavisd"> 76, </key>
<key name="amount"> 21, </key>
<key name="anonymou"> 45,38, </key>
<key name="anoth"> 75,4,45,23,6,30,7, </key>
<key name="anti"> 75,12,46,47,76,54,59,60,79, </key>
<key name="antiviru"> 47, </key>
<key name="any"> 75,8,17,65,18,47,48,28,5,25,11,89,26,0,55,68,69,54,91,78,83,31,32,61,35,73,80,64,74, </key>
<key name="anytim"> 20, </key>
<key name="ap"> 21,54,37,63, </key>
<key name="appear"> 20,22,28,27,71,36,73,64,74, </key>
<key name="appearanc"> 88,89, </key>
<key name="applicabl"> 83, </key>
<key name="application"> 8,11,91,15,71,37, </key>
<key name="appointment"> 21,28,6,29,37,63, </key>
<key name="appropriat"> 2, </key>
<key name="approximate"> 45, </key>
<key name="arbitrri"> 52, </key>
<key name="architectur"> 76, </key>
<key name="archiv"> 47, </key>
<key name="area"> 12,18,5,25,30, </key>
<key name="arrow"> 35, </key>
<key name="ask"> 1,94,73,74, </key>
<key name="assign"> 17,65,3,21,4,22,5,6,30,44,7,29,16,64, </key>
<key name="assist"> 30,80, </key>
<key name="associat"> 3,21,23,5,30,7,32,1,94, </key>
<key name="assum"> 38,71, </key>
<key name="attach"> 48,49,28,53, </key>
<key name="attachment"> 17,48,49,21,4,52,22,5,6,53,54,7,32,16,37,73,63,74, </key>
<key name="attempt"> 75,20,82,38,78,15,84, </key>
<key name="attende"> 28, </key>
<key name="attribut"> 19,4,45,38,22,5,83,31, </key>
<key name="audit"> 80, </key>
<key name="auth"> 17,52,58,6,61, </key>
<key name="authenticat"> 52,58,67, </key>
<key name="authentication"> 12,17,41,81,38,52,58,40,42,44,54,59,15,83,34,86,85, </key>
<key name="author"> 13, </key>
<key name="auto"> 3,22,28,29, </key>
<key name="autocomplet"> 39,45,29,37, </key>
<key name="automat"> 46, </key>
<key name="automatic"> 6, </key>
<key name="automatical"> 8,17,65,92,19,46,47,20,21,4,22,28,5,77,6,2,30,59,60,15,31,32,61,84,95,37,63,64, </key>
<key name="av"> 54, </key>
<key name="availabl"> 8,18,92,3,76,4,45,50,51,28,5,11,88,89,93,14,91,60,15,95,16, </key>
<key name="averag"> 77, </key>
<key name="avoid"> 52,58, </key>
<key name="away"> 29, </key>
<key name="back"> 75,12,18,25, </key>
<key name="background"> 88,32,37, </key>
<key name="backup"> 12, </key>
<key name="bar"> 12,19,76,32, </key>
<key name="bas"> 45,38,22,11,42,43,56,86,71,37, </key>
<key name="basi"> 45,28,42,43,55,34, </key>
<key name="basic"> 19,45,29, </key>
<key name="be"> 75,20,76,38,68,69,54,34,31,73,74, </key>
<key name="becom"> 45,22,43,30,44,29,32,95,71,64,74, </key>
<key name="befor"> 75,17,65,19,76,5,69,56,15,83,29,31,32,84,37,73,64,74, </key>
<key name="begin"> 68,69,71,73,74, </key>
<key name="behav"> 56,29, </key>
<key name="behavior"> 56, </key>
<key name="below"> 17,18,21,25,91,37,73,63,74, </key>
<key name="beta"> 15,90, </key>
<key name="bind"> 41,45,38,42,43,59, </key>
<key name="blank"> 18,46,25,42, </key>
<key name="blob"> 59,64, </key>
<key name="block"> 47,48,4, </key>
<key name="book"> 12,13,17,18,39,45,25,6,91,15,37,74, </key>
<key name="boolean"> 45, </key>
<key name="both"> 12,41,45,43,69,44,7,61,37, </key>
<key name="bottom"> 12,18,25, </key>
<key name="bounc"> 75,48,49,77,53, </key>
<key name="box"> 12,65,41,9,18,40,25,6,89,42,43,68,69,59,83,34,1,94,71,35,73,64,74, </key>
<key name="brows"> 12,17,40,0,61,95,71, </key>
<key name="build"> 19,28,71,37, </key>
<key name="built"> 37, </key>
<key name="bulk"> 22,14, </key>
<key name="busy"> 28,37, </key>
<key name="button"> 12,17,78,61, </key>
<key name="byt"> 76,59,64, </key>
<key name="ca"> 14, </key>
<key name="cach"> 39,78, </key>
<key name="cal"> 22, </key>
<key name="calculat"> 31, </key>
<key name="calendar"> 13,21,28,25,6,69,30,91,29,33,16,37,73,63,80,74, </key>
<key name="call"> 91, </key>
<key name="cancel"> 68,69,32, </key>
<key name="cannot"> 75,17,48,10,45,38,52,58,22,5,25,2,55,68,69,30,59,15,83,32,71,64, </key>
<key name="canonical"> 15, </key>
<key name="capabiliti"> 13,15, </key>
<key name="capacity"> 28, </key>
<key name="car"> 69, </key>
<key name="cas"> 28,69,7,83,57, </key>
<key name="categori"> 37, </key>
<key name="caution"> 68,69,32,57, </key>
<key name="ceil"> 54, </key>
<key name="central"> 12, </key>
<key name="certain"> 69, </key>
<key name="certificat"> 14, </key>
<key name="chang"> 12,8,17,65,41,92,46,3,48,81,10,20,82,21,76,4,52,58,40,22,23,28,5,11,88,6,89,93,26,55,67,30,54,59,91,60,15,7,83,29,34,33,84,86,71,36,37,73,79,63,64,74, </key>
<key name="chapt"> 46,91,60, </key>
<key name="character"> 17,6,83, </key>
<key name="check"> 17,65,41,9,47,10,76,52,58,22,28,25,6,89,42,43,69,54,59,56,83,29,34,32,61,84,86,71,62,72,37,63,64, </key>
<key name="checkbox"> 25,69, </key>
<key name="checkmark"> 89,59, </key>
<key name="choic"> 37, </key>
<key name="choos"> 41,20,70,34,62,36, </key>
<key name="chosen"> 3, </key>
<key name="cisco"> 91, </key>
<key name="city"> 28, </key>
<key name="clam"> 47, </key>
<key name="clamav"> 47, </key>
<key name="clas"> 12,8,65,41,92,3,48,4,28,5,88,6,89,53,30,44,7,34,16, </key>
<key name="classify"> 37, </key>
<key name="clear"> 50,51,52,58,59, </key>
<key name="cli"> 14,59,91, </key>

</ftswdata>  
