<?xml version='1.0' encoding='windows-1252' ?>
<ftswdata>
<key name="t"> 25,30, </key>
<key name="tab"> 12,9,18,92,46,47,3,39,48,49,10,20,82,21,4,50,51,52,58,40,23,5,11,88,89,93,26,27,44,54,59,91,78,15,83,29,34,31,84,86,62,36,37,79,64, </key>
<key name="tag"> 13,46,76,30,15,37,73,80,74, </key>
<key name="tak"> 48,20,53,59,32, </key>
<key name="target"> 72,73,74, </key>
<key name="task"> 2,69,30,14,16, </key>
<key name="telephon"> 26, </key>
<key name="templat"> 8,41,11, </key>
<key name="temporari"> 75,48, </key>
<key name="temporary"> 70,73, </key>
<key name="ten"> 18,25, </key>
<key name="term"> 43, </key>
<key name="test"> 41,42,43, </key>
<key name="text"> 41,9,39,50,51,6,42,43,59,29,71,37, </key>
<key name="them"> 75,18,47,4,5,88,89,26,78,29,37,64, </key>
<key name="third"> 91,37, </key>
<key name="thoroughnes"> 45, </key>
<key name="thos"> 48,49,4,53,55,69, </key>
<key name="though"> 4, </key>
<key name="thre"> 38, </key>
<key name="thread"> 50,51,6,59,29, </key>
<key name="threshold"> 59,64, </key>
<key name="thu"> 28, </key>
<key name="thumbnail"> 91, </key>
<key name="thunderbird"> 37, </key>
<key name="tim"> 75,12,17,18,81,28,5,25,6,66,2,54,60,78,15,83,32,61,84,86,37,73,79,74, </key>
<key name="timeout"> 17,58,6,59,61, </key>
<key name="timezon"> 29, </key>
<key name="tip"> 23,30, </key>
<key name="tl"> 52,58,59, </key>
<key name="token"> 17,6,61, </key>
<key name="told"> 81, </key>
<key name="too"> 78, </key>
<key name="tool"> 12,22,23,5,30,14,15,32,16,73, </key>
<key name="toolbar"> 12,41,9,19,81,10,22,23,28,5,11,26,42,43,30,44,86, </key>
<key name="total"> 19,76,77,30, </key>
<key name="trac"> 14, </key>
<key name="traffic"> 62, </key>
<key name="train"> 46, </key>
<key name="transaction"> 52,58, </key>
<key name="transf"> 87, </key>
<key name="transfer"> 87, </key>
<key name="trash"> 17,28,6,31,74, </key>
<key name="tri"> 38,85, </key>
<key name="trig"> 84, </key>
<key name="troubl"> 30,80, </key>
<key name="troubleshoot"> 78, </key>
<key name="trust"> 52,58, </key>
<key name="try"> 20,58, </key>
<key name="turn"> 46,95,79, </key>
<key name="two"> 65,46,47,88,2,78, </key>
<key name="typ"> 9,18,19,39,48,49,10,45,22,28,5,25,11,53,42,43,69,30,59,91,60,78,56,71,16,37,35,64, </key>
<key name="u"> 38, </key>
<key name="ui"> 17,4,5,88,6,89,0,29,37, </key>
<key name="un"> 62, </key>
<key name="unauthoriz"> 48,49,20,53, </key>
<key name="unavailabl"> 28,69,36, </key>
<key name="unchang"> 17, </key>
<key name="uncheck"> 3, </key>
<key name="undeploy"> 1,94, </key>
<key name="uninstal"> 1,94, </key>
<key name="uninstall"> 91,15, </key>
<key name="uniqu"> 75,83, </key>
<key name="uniquenes"> 15,85, </key>
<key name="unknown"> 52, </key>
<key name="unles"> 28, </key>
<key name="unlimit"> 17,4,23,37,63, </key>
<key name="unlock"> 82, </key>
<key name="unprovision"> 73,74, </key>
<key name="unread"> 46, </key>
<key name="unreadabl"> 75, </key>
<key name="unsolicit"> 46,52, </key>
<key name="up"> 41,45,50,51,40,22,2,55,69,83,84,86,95,37,73,74, </key>
<key name="updat"> 18,47,4,66,78,29,90, </key>
<key name="upgrad"> 15, </key>
<key name="upload"> 8,52,0,15,95, </key>
<key name="url"> 12,45,38,42,43, </key>
<key name="us"> 12,13,8,17,65,41,9,92,19,46,3,81,10,20,21,76,4,45,38,40,22,28,5,25,11,88,6,89,66,26,0,27,42,43,67,69,87,30,44,91,70,60,78,15,83,29,34,32,57,61,84,86,71,16,37,35,73,63,80,64,74, </key>
<key name="usag"> 12,76,25,89,83, </key>
<key name="useful"> 28,55, </key>
<key name="user"> 8,17,65,41,9,46,39,48,10,20,82,21,4,45,38,52,58,40,22,28,5,25,11,88,6,89,27,2,69,30,91,15,83,29,34,31,32,84,86,85,71,62,16,37,73,63,80,74, </key>
<key name="usernam"> 41,67, </key>
<key name="usual"> 7, </key>
<key name="utiliti"> 14, </key>
<key name="utiliz"> 73, </key>
<key name="vacation"> 37, </key>
<key name="valid"> 17,9,38,40, </key>
<key name="valu"> 45,22,43,54,7, </key>
<key name="variabl"> 74, </key>
<key name="variant"> 88, </key>
<key name="variou"> 12,45,5, </key>
<key name="verifi"> 45,25, </key>
<key name="verification"> 72,73,74, </key>
<key name="verify"> 89,1,94, </key>
<key name="version"> 90, </key>
<key name="via"> 49,59, </key>
<key name="view"> 75,12,8,17,46,48,20,21,76,4,23,28,5,25,11,88,6,0,53,30,60,78,15,7,29,61,37,79,63,80, </key>
<key name="violat"> 56, </key>
<key name="violator"> 56, </key>
<key name="virtual"> 41,40,44, </key>
<key name="viru"> 75,12,47,48,76,54,59,60,79, </key>
<key name="virus"> 49,76, </key>
<key name="voip"> 91, </key>
<key name="volum"> 12,76,59,60,64, </key>
<key name="wait"> 29, </key>
<key name="walk"> 41, </key>
<key name="want"> 65,41,19,39,22,5,25,11,55,30,56,34,1,94,71, </key>
<key name="warn"> 68,73,74, </key>
<key name="warning"> 68,73,74, </key>
<key name="way"> 18,30, </key>
<key name="web"> 13,8,39,21,4,52,58,22,5,11,88,6,89,27,59,91,15,29,57,61,37, </key>
<key name="webmail"> 17,57, </key>
<key name="websit"> 91, </key>
<key name="welcom"> 73,74, </key>
<key name="well"> 13, </key>
<key name="what"> 4,22,5,69,56,7,35,63, </key>
<key name="whenev"> 34, </key>
<key name="wheth"> 12,20,4,45,38,69,59,15,37,73,64,74, </key>
<key name="whil"> 75,68,69,91,78,32,73,74, </key>
<key name="whos"> 25,30,59,64, </key>
<key name="wid"> 12, </key>
<key name="wiki"> 8,41,9,10,11,88, </key>
<key name="will"> 17,65,41,48,21,58,22,23,5,11,27,69,91,70,29,31,84,71,72,73,63,74, </key>
<key name="window"> 12,70,29,84,71,73,74, </key>
<key name="with"> 38, </key>
<key name="within"> 12,8,45,38,11,88,42,91,15,61,84,35,80, </key>
<key name="without"> 45,40,30,61,62,80, </key>
<key name="wizard"> 12,41,45,38,22,28,11,66,42,43,67,69,30,44,70,15,71,73,74, </key>
<key name="word"> 22, </key>
<key name="work"> 69,91,74, </key>
<key name="would"> 38,28,71, </key>
<key name="writ"> 41, </key>
<key name="writh"> 71, </key>
<key name="wrong"> 82, </key>
<key name="www"> 91, </key>
<key name="x"> 17,76, </key>
<key name="year"> 76, </key>
<key name="yes"> 1,94, </key>
<key name="your"> 92,19,47,3,49,45,38,52,23,5,25,88,6,93,26,2,30,91,78,56,34,57,94,86,71,73,64,74, </key>
<key name="z"> 83, </key>
<key name="zc"> 8,92,19,46,88,89,55,91,15,83,94,95,74, </key>
<key name="zimbra"> 75,12,13,8,65,46,47,39,48,21,76,4,45,38,50,51,52,58,40,22,5,11,88,77,6,89,66,93,0,27,55,67,69,14,59,91,70,60,78,15,83,29,57,94,61,86,85,95,71,72,16,37,73,90,79,64,74, </key>
<key name="zimbraaccount"> 45, </key>
<key name="zimbradistributionlist"> 45, </key>
<key name="zimbramailaddres"> 45, </key>
<key name="zimbramailalia"> 45, </key>
<key name="zimbramaildeliveryaddres"> 45, </key>
<key name="zimlet"> 12,92,4,5,93,26,0,91,15,94,95, </key>
<key name="zip"> 47,0,1,94,95, </key>
<key name="zmprov"> 22,59, </key>
<key name="zon"> 6, </key>
<key name="zwc"> 88,89,27,15,37, </key>

</ftswdata>  
