﻿<?xml version='1.0' encoding='utf-8' ?>
<!-- saved from url=(0014)about:internet -->
<ftswdata>
<key name="run"> 11,50,40,70,76,98,65,32,107,38,82,83,88, </key>
<key name="s"> 16,50,63, </key>
<key name="sam"> 16,28,23,60,33,35, </key>
<key name="samantha"> 16,35, </key>
<key name="sammy"> 16,35, </key>
<key name="sampl"> 99, </key>
<key name="samson"> 16,35, </key>
<key name="samuel"> 16,35, </key>
<key name="san"> 98, </key>
<key name="sav"> 11,8,16,104,17,3,9,18,20,21,5,23,100,105,24,0,26,46,47,98,101,29,34,33,93,95,107,67,49,37,38,82,83,69,39, </key>
<key name="scal"> 85, </key>
<key name="scan"> 84,85, </key>
<key name="schedul"> 11,28,86,25,78,30,103,31,38,39, </key>
<key name="schema"> 40, </key>
<key name="scor"> 51, </key>
<key name="screen"> 44,103, </key>
<key name="scroll"> 16,23, </key>
<key name="se"> 84,11,15,42,85,4,57,20,21,10,75,24,47,70,76,77,98,27,30,13,97,59,64,103,65,87,6,94,80,38,88,39, </key>
<key name="search"> 11,12,45,16,17,50,40,44,21,23,75,46,47,30,48,59,103,29,32,80,38,35,39, </key>
<key name="second"> 15,86,78,66,93, </key>
<key name="secondary"> 69, </key>
<key name="section"> 16,20,23,0,87,1,106,36,107,38,35, </key>
<key name="secur"> 76,97,94, </key>
<key name="secure"> 98, </key>
<key name="security"> 11,57,63,14, </key>
<key name="select"> 11,72,45,8,16,104,17,3,41,53,9,18,19,85,50,40,44,20,21,28,5,10,99,100,22,73,105,75,24,58,46,47,98,101,30,48,64,103,79,87,29,34,32,1,106,33,95,36,80,49,37,38,35,82,83,89,69, </key>
<key name="selection"> 29, </key>
<key name="self"> 98,97, </key>
<key name="send"> 84,52,53,54,19,57,63,86,58,98,30,87,61,29,62,38,39, </key>
<key name="sender"> 61, </key>
<key name="sender'"> 57,61, </key>
<key name="sent"> 84,72,19,85,57,28,23,86,24,26,2,98,65,29,31,37,38,39, </key>
<key name="separat"> 11,23,80, </key>
<key name="sequenc"> 16,35,82,83, </key>
<key name="seri"> 84,20,82,83, </key>
<key name="serv"> 11,15,72,45,17,52,3,41,53,19,85,4,50,40,55,56,57,63,44,20,28,5,73,74,75,0,46,47,60,70,76,78,71,98,96,30,13,97,48,64,79,65,87,92,31,62,106,95,107,80,67,81,14,38,35,82,83,88,68,69, </key>
<key name="server"> 11,17,3,41,85,4,50,55,56,63,28,5,99,46,47,60,78,98,97,59,64,65,67,14,88,69, </key>
<key name="server'"> 55,56,64, </key>
<key name="servernam"> 98, </key>
<key name="servic"> 11,12,7,72,45,104,3,53,4,50,40,55,56,57,20,28,5,99,100,24,58,70,76,78,101,30,13,48,59,64,65,6,29,34,67,14,88, </key>
<key name="session"> 15,4,20,5,66, </key>
<key name="set"> 84,11,15,45,8,17,51,52,53,9,18,43,19,4,50,55,56,57,63,44,20,28,5,10,99,24,25,26,2,58,46,47,60,78,59,64,103,61,6,92,29,34,31,62,66,93,95,94,36,107,49,38,82,83,68,39, </key>
<key name="setting"> 11,15,45,51,52,53,54,19,4,50,40,55,56,57,63,20,5,24,58,46,47,101,48,59,6,29,62,14, </key>
<key name="setup"> 20,30, </key>
<key name="seven"> 38, </key>
<key name="shar"> 12,7,23,10,25,66,38,39, </key>
<key name="shift"> 16, </key>
<key name="ship"> 106, </key>
<key name="shortcut"> 29,38, </key>
<key name="shortnam"> 71, </key>
<key name="should"> 15,72,104,51,3,9,19,40,55,56,20,5,10,100,75,25,47,78,71,98,101,92,31,62,106,93,36,80,82,83, </key>
<key name="show"> 11,16,85,4,21,24,27,30,64,87,29,68,69, </key>
<key name="shown"> 72,28,105,82,83, </key>
<key name="sid"> 17,78, </key>
<key name="sign"> 17,98,97, </key>
<key name="signatur"> 29, </key>
<key name="similar"> 57,63, </key>
<key name="simp"> 99, </key>
<key name="simultaneous"> 78,38,82,83, </key>
<key name="sinc"> 78, </key>
<key name="singl"> 40,75,60,98,79,87,80,38,82, </key>
<key name="sit"> 28,60,98,97, </key>
<key name="six"> 85, </key>
<key name="siz"> 15,85,57,59,64,65,38,82,83,68,69,39, </key>
<key name="skyp"> 103, </key>
<key name="smith"> 20,80, </key>
<key name="smtp"> 85,57,63,61,62,83, </key>
<key name="sn"> 50, </key>
<key name="snapshot"> 11,87, </key>
<key name="snmp"> 11,64,65,88, </key>
<key name="so"> 52,50,57,63,28,24,2,98,103,61, </key>
<key name="soft"> 18, </key>
<key name="softwar"> 51,52,103, </key>
<key name="sort"> 12,85,27,65,68, </key>
<key name="sourc"> 12,75,71,59,80,81,82,83, </key>
<key name="spac"> 15,19,85,20,5,23,10,65,68, </key>
<key name="spam"> 84,11,15,51,85,57,59,64,65,61,31,88, </key>
<key name="spamassassin"> 51, </key>
<key name="specifi"> 15,72,17,18,50,40,57,21,26,71,30,79,93,82, </key>
<key name="specific"> 11,45,17,3,54,85,4,50,40,21,5,100,105,75,58,101,30,59,65,87,93,80,35, </key>
<key name="specification"> 103, </key>
<key name="specify"> 17,3,44,28,75,26,46,71,93,38,82,83, </key>
<key name="spell"> 64,88, </key>
<key name="split"> 60, </key>
<key name="spread"> 54, </key>
<key name="spreadsheet"> 7, </key>
<key name="ssl"> 45,50,40,55,56,57,63,46,47,60,76,64, </key>
<key name="st"> 98, </key>
<key name="standard"> 12,61,29,80, </key>
<key name="start"> 73,70,76,98,13,32,82,83,39, </key>
<key name="stat"> 53,43,28,98, </key>
<key name="statistic"> 11,19,85,65,14,68, </key>
<key name="statu"> 11,15,72,17,53,18,43,91,20,28,105,24,30,64,65,32,93,49,37,81,14,35,88,69, </key>
<key name="status"> 17,18, </key>
<key name="stay"> 84,20,28,87, </key>
<key name="step"> 45,20,46,47,48,80, </key>
<key name="still"> 18,43,32,69, </key>
<key name="stop"> 53,98,13,32,67, </key>
<key name="stor"> 11,64,92,95,80,69, </key>
<key name="storag"> 19,69, </key>
<key name="str"> 50,29,35, </key>
<key name="street"> 28, </key>
<key name="styl"> 29,38, </key>
<key name="sub"> 98, </key>
<key name="subject"> 51,98,38, </key>
<key name="submit"> 98,97, </key>
<key name="subscrib"> 12,25,39, </key>
<key name="substr"> 75, </key>
<key name="subtre"> 75,80, </key>
<key name="succeed"> 40, </key>
<key name="successful"> 84, </key>
<key name="suggest"> 41,28,38, </key>
<key name="suit"> 12,51,52,40,10,103,14,102,69, </key>
<key name="summari"> 87, </key>
<key name="summary"> 45,46,47,65,87, </key>
<key name="sup"> 83, </key>
<key name="suppli"> 40, </key>
<key name="support"> 12, </key>
<key name="sur"> 44,100,101, </key>
<key name="surnam"> 50, </key>
<key name="suspect"> 18, </key>
<key name="suspend"> 43,67,49, </key>
<key name="symbol"> 15,20,92, </key>
<key name="syntax"> 17,50, </key>
<key name="system"> 11,54,85,50,5,2,64,103,61,14,83,69, </key>
<key name="system32"> 83, </key>
<key name="tab"> 11,8,16,104,51,52,3,41,53,54,9,18,43,91,19,4,55,56,57,63,44,21,5,23,10,99,100,105,24,25,26,101,48,59,64,103,87,92,29,34,31,93,95,36,107,67,49,37,38,88,69,39, </key>
<key name="tag"> 12,51,85,30,29,38,82,83,89,39, </key>
<key name="tak"> 53,18,58,64,32, </key>
<key name="target"> 98,81,82,83, </key>
<key name="task"> 12,19,2,78,30,13,14,38,39, </key>
<key name="telephon"> 24, </key>
<key name="templat"> 7,45,10, </key>
<key name="temporari"> 84,53,18,91,93, </key>
<key name="temporary"> 79,82, </key>
<key name="ten"> 16,23, </key>
<key name="term"> 47, </key>
<key name="test"> 45,46,47,98,97, </key>
<key name="text"> 45,8,41,19,55,56,46,47,64,29,80,38, </key>
<key name="them"> 84,16,52,19,4,20,5,99,100,24,101,30,103,87,38,69,39, </key>
<key name="third"> 103,38, </key>
<key name="thoroughnes"> 50, </key>
<key name="thos"> 53,54,4,58,60,78, </key>
<key name="though"> 4, </key>
<key name="thre"> 85,40,35, </key>
<key name="thread"> 55,56,59,64,29, </key>
<key name="threshold"> 19,64,69, </key>
<key name="thu"> 28, </key>
<key name="thumbnail"> 103, </key>
<key name="thunderbird"> 38, </key>
<key name="tim"> 84,11,15,72,16,17,90,19,20,28,5,23,10,73,75,2,27,30,59,65,87,92,29,31,32,66,93,95,36,38,82,83,88,39, </key>
<key name="timeout"> 15,63,24,64,66, </key>
<key name="timezon"> 29, </key>
<key name="tip"> 21,30, </key>
<key name="tl"> 57,63,64, </key>
<key name="toggl"> 105,26, </key>
<key name="token"> 15,66, </key>
<key name="told"> 90, </key>
<key name="too"> 87, </key>
<key name="tool"> 11,42,20,21,5,30,13,32,14,38,82,39, </key>
<key name="toolbar"> 11,45,8,17,90,9,20,21,28,5,10,105,24,46,47,30,48,95,49, </key>
<key name="topic"> 76, </key>
<key name="total"> 17,85,86,30, </key>
<key name="trac"> 13, </key>
<key name="track"> 39, </key>
<key name="traffic"> 67, </key>
<key name="train"> 51, </key>
<key name="transaction"> 85,57,63, </key>
<key name="transf"> 96, </key>
<key name="transfer"> 96, </key>
<key name="trash"> 15,28,31,83, </key>
<key name="tri"> 40,98,94, </key>
<key name="trig"> 93, </key>
<key name="troubl"> 30,89, </key>
<key name="troubleshoot"> 87, </key>
<key name="trust"> 57,63, </key>
<key name="try"> 18,63,29, </key>
<key name="turn"> 51,107,38,88, </key>
<key name="twic"> 98, </key>
<key name="two"> 72,51,52,99,2,78,97,87, </key>
<key name="typ"> 8,16,17,41,53,54,9,50,20,28,5,23,10,58,46,47,78,30,97,64,103,65,87,61,80,14,38,35,69, </key>
<key name="u"> 40, </key>
<key name="ui"> 15,4,5,99,100,24,0,101,38, </key>
<key name="un"> 67, </key>
<key name="unauthoriz"> 53,54,18,58, </key>
<key name="unavailabl"> 28,78,37, </key>
<key name="unchang"> 15, </key>

</ftswdata>  
