<?xml version='1.0' encoding='windows-1252' ?>
<ftswdata>
<key name="provid"> 38,43,56,73,74, </key>
<key name="provision"> 12,65,22,30,14,70,72,16,73,74, </key>
<key name="proxy"> 50,51,55,59,57, </key>
<key name="public"> 41,10,11,37, </key>
<key name="punctuation"> 83, </key>
<key name="purg"> 17,4,31, </key>
<key name="qualifi"> 56, </key>
<key name="query"> 12,19,52,58,15,71, </key>
<key name="question"> 76,15,73,74, </key>
<key name="queu"> 75,12,48,20,60,78,62, </key>
<key name="quick"> 12,18,81,11,30,91,15,86,37,35, </key>
<key name="quickadd"> 6,29, </key>
<key name="quit"> 17, </key>
<key name="quota"> 12,17,21,4,22,5,6,26,30,60,7,63, </key>
<key name="random"> 3,5, </key>
<key name="rath"> 39,69,37, </key>
<key name="rbl"> 46, </key>
<key name="re"> 17,30,78,32,86, </key>
<key name="reach"> 17,21,83,63, </key>
<key name="read"> 41,54,15,74, </key>
<key name="ready"> 75,25, </key>
<key name="reason"> 75, </key>
<key name="reassign"> 5, </key>
<key name="receiv"> 75,46,20,76,52,22,25,30,78,56,29,31,37,73,64,74, </key>
<key name="recent"> 65,83, </key>
<key name="recipient"> 46,47,48,49,76,52,58,25,77,53,30,37, </key>
<key name="recommend"> 69,70,78, </key>
<key name="record"> 12,52,58,40,28,5,59,37, </key>
<key name="recur"> 28, </key>
<key name="redirect"> 23,26, </key>
<key name="ref"> 65,46,70,16, </key>
<key name="refer"> 65,46, </key>
<key name="referenc"> 64, </key>
<key name="reflect"> 12,10, </key>
<key name="refresh"> 65,66,78, </key>
<key name="regard"> 59, </key>
<key name="regardles"> 48,37, </key>
<key name="register"> 59, </key>
<key name="regular"> 28,34, </key>
<key name="reindex"> 30,32, </key>
<key name="reject"> 48,49,21,4,52,28,53,30,54,63, </key>
<key name="relay"> 65,52,58,59,57,73,74, </key>
<key name="releas"> 12,8,11,78, </key>
<key name="reliabl"> 13, </key>
<key name="remain"> 17,31,33,61, </key>
<key name="rememb"> 17,61, </key>
<key name="remind"> 29, </key>
<key name="remov"> 92,10,23,11,89,93,26,0,27,30,91,7,1,94,71, </key>
<key name="renam"> 33, </key>
<key name="reoccur"> 28, </key>
<key name="rep"> 2,29,37, </key>
<key name="repli"> 37, </key>
<key name="replicat"> 73,74, </key>
<key name="report"> 77,60, </key>
<key name="represent"> 45, </key>
<key name="request"> 40,69,37, </key>
<key name="requeu"> 78, </key>
<key name="requir"> 41,76,45,38,50,51,52,40,22,67,44,15,32,57,85,37, </key>
<key name="resend"> 75, </key>
<key name="reset"> 22,59,7,83,84,86, </key>
<key name="resid"> 31, </key>
<key name="resolv"> 41,42,43, </key>
<key name="resourc"> 12,19,28,30,91,36,35, </key>
<key name="restart"> 59, </key>
<key name="restrict"> 4,22,5,56, </key>
<key name="restriction"> 4,22,28,56,83, </key>
<key name="result"> 41,18,19,45,38,25,42,43,44,54,32,35, </key>
<key name="resum"> 48,62, </key>
<key name="retriev"> 15,83,32, </key>
<key name="retrieval"> 55, </key>
<key name="return"> 41,18,38,25,43,44,32, </key>
<key name="reus"> 78,83, </key>
<key name="review"> 46,71,73,74, </key>
<key name="revok"> 10, </key>
<key name="rfc"> 56, </key>
<key name="rich"> 8,37, </key>
<key name="right"> 12,18,19,3,25,11,32,62, </key>
<key name="room"> 75,28, </key>
<key name="root"> 2,59,71,64, </key>
<key name="rout"> 75,45,2,78,37, </key>
<key name="rul"> 46,48,82,45,38,52,53,69,54,15,7,83,84,85,37, </key>
<key name="run"> 12,45,38,67,60,32,95,37,73,79,74, </key>
<key name="s"> 12,65,9,18,46,81,20,45,50,51,52,58,22,28,5,11,77,89,0,27,2,67,30,14,59,91,60,56,7,83,29,32,1,94,61,86,95,71,16,73,80,74, </key>
<key name="sam"> 18,28,25,89,55,33,35, </key>
<key name="samantha"> 18,25,35, </key>
<key name="sammy"> 18,25,35, </key>
<key name="sampl"> 88, </key>
<key name="samson"> 18,25,35, </key>
<key name="samuel"> 18,25,35, </key>
<key name="sav"> 9,18,92,3,10,20,22,23,5,25,93,26,0,42,43,29,34,33,84,86,95,62,36,37,73,64,74, </key>
<key name="scal"> 76, </key>
<key name="scan"> 75, </key>
<key name="schedul"> 12,28,77,69,30,91,37, </key>
<key name="schema"> 38, </key>
<key name="scor"> 46, </key>
<key name="screen"> 40,91, </key>
<key name="scroll"> 18,25, </key>
<key name="se"> 75,12,76,4,52,22,23,11,43,67,68,30,14,59,91,60,78,7,85,71,37,79, </key>
<key name="search"> 12,13,41,18,19,45,38,40,23,25,6,42,43,44,54,15,29,32,71,37,35, </key>
<key name="second"> 77,61,84, </key>
<key name="secondary"> 64, </key>
<key name="section"> 18,25,0,78,1,94,95,37, </key>
<key name="secur"> 15,85, </key>
<key name="security"> 12,52,58,16, </key>
<key name="select"> 12,65,41,9,18,92,19,3,39,48,10,20,21,76,45,38,40,22,23,28,5,25,11,88,89,24,66,93,26,53,42,43,30,44,59,70,78,15,29,34,32,1,94,33,86,71,36,37,35,73,80,64,74, </key>
<key name="self"> 14, </key>
<key name="send"> 75,47,48,49,52,58,25,77,53,30,78,56,15,57,37, </key>
<key name="sender"> 56, </key>
<key name="sent"> 75,65,76,28,77,26,27,2,60,15,29,31,36,37, </key>
<key name="separat"> 12,25,71, </key>
<key name="sequenc"> 18,25,35,73,74, </key>
<key name="seri"> 75,22,73,74, </key>
<key name="serv"> 12,17,65,41,19,47,3,39,48,21,76,4,45,38,50,51,52,58,40,22,28,5,6,66,93,0,42,43,55,67,69,87,30,14,44,59,70,60,78,15,83,57,94,86,95,71,62,72,16,73,79,63,64,74, </key>
<key name="server"> 12,19,3,39,76,4,45,50,51,58,28,5,88,42,43,55,69,54,59,60,62,16,79,64, </key>
<key name="servic"> 12,13,8,65,41,92,3,48,4,45,38,50,51,52,28,5,88,6,89,53,67,69,30,14,44,54,59,60,7,34,62,16,79, </key>
<key name="session"> 17,4,22,5,6,61, </key>
<key name="set"> 75,12,17,41,9,19,46,47,48,10,20,21,4,45,50,51,52,58,40,22,28,5,11,88,26,27,2,53,42,43,55,69,54,59,91,56,15,7,83,34,31,57,61,84,86,85,95,37,73,63,74, </key>
<key name="setting"> 12,41,46,47,48,49,21,4,45,38,50,51,52,58,22,5,6,53,42,43,44,54,15,7,57,16, </key>
<key name="setup"> 30, </key>
<key name="shar"> 13,8,25,11,61,37, </key>
<key name="shift"> 18,25, </key>
<key name="ship"> 94, </key>
<key name="shortcut"> 15, </key>
<key name="should"> 17,65,46,3,10,38,50,51,22,5,25,11,27,43,69,83,57,94,84,71,73,74, </key>
<key name="show"> 12,18,76,4,23,6,30,59,78,15,29,63,64, </key>
<key name="shown"> 65,28,73,74, </key>
<key name="sid"> 19,69, </key>
<key name="sign"> 19,14, </key>
<key name="signatur"> 6,29, </key>
<key name="similar"> 52,58, </key>
<key name="simp"> 88, </key>
<key name="simultaneous"> 69,37,73,74, </key>
<key name="sinc"> 69, </key>
<key name="singl"> 38,52,55,70,78,71,37,73, </key>
<key name="sit"> 28,55, </key>
<key name="siz"> 17,76,52,6,54,59,60,37,73,63,64,74, </key>
<key name="skyp"> 91, </key>
<key name="smith"> 22,71, </key>
<key name="smtp"> 52,58,56,57,74, </key>
<key name="sn"> 45, </key>
<key name="snapshot"> 78, </key>
<key name="snmp"> 12,59,60,79, </key>
<key name="so"> 47,45,52,58,28,26,2,91,56, </key>
<key name="soft"> 20, </key>
<key name="softwar"> 46,47,91, </key>
<key name="sort"> 13,60,63, </key>
<key name="soul"> 74, </key>
<key name="sourc"> 13,71,72,73,74, </key>
<key name="spac"> 17,21,76,22,5,25,60,63, </key>
<key name="spam"> 75,12,17,46,76,52,6,54,59,60,56,31,79, </key>
<key name="spamassassin"> 46, </key>
<key name="specifi"> 17,19,20,45,38,23,27,30,70,15,29,84,73, </key>
<key name="specific"> 12,41,19,3,49,76,4,45,38,23,5,25,89,53,30,54,60,78,15,84,71,35, </key>
<key name="specification"> 91, </key>
<key name="specify"> 19,3,40,28,27,42,84,37,73,74, </key>
<key name="spell"> 59,79, </key>
<key name="split"> 55, </key>
<key name="spread"> 49, </key>
<key name="spreadsheet"> 8, </key>
<key name="ssl"> 41,45,38,50,51,52,58,42,43,55,59, </key>
<key name="standard"> 13,6,56,29,71, </key>
<key name="start"> 66,67,14,32,73,74, </key>
<key name="stat"> 48,28,53, </key>
<key name="statistic"> 12,21,76,60,16,63, </key>
<key name="statu"> 12,65,19,48,20,82,28,26,30,59,60,32,84,36,72,16,79,64, </key>
<key name="status"> 19,20, </key>
<key name="stay"> 75,22,28,78, </key>
<key name="step"> 41,22,42,43,44,71, </key>
<key name="still"> 20,32,64, </key>
<key name="stop"> 48,14,32,62, </key>
<key name="stor"> 12,59,83,86,71,64, </key>
<key name="storag"> 64, </key>
<key name="str"> 45,29,35, </key>
<key name="street"> 28, </key>
<key name="styl"> 6,29,37, </key>
<key name="subject"> 46,37, </key>
<key name="subscrib"> 13, </key>
<key name="subtre"> 71, </key>
<key name="succeed"> 38, </key>
<key name="successful"> 75, </key>
<key name="suggest"> 39,28,37, </key>
<key name="suit"> 13,46,47,38,11,6,91,16,90,64, </key>
<key name="summari"> 78, </key>
<key name="summary"> 41,42,43,60,78, </key>
<key name="sup"> 74, </key>
<key name="suppli"> 38, </key>
<key name="support"> 13, </key>
<key name="sur"> 40,89, </key>
<key name="surnam"> 45, </key>
<key name="suspect"> 20, </key>
<key name="suspend"> 62, </key>
<key name="symbol"> 22,83, </key>
<key name="syntax"> 19,45, </key>
<key name="system"> 12,49,76,45,5,2,59,91,56,16,64,74, </key>
<key name="system32"> 74, </key>

</ftswdata>  
