<?xml version='1.0' encoding='windows-1252' ?>
<!-- saved from url=(0014)about:internet -->
<ftswdata>
<key name="window"> 11,17,75,29,90,76,35,78,79,80, </key>
<key name="with"> 38, </key>
<key name="within"> 11,7,17,45,38,10,94,70,42,98,14,61,90,37,35,86, </key>
<key name="without"> 45,40,30,61,62,86, </key>
<key name="wizard"> 11,41,45,38,22,28,10,67,69,71,42,43,16,72,74,65,30,44,75,14,76,78,79,80, </key>
<key name="word"> 22, </key>
<key name="work"> 74,98,37,79,80, </key>
<key name="would"> 38,28,69,71,76, </key>
<key name="writ"> 41, </key>
<key name="writh"> 76, </key>
<key name="wrong"> 88, </key>
<key name="www"> 98, </key>
<key name="x"> 82,52,54, </key>
<key name="xml"> 70, </key>
<key name="year"> 82, </key>
<key name="yes"> 1,101, </key>
<key name="your"> 17,99,19,47,3,49,45,38,52,23,5,25,94,95,100,68,69,26,2,71,96,30,98,84,56,34,57,101,92,76,78,79,80,64, </key>
<key name="z"> 17,89, </key>
<key name="z1"> 70, </key>
<key name="zc"> 7,99,19,46,94,95,69,26,70,55,96,98,14,89,101,102,78,79,80, </key>
<key name="zimbra"> 81,11,12,7,66,46,47,39,48,21,82,4,45,38,50,51,52,58,40,22,5,10,94,83,95,67,100,69,26,0,27,70,71,55,16,72,74,65,96,13,59,98,75,60,84,14,89,29,57,101,61,92,91,102,76,77,15,37,35,78,79,80,97,85,64, </key>
<key name="zimbraaccount"> 45, </key>
<key name="zimbradistributionlist"> 45, </key>
<key name="zimbramailaddres"> 45, </key>
<key name="zimbramailalia"> 45, </key>
<key name="zimbramaildeliveryaddres"> 45, </key>
<key name="zimlet"> 11,99,4,22,5,100,26,0,98,14,101,102, </key>
<key name="zip"> 47,0,1,101,102, </key>
<key name="zmprov"> 22,59, </key>
<key name="zwc"> 94,95,27,96,14,37, </key>

</ftswdata>  
