<?xml version='1.0' encoding='windows-1252' ?>
<ftswdata>
<key name="html"> 4,21,28, </key>
<key name="i"> 15,55, </key>
<key name="icon"> 57, </key>
<key name="id"> 22,24,26, </key>
<key name="identifi"> 30,33,44,60, </key>
<key name="identify"> 35,29,18,54,41,55, </key>
<key name="idl"> 11,4,70, </key>
<key name="if"> 11,49,30,36,37,12,13,58,2,34,29,64,39,43,15,6,18,4,50,65,0,31,32,52,53,68,22,40,44,45,41,5,20,21,67,25,23,42,24,26,70,27,55,28,57, </key>
<key name="ignor"> 64,53,20, </key>
<key name="ill"> 41, </key>
<key name="imap"> 7,2,15,4,40,44,21,10,28, </key>
<key name="immediate"> 7,13,46, </key>
<key name="implement"> 41, </key>
<key name="import"> 7,64,50,65,51,52,66,53,68,54,67,55,10,57, </key>
<key name="important"> 36,2,15,53,44,54,41,5,42,57, </key>
<key name="inaccessibl"> 22, </key>
<key name="inbound"> 7,58, </key>
<key name="inbox"> 4,21,67,69, </key>
<key name="inc"> 8, </key>
<key name="includ"> 7,8,11,2,6,3,18,0,22,33,44,45,70,55,57,61,62, </key>
<key name="incom"> 45,60,41,69, </key>
<key name="increas"> 38,14,53,47, </key>
<key name="index"> 4,44,23,48, </key>
<key name="index1"> 44,48, </key>
<key name="individual"> 37,13,14,2,18,22,9,5,25,69,70,55,57, </key>
<key name="inform"> 53, </key>
<key name="information"> 8,49,30,13,2,34,29,15,6,3,31,32,51,68,22,9,44,67,24,70,27,55,10,57,47,48, </key>
<key name="inherit"> 11, </key>
<key name="initial"> 15,6,4,0,44,20,21,27,28,48, </key>
<key name="input"> 34, </key>
<key name="instal"> 7,35,36,58,2,4,44,45,57,61,48, </key>
<key name="install"> 0,9, </key>
<key name="installation"> 30,36,33,40,44, </key>
<key name="instead"> 49,55,57, </key>
<key name="instruct"> 67,42, </key>
<key name="interfac"> 13,9,28, </key>
<key name="internal"> 30,12,34,29,31,32,33,20, </key>
<key name="internet"> 4,21, </key>
<key name="interrupt"> 64,53, </key>
<key name="interval"> 4,21, </key>
<key name="invit"> 6, </key>
<key name="invitation"> 6,22, </key>
<key name="ip"> 39,44,45,41, </key>
<key name="island"> 8, </key>
<key name="isp"> 39,42, </key>
<key name="issu"> 30,31,32, </key>
<key name="item"> 64,4,53,21,67,28,57, </key>
<key name="itself"> 46, </key>
<key name="jo"> 55, </key>
<key name="joanna"> 55, </key>
<key name="john"> 15, </key>
<key name="joseph"> 55, </key>
<key name="journal"> 53, </key>
<key name="junk"> 11,35,64,53,69,57, </key>
<key name="just"> 30, </key>
<key name="kb"> 58,39, </key>
<key name="keep"> 64,3,60,24, </key>
<key name="keyword"> 57, </key>
<key name="kill"> 35, </key>
<key name="know"> 34,15,18,65,26, </key>
<key name="known"> 34,18, </key>
<key name="label"> 28, </key>
<key name="larg"> 15,44,57,48, </key>
<key name="last"> 7,58,34,15,45,26,72,61, </key>
<key name="latest"> 57, </key>
<key name="launch"> 54, </key>
<key name="layout"> 6, </key>
<key name="ldap"> 7,30,34,29,15,6,31,32,33,44,45,20,25,27,55,61, </key>
<key name="least"> 27, </key>
<key name="leav"> 18, </key>
<key name="left"> 7,1,18,31,53,21, </key>
<key name="legitimat"> 29, </key>
<key name="length"> 11,2,3,4,20, </key>
<key name="let"> 2,15,53,22,28,62, </key>
<key name="level"> 2,39,43,53,25, </key>
<key name="lifetim"> 11,2,15,6,3,4,5,69,70, </key>
<key name="lik"> 64, </key>
<key name="like"> 53, </key>
<key name="limit"> 11,14,2,3,4,60,70,47, </key>
<key name="lin"> 35,2,15,18,22,9,44,28,48, </key>
<key name="link"> 7,15,22,44,5, </key>
<key name="list"> 7,11,49,30,1,37,38,13,2,34,16,18,4,17,50,19,32,52,53,22,33,44,45,21,25,24,26,27,55,46,71,56,10,28,57,61,48, </key>
<key name="lmtp"> 63,44,46, </key>
<key name="local"> 39,65,63,9,42, </key>
<key name="locat"> 65, </key>
<key name="location"> 6,65,22,44,42,55,71,48, </key>
<key name="lock"> 11,13,22,20,25, </key>
<key name="log"> 7,11,12,13,58,29,64,0,52,66,68,22,44,54,45,20,70,27,46,28,57,61,62, </key>
<key name="login"> 13,44, </key>
<key name="logo"> 8, </key>
<key name="logon"> 54, </key>
<key name="long"> 11,2,43,15,70,48, </key>
<key name="look"> 34,65,28, </key>
<key name="lookup"> 34,39,43,33,44, </key>
<key name="loop"> 42, </key>
<key name="lost"> 57, </key>
<key name="low"> 21, </key>
<key name="machin"> 44, </key>
<key name="mail"> 7,8,49,35,36,37,38,13,14,2,34,29,64,39,43,15,16,3,18,4,19,53,63,22,44,45,60,41,21,69,23,42,26,46,28,57,62, </key>
<key name="mailbox"> 11,49,36,1,37,13,14,58,2,64,15,6,0,51,53,63,22,44,54,45,5,21,67,23,26,27,55,46,56,28,57,61,47,62,48, </key>
<key name="main"> 65, </key>
<key name="maintain"> 6,60,67,10, </key>
<key name="maintenanc"> 37,13,22, </key>
<key name="mak"> 2,39,43,15,44,71, </key>
<key name="man"> 13,27, </key>
<key name="manag"> 7,35,2,16,3,22,9,33,40,44,60,27,10,28,48, </key>
<key name="management"> 9,10,48, </key>
<key name="map"> 29, </key>
<key name="mapi"> 54,57, </key>
<key name="mark"> 35,48, </key>
<key name="market"> 55, </key>
<key name="mas"> 35, </key>
<key name="match"> 34,29,26,28, </key>
<key name="mateo"> 8, </key>
<key name="maximum"> 11,30,34,39,4,32,40,20, </key>
<key name="mb"> 11,58,57, </key>
<key name="mean"> 11, </key>
<key name="measur"> 70, </key>
<key name="mechanism"> 7,30,29, </key>
<key name="meet"> 6,18,53,67,55, </key>
<key name="meeting"> 6,22,28, </key>
<key name="megabyt"> 11,14, </key>
<key name="memb"> 54,57, </key>
<key name="member"> 37,18, </key>
<key name="menu"> 16, </key>
<key name="merg"> 67, </key>
<key name="messag"> 7,8,11,35,36,37,38,14,58,2,64,39,15,6,3,4,0,52,53,63,9,40,44,45,60,41,5,21,67,69,23,42,24,71,28,57,47,48, </key>
<key name="message1"> 44,48, </key>
<key name="method"> 29,15, </key>
<key name="microsoft"> 65,54,10,57, </key>
<key name="might"> 18,55, </key>
<key name="migrat"> 50,55,10,57, </key>
<key name="migration"> 7,51,53,54,55,10,57, </key>
<key name="mini"> 4,21, </key>
<key name="minimum"> 7,11,15,6,4,20, </key>
<key name="minut"> 4,44,21,70, </key>
<key name="mod"> 7,30,34,31,32,33, </key>
<key name="modify"> 36,2,22,33,21, </key>
<key name="monitor"> 7,14,6,45,60,10,61, </key>
<key name="mous"> 11,16,22,70, </key>
<key name="mov"> 7,1,16,18,22,60,5,67, </key>
<key name="mta"> 7,36,37,13,39,43,63,40,44,45,60,41,42,46,10,61, </key>
<key name="multipl"> 1,34,29,31,44,28, </key>
<key name="must"> 11,12,29,15,6,44,54,41,20,25,42,26,27,55,57,61,48, </key>
<key name="mx"> 39,43, </key>
<key name="mycompany"> 29, </key>
<key name="nam"> 7,30,1,2,34,29,43,15,16,6,3,18,50,65,31,32,51,22,33,44,60,67,24,26,55,46,57,48, </key>
<key name="navigat"> 7, </key>
<key name="navigation"> 7,58,15,16,6,3,18,17,44,25,46, </key>
<key name="ne"> 14,15,6,3,54,47, </key>
<key name="necessary"> 29,67,24, </key>
<key name="network"> 39,43, </key>
<key name="nev"> 48, </key>
<key name="new"> 7,49,30,36,1,12,13,2,15,16,6,3,18,4,19,31,32,22,33,54,60,20,21,24,27,57,48, </key>
<key name="next"> 7,49,30,1,12,34,64,6,18,50,65,31,32,51,66,53,54,67,25,27,55,56, </key>
<key name="night"> 59, </key>
<key name="normal"> 13,25, </key>
<key name="not"> 7,49,30,34,15,6,3,18,50,32,53,44,5,67,55, </key>
<key name="notic"> 8,38, </key>
<key name="notifi"> 38,14,47, </key>
<key name="notification"> 35,36,0,21, </key>
<key name="now"> 51,55, </key>
<key name="numb"> 11,30,35,38,58,16,6,3,4,52,66,53,40,44,60,20,21,67,69,23,26,56,57, </key>
<key name="number"> 15, </key>
<key name="object"> 2,3,55,28, </key>
<key name="objectclas"> 34, </key>
<key name="occupant"> 6, </key>
<key name="occur"> 11, </key>
<key name="off"> 7,35,14,53,45,61,47, </key>
<key name="offer"> 8,29, </key>
<key name="offic"> 54,28, </key>
<key name="often"> 36, </key>
<key name="ok"> 64,16,52,53,23,27,55, </key>
<key name="old"> 11,14,53,69,57,47,48, </key>
<key name="on"> 7,30,37,2,34,29,16,6,18,4,50,22,33,44,60,5,67,55,57,61,48, </key>
<key name="onc"> 15,52,53,67, </key>
<key name="open"> 8,35,1,37,15,18,65,52,68,22,54,21,23,70,27,57, </key>
<key name="openldap"> 29, </key>
<key name="operat"> 0, </key>
<key name="operation"> 34,29,53, </key>
<key name="opt"> 48, </key>
<key name="option"> 7,35,36,37,14,2,64,39,43,3,4,53,9,33,44,20,21,27,57, </key>
<key name="ord"> 44,45,61,47, </key>
<key name="organiz"> 8, </key>
<key name="organization"> 34, </key>
<key name="origin"> 45, </key>
<key name="original"> 21,24, </key>
<key name="originat"> 39, </key>
<key name="otherwis"> 29, </key>
<key name="out"> 7,11,70, </key>
<key name="outbreak"> 37, </key>
<key name="outlook"> 7,64,65,53,67,28,57, </key>
<key name="output"> 44, </key>
<key name="outsid"> 41, </key>
<key name="overrid"> 11,2,43,15,4,40,5, </key>
<key name="overridden"> 2,69, </key>
<key name="overview"> 51, </key>
<key name="own"> 6,4,25,27,28, </key>
<key name="owner"> 8, </key>
<key name="packag"> 58,44,45,61, </key>
<key name="pag"> 7,11,30,2,4,31,32,68,21,67,70, </key>

</ftswdata>  
