<?xml version='1.0' encoding='windows-1252' ?>
<ftswdata>
<key name="search"> 7,8,37,41,35,36,19,21,4,38,39,40,50,10,25,28,67,34,31, </key>
<key name="second"> 57, </key>
<key name="secondary"> 60, </key>
<key name="section"> 21,72,34, </key>
<key name="security"> 7,48,54,11, </key>
<key name="select"> 7,61,37,1,14,44,16,17,71,41,35,36,18,19,23,3,21,20,62,49,38,39,26,6,40,55,66,72,30,28,29,32,67,33,34,31,69,74,60, </key>
<key name="self"> 9, </key>
<key name="send"> 70,43,44,45,48,54,21,49,26,72,52,53,34, </key>
<key name="sender"> 52, </key>
<key name="sent"> 70,61,71,23,22,0,56,25,27,33,34, </key>
<key name="separat"> 7,21,67, </key>
<key name="sequenc"> 21,31,69, </key>
<key name="seri"> 70,18,69, </key>
<key name="serv"> 7,13,61,37,43,1,14,44,17,71,2,41,35,46,47,48,54,36,18,23,3,4,62,38,39,51,63,65,75,26,9,40,50,55,66,56,72,10,24,53,32,67,58,68,11,69,73,59,60, </key>
<key name="server"> 7,1,14,71,41,46,47,54,3,38,39,51,65,50,55,56,10,58,11,73,60, </key>
<key name="servic"> 7,8,61,37,1,44,2,41,35,46,47,23,3,4,63,65,26,9,40,50,55,56,5,30,58,11,73, </key>
<key name="session"> 13,2,18,3,4,57, </key>
<key name="set"> 70,7,13,37,42,43,44,16,17,2,41,46,47,48,54,36,18,23,3,22,0,49,38,39,51,65,50,55,52,10,5,24,30,27,53,57,32,34,69,59, </key>
<key name="setting"> 7,37,42,43,44,45,17,2,41,35,46,47,48,54,18,4,49,38,39,12,40,50,5,53,11, </key>
<key name="setup"> 26, </key>
<key name="shar"> 8,21,6,10,57,34, </key>
<key name="shift"> 21, </key>
<key name="should"> 13,61,42,1,35,46,47,18,21,22,39,65,10,24,53,67,69, </key>
<key name="show"> 7,71,2,19,4,26,55,72,10,25,59,60, </key>
<key name="shown"> 61,23,10,69, </key>
<key name="sid"> 65, </key>
<key name="sign"> 9, </key>
<key name="signatur"> 4,25, </key>
<key name="similar"> 48,54, </key>
<key name="simultaneous"> 65,34,69, </key>
<key name="sinc"> 65, </key>
<key name="singl"> 35,48,51,66,72,67,34,69, </key>
<key name="sit"> 23,51, </key>
<key name="siz"> 13,71,48,4,50,55,56,34,69,59,60, </key>
<key name="smith"> 18,67, </key>
<key name="smtp"> 48,54,52,53, </key>
<key name="sn"> 41, </key>
<key name="snapshot"> 72, </key>
<key name="snmp"> 7,55,56,73, </key>
<key name="so"> 43,41,48,54,23,0,52, </key>
<key name="soft"> 16, </key>
<key name="softwar"> 42,43, </key>
<key name="sort"> 8,56,59, </key>
<key name="sourc"> 8,67,68,69, </key>
<key name="spac"> 13,17,71,18,3,21,56,59, </key>
<key name="spam"> 70,7,13,42,71,48,4,50,55,56,52,27,73, </key>
<key name="spamassassin"> 42, </key>
<key name="specifi"> 13,35,19,22,26,66,25,69, </key>
<key name="specific"> 7,37,1,45,71,2,41,35,19,21,49,26,6,50,56,72,24,67,31, </key>
<key name="specify"> 1,36,3,22,38,10,34,69, </key>
<key name="spell"> 55,73, </key>
<key name="split"> 51,10, </key>
<key name="spread"> 45, </key>
<key name="spreadsheet"> 6, </key>
<key name="ssl"> 37,41,35,46,47,48,54,38,39,51,55, </key>
<key name="standard"> 8,15,4,52,25,67, </key>
<key name="start"> 62,63,9,28,69, </key>
<key name="stat"> 44,23,49, </key>
<key name="statistic"> 7,17,71,56,11,59, </key>
<key name="statu"> 7,61,44,16,23,26,55,56,28,33,68,11,73,60, </key>
<key name="status"> 16, </key>
<key name="stay"> 70,18,23,72, </key>
<key name="step"> 37,18,38,39,40,67, </key>
<key name="still"> 16,28,60, </key>
<key name="stop"> 44,9,28,58, </key>
<key name="stor"> 7,55,24,32,67,60, </key>
<key name="storag"> 60, </key>
<key name="str"> 41,25,31, </key>
<key name="street"> 23, </key>
<key name="styl"> 4,6,10,25,34, </key>
<key name="subject"> 8,42,34, </key>
<key name="subscrib"> 8, </key>
<key name="subtre"> 67, </key>
<key name="succeed"> 35, </key>
<key name="successful"> 70, </key>
<key name="suggest"> 14,23,12,34, </key>
<key name="suit"> 8,42,43,35,4,11,76,60, </key>
<key name="summari"> 72, </key>
<key name="summary"> 37,38,39,56,72, </key>
<key name="suppli"> 35, </key>
<key name="support"> 8, </key>
<key name="sur"> 36, </key>
<key name="surnam"> 41, </key>
<key name="suspect"> 16, </key>
<key name="suspend"> 58, </key>
<key name="symbol"> 18, </key>
<key name="syntax"> 41, </key>
<key name="system"> 7,45,71,41,3,0,55,52,11,60, </key>
<key name="t"> 21,26, </key>
<key name="tab"> 7,42,43,1,44,45,16,17,2,46,47,48,54,36,19,3,22,49,6,50,55,72,10,24,25,30,27,32,58,33,34,73,60, </key>
<key name="tabl"> 6, </key>
<key name="tag"> 8,42,71,26,34,69,74, </key>
<key name="tak"> 44,16,49,55,28, </key>
<key name="target"> 68,69, </key>
<key name="task"> 0,65,26,9,11, </key>
<key name="team"> 6,10, </key>
<key name="templat"> 37,6, </key>
<key name="temporari"> 70,44, </key>
<key name="temporary"> 66,69, </key>
<key name="ten"> 21, </key>
<key name="term"> 39, </key>
<key name="test"> 37,38,39, </key>
<key name="text"> 37,14,46,47,4,38,39,12,6,55,25,67,34, </key>
<key name="them"> 70,43,72,34,60, </key>
<key name="third"> 34, </key>
<key name="thoroughnes"> 41, </key>
<key name="thos"> 44,45,2,49,51,65, </key>
<key name="though"> 2, </key>
<key name="thre"> 35, </key>
<key name="thread"> 46,47,4,55,25, </key>
<key name="threshold"> 55,60, </key>
<key name="thu"> 23, </key>
<key name="thunderbird"> 34, </key>
<key name="tim"> 70,7,13,15,23,3,21,4,62,0,50,56,72,24,28,57,32,34,69,73, </key>
<key name="timeout"> 13,54,4,55,57, </key>
<key name="timezon"> 25, </key>
<key name="tip"> 19,26, </key>
<key name="tl"> 48,54,55, </key>
<key name="token"> 13,4,57, </key>
<key name="told"> 15, </key>
<key name="too"> 72, </key>
<key name="tool"> 7,2,18,19,3,26,9,40,28,69, </key>
<key name="toolbar"> 7,37,18,19,23,3,38,39,26,6,40,32, </key>
<key name="total"> 71, </key>
<key name="trac"> 9, </key>
<key name="trademark"> 8, </key>
<key name="traffic"> 58, </key>
<key name="train"> 42, </key>
<key name="transaction"> 48,54, </key>
<key name="transf"> 75, </key>
<key name="transfer"> 75, </key>
<key name="trash"> 13,23,4,27, </key>
<key name="tri"> 35, </key>
<key name="troubl"> 26,74, </key>
<key name="troubleshoot"> 72, </key>
<key name="trust"> 48,54, </key>
<key name="try"> 54, </key>
<key name="turn"> 42,73, </key>
<key name="two"> 42,43,0,72, </key>
<key name="typ"> 8,14,44,45,41,18,23,3,21,49,38,39,12,65,55,56,72,52,67,11,34,31,60, </key>
<key name="u"> 35, </key>
<key name="ui"> 13,4,34, </key>
<key name="un"> 58, </key>
<key name="unauthoriz"> 44,45,16,49, </key>
<key name="unavailabl"> 65,33, </key>
<key name="unchang"> 13, </key>
<key name="uncheck"> 1, </key>
<key name="uniqu"> 70, </key>
<key name="unknown"> 48, </key>
<key name="unles"> 23, </key>
<key name="unlimit"> 13,2,19,34,59, </key>
<key name="unprovision"> 69, </key>
<key name="unread"> 42, </key>
<key name="unreadabl"> 70, </key>
<key name="unsolicit"> 42,48, </key>
<key name="up"> 37,41,46,47,36,18,0,51,65,6,50,10,24,32,34,69, </key>
<key name="updat"> 43,2,62,72,10,25,76, </key>
<key name="upgrad"> 10, </key>
<key name="upload"> 48, </key>
<key name="url"> 7,41,35,38,39, </key>
<key name="us"> 7,8,13,37,42,1,15,16,17,71,2,41,35,36,18,23,3,21,4,62,22,38,39,63,65,75,26,6,40,66,56,72,10,24,25,30,28,53,57,32,67,11,34,31,69,59,74,60, </key>
<key name="usa"> 8, </key>
<key name="usag"> 7,71,21,24, </key>
<key name="useful"> 23,51, </key>
<key name="user"> 13,61,42,14,44,16,17,2,41,35,48,54,36,18,23,3,21,4,22,0,49,12,65,26,6,10,24,25,30,27,28,32,67,58,34,69,59,74, </key>
<key name="usernam"> 37,63, </key>
<key name="usual"> 5, </key>
<key name="utiliti"> 9, </key>
<key name="utiliz"> 69, </key>
<key name="vacation"> 34, </key>
<key name="valid"> 13,35,36, </key>
<key name="valu"> 41,18,39,50,5, </key>
<key name="variou"> 7,41,3, </key>
<key name="verifi"> 41,21, </key>
<key name="verification"> 68,69, </key>
<key name="version"> 76, </key>
<key name="via"> 45,55, </key>
<key name="view"> 70,7,13,42,44,16,17,71,2,19,23,3,21,4,49,26,6,56,72,5,25,57,34,73,59,74, </key>
<key name="violat"> 52, </key>
<key name="violator"> 52, </key>
<key name="virtual"> 37,36,40,10, </key>
<key name="viru"> 70,7,43,44,71,49,50,55,56,73, </key>
<key name="virus"> 45,71, </key>
<key name="volum"> 7,71,55,56,60, </key>
<key name="wait"> 25, </key>
<key name="walk"> 37, </key>
<key name="want"> 61,37,14,18,3,21,51,26,52,30,67, </key>
<key name="warn"> 64,69, </key>
<key name="warning"> 64,69, </key>
<key name="way"> 26, </key>
<key name="web"> 14,17,2,48,54,18,3,4,22,6,55,10,25,53,57,34, </key>
<key name="webmail"> 13,53, </key>
<key name="welcom"> 69, </key>
<key name="well"> 8, </key>
<key name="what"> 2,18,3,65,52,5,31,59, </key>
<key name="whenev"> 30, </key>
<key name="wheth"> 7,16,2,41,35,65,55,34,69,60, </key>
<key name="whil"> 70,64,65,72,28,69, </key>
<key name="whos"> 21,26,55,60, </key>
<key name="wid"> 7, </key>
<key name="will"> 13,61,37,44,17,54,18,19,3,22,65,6,66,25,27,67,68,69,59, </key>
<key name="window"> 7,66,25,67,69, </key>
<key name="with"> 35, </key>

</ftswdata>  
