<?xml version='1.0' encoding='windows-1252' ?>
<ftswdata>
<key name="0"> 10,51,62, </key>
<key name="06"> 62, </key>
<key name="1"> 62, </key>
<key name="10"> 41, </key>
<key name="100"> 7,29,33,31, </key>
<key name="1500"> 7, </key>
<key name="2"> 4,30,31,61,62, </key>
<key name="2006"> 7, </key>
<key name="25"> 4,41, </key>
<key name="3"> 62, </key>
<key name="30"> 6,10,40,4,60, </key>
<key name="33"> 34, </key>
<key name="365"> 6,40, </key>
<key name="389"> 29,33,28,30,31, </key>
<key name="4096"> 41,44, </key>
<key name="443"> 58, </key>
<key name="48"> 6,40, </key>
<key name="5"> 4,30,51, </key>
<key name="6"> 10,4,18,51, </key>
<key name="60"> 6,40,41, </key>
<key name="636"> 33,28,30,31, </key>
<key name="64"> 10,4,18, </key>
<key name="7071"> 47, </key>
<key name="75"> 34, </key>
<key name="8"> 30, </key>
<key name="80"> 58, </key>
<key name="94404"> 7, </key>
<key name="ability"> 7,36, </key>
<key name="abl"> 42, </key>
<key name="abov"> 6,41,51,44, </key>
<key name="accept"> 13,38, </key>
<key name="acces"> 10,36,33,28,21,26,27, </key>
<key name="accessibl"> 58, </key>
<key name="accidental"> 21, </key>
<key name="accommodat"> 38, </key>
<key name="account"> 6,10,45,35,1,36,11,12,2,33,28,13,14,3,4,46,17,0,57,49,59,8,37,20,50,5,18,19,58,23,60,21,22,24,61,25,51,52,9,26,53,27,44, </key>
<key name="action"> 10,59,21,61,26,27, </key>
<key name="activ"> 10,29,12,28,30,31,32,20,19,23,61,51, </key>
<key name="active"> 44, </key>
<key name="activity"> 6,10,40,61, </key>
<key name="ad"> 45,29,34,2,14,3,16,4,56,17,32,19,44, </key>
<key name="add"> 6,29,1,14,16,17,30,31,41,51,44, </key>
<key name="addition"> 26, </key>
<key name="additional"> 6,29,28,16,17,30,31,32,41,58,26,44, </key>
<key name="addres"> 6,10,29,35,12,33,28,13,14,16,4,17,0,31,32,41,20,38,19,58,24,51,9,26,53, </key>
<key name="admin"> 10,35,0,47,9, </key>
<key name="administ"> 10, </key>
<key name="administration"> 6,10,11,17,8,32,41,9,53,62, </key>
<key name="administrativ"> 0, </key>
<key name="administrator"> 10,34,13,16,0,47,59,8,50,18,58,25,9,26,53, </key>
<key name="advanc"> 7,10,36,2,13,3,4,18,23,60,61,26, </key>
<key name="advertis"> 41, </key>
<key name="affect"> 36,49, </key>
<key name="ag"> 10,18,60, </key>
<key name="again"> 55,26, </key>
<key name="aggressive"> 34, </key>
<key name="alert"> 35,49,58, </key>
<key name="alia"> 35,33,13,14,20,24, </key>
<key name="alias"> 6,10,13,14,0,20,24, </key>
<key name="allow"> 10,2,26, </key>
<key name="along"> 7,43, </key>
<key name="already"> 55,5,44, </key>
<key name="alternat"> 13, </key>
<key name="although"> 49, </key>
<key name="alway"> 4,19, </key>
<key name="amavis_msg_count"> 40, </key>
<key name="amavisd"> 40, </key>
<key name="amount"> 18, </key>
<key name="anonymou"> 33,28, </key>
<key name="anoth"> 33,14,4,59,20,5, </key>
<key name="anti"> 6,34,35,40,37,41,43, </key>
<key name="antiviru"> 35, </key>
<key name="any"> 10,45,35,36,11,3,16,48,49,59,37,60,21,24,61,53,27,44, </key>
<key name="ap"> 36,37,26, </key>
<key name="appear"> 12,13,51,53,44, </key>
<key name="application"> 2,56,51,26, </key>
<key name="appointment"> 4,26, </key>
<key name="appropriat"> 0,59, </key>
<key name="approximate"> 33, </key>
<key name="archiv"> 35,58, </key>
<key name="area"> 6,3,16,20, </key>
<key name="arrow"> 56, </key>
<key name="ask"> 55,53, </key>
<key name="assign"> 10,45,1,2,13,3,4,20,5,19,58,9,44, </key>
<key name="assist"> 20,27, </key>
<key name="associat"> 1,36,14,3,20,5,21, </key>
<key name="assum"> 28,51, </key>
<key name="attachment"> 10,36,2,13,3,4,37,5,58,21,26, </key>
<key name="attempt"> 28, </key>
<key name="attribut"> 2,33,28,13,3,18,60, </key>
<key name="audit"> 27, </key>
<key name="auth"> 4, </key>
<key name="authenticat"> 47, </key>
<key name="authentication"> 6,10,29,28,30,32,37,41,23, </key>
<key name="auto"> 19, </key>
<key name="automatic"> 4, </key>
<key name="automatical"> 10,34,35,2,3,4,56,0,41,60,21,44, </key>
<key name="availabl"> 1,40,2,33,8,20,9, </key>
<key name="away"> 19, </key>
<key name="back"> 6,16, </key>
<key name="background"> 21, </key>
<key name="bar"> 6,32,21, </key>
<key name="bas"> 33,28,13,30,31,38,25,51,26, </key>
<key name="basi"> 33,30,31,23, </key>
<key name="basic"> 33,19, </key>
<key name="be"> 12,28,55,48,57,49,37,23,60,53, </key>
<key name="becom"> 33,13,31,32,19,21,51,44, </key>
<key name="befor"> 10,45,55,3,49,38,18,60,21,26,53,44, </key>
<key name="begin"> 55,48,49,51,53, </key>
<key name="behav"> 38,19, </key>
<key name="behavior"> 38, </key>
<key name="below"> 10,16,26,53, </key>
<key name="bind"> 29,33,28,30,31,41, </key>
<key name="blank"> 34,16,30, </key>
<key name="blob"> 41,44, </key>
<key name="block"> 35,36,2, </key>
<key name="book"> 6,10,33,16,4,9,26, </key>
<key name="boolean"> 33, </key>
<key name="both"> 6,29,33,31,49,32,5, </key>
<key name="bottom"> 6,16, </key>
<key name="boulevard"> 7, </key>
<key name="box"> 6,45,29,13,16,4,30,31,48,49,41,18,58,23,24,51,53,44, </key>
<key name="br"> 55, </key>
<key name="brows"> 6,56,51, </key>
<key name="build"> 51,26, </key>
<key name="built"> 26, </key>
<key name="bulk"> 13,8, </key>
<key name="busy"> 26, </key>
<key name="button"> 6,10,61, </key>
<key name="byt"> 41,44, </key>
<key name="ca"> 7,8, </key>
<key name="cal"> 13,16, </key>
<key name="calculat"> 60, </key>
<key name="calendar"> 7,2,4,49,20,58,22,26,27, </key>
<key name="cancel"> 48,49,21, </key>
<key name="cannot"> 10,33,28,13,3,16,56,0,48,49,41,20,18,21,51,44, </key>
<key name="capabiliti"> 7, </key>
<key name="car"> 49, </key>
<key name="cas"> 49,5,18,39, </key>
<key name="categori"> 58,26, </key>
<key name="caution"> 48,49,21,39, </key>
<key name="ceil"> 37, </key>
<key name="central"> 6, </key>
<key name="certain"> 49, </key>
<key name="certificat"> 8, </key>
<key name="chang"> 6,7,10,45,29,34,1,36,11,12,40,2,13,14,3,4,17,47,37,41,20,5,18,19,23,22,25,51,26,53,43,44, </key>
<key name="chapt"> 34, </key>
<key name="character"> 10,4, </key>
<key name="check"> 10,45,29,35,40,55,4,30,31,49,37,41,38,18,58,23,21,25,51,42,52,44, </key>
<key name="checkbox"> 49, </key>
<key name="checkmark"> 41, </key>
<key name="choic"> 26, </key>
<key name="choos"> 29,12,50,23,42, </key>
<key name="clam"> 35, </key>
<key name="clamav"> 35,40, </key>
<key name="clas"> 6,45,1,36,2,3,4,20,5,23,9, </key>
<key name="classify"> 26, </key>
<key name="clear"> 41, </key>
<key name="cli"> 8,41, </key>
<key name="click"> 6,10,45,29,1,36,12,55,13,14,3,16,15,46,56,17,30,31,47,48,57,49,59,32,50,58,23,21,22,24,61,25,51,42,52,53,44, </key>
<key name="clickabl"> 10,61, </key>
<key name="client"> 10,36,12,2,13,3,4,38,19,61,26, </key>
<key name="clos"> 12,28,20,21, </key>
<key name="cn"> 33,51,53, </key>
<key name="co"> 6,10,45,1,36,2,13,3,4,37,5,18,19,23,60,61,9,26, </key>
<key name="collaboration"> 7,34,35,28,4,58,9,62,44, </key>
<key name="colleagu"> 26, </key>
<key name="color"> 26, </key>
<key name="column"> 6,1,59, </key>
<key name="com"> 7,33,28,13,16,17,58,51, </key>
<key name="combin"> 33, </key>
<key name="comma"> 16,51, </key>
<key name="command"> 13,8,41,61, </key>
<key name="commit"> 1,14,17,23,25, </key>
<key name="common"> 33,16,20,39,51,53, </key>
<key name="company"> 33,16, </key>
<key name="complet"> 45,33,55,14,16,56,30,31,48,57,59,58,21,24,51,9,53, </key>
<key name="compos"> 4,19,60,39,26, </key>
<key name="compres"> 41,44, </key>
<key name="compression"> 41,44, </key>
<key name="compromis"> 38, </key>
<key name="comput"> 56,53, </key>
<key name="concurrenc"> 49, </key>
<key name="condition"> 26, </key>
<key name="conduct"> 50,53, </key>
<key name="configur"> 6,45,29,34,35,36,2,33,28,55,13,14,4,17,30,31,32,37,20,18,19,60,9,53,44, </key>
<key name="configuration"> 6,10,33,28,13,4,30,31,8,32,41,20,19,26, </key>
<key name="confirm"> 25, </key>
<key name="confus"> 39, </key>
<key name="connect"> 29,47,41,50,58, </key>
<key name="connection"> 28,41,58, </key>
<key name="connector"> 6, </key>
<key name="consid"> 13,3, </key>
<key name="consider"> 34,28, </key>
<key name="consist"> 16, </key>
<key name="consistent"> 49, </key>
<key name="consol"> 6,10,11,17,8,32,9,53,62, </key>
<key name="consolidat"> 40, </key>
<key name="constraint"> 2,3,5, </key>
<key name="construct"> 33,51, </key>
<key name="contact"> 7,10,55,13,4,49,59,20,19,58,22,25,9,26,53, </key>
<key name="contain"> 40,3,16,8,20,58,23,51,26, </key>
<key name="content"> 6,10,11,12,55,14,3,16,41,20,58,23,21,24,61,25,43,27, </key>
<key name="continu"> 30,49,51, </key>
<key name="control"> 2,16, </key>
<key name="conversation"> 7,4,19,26, </key>
<key name="convert"> 58,53, </key>
<key name="copy"> 17, </key>
<key name="copyright"> 7, </key>
<key name="corporat"> 33, </key>
<key name="correct"> 31, </key>
<key name="corrupt"> 21, </key>

</ftswdata>  
