<?xml version='1.0' encoding='windows-1252' ?>
<ftswdata>
<key name="0"> 11,55, </key>
<key name="00"> 47, </key>
<key name="06"> 72, </key>
<key name="0mb"> 47, </key>
<key name="1"> 72, </key>
<key name="10"> 44,57, </key>
<key name="100"> 8,30,34,32, </key>
<key name="10000"> 39, </key>
<key name="1500"> 8, </key>
<key name="2"> 11,4,31,32,70, </key>
<key name="2006"> 8, </key>
<key name="23"> 72, </key>
<key name="25"> 39,43,4,44, </key>
<key name="3"> 72, </key>
<key name="30"> 7,11,58,4,45,69, </key>
<key name="33"> 35, </key>
<key name="365"> 7,58,45, </key>
<key name="389"> 30,34,29,31,32, </key>
<key name="4096"> 44,48, </key>
<key name="443"> 67, </key>
<key name="48"> 7,58,45, </key>
<key name="5"> 4,31,21,55, </key>
<key name="6"> 11,4,20,55, </key>
<key name="60"> 7,58,44,45, </key>
<key name="636"> 34,29,31,32, </key>
<key name="64"> 11,4,20, </key>
<key name="7071"> 51, </key>
<key name="75"> 35, </key>
<key name="8"> 31, </key>
<key name="80"> 67, </key>
<key name="94404"> 8, </key>
<key name="ability"> 8,37, </key>
<key name="abl"> 46, </key>
<key name="abov"> 7,44,55,48, </key>
<key name="accept"> 15,6,22,41, </key>
<key name="acces"> 37,34,29,22,23,28,62, </key>
<key name="accessibl"> 67, </key>
<key name="accidental"> 23, </key>
<key name="accommodat"> 41, </key>
<key name="accord"> 6, </key>
<key name="account"> 7,11,49,35,36,1,37,38,12,13,14,2,34,29,15,16,6,3,4,50,19,0,66,53,68,22,9,40,54,45,5,20,21,67,25,69,23,24,26,70,27,55,71,56,10,28,57,47,62,48, </key>
<key name="action"> 11,68,23,70,28,62, </key>
<key name="activ"> 11,30,13,29,31,32,22,33,45,60,20,21,25,70,55, </key>
<key name="active"> 48, </key>
<key name="activity"> 7,11,58,45,70, </key>
<key name="ad"> 49,30,35,2,16,6,3,18,4,65,19,33,21,48, </key>
<key name="add"> 7,30,1,16,6,18,19,31,32,44,55,48, </key>
<key name="addition"> 6,28, </key>
<key name="additional"> 7,30,29,18,19,31,32,33,44,67,28,48, </key>
<key name="addres"> 7,11,30,35,36,13,34,29,39,15,16,6,18,4,19,0,32,22,33,44,45,41,21,67,26,55,10,28,57, </key>
<key name="admin"> 36,0,51,10, </key>
<key name="administration"> 7,12,39,43,19,9,33,44,45,10,57,72, </key>
<key name="administrativ"> 0, </key>
<key name="administrator"> 35,15,6,18,0,51,68,9,54,60,20,67,27,10,28,57, </key>
<key name="advanc"> 8,11,37,14,2,15,3,4,20,25,69,70,28, </key>
<key name="advertis"> 44, </key>
<key name="affect"> 37,53, </key>
<key name="ag"> 11,20,69, </key>
<key name="again"> 11,64,70,28, </key>
<key name="aggressive"> 35, </key>
<key name="alert"> 36,53,67, </key>
<key name="alia"> 36,34,15,16,22,26, </key>
<key name="alias"> 7,15,16,0,22,26, </key>
<key name="allocat"> 45,47, </key>
<key name="allow"> 2,39,43,28, </key>
<key name="along"> 8,45,61, </key>
<key name="already"> 64,6,5,48, </key>
<key name="alternat"> 15, </key>
<key name="although"> 53, </key>
<key name="alway"> 4,21, </key>
<key name="amavis_msg_count"> 58, </key>
<key name="amavisd"> 58, </key>
<key name="amount"> 14,20, </key>
<key name="anonymou"> 34,29, </key>
<key name="anoth"> 34,16,4,68,22,60,5, </key>
<key name="anti"> 7,35,36,58,40,44,45,60,61, </key>
<key name="antiviru"> 36, </key>
<key name="any"> 11,49,36,37,12,6,3,18,52,53,68,40,60,69,23,26,70,57,62,48, </key>
<key name="ap"> 37,14,40,28,47, </key>
<key name="appear"> 13,15,6,55,71,57,48, </key>
<key name="applicabl"> 20, </key>
<key name="application"> 2,65,55,28, </key>
<key name="appointment"> 14,6,4,21,28,47, </key>
<key name="appropriat"> 0,68, </key>
<key name="approximate"> 34, </key>
<key name="archiv"> 36,67, </key>
<key name="area"> 7,3,18,22, </key>
<key name="arrow"> 65, </key>
<key name="ask"> 64,57, </key>
<key name="assign"> 11,49,1,14,2,15,3,4,22,5,21,67,10,48, </key>
<key name="assist"> 22,62, </key>
<key name="associat"> 1,37,14,16,3,22,5,23, </key>
<key name="assum"> 29,55, </key>
<key name="attach"> 38,6, </key>
<key name="attachment"> 11,37,38,14,2,39,15,3,4,40,5,67,23,28,57,47, </key>
<key name="attempt"> 29,60, </key>
<key name="attribut"> 2,34,29,15,3,20,69, </key>
<key name="audit"> 62, </key>
<key name="auth"> 11,39,43,4,70, </key>
<key name="authenticat"> 39,43,51, </key>
<key name="authentication"> 7,11,30,12,29,39,43,31,33,40,44,20,25,27, </key>
<key name="auto"> 6,21, </key>
<key name="automat"> 35, </key>
<key name="automatic"> 4, </key>
<key name="automatical"> 11,35,36,14,2,6,3,4,65,0,22,44,69,23,70,47,48, </key>
<key name="availabl"> 1,58,2,34,6,9,45,10, </key>
<key name="avoid"> 39,43, </key>
<key name="away"> 21, </key>
<key name="back"> 7,18,60, </key>
<key name="background"> 23, </key>
<key name="bar"> 7,33,23, </key>
<key name="bas"> 34,29,15,31,32,41,27,55,28, </key>
<key name="basi"> 34,6,31,32,25, </key>
<key name="basic"> 34,21, </key>
<key name="be"> 13,29,64,52,66,53,40,60,25,69,57, </key>
<key name="becom"> 34,15,32,33,21,23,55,48, </key>
<key name="befor"> 11,49,64,3,53,60,41,20,21,69,23,28,57,48, </key>
<key name="begin"> 64,52,53,55,57, </key>
<key name="behav"> 41,21, </key>
<key name="behavior"> 41, </key>
<key name="below"> 11,14,18,28,57,47, </key>
<key name="bind"> 30,34,29,31,32,44, </key>
<key name="blank"> 35,18,31, </key>
<key name="blob"> 44,48, </key>
<key name="block"> 36,37,2, </key>
<key name="book"> 7,11,34,18,4,10,28, </key>
<key name="boolean"> 34, </key>
<key name="both"> 7,30,34,32,53,33,5,70, </key>
<key name="bottom"> 7,18, </key>
<key name="boulevard"> 8, </key>
<key name="bounc"> 38,60, </key>
<key name="box"> 7,49,30,15,18,4,31,32,52,53,44,20,67,25,26,55,57,48, </key>
<key name="br"> 64, </key>
<key name="brows"> 7,11,65,70,55, </key>
<key name="build"> 6,55,28, </key>
<key name="built"> 28, </key>
<key name="bulk"> 15,9, </key>
<key name="busy"> 6,28, </key>
<key name="button"> 7,11,70, </key>
<key name="byt"> 44,48, </key>
<key name="ca"> 8,9, </key>
<key name="cal"> 15,18, </key>
<key name="calculat"> 69, </key>
<key name="calendar"> 8,14,2,6,4,53,22,21,67,24,28,47,62, </key>
<key name="cancel"> 52,53,23, </key>
<key name="cannot"> 11,34,29,39,43,15,3,18,65,0,52,53,22,44,60,20,23,55,48, </key>
<key name="capabiliti"> 8, </key>
<key name="capacity"> 6, </key>
<key name="car"> 53, </key>
<key name="cas"> 6,53,5,20,42, </key>
<key name="categori"> 67,28, </key>
<key name="caution"> 52,53,23,42, </key>
<key name="ceil"> 40, </key>
<key name="central"> 7, </key>
<key name="certain"> 53, </key>
<key name="certificat"> 9, </key>
<key name="chang"> 7,8,11,49,30,35,1,37,12,13,14,58,2,39,43,15,16,6,3,4,19,51,22,40,44,45,5,20,21,25,24,27,55,71,28,57,61,47,48, </key>
<key name="chapt"> 35, </key>
<key name="character"> 11,4, </key>
<key name="check"> 11,49,30,36,58,64,39,43,6,4,31,32,53,40,44,41,20,21,67,25,23,70,27,55,46,56,47,48, </key>
<key name="checkbox"> 53, </key>
<key name="checkmark"> 44, </key>
<key name="choic"> 28, </key>
<key name="choos"> 30,13,54,25,46,71, </key>
<key name="city"> 6, </key>
<key name="clam"> 36, </key>
<key name="clamav"> 36,58, </key>
<key name="clas"> 7,49,1,37,2,6,3,4,22,5,25,10, </key>
<key name="classify"> 28, </key>
<key name="clear"> 39,43,44, </key>
<key name="cli"> 9,44, </key>
<key name="click"> 7,11,49,30,1,37,13,14,64,15,16,6,3,18,17,50,65,19,31,32,51,52,66,53,68,33,54,21,67,25,23,24,26,70,27,55,46,71,56,57,47,48, </key>
<key name="clickabl"> 11,70, </key>
<key name="client"> 11,37,13,14,2,39,43,15,3,4,41,21,70,28, </key>
<key name="clos"> 13,29,22,23, </key>
<key name="cn"> 34,55,57, </key>
<key name="co"> 7,11,49,1,37,14,2,15,6,3,4,40,5,20,21,25,69,70,10,28,47, </key>
<key name="collaboration"> 8,35,36,29,4,67,10,72,48, </key>
<key name="colleagu"> 28, </key>
<key name="color"> 28, </key>
<key name="column"> 7,1,68,47, </key>
<key name="com"> 8,34,29,15,18,19,67,55, </key>
<key name="combin"> 34, </key>
<key name="comma"> 18,55, </key>
<key name="command"> 15,9,44,70, </key>
<key name="commercial"> 39, </key>
<key name="commit"> 1,16,19,25,27, </key>
<key name="common"> 38,34,18,22,42,55,57, </key>
<key name="company"> 34,18, </key>
<key name="complet"> 49,34,64,16,18,65,31,32,52,66,68,67,23,26,55,10,57, </key>
<key name="compos"> 4,21,69,42,28, </key>
<key name="compres"> 44,48, </key>
<key name="compression"> 44,48, </key>
<key name="compromis"> 41, </key>
<key name="comput"> 38,65,57, </key>
<key name="computer"> 70, </key>
<key name="concurrenc"> 53, </key>
<key name="condition"> 28, </key>
<key name="conduct"> 54,57, </key>
<key name="configur"> 7,49,30,35,36,37,38,2,34,29,64,39,43,15,16,6,4,19,31,32,22,33,40,45,20,21,69,70,10,57,47,48, </key>
<key name="configuration"> 7,11,34,29,15,4,31,32,22,9,33,44,21,28, </key>
<key name="confirm"> 27, </key>
<key name="confus"> 42, </key>
<key name="connect"> 30,39,43,51,44,54,67, </key>

</ftswdata>  
