<?xml version='1.0' encoding='windows-1252' ?>
<ftswdata>
<key name="0"> 7,17,10,85,72,75, </key>
<key name="00"> 63, </key>
<key name="0mb"> 63, </key>
<key name="1"> 17,47,92, </key>
<key name="10"> 17,59,29,85,74,75, </key>
<key name="100"> 41,45,43,29, </key>
<key name="10000"> 52, </key>
<key name="110"> 51,55, </key>
<key name="143"> 50,55, </key>
<key name="2"> 17,42,43,61, </key>
<key name="20"> 51, </key>
<key name="200"> 50, </key>
<key name="2005"> 92, </key>
<key name="2007"> 92, </key>
<key name="24"> 47, </key>
<key name="25"> 52,58,59,29, </key>
<key name="30"> 11,17,77,60,31, </key>
<key name="33"> 46, </key>
<key name="365"> 11,77,60, </key>
<key name="389"> 41,45,38,42,43, </key>
<key name="4"> 7,10,60,14,92, </key>
<key name="4096"> 59,64, </key>
<key name="48"> 11,77,60, </key>
<key name="5"> 42,14,29,72,92, </key>
<key name="50"> 29, </key>
<key name="6"> 17,84,72,75, </key>
<key name="60"> 11,77,4,59,60, </key>
<key name="636"> 45,38,42,43, </key>
<key name="64"> 17,84, </key>
<key name="7071"> 68,16, </key>
<key name="7110"> 51,55, </key>
<key name="7143"> 50,55, </key>
<key name="75"> 46, </key>
<key name="7993"> 50,55, </key>
<key name="7995"> 51,55, </key>
<key name="8"> 42, </key>
<key name="9"> 17,92, </key>
<key name="993"> 50,55, </key>
<key name="995"> 51,55, </key>
<key name="ability"> 12,45, </key>
<key name="abl"> 90,91,62, </key>
<key name="abov"> 11,59,72,64, </key>
<key name="accept"> 28,30,56, </key>
<key name="acces"> 41,8,9,45,38,10,90,95,0,91,30,44,93,14,32,96,97,37,81, </key>
<key name="accidental"> 30,32, </key>
<key name="accommodat"> 56, </key>
<key name="accord"> 48,28,53,85, </key>
<key name="account"> 11,7,17,66,41,8,18,94,19,46,47,3,39,48,49,82,9,20,83,21,77,4,45,38,22,23,28,5,10,89,78,90,67,95,26,27,2,53,55,70,91,30,13,44,54,93,71,60,14,6,84,29,34,31,32,33,61,85,87,86,72,36,73,15,37,35,74,75,63,81,64, </key>
<key name="acros"> 55, </key>
<key name="action"> 17,5,32,61,37,81, </key>
<key name="activ"> 76,11,17,41,19,20,83,38,22,28,78,42,43,30,44,60,79,84,34,61,85,72, </key>
<key name="active"> 64, </key>
<key name="activity"> 11,17,77,60,61, </key>
<key name="ad"> 66,41,8,18,94,46,39,4,45,22,23,28,5,25,26,44,14,29,64, </key>
<key name="adautocomplet"> 45, </key>
<key name="add"> 11,7,41,8,18,3,48,49,52,40,22,23,28,25,10,26,0,27,53,42,43,30,54,59,93,14,72,64, </key>
<key name="addition"> 28,89,79,86,37, </key>
<key name="additional"> 11,7,41,18,38,25,42,43,44,59,93,37,64, </key>
<key name="addres"> 11,12,17,41,8,18,19,46,47,39,20,45,38,51,52,40,22,23,28,25,10,26,27,2,43,70,30,59,93,60,79,56,14,29,72,37,35,74,75, </key>
<key name="admin"> 11,47,82,0,2,68,16,13,1,15,75, </key>
<key name="administration"> 11,7,8,9,52,58,40,0,68,16,65,13,44,59,93,60,14,97,15,74,75,92, </key>
<key name="administrativ"> 2,75, </key>
<key name="administrator"> 76,17,46,22,28,25,78,2,68,16,13,93,71,60,79,84,85,87,15,37,74, </key>
<key name="adminstrator"> 14, </key>
<key name="advanc"> 11,12,17,19,21,4,22,5,10,26,14,34,31,61,85,37, </key>
<key name="advertis"> 51,59, </key>
<key name="affect"> 70, </key>
<key name="ag"> 17,84,31, </key>
<key name="again"> 17,61,37, </key>
<key name="aggregat"> 77, </key>
<key name="aggressive"> 46, </key>
<key name="alert"> 47,70, </key>
<key name="alia"> 47,45,22,23,26,30,35, </key>
<key name="alias"> 11,19,22,23,26,2,30,35, </key>
<key name="allocat"> 60,63, </key>
<key name="allow"> 17,8,19,83,50,51,52,58,40,10,27,55,14,29,85,37,35, </key>
<key name="along"> 12,77,60,80, </key>
<key name="alphanumeric"> 17,84, </key>
<key name="already"> 28,27,93,6,64, </key>
<key name="alternat"> 22, </key>
<key name="although"> 70, </key>
<key name="alway"> 28,27,14,29, </key>
<key name="amavisd"> 77, </key>
<key name="amount"> 17,21, </key>
<key name="anonymou"> 45,38, </key>
<key name="anoth"> 76,4,45,22,23,30,6, </key>
<key name="anti"> 76,11,46,47,77,54,59,60,80, </key>
<key name="antiviru"> 47, </key>
<key name="any"> 76,7,17,66,18,47,48,28,5,25,10,90,26,0,55,69,70,91,54,93,79,84,29,31,32,61,35,74,75,81,64, </key>
<key name="anytim"> 20, </key>
<key name="ap"> 21,54,37,63, </key>
<key name="appear"> 20,22,28,27,72,36,37,74,75,64, </key>
<key name="appearanc"> 89,90,91, </key>
<key name="appli"> 37, </key>
<key name="applicabl"> 84, </key>
<key name="application"> 7,10,93,72,37, </key>
<key name="appointment"> 21,28,70,29,37,63, </key>
<key name="appropriat"> 2, </key>
<key name="approximate"> 45, </key>
<key name="arbitrari"> 52, </key>
<key name="architectur"> 77, </key>
<key name="archiv"> 47, </key>
<key name="area"> 11,18,5,25,30, </key>
<key name="arrow"> 35, </key>
<key name="ask"> 1,96,74,75, </key>
<key name="assign"> 17,66,3,21,4,22,5,30,44,6,15,64, </key>
<key name="assist"> 30,81, </key>
<key name="associat"> 3,21,23,5,30,6,32,1,96, </key>
<key name="assum"> 38,72, </key>
<key name="asterisk"> 22, </key>
<key name="attach"> 48,49,28,53, </key>
<key name="attachment"> 17,48,49,21,4,52,22,5,26,53,54,6,32,15,37,74,75,63, </key>
<key name="attempt"> 76,17,20,83,38,79,14,85, </key>
<key name="attende"> 28, </key>
<key name="attribut"> 19,4,45,38,22,5,84,31, </key>
<key name="audit"> 81, </key>
<key name="auth"> 17,52,58,61, </key>
<key name="authenticat"> 17,52,58,68,16,65, </key>
<key name="authentication"> 11,17,41,82,38,52,58,40,42,44,54,59,14,84,34,87,86, </key>
<key name="author"> 12, </key>
<key name="auto"> 3,22,28, </key>
<key name="autocomplet"> 39,45,29,37, </key>
<key name="automat"> 46, </key>
<key name="automatic"> 29, </key>
<key name="automatical"> 7,17,66,94,19,46,47,20,21,4,22,28,5,78,26,2,30,59,60,31,32,61,85,97,37,63,64, </key>
<key name="av"> 54, </key>
<key name="availabl"> 7,18,94,3,77,4,45,50,51,22,28,5,10,89,90,95,26,91,13,93,60,14,97,15,37, </key>
<key name="averag"> 78, </key>
<key name="avoid"> 52,58, </key>
<key name="back"> 76,11,18,25, </key>
<key name="background"> 89,32,37, </key>
<key name="bar"> 11,19,77,32, </key>
<key name="bas"> 17,45,38,22,10,42,43,56,87,72,37, </key>
<key name="basi"> 45,28,42,43,55,34, </key>
<key name="basic"> 19,45,29, </key>
<key name="be"> 76,20,77,38,69,70,54,34,31,74,75, </key>
<key name="becom"> 45,22,43,30,44,29,32,97,72,75,64, </key>
<key name="befor"> 76,17,66,19,77,5,70,56,14,84,29,31,32,85,37,74,75,64, </key>
<key name="begin"> 69,70,72,74,75, </key>
<key name="behav"> 26,56,29, </key>
<key name="behavior"> 56, </key>
<key name="below"> 17,18,21,25,93,37,74,75,63, </key>
<key name="bind"> 41,45,38,42,43,59, </key>
<key name="blank"> 18,46,25,42, </key>
<key name="blob"> 59,64, </key>
<key name="block"> 47,48,4,54, </key>
<key name="book"> 11,12,17,18,39,45,25,93,14,37,75, </key>
<key name="boolean"> 45, </key>
<key name="both"> 11,41,45,43,70,44,6,61, </key>
<key name="bottom"> 11,18,25, </key>
<key name="bounc"> 76,48,49,78,53, </key>
<key name="box"> 11,17,66,41,8,18,94,40,22,25,90,42,43,69,70,91,59,84,34,1,96,97,72,35,74,75,64, </key>
<key name="brows"> 11,17,0,61,97,72, </key>
<key name="build"> 19,28,72,37, </key>
<key name="built"> 37, </key>
<key name="bulk"> 22,13, </key>
<key name="busy"> 28,37, </key>
<key name="button"> 11,17,90,91,79,61, </key>
<key name="byt"> 77,59,64, </key>
<key name="ca"> 13, </key>
<key name="cach"> 39,79, </key>
<key name="cal"> 22, </key>
<key name="calculat"> 31, </key>
<key name="calendar"> 12,21,28,25,70,30,93,29,33,15,37,74,75,63,81, </key>
<key name="call"> 93, </key>
<key name="cancel"> 69,70,32, </key>
<key name="cannot"> 76,17,48,9,45,38,52,58,22,5,25,2,55,69,70,30,59,14,84,32,72,64, </key>
<key name="canonical"> 22,14, </key>
<key name="capabiliti"> 12,14, </key>
<key name="capacity"> 28, </key>
<key name="car"> 70, </key>
<key name="cas"> 17,28,70,6,84,57, </key>
<key name="categori"> 37, </key>
<key name="caution"> 69,70,32,57, </key>
<key name="ceil"> 54, </key>
<key name="central"> 11,37, </key>
<key name="certain"> 70, </key>
<key name="certificat"> 13, </key>
<key name="chang"> 11,7,17,66,41,94,46,3,48,82,9,20,83,21,77,4,52,58,40,22,23,28,5,10,89,90,95,26,55,68,16,91,30,54,59,93,60,14,6,84,29,34,33,85,87,72,36,37,74,75,80,63,64, </key>
<key name="chapt"> 46,93,60, </key>
<key name="character"> 17,84, </key>
<key name="check"> 17,66,41,8,94,47,9,77,52,58,22,28,25,90,42,43,70,65,91,54,59,56,84,29,34,32,61,85,87,97,72,62,73,37,63,64, </key>
<key name="checkbox"> 25,70, </key>
<key name="checkmark"> 90,91,59, </key>
<key name="choic"> 37, </key>
<key name="choos"> 41,20,71,34,62,36, </key>
<key name="chosen"> 3, </key>
<key name="cisco"> 93, </key>
<key name="city"> 28, </key>
<key name="clam"> 47, </key>
<key name="clamav"> 47, </key>
<key name="clas"> 11,7,66,41,94,3,48,4,22,28,5,89,90,26,53,91,30,44,6,34,15, </key>
<key name="classify"> 37, </key>

</ftswdata>  
