<?xml version='1.0' encoding='windows-1252' ?>
<ftswdata>
<key name="cos"> 3, </key>
<key name="could"> 12,16,24, </key>
<key name="count"> 6,40, </key>
<key name="creat"> 6,45,29,35,1,2,55,13,14,3,16,4,46,17,0,30,31,8,32,20,50,18,58,23,25,51,52,9,26,53,44, </key>
<key name="criteria"> 26, </key>
<key name="current"> 6,49,41,44, </key>
<key name="dat"> 55,49,60,26,53, </key>
<key name="data"> 6,40,56,57,49,41,58,43,44, </key>
<key name="databas"> 51, </key>
<key name="day"> 6,10,40,4,18,60,61, </key>
<key name="dc"> 33,28, </key>
<key name="decid"> 53, </key>
<key name="default"> 6,10,29,35,11,2,33,28,13,3,4,56,31,37,41,38,18,19,60,61,26,44, </key>
<key name="defin"> 6,7,35,2,33,28,3,37,41,20,9,26,53,44, </key>
<key name="delegat"> 7,10, </key>
<key name="delet"> 6,12,55,14,3,16,15,49,41,20,60,21,53,44, </key>
<key name="deliver"> 10,34,35,12,42,44, </key>
<key name="delivery"> 36,54,41,39,24, </key>
<key name="deni"> 2,3, </key>
<key name="department"> 33, </key>
<key name="depend"> 40,21, </key>
<key name="deposit"> 21, </key>
<key name="describ"> 29,16,30,31, </key>
<key name="description"> 6,10,29,2,3,16,59,32,41, </key>
<key name="deselect"> 3, </key>
<key name="designat"> 13,39, </key>
<key name="desir"> 36,12, </key>
<key name="desk"> 6, </key>
<key name="destination"> 46,47,59,58,51,52,53, </key>
<key name="detail"> 6,29,30,31,59,41,20,9,26, </key>
<key name="determin"> 34,12,2,33,3,49,5,61,53, </key>
<key name="dialog"> 55,13,14,4,46,47,57,49,59,58,21,25,51,52,53, </key>
<key name="different"> 1,3,41,5,39,51,9,26, </key>
<key name="direct"> 30,31, </key>
<key name="directory"> 10,29,33,28,13,56,30,31,32,18,23,25,51,53,44, </key>
<key name="disabl"> 6,10,34,36,12,3,16,4,37,5, </key>
<key name="disapprov"> 38, </key>
<key name="discard"> 49, </key>
<key name="disk"> 6,10,13, </key>
<key name="display"> 6,29,40,2,55,13,14,16,4,0,30,31,48,57,49,59,41,20,5,19,21,22,24,51,52,26,53,43,44, </key>
<key name="distinguish"> 51, </key>
<key name="distribution"> 6,10,33,16,15,49,20,24,9, </key>
<key name="dn"> 33,28,30,31,37,41,38,51, </key>
<key name="do"> 38,21, </key>
<key name="document"> 7, </key>
<key name="documentation"> 6,50, </key>
<key name="domain"> 6,10,29,36,2,33,28,14,3,46,30,31,32,37,20,50,38,58,23,24,51,9,26,53, </key>
<key name="don"> 20, </key>
<key name="doubl"> 14,17,25, </key>
<key name="down"> 33,14,56, </key>
<key name="download"> 6,9,53, </key>
<key name="downtim"> 49, </key>
<key name="drop"> 14,56, </key>
<key name="du"> 36, </key>
<key name="duplicat"> 55,49, </key>
<key name="e"> 13,51, </key>
<key name="earli"> 49, </key>
<key name="easy"> 26, </key>
<key name="edit"> 6,36,12,14,3,17,0,30,31,32,41,20,23,21,22,25, </key>
<key name="effect"> 12,41, </key>
<key name="eith"> 6,10,29,36,33,16,30,31,41,19,23,60,61,51,26,53,44, </key>
<key name="elaps"> 10, </key>
<key name="elsewher"> 37, </key>
<key name="email"> 6,10,45,34,36,33,55,13,0,49,20,5,58,60,39,24,51,42,9,26,53, </key>
<key name="employe"> 2,33, </key>
<key name="empty"> 44, </key>
<key name="enabl"> 6,10,34,35,11,2,13,16,4,37,41,38,5,18,19,23,26, </key>
<key name="encrypt"> 35,18,25, </key>
<key name="end"> 2,3,4,19,9, </key>
<key name="enforc"> 10,18,23, </key>
<key name="enough"> 36, </key>
<key name="ensur"> 28,49,18, </key>
<key name="ent"> 29,33,28,13,14,3,16,17,30,31,47,49,20,58,24,25,51,53,44, </key>
<key name="enter"> 29,34,33,28,30,31,18,58,24, </key>
<key name="entri"> 10,33,20,58,51,27, </key>
<key name="entry"> 33,28, </key>
<key name="environment"> 6,1, </key>
<key name="equal"> 33, </key>
<key name="error"> 28,48,57,59,53, </key>
<key name="etc"> 33,22, </key>
<key name="even"> 2, </key>
<key name="every"> 35, </key>
<key name="everyon"> 16,20, </key>
<key name="ex"> 53, </key>
<key name="exampl"> 2,33,28,13,16,24,51, </key>
<key name="except"> 60, </key>
<key name="exception"> 5, </key>
<key name="exchang"> 6,45,49,50,51,9,53, </key>
<key name="execut"> 8, </key>
<key name="executabl"> 6,53, </key>
<key name="executiv"> 2, </key>
<key name="exhibit"> 38, </key>
<key name="exist"> 12,2,33,14,17,30,21,51,52,53,44, </key>
<key name="expand"> 40, </key>
<key name="experienc"> 36, </key>
<key name="expir"> 18, </key>
<key name="explicit"> 2,33,31,37, </key>
<key name="expression"> 30,31, </key>
<key name="extension"> 36,37, </key>
<key name="external"> 7,10,29,33,28,30,31,32,41,39, </key>
<key name="fail"> 29,30,31, </key>
<key name="far"> 6, </key>
<key name="fashion"> 7,18, </key>
<key name="featur"> 7,10,2,33,13,3,4,56,20,5,60,24,9,26,27, </key>
<key name="field"> 34,16,56,30,31,49,41,19,23,44, </key>
<key name="fil"> 6,35,36,55,56,48,57,49,59,41,58,21,53,27,44, </key>
<key name="filenam"> 56, </key>
<key name="filt"> 34,35,33,28,30,31,49,51, </key>
<key name="filter"> 7,34,33,39,26, </key>
<key name="final"> 54, </key>
<key name="find"> 16,56,21,24, </key>
<key name="finish"> 29,13,30,31, </key>
<key name="first"> 10,33,0,18,19,21,24,51,26,53, </key>
<key name="flag"> 26, </key>
<key name="flander"> 51, </key>
<key name="fold"> 10,34,55,56,49,19,58,60,61,26,53, </key>
<key name="folder"> 7,4,49,20,60,21,22,51,26,53,27, </key>
<key name="follow"> 6,34,36,12,2,33,28,4,47,8,37,41,20,38,19,58,51,53,44, </key>
<key name="font"> 26, </key>
<key name="forc"> 10,11,23,25, </key>
<key name="forget"> 18,25, </key>
<key name="forgotten"> 20, </key>
<key name="format"> 40,19, </key>
<key name="forum"> 6, </key>
<key name="forward"> 6,13,16,17,0,20,19, </key>
<key name="fre"> 41,26, </key>
<key name="frequency"> 35, </key>
<key name="ful"> 38, </key>
<key name="full"> 7,10,50,53,44, </key>
<key name="function"> 6, </key>
<key name="gal"> 6,29,33,31,32,37,26, </key>
<key name="gb"> 40, </key>
<key name="general"> 36,12,2,3,32,37,41,20,22,25, </key>
<key name="generat"> 0, </key>
<key name="giv"> 55,58, </key>
<key name="given"> 33, </key>
<key name="global"> 6,10,29,34,35,36,2,33,3,0,31,8,32,37,41,5,39,9,26, </key>
<key name="gn"> 33, </key>
<key name="go"> 6,36,30,31,52,53,44, </key>
<key name="good"> 25, </key>
<key name="grant"> 33,28, </key>
<key name="graph"> 40, </key>
<key name="graphical"> 40, </key>
<key name="greet"> 38, </key>
<key name="group"> 2,16,4,20,50,19,51,26,53, </key>
<key name="guid"> 34,13,8,32,41,9, </key>
<key name="hack"> 12, </key>
<key name="handl"> 34, </key>
<key name="happen"> 49, </key>
<key name="hav"> 33,20,27, </key>
<key name="head"> 20, </key>
<key name="help"> 6,59,51,62, </key>
<key name="her"> 6,18, </key>
<key name="hierarchy"> 58,53, </key>
<key name="high"> 7, </key>
<key name="highlight"> 14,17,41,5,25, </key>
<key name="history"> 10,18, </key>
<key name="holidaycommitte"> 16, </key>
<key name="host"> 6,1,36,2,33,28,13,47,41,58,39,53, </key>
<key name="hostnam"> 41,38,58, </key>
<key name="hour"> 6,35,40,61, </key>
<key name="hov"> 14,20, </key>
<key name="how"> 10,34,36,13,3,30,31,19,60,61,26,53, </key>
<key name="html"> 4,19,26, </key>
<key name="i"> 13,51, </key>
<key name="icon"> 53, </key>
<key name="id"> 20,22,24, </key>
<key name="identifi"> 29,32,41, </key>
<key name="identify"> 34,28,16,50,38,51, </key>
<key name="idl"> 4, </key>
<key name="if"> 10,45,29,35,36,11,12,40,2,33,28,55,13,16,4,46,56,0,30,31,48,49,59,37,41,20,38,5,18,58,23,21,39,22,24,61,25,51,26,53, </key>
<key name="ignor"> 55,49, </key>
<key name="ill"> 38, </key>
<key name="imap"> 6,2,13,4,37,41,9,26, </key>
<key name="immediate"> 6,12,42, </key>
<key name="implement"> 38, </key>
<key name="import"> 6,55,46,56,47,48,57,49,59,50,58,51,9,53, </key>
<key name="important"> 35,2,13,49,41,50,38,5,39,53, </key>
<key name="inaccessibl"> 20, </key>
<key name="inbound"> 6,40, </key>
<key name="inbox"> 4,19,58,60, </key>
<key name="inc"> 7, </key>
<key name="includ"> 6,7,10,2,3,16,32,41,20,61,51,43,27, </key>
<key name="incom"> 38,60, </key>
<key name="increas"> 49, </key>
<key name="index"> 4,41,21,44, </key>
<key name="index1"> 41,44, </key>
<key name="individual"> 36,12,2,16,8,20,5,23,60,51,53, </key>
<key name="inform"> 49, </key>
<key name="information"> 7,45,29,12,2,33,28,13,3,30,31,47,59,8,41,20,58,22,25,51,9,53,44, </key>
<key name="inherit"> 10, </key>
<key name="initial"> 13,4,0,41,18,19,25,26,44, </key>
<key name="input"> 33, </key>
<key name="instal"> 6,34,35,40,2,4,41,53,43,44, </key>
<key name="install"> 0,8, </key>
<key name="installation"> 29,35,32,37,41, </key>
<key name="instead"> 45,51,53, </key>
<key name="instruct"> 58,39, </key>
<key name="interfac"> 12,8,26, </key>
<key name="internal"> 29,33,28,30,31,32, </key>
<key name="internet"> 4,19, </key>
<key name="interrupt"> 55,49, </key>
<key name="interval"> 4, </key>
<key name="ip"> 41,38, </key>
<key name="island"> 7, </key>
<key name="isp"> 39, </key>
<key name="issu"> 29,30,31, </key>

</ftswdata>  
