<?xml version='1.0' encoding='windows-1252' ?>
<ftswdata>
<key name="ready"> 16, </key>
<key name="reassign"> 3, </key>
<key name="receiv"> 12,55,13,20,38,19,60,53,44, </key>
<key name="recent"> 45,18, </key>
<key name="recipient"> 34,35,16,20, </key>
<key name="recommend"> 49,50, </key>
<key name="record"> 6,3,41,26, </key>
<key name="redirect"> 14, </key>
<key name="ref"> 34,50,9, </key>
<key name="refer"> 34, </key>
<key name="referenc"> 44, </key>
<key name="reflect"> 6, </key>
<key name="refresh"> 45,46, </key>
<key name="regard"> 41, </key>
<key name="regardles"> 36, </key>
<key name="register"> 41, </key>
<key name="regular"> 23, </key>
<key name="reindex"> 21, </key>
<key name="reject"> 36,2,37, </key>
<key name="relay"> 45,41,39,53, </key>
<key name="releas"> 6, </key>
<key name="reliabl"> 7, </key>
<key name="remain"> 10,60,22,61, </key>
<key name="remov"> 14,17,20,5,51, </key>
<key name="renam"> 22, </key>
<key name="rep"> 0,19, </key>
<key name="replicat"> 53, </key>
<key name="represent"> 33, </key>
<key name="request"> 49,58,26, </key>
<key name="requir"> 10,29,33,28,13,47,32,21,39,26, </key>
<key name="reserv"> 7, </key>
<key name="reset"> 13,41,5,18,25, </key>
<key name="resid"> 60, </key>
<key name="resolv"> 29,30,31, </key>
<key name="respectiv"> 7, </key>
<key name="restart"> 41, </key>
<key name="restrict"> 2,13,3,38, </key>
<key name="restriction"> 2,13,38,18, </key>
<key name="result"> 29,33,28,16,30,31,37,21,24, </key>
<key name="resum"> 36,42, </key>
<key name="retriev"> 18,21, </key>
<key name="return"> 29,28,16,31,21, </key>
<key name="review"> 34,59,51, </key>
<key name="rfc"> 38, </key>
<key name="rich"> 26, </key>
<key name="right"> 6,7,1,16,21,42, </key>
<key name="root"> 0,41,51,44, </key>
<key name="rout"> 33,0,26, </key>
<key name="rul"> 34,36,33,28,49,37,5,58,26, </key>
<key name="run"> 6,33,28,55,47,58,21,26,53,43, </key>
<key name="s"> 6,34,11,12,33,3,56,0,47,8,41,20,38,18,19,21,25,51,9,53,27,44, </key>
<key name="sam"> 55,16,22,24, </key>
<key name="samantha"> 16,24, </key>
<key name="sammy"> 16,24, </key>
<key name="samson"> 16,24, </key>
<key name="samuel"> 16,24, </key>
<key name="san"> 7, </key>
<key name="sav"> 1,36,12,13,14,3,16,17,30,31,19,23,22,25,42,26,53,44, </key>
<key name="scal"> 40, </key>
<key name="schedul"> 49,26, </key>
<key name="schema"> 28, </key>
<key name="scor"> 34, </key>
<key name="scroll"> 16, </key>
<key name="se"> 6,40,13,14,56,31,47,48,8,41,20,5,51,26,43, </key>
<key name="search"> 6,7,29,33,28,14,16,4,56,30,31,37,19,21,24,51,26, </key>
<key name="second"> 61, </key>
<key name="section"> 16, </key>
<key name="secur"> 58, </key>
<key name="security"> 6,9, </key>
<key name="select"> 6,45,29,1,36,12,40,33,28,55,13,14,3,16,15,46,56,30,31,32,41,20,50,23,21,22,25,51,26,53,27,44, </key>
<key name="self"> 8, </key>
<key name="send"> 35,16,20,38,39, </key>
<key name="sender"> 38, </key>
<key name="sent"> 45,36,17,0,19,60, </key>
<key name="separat"> 6,16,51, </key>
<key name="sequenc"> 16,24,53, </key>
<key name="seri"> 13,53, </key>
<key name="serv"> 6,10,45,29,1,36,40,2,33,28,13,3,4,46,30,31,47,57,49,54,8,32,41,20,50,18,58,23,39,25,51,42,52,9,53,43,44, </key>
<key name="server"> 6,1,40,33,3,30,31,49,37,41,42,9,43,44, </key>
<key name="servic"> 6,7,45,1,36,2,33,28,3,4,47,49,8,37,41,20,5,23,42,9,43, </key>
<key name="session"> 10,2,13,3,4,61, </key>
<key name="set"> 6,10,34,36,12,2,33,13,3,0,30,31,49,37,41,38,5,18,23,60,39,61,25,26,53, </key>
<key name="setting"> 6,29,34,35,36,2,33,28,13,4,56,30,31,32,37,5,39,9, </key>
<key name="shar"> 7, </key>
<key name="shift"> 16, </key>
<key name="should"> 10,45,1,28,55,13,16,31,49,39,51,53, </key>
<key name="show"> 40,2,14,4,57,41,20,19,44, </key>
<key name="shown"> 45,53, </key>
<key name="sid"> 49, </key>
<key name="sign"> 2,8, </key>
<key name="signatur"> 4,19, </key>
<key name="simultaneous"> 49,26,53, </key>
<key name="sinc"> 49, </key>
<key name="singl"> 28,50,51,26,53, </key>
<key name="sit"> 36, </key>
<key name="siz"> 10,4,37,41,26,44, </key>
<key name="smith"> 13,51, </key>
<key name="smtp"> 38,39, </key>
<key name="sn"> 33, </key>
<key name="snmp"> 6,41,43, </key>
<key name="so"> 35,33,55,0,38, </key>
<key name="soft"> 12, </key>
<key name="softwar"> 34,35, </key>
<key name="sort"> 7, </key>
<key name="sourc"> 7,51,52,53, </key>
<key name="spac"> 10,13,3,16, </key>
<key name="spam"> 6,10,34,36,40,4,37,41,38,60,43, </key>
<key name="spamassassin"> 34,40, </key>
<key name="specifi"> 10,28,55,14,20,50,53, </key>
<key name="specific"> 6,36,40,2,33,28,14,16,37,20,18,24,51, </key>
<key name="specify"> 3,30,53, </key>
<key name="spell"> 41,43, </key>
<key name="ssl"> 29,33,28,30,31,41, </key>
<key name="standard"> 7,11,4,38,19,51, </key>
<key name="start"> 55,46,47,57,8,21,53, </key>
<key name="statistic"> 6,40,9, </key>
<key name="statu"> 6,45,36,12,41,20,21,52,9,43,44, </key>
<key name="status"> 12, </key>
<key name="stay"> 13, </key>
<key name="step"> 29,13,30,31,32,51, </key>
<key name="still"> 12,21,44, </key>
<key name="stop"> 36,8,21,42, </key>
<key name="stor"> 6,41,18,58,25,51,44, </key>
<key name="storag"> 44, </key>
<key name="str"> 33,19,24, </key>
<key name="styl"> 4,19,26, </key>
<key name="subject"> 7,34,26, </key>
<key name="subscrib"> 7, </key>
<key name="subtre"> 51, </key>
<key name="succeed"> 28, </key>
<key name="successful"> 57, </key>
<key name="sudden"> 36, </key>
<key name="suit"> 7,34,35,28,4,58,9,62,44, </key>
<key name="summary"> 29,30,31, </key>
<key name="suppli"> 28, </key>
<key name="support"> 7, </key>
<key name="surg"> 36, </key>
<key name="surnam"> 33, </key>
<key name="suspect"> 12, </key>
<key name="suspend"> 42, </key>
<key name="symbol"> 13, </key>
<key name="syntax"> 33, </key>
<key name="system"> 6,33,3,0,59,32,41,38,9,44, </key>
<key name="t"> 20, </key>
<key name="tab"> 6,34,35,1,36,12,2,14,3,17,37,41,18,19,23,60,61,25,42,26,43,44, </key>
<key name="tag"> 7,34,40,20,58,26,53,27, </key>
<key name="tak"> 12,59,41,21, </key>
<key name="target"> 52,53, </key>
<key name="task"> 0,49,8,20,58,9, </key>
<key name="templat"> 29, </key>
<key name="temporari"> 36,16, </key>
<key name="temporary"> 50,53, </key>
<key name="ten"> 16, </key>
<key name="term"> 31, </key>
<key name="test"> 29,30,31, </key>
<key name="text"> 29,4,30,31,41,19,51, </key>
<key name="them"> 35,44, </key>
<key name="third"> 26, </key>
<key name="thoroughnes"> 33, </key>
<key name="thos"> 2,49, </key>
<key name="though"> 2, </key>
<key name="thre"> 28, </key>
<key name="thread"> 4,41,19, </key>
<key name="threshold"> 41,44, </key>
<key name="thunderbird"> 26, </key>
<key name="tim"> 6,10,11,3,16,4,46,0,37,18,21,25,26,53,43, </key>
<key name="timeout"> 4,41,61, </key>
<key name="tip"> 14,20, </key>
<key name="tl"> 41, </key>
<key name="token"> 10,4, </key>
<key name="told"> 11, </key>
<key name="tool"> 6,2,13,14,3,8,32,20,21,53, </key>
<key name="toolbar"> 6,29,13,14,3,30,31,20,25, </key>
<key name="total"> 40, </key>
<key name="trac"> 8, </key>
<key name="track"> 55, </key>
<key name="trademark"> 7, </key>
<key name="traffic"> 36,42, </key>
<key name="transf"> 54, </key>
<key name="transfer"> 54, </key>
<key name="trash"> 10,4,60, </key>
<key name="tri"> 28, </key>
<key name="troubl"> 20,27, </key>
<key name="troubleshoot"> 59, </key>
<key name="turn"> 34,43, </key>
<key name="two"> 35,0, </key>
<key name="typ"> 7,36,33,13,3,16,56,30,31,49,41,38,58,51,9,44, </key>
<key name="u"> 28, </key>
<key name="ui"> 4, </key>
<key name="un"> 42, </key>
<key name="unauthoriz"> 36,12, </key>
<key name="unavailabl"> 16,49, </key>
<key name="unchang"> 10, </key>
<key name="unlimit"> 10,14,26, </key>
<key name="unprovision"> 53, </key>
<key name="unread"> 34, </key>
<key name="unsolicit"> 34, </key>
<key name="up"> 33,13,0,49,37,18,25,26,53, </key>
<key name="updat"> 35,2,46,19,62, </key>
<key name="url"> 6,33,28,30,31, </key>
<key name="us"> 6,7,10,1,36,11,12,2,33,28,13,3,16,4,46,30,31,47,49,54,20,50,18,19,58,23,21,39,24,61,25,51,9,26,53,27,44, </key>
<key name="usag"> 6,40,16, </key>
<key name="user"> 10,45,34,36,11,12,2,33,28,13,3,4,0,49,20,18,19,23,60,21,25,51,42,26,53,27, </key>
<key name="usernam"> 29,47,58, </key>
<key name="usual"> 56,5,58, </key>
<key name="utiliti"> 8, </key>
<key name="utiliz"> 53, </key>
<key name="valid"> 28, </key>
<key name="valu"> 33,13,31,37,5, </key>
<key name="variou"> 6,33,3, </key>
<key name="verifi"> 33, </key>
<key name="verification"> 52,53, </key>
<key name="verify"> 58, </key>
<key name="version"> 62, </key>
<key name="via"> 41, </key>
<key name="view"> 6,10,34,36,12,40,2,14,3,16,4,59,20,5,19,61,26,43,27, </key>
<key name="violat"> 38, </key>
<key name="violator"> 38, </key>
<key name="viru"> 6,35,36,40,37,41,43, </key>
<key name="volum"> 6,40,41,44, </key>

</ftswdata>  
