<?xml version='1.0' encoding='windows-1252' ?>
<!-- saved from url=(0014)about:internet -->
<ftswdata>
<key name="sent"> 82,67,21,83,53,29,84,26,27,2,61,14,30,32,37,38, </key>
<key name="separat"> 11,25,77, </key>
<key name="sequenc"> 18,25,36,79,80,81, </key>
<key name="seri"> 82,22,79,80,81, </key>
<key name="serv"> 11,17,67,42,19,48,3,40,49,21,83,4,46,39,51,52,53,59,41,22,29,5,68,69,70,0,71,72,43,44,56,73,16,75,66,94,31,13,45,60,76,61,85,14,90,58,103,93,104,77,63,78,15,38,36,79,80,81,86,64,65, </key>
<key name="server"> 11,19,3,40,83,4,46,51,52,59,29,5,95,43,44,56,75,55,60,61,63,15,86,65, </key>
<key name="servic"> 11,12,7,67,42,101,3,49,4,46,39,51,52,53,22,29,5,95,96,26,54,73,16,75,97,31,13,45,55,60,61,6,35,63,15,86, </key>
<key name="session"> 17,4,22,5,62, </key>
<key name="set"> 82,11,17,42,8,19,47,48,49,9,20,21,4,46,51,52,53,59,41,22,29,5,10,95,26,27,2,54,43,44,56,75,55,60,100,57,14,6,90,30,35,32,58,62,91,93,92,104,38,79,80,81,64,99, </key>
<key name="setting"> 11,17,42,47,48,49,50,21,4,46,39,51,52,53,59,22,5,26,54,43,44,97,45,55,14,6,30,58,15, </key>
<key name="setup"> 22,31, </key>
<key name="seven"> 38, </key>
<key name="shar"> 12,7,25,10,62,38,99, </key>
<key name="shift"> 18,25, </key>
<key name="ship"> 103, </key>
<key name="shortcut"> 14,30,38, </key>
<key name="shortnam"> 66, </key>
<key name="should"> 17,67,101,47,3,9,21,39,51,52,22,5,25,10,96,70,72,44,75,66,97,90,58,103,91,77,79,80,81, </key>
<key name="show"> 11,18,83,4,23,26,28,31,60,85,14,30,64,65, </key>
<key name="shown"> 67,29,79,80,81, </key>
<key name="sid"> 19,75, </key>
<key name="sign"> 19,13, </key>
<key name="signatur"> 30, </key>
<key name="similar"> 53,59, </key>
<key name="simp"> 95, </key>
<key name="simultaneous"> 75,38,79,80,81, </key>
<key name="sinc"> 75, </key>
<key name="singl"> 39,53,70,72,56,76,85,77,38,79, </key>
<key name="sit"> 29,56, </key>
<key name="siz"> 17,83,53,55,60,61,38,79,80,81,64,65,99, </key>
<key name="skyp"> 100, </key>
<key name="smith"> 22,77, </key>
<key name="smtp"> 53,59,57,58,81, </key>
<key name="sn"> 46, </key>
<key name="snapshot"> 11,85, </key>
<key name="snmp"> 11,60,61,86, </key>
<key name="so"> 48,46,53,59,29,26,2,100,57, </key>
<key name="soft"> 20, </key>
<key name="softwar"> 47,48,100, </key>
<key name="sort"> 12,83,28,61,64, </key>
<key name="sourc"> 12,70,72,66,77,78,79,80,81, </key>
<key name="spac"> 17,21,83,22,5,25,61,64, </key>
<key name="spam"> 82,11,17,47,83,53,55,60,61,57,32,86, </key>
<key name="spamassassin"> 47, </key>
<key name="specifi"> 17,67,19,20,46,39,23,27,71,66,31,76,14,91,79, </key>
<key name="specific"> 11,42,19,3,50,83,4,46,39,23,5,25,96,102,70,54,72,97,31,55,61,85,14,91,77,36, </key>
<key name="specification"> 100, </key>
<key name="specify"> 19,3,41,29,70,27,43,66,91,38,79,80,81, </key>
<key name="spell"> 60,86, </key>
<key name="split"> 56, </key>
<key name="spread"> 50, </key>
<key name="spreadsheet"> 7, </key>
<key name="ssl"> 42,46,39,51,52,53,59,43,44,56,73,60, </key>
<key name="standard"> 12,57,30,77, </key>
<key name="start"> 68,73,16,13,33,79,80,81,99, </key>
<key name="stat"> 49,29,54, </key>
<key name="statistic"> 11,21,83,61,15,64, </key>
<key name="statu"> 11,17,67,19,49,20,89,22,29,102,26,31,60,61,33,91,37,78,15,36,86,65, </key>
<key name="status"> 19,20, </key>
<key name="stay"> 82,22,29,85, </key>
<key name="step"> 42,22,43,44,45,77, </key>
<key name="still"> 20,33,65, </key>
<key name="stop"> 49,13,33,63, </key>
<key name="stor"> 11,60,90,93,77,65, </key>
<key name="storag"> 21,65, </key>
<key name="str"> 46,30,36, </key>
<key name="street"> 29, </key>
<key name="styl"> 30,38, </key>
<key name="subject"> 47,38, </key>
<key name="subscrib"> 12,99, </key>
<key name="substr"> 70, </key>
<key name="subtre"> 70,72,77, </key>
<key name="succeed"> 39, </key>
<key name="successful"> 82, </key>
<key name="suggest"> 40,29,38, </key>
<key name="suit"> 12,47,48,39,10,100,15,80,98,65,99, </key>
<key name="summari"> 85, </key>
<key name="summary"> 42,43,44,61,85, </key>
<key name="sup"> 81, </key>
<key name="suppli"> 39, </key>
<key name="support"> 12, </key>
<key name="sur"> 41,96,97, </key>
<key name="surnam"> 46, </key>
<key name="suspect"> 20, </key>
<key name="suspend"> 63, </key>
<key name="symbol"> 17,22,90, </key>
<key name="syntax"> 19,46, </key>
<key name="system"> 11,50,83,46,5,2,60,100,57,15,80,81,65, </key>
<key name="system32"> 80,81, </key>
<key name="t"> 25,31, </key>
<key name="tab"> 11,8,18,101,47,48,3,40,49,50,9,20,89,21,4,51,52,53,59,41,23,5,10,95,96,102,26,27,97,45,55,60,100,85,14,90,30,35,32,91,93,104,63,37,38,86,65,99, </key>
<key name="tag"> 12,47,83,31,14,38,79,80,81,87,99, </key>
<key name="tak"> 49,20,54,60,33, </key>
<key name="target"> 78,79,80,81, </key>
<key name="task"> 12,21,2,75,31,13,15,99, </key>
<key name="telephon"> 26, </key>
<key name="templat"> 7,42,10, </key>
<key name="temporari"> 82,49,20,89,91, </key>
<key name="temporary"> 76,79, </key>
<key name="ten"> 18,25, </key>
<key name="term"> 44, </key>
<key name="test"> 42,43,44, </key>
<key name="text"> 42,8,40,21,51,52,43,44,60,30,77,38, </key>
<key name="them"> 82,18,48,21,4,22,5,95,96,26,97,31,100,85,38,65,99, </key>
<key name="third"> 100,38, </key>
<key name="thoroughnes"> 46, </key>
<key name="thos"> 49,50,4,54,56,75, </key>
<key name="though"> 4, </key>
<key name="thre"> 39,36, </key>
<key name="thread"> 51,52,60,30, </key>
<key name="threshold"> 21,60,65, </key>
<key name="thu"> 29, </key>
<key name="thumbnail"> 100, </key>
<key name="thunderbird"> 38, </key>
<key name="tim"> 82,11,17,67,18,19,88,21,22,29,5,25,68,70,2,28,31,55,61,85,14,90,30,33,62,91,93,38,79,80,81,86,99, </key>
<key name="timeout"> 17,59,26,60,62, </key>
<key name="timezon"> 30, </key>
<key name="tip"> 23,31, </key>
<key name="tl"> 53,59,60, </key>
<key name="toggl"> 102,27, </key>
<key name="token"> 17,62, </key>
<key name="told"> 88, </key>
<key name="too"> 85, </key>
<key name="tool"> 11,22,23,5,31,13,33,15,79,99, </key>
<key name="toolbar"> 11,42,8,19,88,9,22,23,29,5,10,102,26,43,44,31,45,93, </key>
<key name="topic"> 73, </key>
<key name="total"> 19,83,84,31, </key>
<key name="trac"> 13, </key>
<key name="track"> 99, </key>
<key name="traffic"> 63, </key>
<key name="train"> 47, </key>
<key name="transaction"> 53,59, </key>
<key name="transf"> 94, </key>
<key name="transfer"> 94, </key>
<key name="trash"> 17,21,29,32,80,81, </key>
<key name="tri"> 39,92, </key>
<key name="trig"> 91, </key>
<key name="troubl"> 31,87, </key>
<key name="troubleshoot"> 85, </key>
<key name="trust"> 53,59,71, </key>
<key name="try"> 20,59,30, </key>
<key name="turn"> 47,104,38,86, </key>
<key name="two"> 67,47,48,95,2,75,85, </key>
<key name="typ"> 8,18,19,40,49,50,9,46,22,29,5,25,10,54,43,44,75,31,60,100,61,85,57,77,15,38,36,65, </key>
<key name="u"> 39, </key>
<key name="ui"> 17,4,5,95,96,26,0,97,38, </key>
<key name="uid"> 80, </key>
<key name="un"> 63, </key>
<key name="unauthoriz"> 49,50,20,54, </key>
<key name="unavailabl"> 29,75,37, </key>
<key name="unchang"> 17, </key>
<key name="uncheck"> 3,22, </key>
<key name="undeploy"> 1,103, </key>
<key name="unifi"> 11,36, </key>
<key name="uninstal"> 1,103, </key>
<key name="uninstall"> 100,14, </key>
<key name="uniqu"> 82,17,90, </key>
<key name="uniquenes"> 14,92, </key>
<key name="unit"> 66, </key>
<key name="unknown"> 53, </key>
<key name="unles"> 29, </key>
<key name="unlimit"> 17,21,4,23,26,64,99, </key>
<key name="unlock"> 20,89, </key>
<key name="unprovision"> 79,80,81, </key>
<key name="unread"> 47, </key>
<key name="unreadabl"> 82, </key>
<key name="unsolicit"> 47,53, </key>
<key name="up"> 17,42,46,51,52,41,22,2,56,75,90,91,93,104,38,79,80,81, </key>
<key name="updat"> 18,48,4,68,26,85,30,98, </key>
<key name="upload"> 7,53,0,14,104, </key>
<key name="url"> 11,46,39,41,43,44, </key>
<key name="us"> 11,12,7,17,67,42,8,101,19,47,3,88,9,20,21,83,4,46,39,41,22,29,5,25,10,95,96,68,69,70,26,0,27,71,72,43,44,73,16,75,66,94,97,31,45,100,76,61,85,14,90,30,35,33,58,62,91,93,77,15,38,36,79,80,81,64,87,65,99, </key>
<key name="usag"> 11,83,25,26,28,90, </key>
<key name="useful"> 29,56, </key>
<key name="user"> 7,17,67,42,8,47,40,49,9,20,89,21,4,46,39,53,59,41,22,29,5,25,10,95,96,70,26,27,2,72,75,66,28,97,31,100,14,90,30,35,32,33,91,93,92,77,63,15,38,79,80,81,64,87,99, </key>
<key name="usernam"> 42,71,73,16,66, </key>
<key name="usual"> 6, </key>
<key name="utiliti"> 11,13, </key>
<key name="utility"> 14, </key>
<key name="utiliz"> 79,80, </key>
<key name="vacation"> 38, </key>
<key name="valid"> 17,8,39,41, </key>
<key name="valu"> 46,22,26,44,55,6, </key>
<key name="variabl"> 81, </key>
<key name="variant"> 95, </key>
<key name="variou"> 11,46,5, </key>
<key name="verifi"> 46,25, </key>
<key name="verification"> 78,79,80,81, </key>
<key name="verify"> 1,103, </key>
<key name="version"> 98, </key>

</ftswdata>  
