<?xml version='1.0' encoding='windows-1252' ?>
<ftswdata>
<key name="clear"> 17,50,51,52,58,59, </key>
<key name="cli"> 13,59,93, </key>
<key name="click"> 11,17,66,41,8,18,94,19,3,82,9,20,21,40,22,23,28,5,25,10,24,67,95,26,0,42,43,68,16,69,70,65,44,93,71,79,29,34,32,1,96,33,61,85,87,97,72,62,36,73,35,74,75,63,64, </key>
<key name="clickabl"> 17,61, </key>
<key name="client"> 17,39,20,21,4,52,58,40,22,5,10,89,90,26,27,91,93,56,14,29,61,37, </key>
<key name="clos"> 18,19,20,38,30,32, </key>
<key name="cn"> 45,72,74, </key>
<key name="co"> 11,17,66,41,94,3,39,48,20,21,4,45,22,28,5,90,95,26,27,53,91,54,93,14,6,84,29,34,31,61,85,86,97,15,37,63, </key>
<key name="collaboration"> 12,7,46,47,38,10,93,15,37,92,64, </key>
<key name="colleagu"> 37, </key>
<key name="collect"> 7,10, </key>
<key name="color"> 89,37, </key>
<key name="column"> 11,3,95,26,63, </key>
<key name="com"> 45,38,40,22,27,93,79,72, </key>
<key name="com_zimbra_dat"> 93, </key>
<key name="com_zimbra_email"> 93, </key>
<key name="com_zimbra_phon"> 93, </key>
<key name="com_zimbra_url"> 93, </key>
<key name="combin"> 45, </key>
<key name="combination"> 14,86, </key>
<key name="comma"> 25,72, </key>
<key name="command"> 22,13,59,61, </key>
<key name="commercial"> 52, </key>
<key name="commit"> 3,23,34,87, </key>
<key name="common"> 48,49,45,25,53,30,57,72,37,74, </key>
<key name="company"> 18,45,40,22,25,26,93, </key>
<key name="complet"> 66,41,18,19,39,45,40,22,23,25,89,42,43,68,16,69,65,93,32,72,15,37,35,74,75, </key>
<key name="complex"> 17,19,14, </key>
<key name="compos"> 26,29,31,57,37, </key>
<key name="compres"> 59,64, </key>
<key name="compression"> 59,64, </key>
<key name="compromis"> 56, </key>
<key name="comput"> 49,0,97,74,75, </key>
<key name="computer"> 61, </key>
<key name="concern"> 39, </key>
<key name="concurrenc"> 70, </key>
<key name="condition"> 37, </key>
<key name="conduct"> 71,74, </key>
<key name="configur"> 11,17,66,41,19,46,47,48,49,83,4,45,38,50,51,52,58,40,22,23,28,89,90,27,53,42,43,55,91,30,44,54,93,60,14,84,29,31,61,86,15,37,74,75,63,64, </key>
<key name="configuration"> 11,17,41,8,94,9,20,45,38,40,22,10,26,0,42,43,13,44,59,93,29,1,96,97,37, </key>
<key name="confirm"> 87, </key>
<key name="confus"> 57, </key>
<key name="connect"> 41,52,58,68,16,65,59,71, </key>
<key name="connection"> 38,50,51,59, </key>
<key name="consecutiv"> 17,20,85, </key>
<key name="consid"> 22,5, </key>
<key name="consider"> 46,38, </key>
<key name="consist"> 7, </key>
<key name="consistent"> 70, </key>
<key name="consol"> 11,7,8,82,9,52,58,40,0,68,16,13,44,93,60,14,97,15,74,75,92, </key>
<key name="consolidat"> 77, </key>
<key name="constraint"> 4,5,6, </key>
<key name="construct"> 45,72, </key>
<key name="contact"> 17,22,28,25,26,70,30,93,14,29,33,87,15,37,74,75, </key>
<key name="contain"> 7,77,5,25,10,65,30,13,34,61,72,37,75, </key>
<key name="content"> 11,7,17,19,20,4,22,23,28,5,25,10,0,30,59,93,60,79,34,32,1,96,61,87,97,36,35,80,81, </key>
<key name="continu"> 17,3,40,27,42,70,79,72, </key>
<key name="control"> 41,18,9,4,52,25,10, </key>
<key name="conversation"> 12,29,37, </key>
<key name="convert"> 74,75, </key>
<key name="cooki"> 61, </key>
<key name="copy"> 26,27,68,16, </key>
<key name="copyright"> 92, </key>
<key name="corn"> 29, </key>
<key name="corporat"> 45, </key>
<key name="correct"> 17,43,85, </key>
<key name="corrupt"> 76,30,79,32, </key>
<key name="cos"> 5,97, </key>
<key name="could"> 76,17,18,4,28,25,79,35, </key>
<key name="count"> 11,77,60, </key>
<key name="creat"> 11,7,17,66,41,19,46,47,3,21,4,52,40,22,23,28,5,25,10,89,67,26,0,27,2,42,43,30,13,44,93,71,60,14,84,29,87,86,97,72,73,15,37,74,64, </key>
<key name="criteria"> 19,37, </key>
<key name="cronntab"> 78, </key>
<key name="current"> 11,90,70,91,59,75,64, </key>
<key name="custom"> 0,14,1,96, </key>
<key name="customiz"> 89,90,91, </key>
<key name="customization"> 89, </key>
<key name="dai"> 78,60, </key>
<key name="dat"> 17,70,93,29,31,37,74,75, </key>
<key name="data"> 11,77,70,59,80,64, </key>
<key name="databas"> 72, </key>
<key name="day"> 11,17,77,4,60,84,31,61,85,37, </key>
<key name="dc"> 45,38, </key>
<key name="decid"> 74,75, </key>
<key name="declin"> 28, </key>
<key name="deem"> 77, </key>
<key name="def"> 76, </key>
<key name="default"> 11,17,66,41,94,19,47,4,45,38,50,51,52,58,22,28,5,10,89,90,26,43,55,91,44,54,59,93,56,14,84,29,31,61,85,97,37,74,75,64, </key>
<key name="defer"> 76,11,60,79, </key>
<key name="defin"> 11,12,7,41,18,47,4,45,38,22,5,26,30,54,59,93,15,37,74,75,64, </key>
<key name="delay"> 78, </key>
<key name="delegat"> 12, </key>
<key name="delet"> 11,7,17,41,9,20,21,23,28,5,25,10,24,27,70,30,59,60,79,31,32,1,96,37,74,75,63,64, </key>
<key name="deliver"> 76,17,46,47,20,77,27,79,97,62,64, </key>
<key name="deliveri"> 78, </key>
<key name="delivery"> 76,48,52,58,78,27,88,59,79,57,37,35, </key>
<key name="deni"> 4,5, </key>
<key name="department"> 45,22, </key>
<key name="depend"> 77,32, </key>
<key name="deploy"> 11,94,89,26,0,93,97, </key>
<key name="deployment"> 93, </key>
<key name="deposit"> 32, </key>
<key name="descend"> 77,60,63, </key>
<key name="describ"> 41,25,42,43, </key>
<key name="description"> 11,17,41,4,22,28,5,25,44,59,14,86, </key>
<key name="descriptiv"> 28, </key>
<key name="deselect"> 5, </key>
<key name="design"> 49, </key>
<key name="designat"> 22,28,55,57, </key>
<key name="desir"> 20, </key>
<key name="desk"> 11,68,16,75, </key>
<key name="destination"> 67,68,16,60,72,73,74,75, </key>
<key name="detail"> 11,41,19,28,42,43,68,16,30,59,93,79,15,37,75, </key>
<key name="determin"> 46,20,4,45,58,5,70,65,6,61,74,75, </key>
<key name="develop"> 93,37, </key>
<key name="dialog"> 41,8,3,9,22,23,10,67,0,68,16,70,65,29,32,87,97,72,73,74,75, </key>
<key name="different"> 7,66,3,48,77,4,5,53,59,79,14,6,57,72,15,37, </key>
<key name="digit"> 17, </key>
<key name="direct"> 52,42,43,44,37, </key>
<key name="directory"> 41,45,38,22,28,25,42,43,65,44,14,84,34,87,86,72,74,75,64, </key>
<key name="disabl"> 11,17,46,39,48,20,45,52,58,5,95,27,53,54,93,14,6,96,37, </key>
<key name="disapprov"> 56, </key>
<key name="discard"> 70, </key>
<key name="disk"> 11,17,21,77,22,60,63, </key>
<key name="disparat"> 93, </key>
<key name="display"> 11,7,41,8,18,19,39,9,77,4,40,22,23,28,25,10,89,26,0,27,2,42,43,69,70,65,30,59,93,60,79,14,6,29,32,33,72,73,37,35,74,75,80,63,64, </key>
<key name="distinguish"> 72, </key>
<key name="distribution"> 11,41,18,19,45,25,10,24,26,70,30,14,15,35, </key>
<key name="divid"> 79, </key>
<key name="dll"> 75, </key>
<key name="dn"> 45,38,52,58,40,42,43,54,59,56,72, </key>
<key name="do"> 66,39,48,49,40,28,10,95,26,27,53,56,32, </key>
<key name="document"> 76,11,12,7,41,8,9,21,10,44,93,37, </key>
<key name="documentation"> 11,89,0,71, </key>
<key name="domain"> 11,7,17,66,41,8,19,9,4,45,38,52,58,40,22,23,5,10,67,42,43,55,30,44,54,71,60,79,56,14,34,72,15,37,35,74,75, </key>
<key name="domino"> 70,65,14,75, </key>
<key name="don"> 49,25,30, </key>
<key name="doubl"> 23,87, </key>
<key name="down"> 8,3,45,23,35, </key>
<key name="download"> 11,47,79,14,15,74,75, </key>
<key name="downtim"> 70, </key>
<key name="drop"> 8,3,23,35, </key>
<key name="duplicat"> 70, </key>
<key name="duration"> 17, </key>
<key name="e"> 52,22,72, </key>
<key name="earli"> 70,79, </key>
<key name="easi"> 0, </key>
<key name="easy"> 89,37, </key>
<key name="edit"> 11,7,8,18,94,9,20,21,40,23,5,10,90,95,26,2,42,43,91,30,44,59,32,33,87,36, </key>
<key name="effect"> 17,20,59, </key>
<key name="eith"> 76,17,41,18,45,25,90,42,43,91,59,93,79,29,34,31,61,85,72,37,74,63,64, </key>
<key name="elaborat"> 89, </key>
<key name="elaps"> 17, </key>
<key name="elsewher"> 54, </key>
<key name="email"> 11,17,66,8,19,46,48,49,21,45,52,22,23,28,25,10,26,27,2,53,70,30,54,93,60,14,6,29,31,57,72,36,15,37,74,75,63, </key>
<key name="embed"> 7, </key>
<key name="employe"> 4,45, </key>
<key name="empty"> 64, </key>
<key name="enabl"> 11,7,17,94,46,47,39,82,4,45,50,51,52,58,22,5,25,10,90,26,27,55,91,54,59,93,56,14,6,84,29,85,97,37, </key>
<key name="encrypt"> 47,50,51,84,87, </key>
<key name="end"> 4,5,29,15, </key>
<key name="enforc"> 14,84,34, </key>
<key name="enhanc"> 0,93,37, </key>
<key name="enhancement"> 14, </key>
<key name="enlarg"> 19, </key>
<key name="enough"> 48, </key>
<key name="ensur"> 38,70,84, </key>
<key name="ent"> 66,41,18,19,82,83,45,38,58,40,22,23,28,5,25,10,27,42,43,68,16,70,65,30,87,72,35,74,75,64, </key>
<key name="enter"> 17,41,19,46,45,38,40,28,42,43,85,35, </key>
<key name="entri"> 17,66,45,30,72,81, </key>
<key name="entry"> 45,38,97, </key>
<key name="envelop"> 79, </key>

</ftswdata>  
