<?xml version='1.0' encoding='windows-1252' ?>
<ftswdata>
<key name="sam"> 73,21,19,48,71,26,28, </key>
<key name="samantha"> 19,28, </key>
<key name="sammy"> 19,28, </key>
<key name="samson"> 19,28, </key>
<key name="samuel"> 19,28, </key>
<key name="san"> 9, </key>
<key name="sav"> 2,14,16,17,4,19,35,36,23,27,26,29,54,30,31,65,56, </key>
<key name="scal"> 67, </key>
<key name="scan"> 66, </key>
<key name="schedul"> 8,21,61,24,31, </key>
<key name="schema"> 32, </key>
<key name="scor"> 39, </key>
<key name="screen"> 33, </key>
<key name="scroll"> 19, </key>
<key name="se"> 66,8,41,67,45,16,17,74,36,59,60,24,10,7,52,53,68,6,63,31,69, </key>
<key name="search"> 8,9,34,38,32,33,17,19,5,74,35,36,37,47,71,23,25,63,31,28, </key>
<key name="second"> 79, </key>
<key name="secondary"> 56, </key>
<key name="section"> 19,68, </key>
<key name="secur"> 76, </key>
<key name="security"> 8,41,45,51,11, </key>
<key name="select"> 8,57,34,2,0,41,14,15,67,38,32,73,33,16,17,21,4,19,18,58,74,46,35,36,24,7,37,52,62,68,27,25,26,29,63,30,31,28,65,70,56, </key>
<key name="self"> 10, </key>
<key name="send"> 66,40,41,42,45,51,19,46,24,68,49,50, </key>
<key name="sender"> 49, </key>
<key name="sent"> 66,57,41,67,21,20,1,53,23,78,30, </key>
<key name="separat"> 8,19,63, </key>
<key name="sequenc"> 19,28,65, </key>
<key name="seri"> 66,16,65, </key>
<key name="serv"> 8,12,57,34,40,2,41,15,67,3,38,32,43,44,45,51,33,16,21,4,5,58,35,36,48,59,75,61,72,24,10,37,47,52,62,53,68,71,22,76,50,29,63,54,64,11,65,69,55,56, </key>
<key name="server"> 8,2,67,38,43,44,51,4,35,36,48,61,47,52,53,71,54,11,69,56, </key>
<key name="servic"> 8,9,57,34,2,41,3,38,32,43,44,21,4,5,59,61,24,10,37,47,52,53,6,27,54,11,69, </key>
<key name="session"> 12,3,16,4,5,79, </key>
<key name="set"> 66,8,12,34,39,40,41,14,15,3,38,43,44,45,51,33,16,21,4,20,1,46,35,36,48,61,47,52,49,71,6,22,27,78,50,79,29,31,65,55, </key>
<key name="setting"> 8,34,39,40,41,42,15,3,38,32,43,44,45,51,16,5,74,46,35,36,37,47,6,50,11, </key>
<key name="setup"> 24, </key>
<key name="shar"> 9,19,7,37,71,79,31, </key>
<key name="shift"> 19, </key>
<key name="should"> 12,57,39,2,32,43,73,44,16,19,20,36,61,71,22,50,63,65, </key>
<key name="show"> 8,67,3,17,5,75,24,52,68,71,23,55,56, </key>
<key name="shown"> 57,21,71,65, </key>
<key name="sid"> 61, </key>
<key name="sign"> 3,10, </key>
<key name="signatur"> 5,23, </key>
<key name="similar"> 45,51, </key>
<key name="simultaneous"> 61,31,65, </key>
<key name="sinc"> 61, </key>
<key name="singl"> 32,45,48,62,68,63,31,65, </key>
<key name="sit"> 21,48, </key>
<key name="siz"> 12,67,45,5,47,52,53,31,65,55,56, </key>
<key name="smith"> 16,63, </key>
<key name="smtp"> 45,51,49,50, </key>
<key name="sn"> 38, </key>
<key name="snapshot"> 68, </key>
<key name="snmp"> 8,52,53,69, </key>
<key name="so"> 40,38,73,45,51,21,1,49, </key>
<key name="soft"> 14, </key>
<key name="softwar"> 39,40, </key>
<key name="sort"> 9,53,55, </key>
<key name="sourc"> 9,63,64,65, </key>
<key name="spac"> 12,15,67,16,4,19,53,55, </key>
<key name="spam"> 66,8,12,39,67,45,5,47,52,53,49,78,69, </key>
<key name="spamassassin"> 39, </key>
<key name="specifi"> 12,32,73,17,20,24,62,23,65, </key>
<key name="specific"> 8,34,2,42,67,3,38,32,17,19,46,24,7,47,53,68,22,63,28, </key>
<key name="specify"> 33,4,20,35,71,65, </key>
<key name="spell"> 52,69, </key>
<key name="split"> 48,71, </key>
<key name="spread"> 42, </key>
<key name="spreadsheet"> 7, </key>
<key name="ssl"> 34,38,32,43,44,45,51,35,36,48,52, </key>
<key name="standard"> 9,13,5,49,23,63, </key>
<key name="start"> 73,58,59,75,10,25,65, </key>
<key name="stat"> 21,46, </key>
<key name="statistic"> 8,15,67,53,11,55, </key>
<key name="statu"> 8,57,41,14,21,24,52,53,25,30,64,11,69,56, </key>
<key name="status"> 14, </key>
<key name="stay"> 66,16,21,68, </key>
<key name="step"> 34,16,35,36,37,63, </key>
<key name="still"> 41,14,25,56, </key>
<key name="stop"> 41,10,25,54, </key>
<key name="stor"> 8,52,22,76,29,63,56, </key>
<key name="storag"> 56, </key>
<key name="str"> 38,23,28, </key>
<key name="street"> 21, </key>
<key name="styl"> 5,7,71,23,31, </key>
<key name="subject"> 9,39,31, </key>
<key name="subscrib"> 9, </key>
<key name="subtre"> 63, </key>
<key name="succeed"> 32, </key>
<key name="successful"> 66,75, </key>
<key name="suggest"> 0,21,31, </key>
<key name="suit"> 9,39,40,32,5,76,11,80,56, </key>
<key name="summari"> 68, </key>
<key name="summary"> 34,35,36,53,68, </key>
<key name="suppli"> 32, </key>
<key name="support"> 9, </key>
<key name="sur"> 33, </key>
<key name="surnam"> 38, </key>
<key name="suspect"> 14, </key>
<key name="suspend"> 54, </key>
<key name="symbol"> 16, </key>
<key name="syntax"> 38, </key>
<key name="system"> 8,42,67,38,4,1,77,52,49,11,56, </key>
<key name="t"> 19,24, </key>
<key name="tab"> 8,39,40,2,41,42,14,15,3,43,44,45,51,33,17,4,20,46,7,47,52,68,71,22,23,27,78,29,54,30,31,69,56, </key>
<key name="tabl"> 7, </key>
<key name="tag"> 9,39,67,24,76,31,65,70, </key>
<key name="tak"> 41,14,46,77,52,25, </key>
<key name="target"> 64,65, </key>
<key name="task"> 1,61,24,10,76,11, </key>
<key name="team"> 7,71,31, </key>
<key name="templat"> 34,7, </key>
<key name="temporari"> 66,41, </key>
<key name="temporary"> 62,65, </key>
<key name="ten"> 19, </key>
<key name="term"> 36, </key>
<key name="test"> 34,35,36, </key>
<key name="text"> 34,0,43,44,5,35,36,7,52,23,63,31, </key>
<key name="them"> 66,40,68,56, </key>
<key name="third"> 31, </key>
<key name="thoroughnes"> 38, </key>
<key name="thos"> 41,42,3,46,48,61, </key>
<key name="though"> 3, </key>
<key name="thre"> 32, </key>
<key name="thread"> 43,44,5,52,23, </key>
<key name="threshold"> 52,56, </key>
<key name="thu"> 21, </key>
<key name="thunderbird"> 31, </key>
<key name="tim"> 66,8,12,13,21,4,19,5,58,1,47,53,68,22,25,79,29,31,65,69, </key>
<key name="timeout"> 12,51,5,52,79, </key>
<key name="timezon"> 23, </key>
<key name="tip"> 17,24, </key>
<key name="tl"> 45,51,52, </key>
<key name="token"> 12,5,79, </key>
<key name="told"> 13, </key>
<key name="too"> 68, </key>
<key name="tool"> 8,3,16,17,4,24,10,37,25,65, </key>
<key name="toolbar"> 8,34,16,17,21,4,35,36,24,7,37,29, </key>
<key name="total"> 67, </key>
<key name="trac"> 10, </key>
<key name="track"> 73, </key>
<key name="trademark"> 9, </key>
<key name="traffic"> 54, </key>
<key name="train"> 39, </key>
<key name="transaction"> 45,51, </key>
<key name="transf"> 72, </key>
<key name="transfer"> 72, </key>
<key name="trash"> 12,21,5,78, </key>
<key name="tri"> 32, </key>
<key name="troubl"> 24,70, </key>
<key name="troubleshoot"> 77,68, </key>
<key name="trust"> 45,51, </key>
<key name="try"> 41,51, </key>
<key name="turn"> 39,69, </key>
<key name="two"> 39,40,41,1,68, </key>
<key name="typ"> 9,0,41,42,38,16,21,4,19,74,46,35,36,61,52,53,68,49,76,63,11,31,28,56, </key>
<key name="u"> 32, </key>
<key name="ui"> 12,5, </key>
<key name="un"> 54, </key>
<key name="unauthoriz"> 41,42,14,46, </key>
<key name="unavailabl"> 61,30, </key>
<key name="unchang"> 12, </key>
<key name="uncheck"> 2, </key>
<key name="uniqu"> 66, </key>
<key name="unknown"> 45, </key>
<key name="unles"> 21, </key>
<key name="unlimit"> 12,17,31,55, </key>
<key name="unprovision"> 65, </key>
<key name="unread"> 39, </key>
<key name="unreadabl"> 66, </key>
<key name="unsolicit"> 39,45, </key>
<key name="up"> 34,38,43,44,33,16,1,48,61,7,47,71,22,29,31,65, </key>
<key name="updat"> 40,3,58,68,71,23,80, </key>
<key name="upgrad"> 71, </key>
<key name="upload"> 45, </key>
<key name="url"> 8,38,32,35,36, </key>
<key name="us"> 8,9,12,34,39,2,13,14,15,67,3,38,32,33,16,21,4,19,5,58,20,35,36,59,61,72,24,7,37,62,53,68,71,22,23,76,27,25,50,79,29,63,11,31,28,65,55,70,56, </key>
<key name="usa"> 9, </key>
<key name="usag"> 8,67,19,22, </key>
<key name="useful"> 21,48, </key>
<key name="user"> 12,57,39,0,41,14,15,3,38,32,45,51,33,16,21,4,19,5,20,1,46,61,24,7,71,22,23,27,78,25,29,63,54,31,65,55,70, </key>
<key name="usernam"> 34,59,76, </key>
<key name="usual"> 74,6,76, </key>
<key name="utiliti"> 10, </key>
<key name="utiliz"> 65, </key>
<key name="valid"> 12,32,33, </key>
<key name="valu"> 38,16,36,47,6, </key>
<key name="variou"> 8,38,4, </key>
<key name="verifi"> 38,19, </key>
<key name="verification"> 64,65, </key>
<key name="verify"> 76, </key>
<key name="version"> 80, </key>
<key name="via"> 42,52, </key>
<key name="view"> 66,8,12,39,41,14,15,67,3,17,21,4,19,5,46,77,24,7,53,68,6,23,79,31,69,55,70, </key>
<key name="violat"> 49, </key>
<key name="violator"> 49, </key>
<key name="virtual"> 34,33,37,71, </key>
<key name="viru"> 66,8,40,67,46,47,52,53,69, </key>
<key name="virus"> 42,67, </key>
<key name="volum"> 8,67,52,53,56, </key>
<key name="wait"> 23, </key>

</ftswdata>  
