<?xml version='1.0' encoding='windows-1252' ?>
<!-- saved from url=(0014)about:internet -->
<ftswdata>
<key name="via"> 50,60, </key>
<key name="view"> 82,11,7,17,47,49,20,21,83,4,23,29,5,25,10,95,0,54,31,61,85,14,6,30,62,38,86,64,87,99, </key>
<key name="violat"> 57, </key>
<key name="violator"> 57, </key>
<key name="virtual"> 11,42,41,45, </key>
<key name="viru"> 82,11,48,49,83,55,60,61,86, </key>
<key name="virus"> 50,83, </key>
<key name="voip"> 100, </key>
<key name="volum"> 11,83,60,61,65, </key>
<key name="wait"> 30, </key>
<key name="walk"> 42, </key>
<key name="want"> 67,42,19,40,21,22,5,25,10,96,27,56,97,31,57,35,1,103,77, </key>
<key name="warn"> 21,74,30,79,80,81, </key>
<key name="warning"> 74,79,80,81, </key>
<key name="way"> 18,31, </key>
<key name="web"> 12,7,40,21,4,53,59,41,22,5,10,95,96,26,27,97,60,100,14,30,58,62,38,99, </key>
<key name="webmail"> 17,58, </key>
<key name="websit"> 100, </key>
<key name="week"> 38, </key>
<key name="welcom"> 79,80,81, </key>
<key name="well"> 12,99, </key>
<key name="what"> 4,22,5,75,57,6,36,64, </key>
<key name="whenev"> 35, </key>
<key name="wheth"> 20,4,46,39,22,75,60,14,38,79,80,81,65, </key>
<key name="whil"> 82,74,75,100,85,33,79,80,81, </key>
<key name="whos"> 25,31,60,65, </key>
<key name="wid"> 11, </key>
<key name="wiki"> 11,42,10,95,36, </key>
<key name="will"> 17,67,42,49,21,59,22,23,5,10,68,102,70,27,72,75,100,76,30,32,91,77,78,79,80,81,64,99, </key>
<key name="window"> 11,17,76,30,91,77,36,79,80,81, </key>
<key name="with"> 39, </key>
<key name="within"> 11,7,17,46,39,10,95,71,43,100,14,62,91,38,36,87,99, </key>
<key name="without"> 46,41,31,62,63,87, </key>
<key name="wizard"> 11,42,46,39,22,29,10,68,70,72,43,44,73,16,75,66,31,45,76,14,77,79,80,81, </key>
<key name="word"> 22, </key>
<key name="work"> 75,100,38,80,81,99, </key>
<key name="would"> 21,39,29,70,72,77, </key>
<key name="writ"> 42,99, </key>
<key name="writh"> 77, </key>
<key name="wrong"> 89, </key>
<key name="www"> 100, </key>
<key name="wysiwyg"> 99, </key>
<key name="x"> 83,53,55, </key>
<key name="xml"> 71, </key>
<key name="year"> 83, </key>
<key name="yes"> 1,103, </key>
<key name="your"> 17,101,19,48,3,50,46,39,53,22,23,5,25,95,96,102,69,70,26,2,72,97,31,100,85,57,35,58,103,93,77,79,80,81,65,99, </key>
<key name="z"> 17,90, </key>
<key name="z1"> 71, </key>
<key name="zc"> 11,7,101,19,47,95,96,70,26,71,56,97,100,14,90,30,103,104,79,80,81,99, </key>
<key name="zimbra"> 82,11,12,7,67,47,48,40,49,21,83,4,46,39,51,52,53,59,41,22,5,10,95,84,96,68,70,26,0,27,71,72,56,73,16,75,66,97,13,60,100,76,61,85,14,90,30,58,103,62,93,92,104,77,78,15,38,36,79,80,81,98,86,65,99, </key>
<key name="zimbraaccount"> 46, </key>
<key name="zimbradistributionlist"> 46, </key>
<key name="zimbramailaddres"> 46, </key>
<key name="zimbramailalia"> 46, </key>
<key name="zimbramaildeliveryaddres"> 46, </key>
<key name="zimlet"> 11,101,4,22,5,102,26,0,31,100,14,103,104, </key>
<key name="zip"> 48,0,1,103,104, </key>
<key name="zmprov"> 22,60, </key>
<key name="zon"> 22,30, </key>
<key name="zwc"> 95,96,27,97,14,38,99, </key>

</ftswdata>  
