<?xml version='1.0' encoding='windows-1252' ?>
<!-- saved from url=(0014)about:internet -->
<ftswdata>
<key name="enabl"> 11,7,17,100,47,48,40,88,4,46,51,52,53,59,22,5,25,10,96,26,27,56,97,55,60,99,57,14,6,90,30,91,103,38, </key>
<key name="encrypt"> 48,51,52,90,93, </key>
<key name="end"> 4,5,30,15, </key>
<key name="enforc"> 14,90,35, </key>
<key name="enhanc"> 0,99,38, </key>
<key name="enhancement"> 14, </key>
<key name="enlarg"> 19, </key>
<key name="enough"> 49, </key>
<key name="ensur"> 39,75,90, </key>
<key name="ent"> 67,42,18,19,88,89,46,39,59,41,22,23,29,5,25,10,69,70,27,71,72,43,44,73,16,75,66,31,93,77,36,79,80,81,65, </key>
<key name="enter"> 17,42,19,47,46,39,41,29,43,44,91,36, </key>
<key name="entir"> 70,72, </key>
<key name="entri"> 17,67,46,31,77,87, </key>
<key name="entry"> 46,39,103, </key>
<key name="envelop"> 85, </key>
<key name="environment"> 11,3,10, </key>
<key name="equal"> 46, </key>
<key name="equipment"> 11,29,31, </key>
<key name="error"> 39,84,74,61,85,79,80,81, </key>
<key name="establish"> 73,45, </key>
<key name="etc"> 88,46,29,90,34,93, </key>
<key name="evaluat"> 85, </key>
<key name="even"> 4, </key>
<key name="every"> 67,48,4,53,61,38, </key>
<key name="everyon"> 25,31, </key>
<key name="ex"> 79,80,81, </key>
<key name="exampl"> 11,17,18,88,4,46,39,41,22,25,70,72,66,90,93,77,36, </key>
<key name="exceed"> 91, </key>
<key name="except"> 32, </key>
<key name="exception"> 53,6, </key>
<key name="exchang"> 67,75,76,77,79, </key>
<key name="execut"> 13, </key>
<key name="executabl"> 79,80,81, </key>
<key name="executiv"> 4, </key>
<key name="exhibit"> 57, </key>
<key name="exist"> 20,4,46,22,23,95,70,72,43,31,33,77,78,79,80,81,65, </key>
<key name="expand"> 83,14, </key>
<key name="experienc"> 99, </key>
<key name="expir"> 82,17,62,91, </key>
<key name="expiration"> 17, </key>
<key name="explicit"> 4,46,53,59,44,55, </key>
<key name="expos"> 29, </key>
<key name="exposur"> 62, </key>
<key name="expression"> 43,44, </key>
<key name="extend"> 0, </key>
<key name="extension"> 11,49,50,0,54,55,14,1, </key>
<key name="external"> 12,7,17,42,46,39,53,59,69,43,44,45,60,90,35,58,93,38, </key>
<key name="fail"> 17,42,20,26,43,44,90,91, </key>
<key name="failur"> 82, </key>
<key name="fashion"> 90, </key>
<key name="featur"> 12,17,40,4,46,22,5,96,26,27,97,31,14,6,90,30,32,62,15,38,36,87, </key>
<key name="field"> 67,8,18,19,47,3,40,21,53,59,22,29,25,10,96,26,43,44,75,97,60,14,35,91,38,36,65, </key>
<key name="fil"> 82,48,49,50,10,0,54,71,74,75,66,31,60,85,33,1,102,103,79,80,81,87,65, </key>
<key name="filt"> 47,48,83,46,39,70,72,43,44,75,85,14,77, </key>
<key name="filter"> 82,12,47,46,27,58,38, </key>
<key name="final"> 94, </key>
<key name="find"> 18,19,25,33,36,79,80,81, </key>
<key name="finish"> 42,3,22,29,10,43,44, </key>
<key name="first"> 46,22,70,2,72,75,90,30,33,77,38,36,79,80,81, </key>
<key name="fix"> 85, </key>
<key name="flag"> 38, </key>
<key name="flander"> 77, </key>
<key name="floor"> 29, </key>
<key name="flush"> 85, </key>
<key name="fold"> 7,17,8,47,10,75,14,30,32,62,38,79,80,81, </key>
<key name="folder"> 12,7,10,75,66,31,14,30,32,33,34,77,38,79,81,87, </key>
<key name="follow"> 11,17,19,47,49,20,4,46,39,51,52,53,59,29,10,84,69,70,54,71,72,73,16,66,31,13,45,55,60,61,85,57,14,30,91,77,79,80,81,64,65, </key>
<key name="font"> 38, </key>
<key name="forc"> 17,53,59,35,93, </key>
<key name="forget"> 90,93, </key>
<key name="forgotten"> 20,31,85, </key>
<key name="format"> 71,66,61,30, </key>
<key name="forum"> 11,36, </key>
<key name="forward"> 11,18,22,25,26,27,2,31,14,30,38, </key>
<key name="fre"> 29,60,38, </key>
<key name="frequency"> 48, </key>
<key name="frequent"> 82,11,29, </key>
<key name="ful"> 57, </key>
<key name="full"> 12,66,76,79,81,65, </key>
<key name="function"> 11, </key>
<key name="g"> 53, </key>
<key name="gal"> 11,42,40,46,22,25,44,45,55,30,38, </key>
<key name="gallery"> 99, </key>
<key name="gateway"> 59, </key>
<key name="gb"> 83, </key>
<key name="general"> 42,3,20,89,4,53,41,22,5,95,96,26,97,31,45,55,60,90,30,34,93, </key>
<key name="generat"> 84,2, </key>
<key name="get"> 49,50,21,41,54,64, </key>
<key name="giv"> 10,38, </key>
<key name="given"> 7,42,46,10, </key>
<key name="global"> 11,7,17,42,47,48,49,50,4,46,51,52,53,59,22,5,10,2,54,44,13,55,60,6,58,15,38, </key>
<key name="gn"> 46, </key>
<key name="go"> 18,100,83,95,101,43,44,99,85,78,79,80,81,65, </key>
<key name="good"> 93, </key>
<key name="grant"> 46,39,103, </key>
<key name="graph"> 11,83, </key>
<key name="graphical"> 61, </key>
<key name="greet"> 53,57, </key>
<key name="group"> 7,8,4,25,70,72,31,76,14,30,77,38,79,80,81, </key>
<key name="groupwis"> 71,72,75,80, </key>
<key name="guid"> 67,47,22,73,16,13,45,60,99,61,15,79,80,81, </key>
<key name="gwtapp"> 80, </key>
<key name="hack"> 20, </key>
<key name="ham"> 47, </key>
<key name="handl"> 47,90,91, </key>
<key name="happen"> 75, </key>
<key name="hav"> 46,41,31,85,62,87, </key>
<key name="head"> 21,53,28,31,38, </key>
<key name="header"> 55,64, </key>
<key name="help"> 11,10,73,16,77,36,79,80,81,98, </key>
<key name="helpful"> 29, </key>
<key name="her"> 82,11,10, </key>
<key name="hid"> 22,25, </key>
<key name="hidden"> 22,26,27, </key>
<key name="hierarchy"> 79,80,81, </key>
<key name="high"> 12, </key>
<key name="highlight"> 23,60,6,93, </key>
<key name="history"> 17,90, </key>
<key name="hold"> 82,11,61,85, </key>
<key name="host"> 11,42,49,4,46,39,53,59,41,22,73,16,45,60,58,79,80,81, </key>
<key name="hostnam"> 53,59,56,60,57, </key>
<key name="hour"> 11,17,48,83,61,62,91, </key>
<key name="hov"> 23,31, </key>
<key name="how"> 7,17,47,48,49,20,59,41,22,5,10,95,26,0,54,43,44,99,90,30,32,62,91,38,79,80,81, </key>
<key name="html"> 30,38, </key>
<key name="http"> 51,52,41,99, </key>
<key name="i"> 22,77, </key>
<key name="icon"> 79,80,81, </key>
<key name="icppn30"> 81, </key>
<key name="id"> 19,75,66,31,85,34,36,81, </key>
<key name="identifi"> 82,42,45,60, </key>
<key name="identify"> 47,39,70,72,76,57,14,77, </key>
<key name="identiti"> 14,38, </key>
<key name="identity"> 38, </key>
<key name="idl"> 17,62, </key>
<key name="if"> 17,67,42,18,19,48,40,49,88,9,20,89,83,4,46,39,51,52,53,59,22,29,25,10,68,69,70,26,27,2,72,43,44,74,75,66,28,31,55,60,99,61,85,57,14,6,90,30,35,33,58,102,34,62,91,93,92,77,38,36,79,80,81, </key>
<key name="ignor"> 75,90, </key>
<key name="ill"> 57, </key>
<key name="imag"> 7,95, </key>
<key name="imap"> 11,4,51,52,22,56,55,60,30,15,38, </key>
<key name="immediate"> 11,9,20,22,0,103,63, </key>
<key name="impact"> 40, </key>
<key name="implement"> 57, </key>
<key name="import"> 68,70,72,73,16,74,75,66,76,77,15,79,80,81, </key>
<key name="important"> 48,4,22,75,60,76,57,6,58,79, </key>
<key name="inaccessibl"> 31, </key>
<key name="inactiv"> 11, </key>
<key name="inbound"> 11,83, </key>
<key name="inbox"> 30,32, </key>
<key name="inc"> 98, </key>
<key name="includ"> 11,12,7,17,19,4,53,29,5,25,10,95,84,96,2,97,31,45,60,99,61,14,62,103,77,79,80,81,86,87, </key>
<key name="incom"> 82,11,61,85,57,32,38, </key>
<key name="incorrect"> 14,91, </key>
<key name="increas"> 50,21,75,64, </key>
<key name="index"> 31,60,33,65, </key>
<key name="index1"> 60,65, </key>
<key name="individual"> 7,100,19,20,21,4,22,25,10,95,96,101,70,27,72,97,31,13,99,85,14,6,35,32,62,91,92,77,36,79,80,81, </key>
<key name="inform"> 75, </key>
<key name="information"> 11,7,67,42,3,20,89,83,4,46,39,52,22,29,5,10,84,69,26,71,43,44,73,16,66,31,13,60,99,61,85,1,102,34,62,93,77,15,38,36,79,80,81,64,65, </key>
<key name="inherit"> 17, </key>
<key name="ini"> 66,81, </key>
<key name="initial"> 22,29,5,2,60,90,30,93,38,65, </key>
<key name="initializ"> 10, </key>
<key name="input"> 46, </key>
<key name="insert"> 42, </key>
<key name="instal"> 11,7,47,48,83,4,84,96,26,60,99,61,14,1,103,79,80,81,86,65, </key>
<key name="install"> 0,2,13, </key>
<key name="installation"> 42,48,45,55,60, </key>
<key name="instead"> 67,77,79,80,81, </key>
<key name="instruct"> 58, </key>
<key name="integrat"> 99, </key>
<key name="interact"> 99, </key>
<key name="interfac"> 20,4,95,96,0,97,13,99,38, </key>
<key name="intermix"> 99, </key>
<key name="internal"> 42,88,46,39,69,43,44,45,14,90,92, </key>
<key name="internet"> 30, </key>
<key name="interrupt"> 75, </key>
<key name="interval"> 30, </key>
<key name="invalid"> 90,91,92, </key>
<key name="invit"> 29, </key>
<key name="invitation"> 29,31, </key>
<key name="ip"> 53,71,55,60,61,85,57, </key>
<key name="isp"> 53,58, </key>
<key name="issu"> 42,46,43,44, </key>
<key name="item"> 19,75,30,38,36,79, </key>
<key name="itself"> 63, </key>
<key name="jo"> 70,72,66,77, </key>
<key name="joanna"> 77, </key>
<key name="john"> 22, </key>
<key name="joseph"> 77, </key>
<key name="journal"> 75, </key>
<key name="junk"> 17,47,75,32,79,80,81, </key>
<key name="just"> 42, </key>
<key name="kb"> 83,53, </key>
<key name="keep"> 82,22,5,34, </key>

</ftswdata>  
