﻿<?xml version='1.0' encoding='utf-8' ?>
<!-- saved from url=(0014)about:internet -->
<ftswdata>
<key name="unknown"> 57, </key>
<key name="unles"> 19,28, </key>
<key name="unlimit"> 15,19,4,21,24,68,39, </key>
<key name="unlock"> 18,91, </key>
<key name="unprovision"> 82,83, </key>
<key name="unread"> 51,29, </key>
<key name="unreadabl"> 84, </key>
<key name="unsolicit"> 51,57, </key>
<key name="up"> 15,45,50,55,56,44,20,25,2,60,78,92,93,95,107,38,82,83, </key>
<key name="updat"> 16,52,42,4,73,24,87,29,102, </key>
<key name="upload"> 7,0,107,39, </key>
<key name="url"> 11,50,40,44,46,47, </key>
<key name="us"> 11,12,7,15,72,45,8,104,17,51,3,90,9,18,19,85,4,50,40,44,20,28,5,23,10,99,100,73,74,75,24,0,26,46,47,70,76,78,71,98,96,101,30,97,48,59,103,79,65,87,92,29,34,62,66,93,95,80,49,14,38,35,82,83,68,89,69,39, </key>
<key name="usag"> 11,85,23,24,27,92, </key>
<key name="useful"> 28,60,97, </key>
<key name="user"> 7,15,72,45,8,51,41,53,9,18,43,91,19,4,50,40,57,63,44,20,28,5,23,10,99,100,75,24,25,26,2,78,71,27,101,30,103,92,29,34,31,32,93,95,94,36,80,67,49,14,38,82,83,68,89,39, </key>
<key name="user'"> 8,50,20,75,26,71,29,32,66,95,80,82,83,89,39, </key>
<key name="usernam"> 45,70,76,71, </key>
<key name="usual"> 6, </key>
<key name="utiliti"> 11,13, </key>
<key name="utility"> 48, </key>
<key name="utiliz"> 82, </key>
<key name="vacation"> 38, </key>
<key name="valid"> 15,8,40,44,98, </key>
<key name="valu"> 50,20,24,47,59,6, </key>
<key name="variabl"> 83, </key>
<key name="variant"> 99, </key>
<key name="variou"> 11,50,5, </key>
<key name="verifi"> 50,23, </key>
<key name="verification"> 81,82,83, </key>
<key name="verify"> 98,1,106, </key>
<key name="verisign"> 97, </key>
<key name="version"> 25,102, </key>
<key name="via"> 54,64, </key>
<key name="view"> 84,11,7,15,51,53,18,19,85,4,21,28,5,23,10,99,25,0,58,30,97,65,87,6,29,66,14,38,88,68,89,39, </key>
<key name="violat"> 61, </key>
<key name="violator"> 61, </key>
<key name="virtual"> 11,45,44,48, </key>
<key name="viru"> 84,11,52,53,85,59,64,65,88, </key>
<key name="virus"> 54,85, </key>
<key name="voip"> 103, </key>
<key name="volum"> 11,85,64,65,69, </key>
<key name="wait"> 29, </key>
<key name="walk"> 45, </key>
<key name="want"> 72,45,17,41,19,20,5,23,10,100,26,60,98,101,30,97,61,34,1,106,80, </key>
<key name="warn"> 19,77,29,82,83, </key>
<key name="warning"> 77,82,83, </key>
<key name="way"> 16,30, </key>
<key name="web"> 12,7,41,19,4,57,63,44,5,10,99,100,24,26,98,101,64,103,29,62,66,38,39, </key>
<key name="webmail"> 15,62, </key>
<key name="websit"> 103, </key>
<key name="week"> 38, </key>
<key name="welcom"> 82,83, </key>
<key name="well"> 12, </key>
<key name="what"> 4,20,5,78,61,6,35,68, </key>
<key name="whenev"> 34,39, </key>
<key name="wheth"> 18,4,50,40,20,78,64,38,82,83,69, </key>
<key name="whil"> 84,77,78,103,87,32,82,83, </key>
<key name="whos"> 23,30,64,69, </key>
<key name="wid"> 11, </key>
<key name="wiki"> 11,45,99,35, </key>
<key name="wildcard"> 98, </key>
<key name="will"> 15,72,45,53,19,63,20,21,5,10,73,75,26,78,98,103,79,29,31,93,36,80,81,82,83,68,39, </key>
<key name="window"> 11,15,79,29,93,80,35,82,83, </key>
<key name="window'"> 80, </key>
<key name="with"> 40, </key>
<key name="within"> 11,7,15,50,40,10,99,46,103,66,93,38,35,89,39, </key>
<key name="without"> 50,44,30,66,67,89, </key>
<key name="wizard"> 11,45,50,40,20,28,10,73,75,46,47,70,76,78,71,98,30,97,48,79,80,82,83, </key>
<key name="word"> 20,10, </key>
<key name="work"> 78,103,38,83,39, </key>
<key name="would"> 19,40,28,75,80, </key>
<key name="writ"> 45, </key>
<key name="writh"> 80, </key>
<key name="wrong"> 91, </key>
<key name="www"> 103, </key>
<key name="wysiwyg"> 39, </key>
<key name="x"> 85,57,59, </key>
<key name="year"> 85, </key>
<key name="yes"> 1,106, </key>
<key name="your"> 15,104,17,52,3,54,50,40,57,20,21,5,23,99,100,105,74,75,24,2,98,101,30,97,103,87,61,34,62,106,95,80,82,83,69,39, </key>
<key name="z"> 15,92, </key>
<key name="zc"> 11,7,104,17,51,42,99,100,75,24,60,98,101,97,103,92,29,106,36,107,82,83,39, </key>
<key name="zimbra"> 84,11,12,7,72,51,52,41,53,19,85,4,50,40,55,56,57,63,44,5,10,99,86,100,73,75,24,25,0,26,60,70,76,78,71,101,13,97,64,103,79,65,87,92,29,62,106,66,95,94,107,80,81,14,38,82,83,102,88,69,39, </key>
<key name="zimbra'"> 35, </key>
<key name="zimbraaccount"> 50, </key>
<key name="zimbradistributionlist"> 50, </key>
<key name="zimbramailaddres"> 50, </key>
<key name="zimbramailalia"> 50, </key>
<key name="zimbramaildeliveryaddres"> 50, </key>
<key name="zimlet"> 11,104,4,20,5,105,24,0,30,103,106,107, </key>
<key name="zip"> 52,0,1,106,107, </key>
<key name="zmcertinstall"> 97, </key>
<key name="zmcertmgr"> 97, </key>
<key name="zmcontrol"> 98, </key>
<key name="zmcreatecert"> 97, </key>
<key name="zmprov"> 42,20,48,64, </key>
<key name="zon"> 20,29,36, </key>
<key name="zwc"> 99,100,25,26,101,38,39, </key>
<key name="|"> 50, </key>
<key name="é"> 90,95, </key>
<key name="ñ"> 90,95, </key>
<key name="ó"> 90,95, </key>
<key name="™"> 12,103, </key>

</ftswdata>  
