<?xml version='1.0' encoding='windows-1252' ?>
<ftswdata>
<key name="result"> 28,32,27,16,29,30,36,21,23, </key>
<key name="resum"> 35,41, </key>
<key name="retriev"> 18,21, </key>
<key name="return"> 28,27,16,30,21, </key>
<key name="review"> 33,50, </key>
<key name="rfc"> 37, </key>
<key name="rich"> 25, </key>
<key name="right"> 6,7,1,16,21,41, </key>
<key name="root"> 40,50,43, </key>
<key name="rout"> 32,0,25, </key>
<key name="rul"> 33,35,32,27,48,36,5,25, </key>
<key name="run"> 6,32,27,46,21,25,52,42, </key>
<key name="s"> 6,33,11,12,32,3,0,46,8,40,20,37,18,19,21,24,50,9,52,26,43, </key>
<key name="sam"> 16,0,23, </key>
<key name="samantha"> 16,23, </key>
<key name="sammy"> 16,23, </key>
<key name="samson"> 16,23, </key>
<key name="samuel"> 16,23, </key>
<key name="san"> 7, </key>
<key name="sav"> 1,35,12,13,14,3,16,17,29,30,19,22,24,41,25,52,43, </key>
<key name="scal"> 39, </key>
<key name="schedul"> 48,25, </key>
<key name="schema"> 27, </key>
<key name="scor"> 33, </key>
<key name="scroll"> 16, </key>
<key name="se"> 6,39,13,14,30,46,47,8,40,20,5,50,25,42, </key>
<key name="search"> 6,7,28,32,27,14,16,4,29,30,36,19,21,23,50,25, </key>
<key name="second"> 55, </key>
<key name="section"> 16, </key>
<key name="security"> 6,9, </key>
<key name="select"> 6,44,28,1,35,12,39,32,27,13,14,3,16,15,45,29,30,31,40,20,49,22,21,24,50,25,52,26,43, </key>
<key name="self"> 8, </key>
<key name="send"> 34,16,0,20,37,38, </key>
<key name="sender"> 37, </key>
<key name="sent"> 44,35,17,0,19,54, </key>
<key name="separat"> 6,16,50, </key>
<key name="sequenc"> 16,23,52, </key>
<key name="seri"> 13,52, </key>
<key name="serv"> 6,10,44,28,1,35,39,2,32,27,13,3,4,45,0,29,30,46,48,53,8,31,40,20,49,18,22,38,24,50,41,51,9,52,42,43, </key>
<key name="server"> 6,1,39,32,3,29,30,48,36,40,41,9,42,43, </key>
<key name="servic"> 6,7,44,1,35,2,32,27,3,4,46,48,8,36,40,20,5,22,41,9,42, </key>
<key name="session"> 10,2,13,3,55, </key>
<key name="set"> 6,10,33,35,12,2,32,13,3,0,29,30,48,36,40,37,5,18,22,54,38,55,24,25,52, </key>
<key name="setting"> 6,28,33,34,35,2,32,27,13,4,29,30,31,36,5,38,9, </key>
<key name="sev"> 0, </key>
<key name="shift"> 16, </key>
<key name="should"> 10,44,1,27,13,16,30,48,38,50,52, </key>
<key name="show"> 39,2,14,4,40,20,19,43, </key>
<key name="shown"> 44,52, </key>
<key name="sid"> 48, </key>
<key name="sign"> 2,8, </key>
<key name="signatur"> 4,19, </key>
<key name="simultaneous"> 48,25,52, </key>
<key name="sinc"> 48, </key>
<key name="singl"> 27,49,50,25,52, </key>
<key name="sit"> 35, </key>
<key name="siz"> 10,36,40,25,43, </key>
<key name="smith"> 13,50, </key>
<key name="smtp"> 37,38, </key>
<key name="sn"> 32, </key>
<key name="snmp"> 6,40,42, </key>
<key name="so"> 34,32,0,37, </key>
<key name="soft"> 12, </key>
<key name="softwar"> 33,34, </key>
<key name="sort"> 7, </key>
<key name="sourc"> 7,50,51,52, </key>
<key name="spac"> 10,13,3,16, </key>
<key name="spam"> 6,10,33,35,39,4,36,40,37,54,42, </key>
<key name="spamassassin"> 33,39, </key>
<key name="specifi"> 10,27,14,20,49,52, </key>
<key name="specific"> 6,35,39,2,32,27,14,16,36,20,18,23,50, </key>
<key name="specify"> 3,29,52, </key>
<key name="spell"> 40,42, </key>
<key name="ssl"> 28,32,27,29,30,40, </key>
<key name="standard"> 7,11,4,37,19,50, </key>
<key name="start"> 45,46,8,21,52, </key>
<key name="statistic"> 6,39,9, </key>
<key name="statu"> 6,44,35,12,40,20,21,51,9,42,43, </key>
<key name="status"> 12, </key>
<key name="stay"> 13, </key>
<key name="step"> 28,13,29,30,31,50, </key>
<key name="still"> 12,21,43, </key>
<key name="stop"> 35,8,21,41, </key>
<key name="stor"> 6,40,18,24,50,43, </key>
<key name="storag"> 43, </key>
<key name="str"> 32,4,19,23, </key>
<key name="styl"> 4,19,25, </key>
<key name="subject"> 7,33,25, </key>
<key name="subtre"> 50, </key>
<key name="succeed"> 27, </key>
<key name="sudden"> 35, </key>
<key name="suit"> 7,33,34,27,4,9,43, </key>
<key name="summary"> 28,29,30, </key>
<key name="suppli"> 27, </key>
<key name="surg"> 35, </key>
<key name="surnam"> 32, </key>
<key name="suspect"> 12, </key>
<key name="suspend"> 41, </key>
<key name="symbol"> 13, </key>
<key name="syntax"> 32, </key>
<key name="system"> 6,32,3,31,40,37,9,43, </key>
<key name="t"> 20, </key>
<key name="tab"> 6,33,34,1,35,12,2,14,3,17,36,40,18,19,22,54,55,24,41,25,42,43, </key>
<key name="tag"> 7,33,39,20,25,52,26, </key>
<key name="tak"> 12,40,21, </key>
<key name="target"> 51,52, </key>
<key name="task"> 0,48,8,20,9, </key>
<key name="templat"> 28, </key>
<key name="temporari"> 35,16, </key>
<key name="temporary"> 49,52, </key>
<key name="ten"> 16, </key>
<key name="term"> 30, </key>
<key name="test"> 28,29,30, </key>
<key name="text"> 28,4,29,30,40,19,50, </key>
<key name="them"> 34,43, </key>
<key name="third"> 25, </key>
<key name="thoroughnes"> 32, </key>
<key name="thos"> 2,48, </key>
<key name="though"> 2, </key>
<key name="thre"> 27, </key>
<key name="thread"> 4,40,19, </key>
<key name="threshold"> 40,43, </key>
<key name="thunderbird"> 25, </key>
<key name="tim"> 6,10,11,3,16,45,0,36,18,21,24,25,52,42, </key>
<key name="timeout"> 40,55, </key>
<key name="tip"> 14,20, </key>
<key name="tl"> 40, </key>
<key name="token"> 10, </key>
<key name="told"> 11, </key>
<key name="tool"> 6,2,13,14,3,8,31,20,21,52, </key>
<key name="toolbar"> 6,28,13,14,3,29,30,20,24, </key>
<key name="total"> 39, </key>
<key name="trac"> 8, </key>
<key name="trademark"> 7, </key>
<key name="traffic"> 35,41, </key>
<key name="transf"> 53, </key>
<key name="transfer"> 53, </key>
<key name="trash"> 10,4,54, </key>
<key name="tri"> 27, </key>
<key name="troubl"> 20,26, </key>
<key name="turn"> 33,42, </key>
<key name="two"> 34, </key>
<key name="typ"> 7,35,32,13,3,16,29,30,48,40,37,50,9,43, </key>
<key name="u"> 27, </key>
<key name="un"> 41, </key>
<key name="unauthoriz"> 35,12, </key>
<key name="unavailabl"> 16,48, </key>
<key name="unchang"> 10, </key>
<key name="unlimit"> 10,14,25, </key>
<key name="unprovision"> 52, </key>
<key name="unread"> 33, </key>
<key name="unsolicit"> 33, </key>
<key name="up"> 32,13,0,48,36,18,24,25,52, </key>
<key name="updat"> 34,2,45,19,56, </key>
<key name="url"> 6,32,27,29,30, </key>
<key name="us"> 6,7,10,1,35,11,12,2,32,27,13,3,16,4,45,0,29,30,46,48,53,20,49,18,19,22,21,38,23,55,24,50,9,25,52,26,43, </key>
<key name="usag"> 6,39,16, </key>
<key name="user"> 10,44,33,35,11,12,2,32,27,13,3,48,20,18,19,22,54,21,24,50,41,25,52,26, </key>
<key name="usernam"> 28,46, </key>
<key name="usual"> 5, </key>
<key name="utiliti"> 8, </key>
<key name="utiliz"> 52, </key>
<key name="valid"> 27, </key>
<key name="valu"> 32,13,30,36,5, </key>
<key name="variou"> 6,32,3, </key>
<key name="verifi"> 32, </key>
<key name="verification"> 51,52, </key>
<key name="version"> 56, </key>
<key name="via"> 40, </key>
<key name="view"> 6,10,33,35,12,39,2,14,3,16,4,20,5,19,55,25,42,26, </key>
<key name="violat"> 37, </key>
<key name="violator"> 37, </key>
<key name="viru"> 6,34,35,39,0,36,40,42, </key>
<key name="volum"> 6,39,40,43, </key>
<key name="walk"> 28, </key>
<key name="want"> 44,13,3,20,37,22,50, </key>
<key name="warn"> 47, </key>
<key name="warning"> 47,52, </key>
<key name="way"> 20, </key>
<key name="web"> 35,2,13,3,40,19,38,25, </key>
<key name="webmail"> 38, </key>
<key name="welcom"> 52, </key>
<key name="well"> 7, </key>
<key name="what"> 2,13,3,48,37,5, </key>
<key name="whenev"> 22, </key>
<key name="wheth"> 6,12,2,32,27,48,40,52,43, </key>
<key name="whil"> 47,48,21,52, </key>
<key name="whos"> 16,40,20,43, </key>
<key name="wid"> 6, </key>
<key name="will"> 44,28,35,13,14,3,17,48,49,54,50,51,52, </key>
<key name="window"> 6,49,19,50,52, </key>
<key name="with"> 27, </key>
<key name="within"> 6,32,27,29,18,26, </key>
<key name="without"> 7,32,20,41,26, </key>
<key name="wizard"> 6,28,32,27,13,45,29,30,46,48,31,20,49,50,9,52, </key>
<key name="word"> 13, </key>
<key name="work"> 48, </key>
<key name="would"> 27,50, </key>
<key name="writh"> 50, </key>
<key name="www"> 7, </key>
<key name="x"> 39, </key>
<key name="your"> 34,1,35,32,27,14,3,4,17,0,20,37,22,38,24,50,52,43, </key>
<key name="zimbra"> 6,7,44,33,34,35,39,2,32,27,13,3,4,45,0,46,48,8,31,40,49,19,38,50,51,9,25,52,42,43, </key>
<key name="zimbraaccount"> 32, </key>
<key name="zimbradistributionlist"> 32, </key>
<key name="zimbramailaddres"> 32, </key>
<key name="zimbramailalia"> 32, </key>
<key name="zimbramaildeliveryaddres"> 32, </key>
<key name="zip"> 34, </key>
<key name="zmprov"> 13,40, </key>

</ftswdata>  
