<?xml version='1.0' encoding='windows-1252' ?>
<ftswdata>
<key name="command"> 19,12,57,59, </key>
<key name="commercial"> 50, </key>
<key name="commit"> 1,20,31,33, </key>
<key name="common"> 46,47,43,22,51,27,55,69,35,71, </key>
<key name="company"> 15,43,38,22, </key>
<key name="complet"> 63,39,15,37,43,38,20,22,79,40,41,66,29,69,13,35,32,71, </key>
<key name="compos"> 4,26,28,55,35, </key>
<key name="compres"> 57,62, </key>
<key name="compression"> 57,62, </key>
<key name="compromis"> 54, </key>
<key name="comput"> 47,71, </key>
<key name="computer"> 59, </key>
<key name="concern"> 37, </key>
<key name="concurrenc"> 67, </key>
<key name="condition"> 35, </key>
<key name="conduct"> 68,71, </key>
<key name="configur"> 10,63,39,44,45,46,47,2,43,36,48,49,50,56,38,19,20,24,4,80,23,51,40,41,53,27,42,52,58,25,26,28,59,13,35,71,61,62, </key>
<key name="configuration"> 10,14,39,7,8,43,36,38,19,9,4,80,40,41,27,12,42,57,26,35, </key>
<key name="confirm"> 33, </key>
<key name="confus"> 55, </key>
<key name="connect"> 39,50,56,65,57,68, </key>
<key name="connection"> 36,48,49,57, </key>
<key name="consid"> 19,3, </key>
<key name="consider"> 44,36, </key>
<key name="consist"> 6, </key>
<key name="consistent"> 67, </key>
<key name="consol"> 10,6,7,16,8,50,56,38,80,12,42,58,13,71,81, </key>
<key name="consolidat"> 73, </key>
<key name="constraint"> 2,3,5, </key>
<key name="construct"> 43,69, </key>
<key name="contact"> 14,19,24,22,4,67,27,26,30,33,13,35,71, </key>
<key name="contain"> 6,73,3,22,9,27,12,31,59,69,35, </key>
<key name="content"> 10,6,14,16,17,20,24,3,22,9,79,27,57,58,75,31,29,59,33,34,32,76,77, </key>
<key name="continu"> 1,38,23,40,67,75,69, </key>
<key name="control"> 39,15,8,2,50,22,9, </key>
<key name="conversation"> 11,4,26,35, </key>
<key name="convert"> 71, </key>
<key name="cooki"> 59, </key>
<key name="copy"> 23, </key>
<key name="corn"> 26, </key>
<key name="corporat"> 43, </key>
<key name="correct"> 41, </key>
<key name="corrupt"> 72,27,75,29, </key>
<key name="cos"> 3, </key>
<key name="could"> 72,14,15,17,2,24,22,75,32, </key>
<key name="count"> 10,73,58, </key>
<key name="creat"> 10,6,63,39,44,45,1,18,2,38,19,20,24,3,22,9,79,4,64,23,0,40,41,27,12,42,68,58,25,26,33,69,70,13,35,71,62, </key>
<key name="criteria"> 35, </key>
<key name="cronntab"> 74, </key>
<key name="current"> 10,80,67,57,26,62, </key>
<key name="customiz"> 79, </key>
<key name="customization"> 79, </key>
<key name="dai"> 74,58, </key>
<key name="dat"> 67,26,28,35,71, </key>
<key name="data"> 10,73,67,57,76,62, </key>
<key name="databas"> 69, </key>
<key name="day"> 10,14,73,2,4,58,25,28,59, </key>
<key name="dc"> 43,36, </key>
<key name="decid"> 71, </key>
<key name="declin"> 24, </key>
<key name="deem"> 73, </key>
<key name="def"> 72, </key>
<key name="default"> 10,14,63,39,45,16,2,43,36,48,49,50,56,19,24,3,9,4,80,41,53,42,52,57,54,25,26,28,59,35,71,62, </key>
<key name="defer"> 72,10,58,75, </key>
<key name="defin"> 10,11,6,39,15,45,2,43,36,19,3,80,27,52,57,26,13,35,71,62, </key>
<key name="delay"> 74, </key>
<key name="delegat"> 11, </key>
<key name="delet"> 10,6,39,8,17,18,20,24,3,22,9,21,23,67,27,57,58,75,28,29,71,61,62, </key>
<key name="deliver"> 72,14,44,45,17,73,23,75,60,62, </key>
<key name="deliveri"> 74, </key>
<key name="delivery"> 72,46,50,56,74,23,78,57,75,26,55,32, </key>
<key name="deni"> 2,3, </key>
<key name="department"> 43, </key>
<key name="depend"> 73,29, </key>
<key name="deploy"> 79, </key>
<key name="deposit"> 29, </key>
<key name="descend"> 58,61, </key>
<key name="describ"> 39,22,40,41, </key>
<key name="description"> 10,14,39,2,24,3,22,42,57, </key>
<key name="descriptiv"> 24, </key>
<key name="deselect"> 3, </key>
<key name="design"> 47, </key>
<key name="designat"> 19,24,53,55, </key>
<key name="desir"> 17, </key>
<key name="desk"> 10, </key>
<key name="destination"> 64,65,58,69,70,71, </key>
<key name="detail"> 10,39,24,40,41,27,57,75,13,35, </key>
<key name="determin"> 44,17,2,43,56,3,67,5,59,71, </key>
<key name="dialog"> 39,7,1,8,19,20,9,4,64,65,67,26,29,33,69,70,71, </key>
<key name="different"> 6,1,46,73,3,51,57,75,5,55,69,13,35, </key>
<key name="direct"> 40,41,42, </key>
<key name="directory"> 14,39,43,36,19,24,22,40,41,42,25,31,33,69,71,62, </key>
<key name="disabl"> 10,14,44,37,46,17,43,50,56,3,4,23,51,52,5,26, </key>
<key name="disapprov"> 54, </key>
<key name="discard"> 67, </key>
<key name="disk"> 10,14,18,73,19,58,61, </key>
<key name="display"> 10,6,39,7,15,37,8,73,2,38,19,20,24,22,9,4,80,23,0,40,41,66,67,27,57,58,75,5,26,29,30,69,70,35,32,71,76,61,62, </key>
<key name="distinguish"> 69, </key>
<key name="distribution"> 10,39,15,43,22,9,21,67,27,13,32, </key>
<key name="divid"> 75, </key>
<key name="dn"> 43,36,50,56,38,40,41,52,57,54,69, </key>
<key name="do"> 63,37,46,47,38,24,9,23,51,54,29, </key>
<key name="document"> 72,10,11,6,39,7,8,9,42, </key>
<key name="documentation"> 10,79,68, </key>
<key name="domain"> 10,6,63,39,7,8,2,43,36,50,56,38,20,3,9,64,40,41,53,27,42,52,68,58,75,54,31,69,13,35,32,71, </key>
<key name="don"> 47,22,27, </key>
<key name="doubl"> 20,33, </key>
<key name="down"> 7,1,43,20,32, </key>
<key name="download"> 10,45,75,13,71, </key>
<key name="downtim"> 67, </key>
<key name="drop"> 7,1,20,32, </key>
<key name="duplicat"> 67, </key>
<key name="e"> 50,19,69, </key>
<key name="earli"> 67,75, </key>
<key name="easy"> 79,35, </key>
<key name="edit"> 10,6,7,15,8,17,18,38,20,3,9,0,40,41,27,42,57,29,30,33,34, </key>
<key name="effect"> 17,57, </key>
<key name="eith"> 72,10,14,39,15,43,22,40,41,57,75,26,31,28,59,69,35,71,61,62, </key>
<key name="elaborat"> 79, </key>
<key name="elaps"> 14, </key>
<key name="elsewher"> 52, </key>
<key name="email"> 10,14,63,7,44,46,47,18,43,50,19,20,24,22,9,23,0,51,67,27,58,5,28,55,69,34,13,35,71,61, </key>
<key name="embed"> 6, </key>
<key name="employe"> 2,43, </key>
<key name="empty"> 80,62, </key>
<key name="enabl"> 10,6,14,44,45,37,16,2,43,48,49,50,56,19,22,9,4,23,53,52,57,54,5,25,26,35, </key>
<key name="encrypt"> 45,48,49,25,33, </key>
<key name="end"> 2,3,4,26,13, </key>
<key name="enforc"> 14,25,31, </key>
<key name="enough"> 46, </key>
<key name="ensur"> 36,67,25, </key>
<key name="ent"> 39,15,43,36,56,38,19,20,24,3,22,9,23,40,41,65,67,27,33,69,32,71,62, </key>
<key name="enter"> 39,44,43,36,38,24,40,41,25,32, </key>
<key name="entri"> 14,63,43,27,69,77, </key>
<key name="entry"> 43,36, </key>
<key name="envelop"> 75, </key>
<key name="environment"> 10,1,9, </key>
<key name="equal"> 43, </key>
<key name="equipment"> 10,24,27, </key>
<key name="error"> 36,74,66,58,75,71, </key>
<key name="establish"> 42, </key>
<key name="etc"> 43,24,30, </key>
<key name="evaluat"> 75, </key>
<key name="even"> 2, </key>
<key name="every"> 45,2,58, </key>
<key name="everyon"> 22,27, </key>
<key name="ex"> 71, </key>
<key name="exampl"> 15,2,43,36,38,19,22,69,32, </key>
<key name="except"> 28, </key>
<key name="exception"> 5, </key>
<key name="exchang"> 10,63,67,68,69,13,71, </key>
<key name="execut"> 12, </key>
<key name="executabl"> 10,71, </key>
<key name="executiv"> 2, </key>
<key name="exhibit"> 54, </key>
<key name="exist"> 17,2,43,20,40,29,69,70,71,62, </key>
<key name="expand"> 73, </key>
<key name="expir"> 72,14,25,59, </key>
<key name="explicit"> 2,43,50,56,41,52, </key>
<key name="expos"> 24, </key>
<key name="exposur"> 59, </key>
<key name="expression"> 40,41, </key>
<key name="extension"> 46,47,51,52, </key>
<key name="external"> 11,6,14,39,43,36,50,56,40,41,42,57,25,31,55,33, </key>
<key name="fail"> 39,40,41, </key>
<key name="failur"> 72, </key>
<key name="far"> 10, </key>
<key name="fashion"> 25, </key>
<key name="featur"> 11,14,37,2,43,19,3,4,80,23,27,5,25,26,28,59,13,35,32,77, </key>
<key name="field"> 63,7,15,44,1,37,18,50,56,19,24,22,9,80,40,41,67,57,26,31,35,62, </key>
<key name="fil"> 72,10,45,46,47,9,51,66,67,27,57,75,29,71,77,62, </key>
<key name="filt"> 44,45,73,43,36,40,41,67,75,69, </key>
<key name="filter"> 72,11,44,43,55,35, </key>
<key name="final"> 78, </key>
<key name="find"> 15,22,29,32, </key>
<key name="finish"> 39,1,19,24,9,40,41, </key>
<key name="first"> 43,0,25,26,29,69,35,32,71, </key>
<key name="fix"> 75, </key>
<key name="flag"> 35, </key>
<key name="flander"> 69, </key>
<key name="floor"> 24, </key>
<key name="flush"> 75, </key>
<key name="fold"> 6,14,7,44,9,67,26,28,59,35,71, </key>
<key name="folder"> 11,6,9,4,67,27,26,28,29,30,69,35,71,77, </key>
<key name="follow"> 10,44,46,17,2,43,36,48,49,50,56,24,9,74,4,80,51,65,27,12,42,52,57,58,75,54,26,69,71,61,62, </key>
<key name="font"> 35, </key>
<key name="forc"> 14,50,56,31,33, </key>
<key name="forget"> 25,33, </key>
<key name="forgotten"> 27,75, </key>

</ftswdata>  
