<?xml version='1.0' encoding='windows-1252' ?>
<ftswdata>
<key name="limit"> 76,17,41,94,21,5,90,91,14,61,63, </key>
<key name="lin"> 46,4,22,25,30,13,59,37,64, </key>
<key name="link"> 11,22,10,30,59,6, </key>
<key name="list"> 11,17,66,41,8,18,19,3,39,48,49,9,20,4,45,22,23,28,25,10,90,24,67,95,26,0,27,53,43,69,70,91,30,59,93,60,79,14,29,34,33,87,97,72,62,36,73,15,37,35,74,75,80,64, </key>
<key name="lmtp"> 88,59,62, </key>
<key name="load"> 39, </key>
<key name="local"> 52,27,88,13,57,37,75, </key>
<key name="location"> 11,28,30,59,57,72,36,64, </key>
<key name="lock"> 17,19,20,83,30,14,84,34,85, </key>
<key name="lockout"> 17,20,83,14,84,85,86, </key>
<key name="log"> 11,17,82,20,83,77,38,40,22,10,78,0,2,69,30,59,71,60,14,84,61,85,87,97,62,37,74,75,80,81, </key>
<key name="login"> 17,20,50,51,40,26,44,59,85, </key>
<key name="logon"> 71, </key>
<key name="long"> 17,20,4,58,22,61,85,64, </key>
<key name="look"> 45,37, </key>
<key name="lookup"> 45,52,58,44,59, </key>
<key name="loop"> 57, </key>
<key name="lost"> 74,75, </key>
<key name="lotu"> 65,14,75, </key>
<key name="low"> 17,84,29, </key>
<key name="m"> 60, </key>
<key name="machin"> 59, </key>
<key name="mail"> 76,11,12,66,18,46,47,3,48,49,20,21,4,45,38,52,58,40,22,23,28,5,25,78,26,27,53,55,70,88,30,59,60,79,56,14,29,31,32,57,62,37,35,74,75,81, </key>
<key name="mailbox"> 11,17,66,19,47,3,48,20,21,77,4,22,28,78,26,2,68,16,70,88,30,59,71,60,6,29,32,87,72,62,73,37,35,74,75,80,63,81,64, </key>
<key name="maintain"> 76,28,15, </key>
<key name="maintenanc"> 19,48,20,30, </key>
<key name="major"> 14, </key>
<key name="mak"> 9,4,52,58,40,22,89,90,26,91,59,36, </key>
<key name="man"> 20,87, </key>
<key name="manag"> 76,11,46,4,23,5,27,30,13,44,54,59,93,79,14,87,15,37,64, </key>
<key name="management"> 15,64, </key>
<key name="manual"> 17, </key>
<key name="map"> 38, </key>
<key name="mapi"> 71,74, </key>
<key name="mark"> 46,22,90,70,64, </key>
<key name="market"> 65,72, </key>
<key name="mas"> 46, </key>
<key name="mat"> 17,85, </key>
<key name="match"> 39,45,38,26,37,35, </key>
<key name="maximum"> 17,41,45,52,43,54,84,37, </key>
<key name="mb"> 17,77,74,75, </key>
<key name="mean"> 17, </key>
<key name="measur"> 61, </key>
<key name="mechanism"> 11,41,38,93, </key>
<key name="meet"> 11,28,70,30,72, </key>
<key name="meeting"> 28,70,30,37,75, </key>
<key name="megabyt"> 17,21, </key>
<key name="memb"> 18,26,30,71,74, </key>
<key name="member"> 41,18,25,97, </key>
<key name="menu"> 23, </key>
<key name="messag"> 76,11,12,17,46,47,48,49,21,77,4,52,22,28,5,78,26,27,2,53,69,70,88,30,13,54,59,93,60,79,56,14,6,29,31,32,57,33,36,37,74,75,63,64, </key>
<key name="message1"> 59,64, </key>
<key name="method"> 38,22, </key>
<key name="microsoft"> 71,74,75, </key>
<key name="might"> 77,72, </key>
<key name="migrat"> 67,70,65,72,15,74,75, </key>
<key name="migration"> 11,66,68,16,70,65,71,14,72,15,74,75, </key>
<key name="migrator"> 75, </key>
<key name="mini"> 19,93,29, </key>
<key name="minimum"> 11,17,66,22,28,84, </key>
<key name="minut"> 17,59,29,61,85, </key>
<key name="mis"> 65, </key>
<key name="mod"> 11,41,45,42,43, </key>
<key name="modify"> 47,4,10,26,30,29, </key>
<key name="modul"> 0,14,1, </key>
<key name="monitor"> 76,11,21,28,60,79,15,80, </key>
<key name="month"> 77, </key>
<key name="morn"> 60, </key>
<key name="mous"> 17,23,30,61, </key>
<key name="mov"> 76,11,18,3,23,25,78,30,79,6, </key>
<key name="mt"> 78, </key>
<key name="mta"> 76,11,47,48,20,52,58,78,88,54,59,60,79,56,57,62,15,80, </key>
<key name="multipl"> 18,3,45,38,42,55,59,14,37, </key>
<key name="must"> 17,94,19,82,45,38,52,22,28,5,10,26,27,55,65,59,71,56,84,34,57,85,87,97,72,35,74,75,80,64, </key>
<key name="mx"> 52,58, </key>
<key name="mycompany"> 38, </key>
<key name="nam"> 76,11,41,18,19,3,4,45,38,51,58,40,22,23,28,5,25,10,67,26,42,43,68,16,65,30,44,59,14,33,72,62,37,35,74,75,64, </key>
<key name="navigat"> 11,14,29, </key>
<key name="navigation"> 11,77,22,23,28,5,25,24,26,0,59,34,1,96,97,62, </key>
<key name="ne"> 21,22,28,5,10,26,93,71,63, </key>
<key name="necessary"> 19,38,33,97, </key>
<key name="need"> 93, </key>
<key name="network"> 52,58, </key>
<key name="nev"> 17,4,64, </key>
<key name="new"> 76,11,7,17,66,41,94,47,3,82,20,4,40,22,23,28,5,25,10,26,0,42,43,70,30,44,93,71,14,84,29,33,87,97,37,74,75,64, </key>
<key name="next"> 11,17,66,41,94,3,82,45,22,28,25,10,90,67,42,43,68,16,70,65,91,71,34,87,97,72,73,35, </key>
<key name="nnot"> 75, </key>
<key name="non"> 66, </key>
<key name="nor"> 9,14, </key>
<key name="normal"> 20,34, </key>
<key name="not"> 11,7,66,41,18,48,45,22,28,5,25,10,90,67,26,43,70,65,59,79,6,1,72,75, </key>
<key name="notebook"> 11,7,8,9,21,25,10,37, </key>
<key name="notic"> 48,49,26,53, </key>
<key name="notifi"> 48,49,21,53,14,63, </key>
<key name="notification"> 46,47,2,37, </key>
<key name="notify"> 10, </key>
<key name="now"> 68,16,14,72, </key>
<key name="numb"> 76,11,17,41,19,46,49,20,77,50,51,22,23,28,5,89,78,26,69,70,30,44,54,59,93,79,14,84,29,31,32,85,73,37,74,75, </key>
<key name="number"> 22,55, </key>
<key name="numeric"> 17, </key>
<key name="object"> 7,19,4,5,72,37, </key>
<key name="objectclas"> 45, </key>
<key name="occupant"> 28, </key>
<key name="occur"> 17,85, </key>
<key name="off"> 46,21,28,70,60,37,80,63, </key>
<key name="offer"> 12,38, </key>
<key name="offic"> 71,37, </key>
<key name="often"> 19,47,79, </key>
<key name="ok"> 9,23,69,70,32,87,72, </key>
<key name="old"> 17,21,26,70,84,31,74,75,63,64, </key>
<key name="on"> 76,11,7,66,41,18,19,4,45,38,40,23,28,25,10,89,90,67,91,30,44,59,79,6,72,37,74,75,80,64, </key>
<key name="onc"> 22,10,69,70,37, </key>
<key name="open"> 12,19,46,3,48,83,40,22,25,10,0,69,30,71,79,29,32,1,96,61,85,87,97,74,75, </key>
<key name="openldap"> 38, </key>
<key name="operat"> 2, </key>
<key name="operation"> 45,38,70, </key>
<key name="opt"> 96,64, </key>
<key name="option"> 11,66,46,47,39,21,4,52,58,5,89,90,26,27,70,91,13,44,59,14,84,29,87,86,37,74,75, </key>
<key name="optional"> 7,41, </key>
<key name="ord"> 77,5,26,65,59,60,80,63, </key>
<key name="organiz"> 12,7,10,70,37,75, </key>
<key name="organization"> 45,65,37, </key>
<key name="origin"> 60,79, </key>
<key name="original"> 29,33, </key>
<key name="originat"> 52, </key>
<key name="other"> 7,10, </key>
<key name="otherwis"> 38, </key>
<key name="our"> 93, </key>
<key name="out"> 11,17,19,20,83,14,61,85,37, </key>
<key name="outbound"> 77, </key>
<key name="outbreak"> 48, </key>
<key name="outlook"> 70,37,74, </key>
<key name="output"> 59, </key>
<key name="outsid"> 56, </key>
<key name="overrid"> 17,4,58,22,5,26,6, </key>
<key name="overridden"> 4,31, </key>
<key name="overrul"> 50,51, </key>
<key name="overview"> 68,16, </key>
<key name="own"> 28,14,29,34,87,37, </key>
<key name="packag"> 77,78,59,60,80, </key>
<key name="pag"> 11,7,17,41,8,9,21,40,10,89,26,42,43,68,16,44,93,14,29,61,97,37,75, </key>
<key name="pan"> 11,19,20,77,4,22,23,28,5,25,24,26,0,30,59,93,60,79,14,34,1,96,87,97,62,36,35,80, </key>
<key name="parameter"> 45,54, </key>
<key name="part"> 45,38,40,35,75, </key>
<key name="partial"> 18,23,25,32,72,35, </key>
<key name="particular"> 48,4,5,14,62, </key>
<key name="partner"> 12, </key>
<key name="party"> 93,37, </key>
<key name="pas"> 52,58, </key>
<key name="password"> 11,17,66,41,47,82,20,83,4,45,38,52,58,40,22,5,10,26,42,43,68,16,65,30,14,6,84,34,85,87,86,15,37,74,75,81, </key>
<key name="past"> 41,42,43,84, </key>
<key name="path"> 10,65,59,75,64, </key>
<key name="penalti"> 79, </key>
<key name="per"> 7,77,45,10,42,43,14,29,34, </key>
<key name="percent"> 46, </key>
<key name="percentag"> 21,60,63, </key>
<key name="perform"> 45,13,35, </key>
<key name="performanc"> 12,45,70,60,15, </key>
<key name="period"> 22,70,14,85, </key>
<key name="periodic"> 76, </key>
<key name="permanent"> 64, </key>
<key name="permission"> 11,7,41,8,9,10,44,71,74, </key>
<key name="permit"> 37, </key>
<key name="person"> 37, </key>
<key name="personal"> 11,17,70,14,31, </key>
<key name="phon"> 22,28,93, </key>
<key name="pick"> 70,72, </key>
<key name="piec"> 28,30, </key>
<key name="plac"> 76,14,37, </key>
<key name="pleas"> 43, </key>
<key name="point"> 66,79,74,75, </key>
<key name="pol"> 29, </key>
<key name="polici"> 15, </key>
<key name="policy"> 11,17,28,26, </key>
<key name="pool"> 3,4,28,5, </key>
<key name="poor"> 56, </key>
<key name="pop"> 11,4,50,51,22,55,54,59,14,15,37, </key>
<key name="pop3"> 51,59,37, </key>
<key name="pops3"> 54, </key>
<key name="populat"> 28, </key>
<key name="port"> 41,45,38,50,51,52,58,42,43,55,68,16,59, </key>
<key name="portion"> 72,74,75, </key>
<key name="possibl"> 59,79,29, </key>
<key name="post"> 37, </key>

</ftswdata>  
