<?xml version='1.0' encoding='windows-1252' ?>
<!-- saved from url=(0014)about:internet -->
<ftswdata>
<key name="select"> 11,69,43,8,16,101,17,3,41,50,9,18,19,82,47,40,42,20,21,28,5,23,10,96,97,22,70,102,72,24,55,44,45,95,98,30,46,61,76,84,29,34,32,1,103,33,92,36,77,37,38,35,79,80,86,66, </key>
<key name="selection"> 29, </key>
<key name="self"> 95,94, </key>
<key name="send"> 81,49,50,51,19,54,60,23,83,55,95,30,84,58,29,59,38,39, </key>
<key name="sender"> 58, </key>
<key name="sent"> 81,69,19,82,54,28,83,24,26,2,95,62,29,31,37,38, </key>
<key name="separat"> 11,23,77, </key>
<key name="sequenc"> 16,23,35,79,80, </key>
<key name="seri"> 81,20,79,80, </key>
<key name="serv"> 11,15,69,43,17,49,3,41,50,19,82,4,47,40,52,53,54,60,42,20,28,5,70,71,72,0,44,45,57,73,67,75,68,95,93,30,13,94,46,61,76,62,84,89,59,103,92,104,77,64,78,14,38,35,79,80,85,65,66, </key>
<key name="server"> 11,17,3,41,82,4,47,52,53,60,28,5,96,44,45,57,75,94,56,61,62,64,14,85,66, </key>
<key name="servernam"> 95, </key>
<key name="servic"> 11,12,7,69,43,101,3,50,4,47,40,52,53,54,20,28,5,96,97,24,55,73,67,75,98,30,13,46,56,61,62,6,29,34,64,14,85, </key>
<key name="session"> 15,4,20,5,63, </key>
<key name="set"> 81,11,15,43,8,17,48,49,50,9,18,19,4,47,52,53,54,60,42,20,28,5,10,96,24,25,26,2,55,44,45,57,75,56,61,100,58,6,89,29,34,31,59,63,90,92,91,36,104,38,79,80,65,39, </key>
<key name="setting"> 11,15,43,48,49,50,51,19,4,47,40,52,53,54,60,20,5,24,55,44,45,98,46,56,6,29,59,14, </key>
<key name="setup"> 20,30, </key>
<key name="seven"> 38, </key>
<key name="shar"> 12,7,23,10,25,63,38,39, </key>
<key name="shift"> 16,23, </key>
<key name="ship"> 103, </key>
<key name="shortcut"> 29,38, </key>
<key name="shortnam"> 68, </key>
<key name="should"> 15,69,101,48,3,9,19,40,52,53,20,5,23,10,97,72,25,45,75,68,95,98,89,59,103,90,36,77,79,80, </key>
<key name="show"> 11,16,82,4,21,24,27,30,61,84,29,65,66, </key>
<key name="shown"> 69,28,79,80, </key>
<key name="sid"> 17,75, </key>
<key name="sign"> 17,95,94, </key>
<key name="signatur"> 29, </key>
<key name="similar"> 54,60, </key>
<key name="simp"> 96, </key>
<key name="simultaneous"> 75,38,79,80, </key>
<key name="sinc"> 75, </key>
<key name="singl"> 40,72,57,95,76,84,77,38,79, </key>
<key name="sit"> 28,57,95,94, </key>
<key name="siz"> 15,82,54,56,61,62,38,79,80,65,66,39, </key>
<key name="skyp"> 100, </key>
<key name="smith"> 20,77, </key>
<key name="smtp"> 54,60,58,59,80, </key>
<key name="sn"> 47, </key>
<key name="snapshot"> 11,84, </key>
<key name="snmp"> 11,61,62,85, </key>
<key name="so"> 49,47,54,60,28,24,2,95,100,58, </key>
<key name="soft"> 18, </key>
<key name="softwar"> 48,49,100, </key>
<key name="sort"> 12,82,27,62,65, </key>
<key name="sourc"> 12,72,68,56,77,78,79,80, </key>
<key name="spac"> 15,19,82,20,5,23,10,62,65, </key>
<key name="spam"> 81,11,15,48,82,54,56,61,62,58,31,85, </key>
<key name="spamassassin"> 48, </key>
<key name="specifi"> 15,69,17,18,47,40,54,21,26,68,30,76,90,79, </key>
<key name="specific"> 11,43,17,3,51,82,4,47,40,21,5,23,97,102,72,55,98,30,56,62,84,90,77,35, </key>
<key name="specification"> 100, </key>
<key name="specify"> 17,3,42,28,72,26,44,68,90,38,79,80, </key>
<key name="spell"> 61,85, </key>
<key name="split"> 57, </key>
<key name="spread"> 51, </key>
<key name="spreadsheet"> 7, </key>
<key name="ssl"> 43,47,40,52,53,54,60,44,45,57,73,61, </key>
<key name="st"> 95, </key>
<key name="standard"> 12,58,29,77, </key>
<key name="start"> 70,73,67,95,13,32,79,80,39, </key>
<key name="stat"> 50,28,55,95, </key>
<key name="statistic"> 11,19,82,62,14,65, </key>
<key name="statu"> 11,15,69,17,50,18,88,20,28,102,24,30,61,62,32,90,37,78,14,35,85,66, </key>
<key name="status"> 17,18, </key>
<key name="stay"> 81,20,28,84, </key>
<key name="step"> 43,20,44,45,46,77, </key>
<key name="still"> 18,32,66, </key>
<key name="stop"> 50,95,13,32,64, </key>
<key name="stor"> 11,61,89,92,77,66, </key>
<key name="storag"> 19,66, </key>
<key name="str"> 47,29,35, </key>
<key name="street"> 28, </key>
<key name="styl"> 29,38, </key>
<key name="sub"> 95, </key>
<key name="subject"> 48,95,38, </key>
<key name="submit"> 95,94, </key>
<key name="subscrib"> 12,25,39, </key>
<key name="substr"> 72, </key>
<key name="subtre"> 72,77, </key>
<key name="succeed"> 40, </key>
<key name="successful"> 81, </key>
<key name="suggest"> 41,28,38, </key>
<key name="suit"> 12,48,49,40,10,100,14,99,66,39, </key>
<key name="summari"> 84, </key>
<key name="summary"> 43,44,45,62,84, </key>
<key name="sup"> 80, </key>
<key name="suppli"> 40, </key>
<key name="support"> 12, </key>
<key name="sur"> 42,97,98, </key>
<key name="surnam"> 47, </key>
<key name="suspect"> 18, </key>
<key name="suspend"> 64, </key>
<key name="symbol"> 15,20,89, </key>
<key name="syntax"> 17,47, </key>
<key name="system"> 11,51,82,47,5,2,61,100,58,14,80,66, </key>
<key name="system32"> 80, </key>
<key name="t"> 23,30, </key>
<key name="tab"> 11,8,16,101,48,49,3,41,50,51,9,18,88,19,4,52,53,54,60,42,21,5,10,96,97,102,24,25,26,98,46,56,61,100,84,89,29,34,31,90,92,36,104,64,37,38,85,66,39, </key>
<key name="tag"> 12,48,82,30,29,38,79,80,86,39, </key>
<key name="tak"> 50,18,55,61,32, </key>
<key name="target"> 95,78,79,80, </key>
<key name="task"> 12,19,2,75,30,13,14,39, </key>
<key name="telephon"> 24, </key>
<key name="templat"> 7,43,10, </key>
<key name="temporari"> 81,50,18,88,90, </key>
<key name="temporary"> 76,79, </key>
<key name="ten"> 16,23, </key>
<key name="term"> 45, </key>
<key name="test"> 43,44,45,95,94, </key>
<key name="text"> 43,8,41,19,52,53,44,45,61,29,77,38, </key>
<key name="them"> 81,16,49,4,20,5,96,97,24,98,30,100,84,38,66,39, </key>
<key name="third"> 100,38, </key>
<key name="thoroughnes"> 47, </key>
<key name="thos"> 50,51,4,55,57,75, </key>
<key name="though"> 4, </key>
<key name="thre"> 40,35, </key>
<key name="thread"> 52,53,56,61,29, </key>
<key name="threshold"> 19,61,66, </key>
<key name="thu"> 28, </key>
<key name="thumbnail"> 100, </key>
<key name="thunderbird"> 38, </key>
<key name="tim"> 81,11,15,69,16,17,87,19,20,28,5,23,10,70,72,2,27,30,56,62,84,89,29,32,63,90,92,36,38,79,80,85,39, </key>
<key name="timeout"> 15,60,24,61,63, </key>
<key name="timezon"> 29, </key>
<key name="tip"> 21,30, </key>
<key name="tl"> 54,60,61, </key>
<key name="toggl"> 102,26, </key>
<key name="token"> 15,63, </key>
<key name="told"> 87, </key>
<key name="too"> 84, </key>
<key name="tool"> 11,20,21,5,30,13,32,14,79,39, </key>
<key name="toolbar"> 11,43,8,17,87,9,20,21,28,5,10,102,24,44,45,30,46,92, </key>
<key name="topic"> 73, </key>
<key name="total"> 17,82,83,30, </key>
<key name="trac"> 13, </key>
<key name="track"> 39, </key>
<key name="traffic"> 64, </key>
<key name="train"> 48, </key>
<key name="transaction"> 54,60, </key>
<key name="transf"> 93, </key>
<key name="transfer"> 93, </key>
<key name="trash"> 15,28,31,80, </key>
<key name="tri"> 40,91, </key>
<key name="trig"> 90, </key>
<key name="troubl"> 30,86, </key>
<key name="troubleshoot"> 84, </key>
<key name="trust"> 54,60, </key>
<key name="try"> 18,60,95,29, </key>
<key name="turn"> 48,104,85, </key>
<key name="twic"> 95, </key>
<key name="two"> 69,48,49,96,2,75,94,84, </key>
<key name="typ"> 8,16,17,41,50,51,9,47,20,28,5,23,10,55,44,45,75,30,94,61,100,62,84,58,77,14,38,35,66, </key>
<key name="u"> 40, </key>
<key name="ui"> 15,4,5,96,97,24,0,98,38, </key>
<key name="un"> 64, </key>
<key name="unauthoriz"> 50,51,18,55, </key>
<key name="unavailabl"> 28,75,37, </key>
<key name="unchang"> 15, </key>
<key name="uncheck"> 3,20, </key>
<key name="undeploy"> 1,103, </key>
<key name="unifi"> 11,35, </key>
<key name="uninstal"> 1,103, </key>
<key name="uninstall"> 100, </key>
<key name="uniqu"> 81,15,89, </key>
<key name="uniquenes"> 91, </key>
<key name="unit"> 68,95, </key>
<key name="unknown"> 54, </key>
<key name="unles"> 28, </key>
<key name="unlimit"> 15,19,4,21,24,65,39, </key>
<key name="unlock"> 18,88, </key>
<key name="unprovision"> 79,80, </key>
<key name="unread"> 48,29, </key>
<key name="unreadabl"> 81, </key>
<key name="unsolicit"> 48,54, </key>
<key name="up"> 15,43,47,52,53,42,20,25,2,57,75,89,90,92,104,38,79,80, </key>
<key name="updat"> 16,49,4,70,24,84,29,99, </key>
<key name="upload"> 7,0,104,39, </key>
<key name="url"> 11,47,40,42,44,45, </key>
<key name="us"> 11,12,7,15,69,43,8,101,17,48,3,87,9,18,19,82,4,47,40,42,20,28,5,23,10,96,97,70,71,72,24,0,26,44,45,73,67,75,68,95,93,98,30,94,46,56,100,76,62,84,89,29,34,32,59,63,90,92,77,14,38,35,79,80,65,86,66,39, </key>
<key name="usag"> 11,82,23,24,27,89, </key>
<key name="useful"> 28,57,94, </key>
<key name="user"> 7,15,69,43,8,48,41,50,9,18,88,19,4,47,40,54,60,42,20,28,5,23,10,96,97,72,24,25,26,2,75,68,27,98,30,100,89,29,34,31,32,90,92,91,36,77,64,14,38,79,80,65,86,39, </key>
<key name="usernam"> 43,73,67,68, </key>
<key name="usual"> 6, </key>
<key name="utiliti"> 11,13, </key>
<key name="utiliz"> 79, </key>
<key name="vacation"> 38, </key>

</ftswdata>  
