<?xml version='1.0' encoding='windows-1252' ?>
<ftswdata>
<key name="walk"> 29, </key>
<key name="want"> 45,55,13,3,20,38,23,51, </key>
<key name="warn"> 48,57, </key>
<key name="warning"> 48,53, </key>
<key name="way"> 20, </key>
<key name="web"> 36,2,13,3,4,41,19,39,61,26, </key>
<key name="webmail"> 39, </key>
<key name="welcom"> 53, </key>
<key name="well"> 7, </key>
<key name="what"> 2,55,13,3,49,38,5, </key>
<key name="whenev"> 23, </key>
<key name="wheth"> 6,12,2,33,28,55,49,41,53,44, </key>
<key name="whil"> 48,49,21,53, </key>
<key name="whos"> 16,41,20,44, </key>
<key name="wid"> 6, </key>
<key name="will"> 45,29,36,13,14,3,17,49,50,58,60,51,52,53, </key>
<key name="window"> 6,50,19,51,53, </key>
<key name="with"> 28, </key>
<key name="within"> 6,33,28,30,18,27, </key>
<key name="without"> 7,33,20,42,27, </key>
<key name="wizard"> 6,29,33,28,55,13,46,30,31,47,49,32,20,50,58,51,9,53, </key>
<key name="word"> 13, </key>
<key name="work"> 49, </key>
<key name="would"> 28,55,51, </key>
<key name="writh"> 51, </key>
<key name="www"> 7, </key>
<key name="x"> 40, </key>
<key name="your"> 35,1,36,33,28,55,14,3,4,56,17,0,57,59,20,38,58,23,39,25,51,53,44, </key>
<key name="zc"> 6, </key>
<key name="zimbra"> 6,7,45,34,35,36,40,2,33,28,55,13,3,4,46,47,57,49,59,8,32,41,50,19,58,39,61,51,52,9,26,53,62,43,44, </key>
<key name="zimbraaccount"> 33, </key>
<key name="zimbradistributionlist"> 33, </key>
<key name="zimbramailaddres"> 33, </key>
<key name="zimbramailalia"> 33, </key>
<key name="zimbramaildeliveryaddres"> 33, </key>
<key name="zip"> 35, </key>
<key name="zmprov"> 13,41, </key>
<key name="zon"> 4, </key>

</ftswdata>  
