<?xml version='1.0' encoding='windows-1252' ?>
<ftswdata>
<key name="tag"> 12,44,74,28,14,35,71,78,72, </key>
<key name="tak"> 46,19,51,57,30, </key>
<key name="target"> 70,71,72, </key>
<key name="task"> 0,67,28,13,15, </key>
<key name="templat"> 6,39,9, </key>
<key name="temporari"> 73,46, </key>
<key name="temporary"> 68,71, </key>
<key name="ten"> 17,24, </key>
<key name="term"> 41, </key>
<key name="test"> 39,40,41, </key>
<key name="text"> 39,7,37,48,49,4,40,41,57,27,69,35, </key>
<key name="them"> 73,17,45,86,87,76,27,35,62, </key>
<key name="third"> 89,35, </key>
<key name="thoroughnes"> 43, </key>
<key name="thos"> 46,47,2,51,53,67, </key>
<key name="though"> 2, </key>
<key name="thre"> 36, </key>
<key name="thread"> 48,49,4,57,27, </key>
<key name="threshold"> 57,62, </key>
<key name="thu"> 26, </key>
<key name="thumbnail"> 89, </key>
<key name="thunderbird"> 35, </key>
<key name="tim"> 73,11,16,17,79,26,3,24,4,64,0,52,58,76,14,81,30,59,82,84,83,35,71,77,72, </key>
<key name="timeout"> 16,56,4,57,59, </key>
<key name="timezon"> 27, </key>
<key name="tip"> 22,28, </key>
<key name="tl"> 50,56,57, </key>
<key name="token"> 16,4,59, </key>
<key name="told"> 79, </key>
<key name="too"> 76, </key>
<key name="tool"> 11,2,21,22,3,28,13,14,30,15,71, </key>
<key name="toolbar"> 11,39,7,18,79,8,21,22,26,3,9,40,41,28,42,84, </key>
<key name="total"> 18,74,75,28, </key>
<key name="trac"> 13, </key>
<key name="traffic"> 60, </key>
<key name="train"> 44, </key>
<key name="transaction"> 50,56, </key>
<key name="transf"> 85, </key>
<key name="transfer"> 85, </key>
<key name="trash"> 16,26,4,29,72, </key>
<key name="tri"> 36,83, </key>
<key name="trig"> 82, </key>
<key name="troubl"> 28,78, </key>
<key name="troubleshoot"> 76, </key>
<key name="trust"> 50,56, </key>
<key name="try"> 19,56, </key>
<key name="turn"> 44,93,77, </key>
<key name="two"> 63,44,45,86,0,76, </key>
<key name="typ"> 7,17,18,37,46,47,8,43,21,26,3,24,9,51,40,41,67,28,57,89,58,76,54,69,15,35,33,62, </key>
<key name="u"> 36, </key>
<key name="ui"> 16,86,4,87,10,27,35, </key>
<key name="un"> 60, </key>
<key name="unauthoriz"> 46,47,19,51, </key>
<key name="unavailabl"> 26,67,34, </key>
<key name="unchang"> 16, </key>
<key name="uncheck"> 1, </key>
<key name="undeploy"> 92, </key>
<key name="uninstal"> 92, </key>
<key name="uninstall"> 89,14, </key>
<key name="uniqu"> 73, </key>
<key name="uniquenes"> 14,83, </key>
<key name="unknown"> 50, </key>
<key name="unles"> 26, </key>
<key name="unlimit"> 16,2,22,35,61, </key>
<key name="unlock"> 80, </key>
<key name="unprovision"> 71,72, </key>
<key name="unread"> 44, </key>
<key name="unreadabl"> 73, </key>
<key name="unsolicit"> 44,50, </key>
<key name="up"> 39,43,48,49,38,21,0,53,67,81,82,84,83,93,35,71,72, </key>
<key name="updat"> 17,45,2,64,76,27,88, </key>
<key name="upgrad"> 14, </key>
<key name="upload"> 6,50,10,14,93, </key>
<key name="url"> 11,43,36,40,41, </key>
<key name="us"> 11,12,6,16,63,39,7,90,18,44,1,79,8,19,20,74,2,43,36,38,21,26,3,24,9,86,4,87,64,10,25,40,41,65,67,85,28,42,89,68,58,76,14,81,27,32,30,55,59,82,84,69,15,35,33,71,61,78,62,72, </key>
<key name="usag"> 11,74,24,87,81, </key>
<key name="useful"> 26,53, </key>
<key name="user"> 6,16,63,39,7,44,37,46,8,19,80,20,2,43,36,50,56,38,21,26,3,24,9,86,4,87,25,0,67,28,89,14,81,27,32,29,30,82,84,83,69,60,15,35,71,61,78,72, </key>
<key name="usernam"> 39,65, </key>
<key name="usual"> 5, </key>
<key name="utiliti"> 13, </key>
<key name="utiliz"> 71, </key>
<key name="vacation"> 35, </key>
<key name="valid"> 16,7,36,38, </key>
<key name="valu"> 43,21,41,52,5, </key>
<key name="variabl"> 72, </key>
<key name="variant"> 86, </key>
<key name="variou"> 11,43,3, </key>
<key name="verifi"> 43,24, </key>
<key name="verification"> 70,71,72, </key>
<key name="verify"> 92, </key>
<key name="version"> 88, </key>
<key name="via"> 47,57, </key>
<key name="view"> 73,11,6,16,44,46,19,20,74,2,22,26,3,24,9,86,4,51,28,58,76,14,5,27,59,35,77,61,78, </key>
<key name="violat"> 54, </key>
<key name="violator"> 54, </key>
<key name="virtual"> 39,38,42, </key>
<key name="viru"> 73,11,45,46,74,52,57,58,77, </key>
<key name="virus"> 47,74, </key>
<key name="voip"> 89, </key>
<key name="volum"> 11,74,57,58,62, </key>
<key name="wait"> 27, </key>
<key name="walk"> 39, </key>
<key name="want"> 63,39,18,37,21,3,24,9,53,28,54,32,92,69, </key>
<key name="warn"> 66,71,72, </key>
<key name="warning"> 66,71,72, </key>
<key name="way"> 17,28, </key>
<key name="web"> 12,6,37,20,2,50,56,21,3,9,86,4,87,25,57,89,14,27,55,59,35, </key>
<key name="webmail"> 16,55, </key>
<key name="websit"> 89, </key>
<key name="welcom"> 71,72, </key>
<key name="well"> 12, </key>
<key name="what"> 2,21,3,67,54,5,33,61, </key>
<key name="whenev"> 32, </key>
<key name="wheth"> 11,19,2,43,36,67,57,14,35,71,62,72, </key>
<key name="whil"> 73,66,67,89,76,30,71,72, </key>
<key name="whos"> 24,28,57,62, </key>
<key name="wid"> 11, </key>
<key name="wiki"> 6,39,7,8,9,86, </key>
<key name="will"> 16,63,39,46,20,56,21,22,3,9,25,67,89,68,27,29,82,83,69,70,71,61,72, </key>
<key name="window"> 11,68,27,82,69,71,72, </key>
<key name="with"> 36, </key>
<key name="within"> 11,6,43,36,9,86,40,89,14,81,59,82,33,78, </key>
<key name="without"> 43,38,28,59,60,78, </key>
<key name="wizard"> 11,39,43,36,21,26,9,64,40,41,65,67,28,42,68,14,69,71,72, </key>
<key name="word"> 21, </key>
<key name="work"> 67,89,72, </key>
<key name="would"> 36,26,69, </key>
<key name="writ"> 39, </key>
<key name="writh"> 69, </key>
<key name="wrong"> 80, </key>
<key name="www"> 89, </key>
<key name="x"> 16,74, </key>
<key name="year"> 74, </key>
<key name="yes"> 92, </key>
<key name="your"> 90,18,45,1,47,43,36,50,22,3,24,86,4,91,10,0,28,89,76,54,32,55,92,84,69,71,62,72, </key>
<key name="z"> 83, </key>
<key name="zc"> 6,90,18,44,53,89,14,81,92,93,72, </key>
<key name="zimbra"> 73,11,12,6,63,44,45,37,46,20,74,2,43,36,48,49,50,56,38,21,3,9,86,75,4,87,64,91,10,25,53,65,67,13,57,89,68,58,76,14,81,27,55,92,59,84,83,93,69,70,15,35,71,88,77,62,72, </key>
<key name="zimbraaccount"> 43, </key>
<key name="zimbradistributionlist"> 43, </key>
<key name="zimbramailaddres"> 43, </key>
<key name="zimbramailalia"> 43, </key>
<key name="zimbramaildeliveryaddres"> 43, </key>
<key name="zimlet"> 11,90,91,10,89,14,92,93, </key>
<key name="zip"> 45,10,92,93, </key>
<key name="zmprov"> 21,57, </key>
<key name="zon"> 4, </key>
<key name="zwc"> 87,25,14,35, </key>

</ftswdata>  
