﻿<?xml version='1.0' encoding='utf-8' ?>
<!-- saved from url=(0014)about:internet -->
<ftswdata>
<key name="calendar"> 12,19,28,23,25,78,30,103,29,33,36,14,38,82,83,68,89,39, </key>
<key name="calendar'"> 25, </key>
<key name="call"> 103, </key>
<key name="cancel"> 32, </key>
<key name="cannot"> 84,7,15,53,90,9,43,50,40,57,63,20,5,23,25,2,60,30,64,92,32,95,80,49,38,69,39, </key>
<key name="canonical"> 20, </key>
<key name="capabiliti"> 12, </key>
<key name="capacity"> 28, </key>
<key name="car"> 78, </key>
<key name="cas"> 15,43,28,78,6,92,62, </key>
<key name="categori"> 38, </key>
<key name="caution"> 32,62, </key>
<key name="ceil"> 59, </key>
<key name="central"> 11, </key>
<key name="certain"> 78, </key>
<key name="certificat"> 98,97,14, </key>
<key name="certify"> 97, </key>
<key name="chang"> 11,7,15,72,45,104,51,3,53,42,90,9,18,43,91,19,85,4,57,63,44,20,21,28,5,10,99,100,105,24,60,70,76,98,101,30,97,48,59,64,103,65,6,92,29,34,33,66,93,95,36,80,49,37,38,82,83,88,68,69,39, </key>
<key name="chapt"> 51,42,103,65, </key>
<key name="character"> 15,90,92,29,95, </key>
<key name="check"> 15,72,45,8,104,52,9,43,85,57,63,20,28,23,100,75,25,46,47,76,78,71,98,101,59,64,61,92,29,34,32,66,93,95,107,80,67,81,38,68,69, </key>
<key name="checkbox"> 78,29, </key>
<key name="checkmark"> 100,101,64, </key>
<key name="choic"> 38, </key>
<key name="choos"> 45,18,75,79,34,67,37, </key>
<key name="chosen"> 3, </key>
<key name="cisco"> 103, </key>
<key name="city"> 28,98, </key>
<key name="clam"> 52, </key>
<key name="clamav"> 52, </key>
<key name="clas"> 11,7,72,45,104,3,53,4,20,28,5,99,100,24,58,101,30,48,6,34,14, </key>
<key name="classify"> 38, </key>
<key name="clear"> 15,55,56,57,63,64, </key>
<key name="cli"> 42,13,97,48,64,103, </key>
<key name="click"> 11,15,72,45,8,16,104,17,3,90,9,18,19,44,20,21,28,5,23,10,22,73,105,75,24,0,46,47,70,76,77,78,71,98,27,48,103,79,87,29,34,32,1,106,33,66,93,95,107,80,67,49,37,81,35,82,83,68,69, </key>
<key name="clickabl"> 15,66, </key>
<key name="client"> 15,41,18,19,4,57,63,44,20,5,10,99,100,24,26,98,101,97,103,61,29,66,38,39, </key>
<key name="client'"> 57,61, </key>
<key name="clos"> 11,16,17,18,43,19,40,30,32,35, </key>
<key name="cn"> 50,75,98,80,82, </key>
<key name="co"> 11,15,72,45,104,3,41,53,18,19,4,50,20,28,5,100,105,24,25,26,58,101,59,103,6,92,29,34,31,66,93,94,36,107,14,38,68,39, </key>
<key name="collaboration"> 12,7,51,52,40,10,103,14,102,69,39, </key>
<key name="collect"> 7,10, </key>
<key name="color"> 99,38, </key>
<key name="column"> 3,105,24,27,30,68, </key>
<key name="com"> 42,50,40,44,20,75,26,103,87,80, </key>
<key name="com_zimbra_dat"> 103, </key>
<key name="com_zimbra_email"> 103, </key>
<key name="com_zimbra_phon"> 103, </key>
<key name="com_zimbra_search"> 103, </key>
<key name="com_zimbra_url"> 103, </key>
<key name="combin"> 50, </key>
<key name="combination"> 94, </key>
<key name="comma"> 23,80, </key>
<key name="command"> 20,98,13,97,64,66, </key>
<key name="commercial"> 57,98,97, </key>
<key name="commit"> 3,21,34,95, </key>
<key name="common"> 53,54,50,23,75,58,98,30,62,36,80,38,35,82, </key>
<key name="communication"> 97,39, </key>
<key name="company"> 16,50,44,20,23,24,98,103, </key>
<key name="compar"> 98, </key>
<key name="complet"> 72,45,16,17,41,50,44,20,21,23,99,75,46,47,70,76,77,71,98,103,32,80,14,38,35,82,83,39, </key>
<key name="complex"> 15,17,35, </key>
<key name="compos"> 24,29,31,62,38, </key>
<key name="compres"> 64,69, </key>
<key name="compression"> 64,69, </key>
<key name="compromis"> 61, </key>
<key name="comput"> 54,0,98,107,82,83, </key>
<key name="computer"> 66, </key>
<key name="concern"> 41, </key>
<key name="concurrenc"> 78, </key>
<key name="condition"> 38, </key>
<key name="conduct"> 79,82, </key>
<key name="configur"> 11,15,72,45,17,51,52,53,54,91,19,4,50,40,55,56,57,63,44,20,21,28,99,100,26,58,46,47,60,101,30,48,59,103,65,92,29,31,66,94,36,80,14,38,82,83,68,69,39, </key>
<key name="configuration"> 11,15,45,8,104,42,9,18,50,40,44,20,10,24,0,46,47,13,48,64,103,1,106,107,38,39, </key>
<key name="confirm"> 95, </key>
<key name="confus"> 62, </key>
<key name="connect"> 45,57,63,70,76,71,64,79,83, </key>
<key name="connection"> 40,55,56,76,64, </key>
<key name="consecutiv"> 15,18,93, </key>
<key name="consid"> 20,5, </key>
<key name="consider"> 51,40, </key>
<key name="consist"> 7, </key>
<key name="consistent"> 78, </key>
<key name="consol"> 11,7,15,8,90,9,57,63,44,0,70,76,98,13,97,48,103,65,66,107,14,35,82,83,102, </key>
<key name="consolidat"> 85, </key>
<key name="constraint"> 4,5,6, </key>
<key name="construct"> 50,75,80, </key>
<key name="contact"> 15,20,28,23,24,78,30,103,29,33,95,14,82,83,39, </key>
<key name="contain"> 7,90,85,5,23,10,71,30,13,97,34,66,95,80,38,83, </key>
<key name="content"> 11,7,15,17,18,85,4,20,21,28,5,23,10,105,0,30,59,103,65,87,29,34,32,1,106,66,95,107,49,37,35,88,89,39, </key>
<key name="continu"> 15,3,44,75,26,46,78,87,80, </key>
<key name="control"> 45,16,9,4,57,10, </key>
<key name="conversation"> 12,29,38,39, </key>
<key name="convert"> 82,83, </key>
<key name="cooki"> 66, </key>
<key name="copy"> 24,26,70,76,29, </key>
<key name="copyright"> 102, </key>
<key name="corn"> 29, </key>
<key name="corporat"> 50, </key>
<key name="correct"> 47,98,93, </key>
<key name="corrupt"> 84,11,30,87,32, </key>
<key name="cos"> 5,107, </key>
<key name="could"> 84,15,16,4,28,87,35, </key>
<key name="count"> 11,85,65, </key>
<key name="country"> 98, </key>
<key name="creat"> 11,7,15,72,45,17,51,52,3,42,43,4,57,44,20,21,28,5,23,10,99,73,24,25,0,26,2,46,47,98,30,48,103,79,65,92,29,95,94,107,80,49,81,14,38,35,82,69,39, </key>
<key name="creation"> 10, </key>
<key name="creator"> 97, </key>
<key name="criteria"> 17,38,35, </key>
<key name="cronntab"> 86, </key>
<key name="csr"> 98,97, </key>
<key name="csv"> 39, </key>
<key name="current"> 11,100,78,101,64,83,69, </key>
<key name="custom"> 0,1,106, </key>
<key name="customiz"> 99,100,101, </key>
<key name="dai"> 19,86,65, </key>
<key name="dat"> 15,78,27,30,97,103,29,31,38,82,83,39, </key>
<key name="data"> 11,85,59,64,88,69, </key>
<key name="databas"> 80, </key>
<key name="day"> 11,15,19,85,4,97,65,92,29,31,66,93,38, </key>
<key name="dc"> 50,40, </key>
<key name="decid"> 82,83, </key>
<key name="declin"> 28, </key>
<key name="deem"> 85, </key>
<key name="def"> 84, </key>
<key name="default"> 11,15,72,45,104,17,52,4,50,40,55,56,57,63,20,28,5,10,99,100,74,24,47,60,98,101,97,48,59,64,103,61,92,29,31,66,93,36,107,38,82,83,69,39, </key>
<key name="defer"> 84,11,65,87, </key>
<key name="defin"> 11,12,7,45,16,52,9,85,4,50,40,20,5,24,30,59,64,103,14,38,82,83,69,39, </key>
<key name="delay"> 86, </key>
<key name="delegat"> 12,17,25,39, </key>
<key name="delet"> 11,7,15,45,42,9,18,43,19,21,28,5,23,10,22,78,30,64,65,87,29,31,32,1,106,49,38,82,83,68,69, </key>
<key name="deliver"> 84,15,51,52,18,43,85,26,87,107,67,69, </key>
<key name="deliveri"> 86, </key>
<key name="delivery"> 84,53,85,57,63,23,86,26,96,64,87,62,38,35, </key>
<key name="deni"> 4,5, </key>
<key name="department"> 50,20, </key>
<key name="depend"> 85,32, </key>
<key name="deploy"> 11,104,99,24,0,98,97,103,107, </key>
<key name="deployment"> 103, </key>
<key name="deposit"> 32, </key>
<key name="descend"> 85,65,68, </key>
<key name="describ"> 45,23,46,47,98, </key>
<key name="description"> 11,15,45,4,20,28,5,23,48,64,94, </key>
<key name="descriptiv"> 28, </key>
<key name="deselect"> 5, </key>
<key name="design"> 54, </key>
<key name="designat"> 20,28,60,62, </key>
<key name="desir"> 18, </key>
<key name="desk"> 11,70,76,82,83, </key>
<key name="destination"> 73,75,70,76,65,80,81,82,83, </key>
<key name="detail"> 11,45,17,19,28,46,47,70,76,98,30,64,103,87,14,38, </key>
<key name="determin"> 51,18,4,50,63,5,78,71,6,66,82,83, </key>
<key name="develop"> 103,39, </key>
<key name="dialog"> 45,8,3,9,20,21,10,73,75,0,70,76,78,71,98,29,32,95,107,80,81,82,83, </key>
<key name="did"> 23, </key>
<key name="different"> 7,72,3,53,43,85,4,20,5,58,97,64,87,6,29,62,80,14,38,39, </key>
<key name="digit"> 15, </key>
<key name="digital"> 98,97, </key>
<key name="direct"> 57,46,47,48,38, </key>
<key name="directory"> 45,50,40,20,28,23,46,47,71,48,92,34,95,94,80,82,83,69, </key>
<key name="disabl"> 11,15,51,41,53,18,43,50,57,63,5,105,25,26,58,59,103,6,106,38,39, </key>
<key name="disapprov"> 61, </key>
<key name="discard"> 78, </key>
<key name="disk"> 11,15,19,85,20,65,68, </key>
<key name="disparat"> 103, </key>
<key name="display"> 11,7,45,8,16,17,41,9,85,4,44,20,21,28,23,10,99,75,24,0,26,2,46,47,77,78,71,98,27,30,64,103,65,87,6,29,32,33,80,81,38,35,82,83,88,68,69, </key>
<key name="distinguish"> 74,80,38, </key>
<key name="distribut"> 36, </key>
<key name="distribution"> 11,45,16,17,42,43,50,23,10,22,24,78,30,49,14,35, </key>
<key name="divid"> 87, </key>

</ftswdata>  
