<?xml version='1.0' encoding='windows-1252' ?>
<ftswdata>
<key name="numb"> 11,25,28,32,34,27,14,3,4,42,31,16,17,48,20,45,46, </key>
<key name="number"> 13, </key>
<key name="object"> 2,3,44,22, </key>
<key name="occur"> 11,49, </key>
<key name="off"> 7,42,37, </key>
<key name="offer"> 8, </key>
<key name="offic"> 43,22, </key>
<key name="ok"> 42,21,44, </key>
<key name="old"> 11,42,48,46, </key>
<key name="on"> 25,30,32,33,2,27,4,26,35,43,22,46,37, </key>
<key name="onc"> 13, </key>
<key name="open"> 7,28,1,30,13,41,18,21,46, </key>
<key name="operation"> 42, </key>
<key name="option"> 7,28,29,30,32,2,24,3,4,42,9,26,16,17,21,46, </key>
<key name="ord"> 22, </key>
<key name="organiz"> 8, </key>
<key name="organization"> 27, </key>
<key name="original"> 17, </key>
<key name="outbreak"> 30, </key>
<key name="outlook"> 4,42,17,46, </key>
<key name="output"> 32, </key>
<key name="overall"> 34, </key>
<key name="overrid"> 11,30,2,13,4,5,17,19, </key>
<key name="overridden"> 2,5,48, </key>
<key name="own"> 4,16,19,21,22, </key>
<key name="packag"> 35, </key>
<key name="pag"> 25,0,2,4,18,17,37, </key>
<key name="pan"> 7,25,32,12,33,34,13,3,18,5,19,20,21,36,37, </key>
<key name="parameter"> 31, </key>
<key name="part"> 14,20, </key>
<key name="partial"> 20,44, </key>
<key name="particular"> 30,2,3,36, </key>
<key name="password"> 11,25,29,0,2,27,24,13,3,4,40,18,5,16,19,21,22,46,23, </key>
<key name="past"> 25,34,16, </key>
<key name="pdf"> 7, </key>
<key name="per"> 27,4,16,17,19, </key>
<key name="percent"> 28, </key>
<key name="perform"> 27,9,10, </key>
<key name="performanc"> 8,42,10, </key>
<key name="period"> 13,42, </key>
<key name="permission"> 46, </key>
<key name="personal"> 7,11,22, </key>
<key name="pick"> 42,44, </key>
<key name="plac"> 5, </key>
<key name="plain"> 22, </key>
<key name="point"> 38,46, </key>
<key name="pool"> 1,2,3,4, </key>
<key name="pop"> 7,32,31,35,10, </key>
<key name="pop3"> 32,22, </key>
<key name="pops3"> 31, </key>
<key name="port"> 25,32,24,40, </key>
<key name="portion"> 46, </key>
<key name="possibl"> 32,4,17, </key>
<key name="post"> 22, </key>
<key name="practic"> 21, </key>
<key name="preferenc"> 2,13,3,4,5,17,22, </key>
<key name="prefix"> 28, </key>
<key name="prevent"> 30,19,46, </key>
<key name="previou"> 25,16, </key>
<key name="previous"> 42, </key>
<key name="privileg"> 46, </key>
<key name="proceed"> 38, </key>
<key name="proces"> 7,25,34,24,42,26,35,46, </key>
<key name="profil"> 43,46, </key>
<key name="progres"> 41,46, </key>
<key name="protect"> 29, </key>
<key name="protection"> 7,28,29, </key>
<key name="protocol"> 47,31,22, </key>
<key name="provid"> 24,46, </key>
<key name="provision"> 38,29,13,9,18,10,46, </key>
<key name="purg"> 11,48, </key>
<key name="query"> 27,44, </key>
<key name="question"> 34,46, </key>
<key name="queu"> 30,12,36, </key>
<key name="quick"> 7,20,21,37, </key>
<key name="quota"> 11,2,13,3,5, </key>
<key name="random"> 1,3, </key>
<key name="rath"> 42, </key>
<key name="re"> 11,41,16,21, </key>
<key name="reach"> 11, </key>
<key name="read"> 31, </key>
<key name="reassign"> 3, </key>
<key name="receiv"> 12,34,13,14,48,46, </key>
<key name="recent"> 38,16, </key>
<key name="recipient"> 28,29, </key>
<key name="recommend"> 42,43, </key>
<key name="record"> 7,3,35,22, </key>
<key name="ref"> 10, </key>
<key name="refer"> 28, </key>
<key name="reflect"> 7, </key>
<key name="refresh"> 38,39, </key>
<key name="regard"> 32, </key>
<key name="regardles"> 30, </key>
<key name="register"> 35, </key>
<key name="regular"> 19, </key>
<key name="reject"> 30,2,31, </key>
<key name="relay"> 38,32,46, </key>
<key name="reliabl"> 8, </key>
<key name="remain"> 11,48,49, </key>
<key name="remov"> 14,15,26,44, </key>
<key name="rep"> 17, </key>
<key name="replicat"> 46, </key>
<key name="request"> 22, </key>
<key name="requir"> 11,24,13,40, </key>
<key name="reserv"> 8, </key>
<key name="reset"> 16,21, </key>
<key name="resid"> 48, </key>
<key name="resolv"> 25, </key>
<key name="restor"> 12,9,18, </key>
<key name="restrict"> 2,3, </key>
<key name="restriction"> 2,13,16, </key>
<key name="result"> 25,27,31,20, </key>
<key name="resum"> 30,36, </key>
<key name="return"> 25,27, </key>
<key name="review"> 28,41,44, </key>
<key name="right"> 7,8,1,12,36, </key>
<key name="root"> 44, </key>
<key name="rul"> 28,30,42,31,5,22, </key>
<key name="run"> 7,32,40,41,35,46,37, </key>
<key name="s"> 7,28,0,2,27,3,40,35,18,16,17,21,44,46,23, </key>
<key name="said"> 28, </key>
<key name="sam"> 20, </key>
<key name="samantha"> 20, </key>
<key name="sammy"> 20, </key>
<key name="samson"> 20, </key>
<key name="samuel"> 20, </key>
<key name="san"> 8, </key>
<key name="sav"> 1,30,12,13,14,3,15,5,17,19,21,36,22,46, </key>
<key name="scal"> 34, </key>
<key name="schedul"> 42,22, </key>
<key name="scor"> 28, </key>
<key name="se"> 33,34,13,6,9,35,44,22, </key>
<key name="search"> 7,8,11,25,12,27,4,31,17,20,44,22, </key>
<key name="second"> 49, </key>
<key name="security"> 7,10, </key>
<key name="select"> 7,38,25,1,30,12,33,34,27,24,14,3,39,18,19,21,44,22,46,23, </key>
<key name="selection"> 44, </key>
<key name="self"> 9, </key>
<key name="send"> 29,6, </key>
<key name="sent"> 38,15,17,48, </key>
<key name="separat"> 33,44, </key>
<key name="sequenc"> 20,46, </key>
<key name="seri"> 13,46, </key>
<key name="serv"> 7,11,38,25,29,1,30,32,33,34,2,27,24,13,3,4,39,40,42,47,9,26,35,16,19,21,44,36,45,10,22,46,37, </key>
<key name="server"> 7,1,32,34,27,24,42,31,35,36,10,37, </key>
<key name="servic"> 7,8,38,1,30,32,2,27,13,3,4,40,42,9,31,35,5,19,36,10,37, </key>
<key name="session"> 11,2,13,3,49, </key>
<key name="set"> 7,11,28,30,12,2,27,13,3,42,9,31,5,16,19,48,49,21,22,46, </key>
<key name="setting"> 7,25,28,29,30,32,2,27,24,4,26,31,35,5,16,17,10,37, </key>
<key name="sev"> 24, </key>
<key name="should"> 11,38,13,42,5,44,46, </key>
<key name="show"> 7,32,12,33,34,2,4,5,17, </key>
<key name="shown"> 38,34,46, </key>
<key name="sid"> 7,42, </key>
<key name="sign"> 9, </key>
<key name="signatur"> 4,17, </key>
<key name="simultaneous"> 42,22,46, </key>
<key name="sinc"> 42, </key>
<key name="singl"> 6,22,46, </key>
<key name="sit"> 30, </key>
<key name="siz"> 11,31,22, </key>
<key name="smith"> 13, </key>
<key name="smtp"> 35, </key>
<key name="snmp"> 7,32,37, </key>
<key name="soft"> 12, </key>
<key name="softwar"> 28,29,2,35, </key>
<key name="sort"> 8, </key>
<key name="sourc"> 44,46, </key>
<key name="spac"> 11,33,3, </key>
<key name="spam"> 7,11,28,30,32,4,31,48,37, </key>
<key name="spamassassin"> 28, </key>
<key name="specifi"> 11,32,27,14,35,46, </key>
<key name="specific"> 7,30,34,2,31,16,20,44,46, </key>
<key name="specify"> 3,44,46, </key>
<key name="ssl"> 25,32,24, </key>
<key name="standard"> 8,44, </key>
<key name="start"> 39,9,46, </key>
<key name="statistic"> 7,33,34,10, </key>
<key name="statu"> 7,38,30,12,18,45,10,37, </key>
<key name="stay"> 13, </key>
<key name="step"> 25,13, </key>
<key name="still"> 12,27, </key>
<key name="stop"> 30,9,36, </key>
<key name="stor"> 7,16,21,44,22, </key>
<key name="str"> 24,4,17,20, </key>
<key name="styl"> 4,17, </key>
<key name="subject"> 8,28,22, </key>
<key name="subtre"> 44, </key>
<key name="succeed"> 24, </key>
<key name="sudden"> 30, </key>
<key name="suit"> 8,28,29,24,4,35, </key>
<key name="summary"> 25, </key>
<key name="suppli"> 24, </key>
<key name="surg"> 30, </key>
<key name="suspect"> 12, </key>
<key name="suspend"> 36, </key>
<key name="system"> 7,34,27,3,26,31,18,20, </key>
<key name="t"> 29, </key>
<key name="tab"> 28,29,1,30,32,12,33,34,2,14,3,15,5,17,19,48,49,21,36,22,37, </key>
<key name="tag"> 8,28,22,46,23, </key>
<key name="tak"> 41, </key>
<key name="target"> 45,46, </key>
<key name="task"> 9,10, </key>
<key name="templat"> 25,24, </key>
<key name="temporari"> 30, </key>
<key name="temporary"> 43, </key>
<key name="term"> 25, </key>
<key name="test"> 25, </key>
<key name="text"> 25,32,4,17,22, </key>
<key name="them"> 29, </key>
<key name="thos"> 2,42, </key>
<key name="thre"> 24, </key>
<key name="thread"> 32, </key>
<key name="tim"> 11,0,24,3,31,16,22,46, </key>
<key name="timeout"> 32,49, </key>
<key name="tl"> 32, </key>
<key name="token"> 11, </key>
<key name="tool"> 7,2,13,3,6,9,46, </key>
<key name="toolbar"> 7,13,18, </key>
<key name="top"> 34, </key>
<key name="total"> 34, </key>
<key name="traffic"> 30,34,36, </key>
<key name="transf"> 47, </key>
<key name="transfer"> 47, </key>
<key name="trash"> 11,4,48, </key>
<key name="tre"> 33, </key>
<key name="troubl"> 23, </key>
<key name="turn"> 37, </key>
<key name="two"> 29, </key>
<key name="typ"> 25,30,2,13,3,6,20,44,10, </key>
<key name="un"> 36, </key>
<key name="unauthoriz"> 30,12, </key>
<key name="unavailabl"> 42, </key>
<key name="unchang"> 11, </key>
<key name="unlimit"> 11,14,22, </key>
<key name="unprovision"> 46, </key>
<key name="unread"> 28, </key>
<key name="unsolicit"> 28, </key>

</ftswdata>  
