<?xml version='1.0' encoding='windows-1252' ?>
<ftswdata>
<key name="ex"> 74,75, </key>
<key name="exampl"> 17,18,4,45,38,40,22,25,65,84,72,35, </key>
<key name="exceed"> 85, </key>
<key name="except"> 31, </key>
<key name="exception"> 52,6, </key>
<key name="exchang"> 66,70,71,72,74, </key>
<key name="execut"> 13, </key>
<key name="executabl"> 11,74,75, </key>
<key name="executiv"> 4, </key>
<key name="exhibit"> 56, </key>
<key name="exist"> 20,4,45,23,89,42,30,32,72,73,74,75,64, </key>
<key name="expand"> 77,14, </key>
<key name="experienc"> 92, </key>
<key name="expir"> 76,17,61,85, </key>
<key name="expiration"> 17, </key>
<key name="explicit"> 4,45,52,58,43,54, </key>
<key name="expos"> 28, </key>
<key name="exposur"> 61, </key>
<key name="expression"> 42,43, </key>
<key name="extend"> 0, </key>
<key name="extension"> 11,48,49,0,53,54,14,1, </key>
<key name="external"> 12,7,17,41,45,38,52,58,42,43,44,59,84,34,57,87,37, </key>
<key name="fail"> 17,41,20,26,42,43,84,85, </key>
<key name="failur"> 76, </key>
<key name="far"> 11, </key>
<key name="fashion"> 84, </key>
<key name="featur"> 12,17,39,4,45,22,5,90,26,27,30,14,6,84,29,31,61,15,37,35,81, </key>
<key name="field"> 66,8,18,19,46,3,39,21,52,58,22,28,25,10,90,26,42,43,70,59,14,29,34,85,37,64, </key>
<key name="fil"> 76,11,47,48,49,10,0,53,69,70,65,30,59,79,32,1,95,96,74,75,81,64, </key>
<key name="filt"> 46,47,77,45,38,42,43,70,79,14,72, </key>
<key name="filter"> 76,12,46,45,27,57,37, </key>
<key name="final"> 88, </key>
<key name="find"> 18,19,25,32,35,75, </key>
<key name="finish"> 41,3,22,28,10,42,43, </key>
<key name="first"> 45,2,70,84,29,32,72,37,35,74,75, </key>
<key name="fix"> 79, </key>
<key name="flag"> 37, </key>
<key name="flander"> 72, </key>
<key name="floor"> 28, </key>
<key name="flush"> 79, </key>
<key name="fold"> 7,17,8,46,10,70,14,29,31,61,37,74,75, </key>
<key name="folder"> 12,7,10,70,65,30,14,29,31,32,33,72,37,74,75,81, </key>
<key name="follow"> 11,17,19,46,48,20,4,45,38,50,51,52,58,28,10,78,90,53,68,16,65,30,13,44,54,59,60,79,56,14,29,85,72,74,75,63,64, </key>
<key name="font"> 37, </key>
<key name="forc"> 17,52,58,34,87, </key>
<key name="forget"> 84,87, </key>
<key name="forgotten"> 20,30,79, </key>
<key name="format"> 65,60,29, </key>
<key name="forum"> 11, </key>
<key name="forward"> 11,18,22,25,26,27,2,30,14,29,37, </key>
<key name="fre"> 28,59,37, </key>
<key name="frequency"> 47, </key>
<key name="frequent"> 76,28, </key>
<key name="ful"> 56, </key>
<key name="full"> 12,65,71,74,75,64, </key>
<key name="function"> 11, </key>
<key name="g"> 52, </key>
<key name="gal"> 11,41,39,45,25,43,44,54,29,37, </key>
<key name="gallery"> 92, </key>
<key name="gateway"> 58, </key>
<key name="gb"> 77, </key>
<key name="general"> 41,3,20,83,4,52,40,5,89,90,26,30,44,54,59,84,33,87, </key>
<key name="generat"> 78,2, </key>
<key name="get"> 48,49,21,40,53,63, </key>
<key name="giv"> 10,37, </key>
<key name="given"> 7,41,45,10, </key>
<key name="global"> 11,7,17,41,46,47,48,49,4,45,50,51,52,58,22,5,10,2,53,43,13,54,59,6,57,15,37, </key>
<key name="gn"> 45, </key>
<key name="go"> 11,18,93,77,89,94,42,43,92,79,73,74,75,64, </key>
<key name="good"> 87, </key>
<key name="grant"> 45,38,96, </key>
<key name="graph"> 77, </key>
<key name="graphical"> 60, </key>
<key name="greet"> 52,56, </key>
<key name="group"> 7,8,4,25,30,71,14,29,72,37,74,75, </key>
<key name="guid"> 66,46,22,68,16,13,44,59,92,60,15,75, </key>
<key name="hack"> 20, </key>
<key name="ham"> 46, </key>
<key name="handl"> 46,84,85, </key>
<key name="happen"> 70, </key>
<key name="hav"> 45,40,30,79,61,81, </key>
<key name="head"> 21,30,37, </key>
<key name="header"> 63, </key>
<key name="help"> 11,10,68,16,72,75,91, </key>
<key name="helpful"> 28, </key>
<key name="her"> 76,11,10, </key>
<key name="hid"> 25, </key>
<key name="hidden"> 22,26,27, </key>
<key name="hierarchy"> 74,75, </key>
<key name="high"> 12, </key>
<key name="highlight"> 23,59,6,87, </key>
<key name="history"> 17,84, </key>
<key name="hold"> 76,11,60,79, </key>
<key name="host"> 11,41,48,4,45,38,52,58,40,22,68,16,44,59,57,74,75, </key>
<key name="hostnam"> 52,58,55,59,56, </key>
<key name="hour"> 11,17,47,77,60,61,85, </key>
<key name="hov"> 23,30, </key>
<key name="how"> 7,17,46,47,48,20,58,40,22,5,10,89,26,0,53,42,43,92,84,29,31,61,85,37,74,75, </key>
<key name="html"> 29,37, </key>
<key name="http"> 50,51,40,92, </key>
<key name="i"> 22,72, </key>
<key name="icon"> 74,75, </key>
<key name="icppn30"> 75, </key>
<key name="id"> 19,70,65,30,79,33,35,75, </key>
<key name="identifi"> 76,41,44,59, </key>
<key name="identify"> 46,38,71,56,14,72, </key>
<key name="identiti"> 14,37, </key>
<key name="identity"> 14,37, </key>
<key name="idl"> 17,61, </key>
<key name="if"> 17,66,41,18,19,47,39,48,82,9,20,83,77,4,45,38,50,51,52,58,22,28,25,10,67,26,27,2,42,43,69,70,65,30,54,59,92,60,79,56,14,6,84,29,34,32,57,95,33,61,85,87,86,72,37,35,74,75, </key>
<key name="ignor"> 70,84, </key>
<key name="ill"> 56, </key>
<key name="imag"> 7,89, </key>
<key name="imap"> 11,4,50,51,22,55,54,59,29,15,37, </key>
<key name="immediate"> 11,9,20,0,96,62, </key>
<key name="impact"> 39, </key>
<key name="implement"> 56, </key>
<key name="import"> 11,67,68,16,69,70,65,71,72,15,74,75, </key>
<key name="important"> 47,4,22,70,59,71,56,6,57,74, </key>
<key name="inaccessibl"> 30, </key>
<key name="inbound"> 11,77, </key>
<key name="inbox"> 29,31, </key>
<key name="includ"> 11,12,7,17,19,4,28,5,25,10,89,78,90,2,30,44,59,92,60,14,61,96,72,74,75,80,81, </key>
<key name="incom"> 76,11,60,79,56,31,37, </key>
<key name="incorrect"> 14,85, </key>
<key name="increas"> 49,21,70,63, </key>
<key name="index"> 30,59,32,64, </key>
<key name="index1"> 59,64, </key>
<key name="individual"> 7,19,20,21,4,25,10,89,90,94,27,30,13,92,79,14,6,34,31,61,85,86,72,74,75, </key>
<key name="inform"> 70, </key>
<key name="information"> 11,7,66,41,3,20,83,77,4,45,38,51,22,28,5,10,78,26,42,43,68,16,65,30,13,59,92,60,79,1,95,33,61,87,72,15,37,74,75,63,64, </key>
<key name="inherit"> 17, </key>
<key name="ini"> 65,75, </key>
<key name="initial"> 22,28,5,2,59,84,29,87,37,64, </key>
<key name="initializ"> 10, </key>
<key name="input"> 45, </key>
<key name="insert"> 41, </key>
<key name="instal"> 11,7,93,46,47,77,4,78,90,26,59,92,60,14,1,96,74,75,80,64, </key>
<key name="install"> 0,2,13,14, </key>
<key name="installation"> 41,47,44,54,59, </key>
<key name="instead"> 66,72,74,75, </key>
<key name="instruct"> 57, </key>
<key name="instruction"> 90, </key>
<key name="integrat"> 92, </key>
<key name="interact"> 92, </key>
<key name="interfac"> 20,4,89,90,0,13,92,37, </key>
<key name="intermix"> 92, </key>
<key name="internal"> 41,82,45,38,42,43,44,14,84,86, </key>
<key name="internet"> 29, </key>
<key name="interrupt"> 70, </key>
<key name="interval"> 29, </key>
<key name="invalid"> 84,85,86, </key>
<key name="invit"> 28, </key>
<key name="invitation"> 28,30, </key>
<key name="ip"> 52,59,60,79,56, </key>
<key name="isp"> 52,57, </key>
<key name="issu"> 41,45,42,43, </key>
<key name="item"> 19,70,29,37,35,74, </key>
<key name="itself"> 62, </key>
<key name="jo"> 65,72, </key>
<key name="joanna"> 72, </key>
<key name="john"> 22, </key>
<key name="joseph"> 72, </key>
<key name="journal"> 70, </key>
<key name="junk"> 17,46,70,31,74,75, </key>
<key name="just"> 41, </key>
<key name="kb"> 77,52, </key>
<key name="keep"> 76,5,33, </key>
<key name="key"> 14,29, </key>
<key name="keyboard"> 29, </key>
<key name="keyword"> 74,75, </key>
<key name="kill"> 46, </key>
<key name="know"> 18,45,22,25,26,27,35, </key>
<key name="known"> 45,25, </key>
<key name="label"> 37, </key>
<key name="larg"> 22,55,59,79,74,75,64, </key>
<key name="last"> 11,19,77,45,22,60,35,91,80, </key>
<key name="latest"> 74,75, </key>
<key name="launch"> 92,71, </key>
<key name="layout"> 28, </key>
<key name="ldap"> 11,41,39,45,38,22,28,42,43,44,59,60,84,34,87,96,72,80, </key>
<key name="least"> 87, </key>
<key name="leav"> 18,25, </key>
<key name="left"> 11,18,3,25,42,70,29,35, </key>
<key name="legitimat"> 38, </key>
<key name="length"> 17,4,5,14,84,86, </key>
<key name="lessen"> 39, </key>
<key name="let"> 19,48,4,45,22,90,26,53,70,30,14,37,81, </key>
<key name="level"> 41,39,4,52,58,70,34, </key>
<key name="lifetim"> 17,4,22,28,5,14,6,31,61,86, </key>
<key name="like"> 70, </key>
<key name="limit"> 76,17,21,5,90,61,63, </key>
<key name="lin"> 46,4,22,25,30,13,59,37,64, </key>
<key name="link"> 11,22,10,30,59,6, </key>
<key name="list"> 11,17,66,41,8,18,93,19,3,39,48,49,9,20,4,45,22,23,28,25,10,90,24,67,94,26,0,27,53,43,69,70,30,59,92,60,79,14,29,34,33,87,96,72,62,36,73,15,37,35,74,75,80,64, </key>
<key name="lmtp"> 88,59,62, </key>
<key name="load"> 39, </key>

</ftswdata>  
