<?xml version='1.0' encoding='windows-1252' ?>
<ftswdata>
<key name="commit"> 1,19,30,32, </key>
<key name="common"> 45,46,42,21,50,26,54,68,34,70, </key>
<key name="company"> 42,37,21, </key>
<key name="complet"> 62,38,36,42,37,19,21,77,39,40,65,28,68,13,34,31,70, </key>
<key name="compos"> 4,25,27,54,34, </key>
<key name="compres"> 56,61, </key>
<key name="compression"> 56,61, </key>
<key name="compromis"> 53, </key>
<key name="comput"> 46,70, </key>
<key name="computer"> 58, </key>
<key name="concern"> 36, </key>
<key name="concurrenc"> 66, </key>
<key name="condition"> 34, </key>
<key name="conduct"> 67,70, </key>
<key name="configur"> 10,62,38,43,44,45,46,2,42,35,47,48,49,55,37,18,19,23,4,22,50,39,40,52,26,41,51,57,24,25,27,58,13,34,70,60,61, </key>
<key name="configuration"> 10,14,38,7,8,42,35,37,18,9,4,39,40,26,12,41,56,25,34, </key>
<key name="confirm"> 32, </key>
<key name="confus"> 54, </key>
<key name="connect"> 38,49,55,64,56,67, </key>
<key name="connection"> 35,47,48,56, </key>
<key name="consid"> 18,3, </key>
<key name="consider"> 43,35, </key>
<key name="consist"> 6, </key>
<key name="consistent"> 66, </key>
<key name="consol"> 10,6,7,15,8,49,55,37,12,41,57,13,70,78, </key>
<key name="consolidat"> 72, </key>
<key name="constraint"> 2,3,5, </key>
<key name="construct"> 42,68, </key>
<key name="contact"> 11,14,18,23,21,4,66,26,25,29,32,13,34,70, </key>
<key name="contain"> 6,72,3,21,9,26,12,30,58,68,34, </key>
<key name="content"> 10,6,14,15,16,19,23,3,21,9,77,26,56,57,73,30,28,58,32,33,31,74,75, </key>
<key name="continu"> 1,37,22,39,66,73,68, </key>
<key name="control"> 38,8,2,49,21,9, </key>
<key name="conversation"> 11,4,25,34, </key>
<key name="convert"> 70, </key>
<key name="cooki"> 58, </key>
<key name="copy"> 22, </key>
<key name="copyright"> 11, </key>
<key name="corn"> 25, </key>
<key name="corporat"> 42, </key>
<key name="correct"> 40, </key>
<key name="corrupt"> 71,26,73,28, </key>
<key name="cos"> 3, </key>
<key name="could"> 71,14,16,2,23,21,73,31, </key>
<key name="count"> 10,72,57, </key>
<key name="creat"> 10,6,62,38,43,44,1,17,2,37,18,19,23,3,21,9,77,4,63,22,0,39,40,26,12,41,67,57,24,25,32,68,69,13,34,70,61, </key>
<key name="criteria"> 34, </key>
<key name="current"> 10,66,56,25,61, </key>
<key name="customiz"> 77, </key>
<key name="dai"> 57, </key>
<key name="dat"> 66,25,27,34,70, </key>
<key name="data"> 10,72,66,56,74,61, </key>
<key name="databas"> 68, </key>
<key name="day"> 10,14,72,2,4,57,24,27,58, </key>
<key name="dc"> 42,35, </key>
<key name="decid"> 70, </key>
<key name="declin"> 23, </key>
<key name="deem"> 72, </key>
<key name="def"> 71, </key>
<key name="default"> 10,14,38,44,15,2,42,35,47,48,49,55,18,23,3,9,4,40,52,41,51,56,53,24,25,27,58,34,70,61, </key>
<key name="defer"> 71,10,57,73, </key>
<key name="defin"> 10,11,6,38,44,2,42,35,18,3,26,51,56,25,13,34,70,61, </key>
<key name="delegat"> 11, </key>
<key name="delet"> 10,6,38,8,16,17,19,23,3,21,9,20,22,66,26,56,57,73,27,28,70,60,61, </key>
<key name="deliver"> 71,14,43,44,16,72,22,73,59,61, </key>
<key name="delivery"> 71,45,49,55,22,76,56,73,25,54,31, </key>
<key name="deni"> 2,3, </key>
<key name="department"> 42, </key>
<key name="depend"> 72,28, </key>
<key name="deploy"> 77, </key>
<key name="deposit"> 28, </key>
<key name="descend"> 57,60, </key>
<key name="describ"> 38,21,39,40, </key>
<key name="description"> 10,14,38,2,23,3,21,41,56, </key>
<key name="descriptiv"> 23, </key>
<key name="deselect"> 3, </key>
<key name="design"> 46, </key>
<key name="designat"> 18,23,52,54, </key>
<key name="desir"> 16, </key>
<key name="desk"> 10, </key>
<key name="destination"> 63,64,57,68,69,70, </key>
<key name="detail"> 10,38,23,39,40,26,56,73,13,34, </key>
<key name="determin"> 43,16,2,42,55,3,66,5,58,70, </key>
<key name="dialog"> 38,7,1,8,18,19,9,4,63,64,66,25,28,32,68,69,70, </key>
<key name="different"> 6,1,45,72,3,50,56,73,5,54,68,13,34, </key>
<key name="direct"> 39,40,41, </key>
<key name="directory"> 14,38,42,35,18,23,21,39,40,41,24,30,32,68,70,61, </key>
<key name="disabl"> 10,14,43,36,45,16,42,49,55,3,4,22,50,51,5,25, </key>
<key name="disapprov"> 53, </key>
<key name="discard"> 66, </key>
<key name="disk"> 10,14,17,72,18,57,60, </key>
<key name="display"> 10,6,38,7,36,8,72,2,37,18,19,23,21,9,4,22,0,39,40,65,66,26,56,57,73,5,25,28,29,68,69,34,31,70,74,60,61, </key>
<key name="distinguish"> 68, </key>
<key name="distribution"> 10,38,42,21,9,20,66,26,13,31, </key>
<key name="divid"> 73, </key>
<key name="dn"> 42,35,49,55,37,39,40,51,56,53,68, </key>
<key name="do"> 36,45,46,37,23,9,22,50,53,28, </key>
<key name="document"> 71,10,11,6,38,7,8,9,41, </key>
<key name="documentation"> 10,77,67, </key>
<key name="domain"> 10,6,38,7,8,2,42,35,49,55,37,19,3,9,63,39,40,52,26,41,51,67,57,73,53,30,68,13,34,31,70, </key>
<key name="don"> 46,21,26, </key>
<key name="doubl"> 19,32, </key>
<key name="down"> 7,1,42,19,31, </key>
<key name="download"> 10,44,73,13,70, </key>
<key name="downtim"> 66, </key>
<key name="drop"> 7,1,19,31, </key>
<key name="duplicat"> 66, </key>
<key name="e"> 49,18,68, </key>
<key name="earli"> 66,73, </key>
<key name="easy"> 34, </key>
<key name="edit"> 10,6,7,8,16,17,37,19,3,9,0,39,40,26,41,56,28,29,32,33, </key>
<key name="effect"> 16,56, </key>
<key name="eith"> 71,10,14,38,42,21,39,40,56,73,25,30,27,58,68,34,70,60,61, </key>
<key name="elaborat"> 77, </key>
<key name="elaps"> 14, </key>
<key name="elsewher"> 51, </key>
<key name="email"> 10,14,62,7,43,45,46,17,42,49,18,19,23,21,9,22,0,50,66,26,57,5,27,54,68,33,13,34,70,60, </key>
<key name="embed"> 6, </key>
<key name="employe"> 2,42, </key>
<key name="empty"> 61, </key>
<key name="enabl"> 10,6,14,43,44,36,15,2,42,47,48,49,55,18,21,9,4,22,52,51,56,53,5,24,25,34, </key>
<key name="encrypt"> 44,47,48,24,32, </key>
<key name="end"> 2,3,4,25,13, </key>
<key name="enforc"> 14,24,30, </key>
<key name="enough"> 45, </key>
<key name="ensur"> 35,66,24, </key>
<key name="ent"> 38,42,35,55,37,18,19,23,3,21,9,22,39,40,64,66,26,32,68,31,70,61, </key>
<key name="enter"> 38,43,42,35,37,23,39,40,24,31, </key>
<key name="entri"> 14,42,26,68,75, </key>
<key name="entry"> 42,35, </key>
<key name="envelop"> 73, </key>
<key name="environment"> 10,1,9, </key>
<key name="equal"> 42, </key>
<key name="equipment"> 10,23,26, </key>
<key name="error"> 35,65,57,73,70, </key>
<key name="establish"> 41, </key>
<key name="etc"> 42,23,29, </key>
<key name="evaluat"> 73, </key>
<key name="even"> 2, </key>
<key name="every"> 44,2,57, </key>
<key name="everyon"> 21,26, </key>
<key name="ex"> 70, </key>
<key name="exampl"> 2,42,35,37,18,21,68,31, </key>
<key name="except"> 27, </key>
<key name="exception"> 5, </key>
<key name="exchang"> 10,62,66,67,68,13,70, </key>
<key name="execut"> 12, </key>
<key name="executabl"> 10,70, </key>
<key name="executiv"> 2, </key>
<key name="exhibit"> 53, </key>
<key name="exist"> 16,2,42,19,39,28,68,69,70,61, </key>
<key name="expand"> 72, </key>
<key name="expir"> 71,14,24,58, </key>
<key name="explicit"> 2,42,49,55,40,51, </key>
<key name="expos"> 23, </key>
<key name="exposur"> 58, </key>
<key name="expression"> 39,40, </key>
<key name="extension"> 45,46,50,51, </key>
<key name="external"> 11,6,14,38,42,35,49,55,39,40,41,56,24,30,54,32, </key>
<key name="fail"> 38,39,40, </key>
<key name="failur"> 71, </key>
<key name="far"> 10, </key>
<key name="fashion"> 11,24, </key>
<key name="featur"> 11,14,36,2,42,18,3,4,22,26,5,24,25,27,58,13,34,31,75, </key>
<key name="field"> 7,43,1,36,17,49,55,18,23,21,9,39,40,66,56,25,30,34,61, </key>
<key name="fil"> 71,10,44,45,46,9,50,65,66,26,56,73,28,70,75,61, </key>
<key name="filt"> 43,44,72,42,35,39,40,66,73,68, </key>
<key name="filter"> 71,11,43,42,54,34, </key>
<key name="final"> 76, </key>
<key name="find"> 21,28,31, </key>
<key name="finish"> 38,1,18,23,9,39,40, </key>
<key name="first"> 42,0,24,25,28,68,34,31,70, </key>
<key name="fix"> 73, </key>
<key name="flag"> 34, </key>
<key name="flander"> 68, </key>
<key name="floor"> 23, </key>
<key name="flush"> 73, </key>
<key name="fold"> 6,14,7,43,9,66,25,27,58,34,70, </key>
<key name="folder"> 11,6,9,4,66,26,25,27,28,29,68,34,70,75, </key>
<key name="follow"> 10,43,45,16,2,42,35,47,48,49,55,23,9,4,50,64,26,12,41,51,56,57,73,53,25,68,70,60,61, </key>
<key name="font"> 34, </key>
<key name="forc"> 14,49,55,30,32, </key>
<key name="forget"> 24,32, </key>
<key name="forgotten"> 26,73, </key>
<key name="format"> 57,25, </key>
<key name="forum"> 10, </key>
<key name="forward"> 10,18,21,22,0,26,25, </key>
<key name="fre"> 23,56,34, </key>
<key name="frequency"> 44, </key>
<key name="frequent"> 71,23, </key>
<key name="ful"> 53, </key>
<key name="full"> 11,67,70,61, </key>

</ftswdata>  
