<?xml version='1.0' encoding='windows-1252' ?>
<ftswdata>
<key name="navigation"> 10,73,19,20,24,3,22,21,57,31,60, </key>
<key name="ne"> 18,19,24,3,9,68,61, </key>
<key name="necessary"> 36,30, </key>
<key name="network"> 50,56, </key>
<key name="nev"> 2,62, </key>
<key name="new"> 72,10,6,63,39,45,1,16,17,2,38,19,20,24,3,22,9,4,40,41,27,42,68,25,26,30,33,35,71,62, </key>
<key name="next"> 10,63,39,1,16,43,19,24,22,9,64,40,41,65,67,68,31,33,69,70,32, </key>
<key name="non"> 63, </key>
<key name="nor"> 8, </key>
<key name="normal"> 17,31, </key>
<key name="not"> 10,6,63,39,15,46,43,19,24,3,22,9,64,41,67,57,75,5,69, </key>
<key name="notebook"> 6,7,8,22,9, </key>
<key name="notic"> 46,47,51, </key>
<key name="notifi"> 46,47,18,51,61, </key>
<key name="notification"> 44,45,0,26,35, </key>
<key name="notify"> 9, </key>
<key name="now"> 65,69, </key>
<key name="numb"> 72,10,14,39,44,47,73,48,49,20,24,3,74,4,80,66,67,42,52,57,75,25,26,28,29,70,71, </key>
<key name="number"> 19,53, </key>
<key name="object"> 6,2,3,69,35, </key>
<key name="objectclas"> 43, </key>
<key name="occupant"> 24, </key>
<key name="occur"> 14, </key>
<key name="off"> 10,44,18,24,67,58,35,76,61, </key>
<key name="offer"> 11,36, </key>
<key name="offic"> 68,35, </key>
<key name="often"> 45,75, </key>
<key name="ok"> 8,20,66,67,29,33,69, </key>
<key name="old"> 14,18,67,28,71,61,62, </key>
<key name="on"> 72,10,6,63,39,15,2,43,36,38,20,24,22,9,79,4,80,64,27,42,57,75,5,69,71,76,62, </key>
<key name="onc"> 19,9,66,67,35, </key>
<key name="open"> 11,44,1,46,38,19,22,9,51,66,27,68,75,26,29,59,33,71, </key>
<key name="openldap"> 36, </key>
<key name="operat"> 0, </key>
<key name="operation"> 43,36,67, </key>
<key name="opt"> 62, </key>
<key name="option"> 10,44,45,37,18,2,50,56,3,4,80,23,67,12,42,57,25,26,33,35,71, </key>
<key name="optional"> 6,39, </key>
<key name="ord"> 57,58,76,61, </key>
<key name="organiz"> 11,6,9, </key>
<key name="organization"> 43, </key>
<key name="origin"> 58,75, </key>
<key name="original"> 26,30, </key>
<key name="originat"> 50, </key>
<key name="other"> 6,9, </key>
<key name="otherwis"> 36, </key>
<key name="out"> 10,14,59,35, </key>
<key name="outbound"> 73, </key>
<key name="outbreak"> 46,51, </key>
<key name="outlook"> 10,67,35,71, </key>
<key name="output"> 57, </key>
<key name="outsid"> 54, </key>
<key name="overrid"> 14,2,56,19,4,5, </key>
<key name="overridden"> 2,28, </key>
<key name="overrul"> 48,49, </key>
<key name="overview"> 65, </key>
<key name="own"> 24,4,31,33,35, </key>
<key name="packag"> 73,74,57,58,76, </key>
<key name="pag"> 10,6,14,39,7,8,2,38,9,79,4,40,41,42,26,59, </key>
<key name="pan"> 10,16,17,73,19,20,24,3,22,21,27,57,58,75,31,33,60,34,32,76, </key>
<key name="parameter"> 43,52, </key>
<key name="part"> 43,36,38,32, </key>
<key name="partial"> 15,20,22,29,69,32, </key>
<key name="particular"> 46,2,3,60, </key>
<key name="partner"> 11, </key>
<key name="party"> 35, </key>
<key name="pas"> 50,56, </key>
<key name="password"> 10,14,39,45,16,2,43,36,50,56,38,19,3,9,4,40,41,65,27,5,25,31,33,35,71,77, </key>
<key name="past"> 39,40,41,25, </key>
<key name="path"> 9,57,62, </key>
<key name="penalti"> 75, </key>
<key name="per"> 6,73,43,9,4,40,41,26,31, </key>
<key name="percent"> 44, </key>
<key name="percentag"> 18,58,61, </key>
<key name="perform"> 43,12,32, </key>
<key name="performanc"> 11,43,67,58,13, </key>
<key name="period"> 19,67, </key>
<key name="periodic"> 72, </key>
<key name="permanent"> 62, </key>
<key name="permission"> 10,6,39,7,8,9,42,68,71, </key>
<key name="permit"> 35, </key>
<key name="person"> 35, </key>
<key name="personal"> 10,14,67,28,35, </key>
<key name="phon"> 24, </key>
<key name="pick"> 67,69, </key>
<key name="piec"> 24,27, </key>
<key name="plac"> 72,4, </key>
<key name="pleas"> 41, </key>
<key name="point"> 63,75,71, </key>
<key name="pol"> 4,26, </key>
<key name="policy"> 10,24, </key>
<key name="pool"> 1,2,24,3,4, </key>
<key name="poor"> 54, </key>
<key name="pop"> 10,2,48,49,19,53,52,57,13, </key>
<key name="pop3"> 49,57,35, </key>
<key name="pops3"> 52, </key>
<key name="populat"> 24, </key>
<key name="port"> 39,43,36,48,49,50,56,40,41,53,65,57, </key>
<key name="portion"> 69,71, </key>
<key name="possibl"> 57,75,26, </key>
<key name="post"> 35, </key>
<key name="postfix"> 50,74,0,75,55, </key>
<key name="postmast"> 0, </key>
<key name="potential"> 37, </key>
<key name="practic"> 33, </key>
<key name="precedenc"> 46,51, </key>
<key name="preconfigur"> 69, </key>
<key name="preferenc"> 2,19,3,4,80,23,26,35, </key>
<key name="prefix"> 44, </key>
<key name="premis"> 24, </key>
<key name="pres"> 22, </key>
<key name="present"> 53, </key>
<key name="prevent"> 46,51,31,55,71, </key>
<key name="previou"> 39,20,40,41,25,62, </key>
<key name="previous"> 67, </key>
<key name="primary"> 62, </key>
<key name="privileg"> 39,22,9,68,71, </key>
<key name="problem"> 75, </key>
<key name="proceed"> 63, </key>
<key name="proces"> 72,10,39,36,65,66,67,42,57,29,71, </key>
<key name="profil"> 68,71, </key>
<key name="progres"> 66,29,71, </key>
<key name="projector"> 24, </key>
<key name="prompt"> 68, </key>
<key name="properti"> 34, </key>
<key name="protect"> 45,47, </key>
<key name="protection"> 10,44,45,54, </key>
<key name="protocol"> 50,78,52,54,35, </key>
<key name="provid"> 36,41,54,71, </key>
<key name="provision"> 10,63,19,27,12,68,70,13,71, </key>
<key name="proxy"> 48,49,53,57,55, </key>
<key name="public"> 39,8,9,35, </key>
<key name="purg"> 14,2,28, </key>
<key name="qualifi"> 54, </key>
<key name="query"> 50,56,69, </key>
<key name="question"> 73,71, </key>
<key name="queu"> 72,10,46,17,58,75,60, </key>
<key name="quick"> 10,15,9,27,33,35,32, </key>
<key name="quickadd"> 4,26, </key>
<key name="quit"> 14, </key>
<key name="quota"> 10,14,18,2,19,3,4,27,58,5,61, </key>
<key name="random"> 1,3, </key>
<key name="rath"> 37,67,35, </key>
<key name="rbl"> 44, </key>
<key name="re"> 14,27,75,25,29,33, </key>
<key name="reach"> 14,18,61, </key>
<key name="read"> 39,52, </key>
<key name="ready"> 72,22, </key>
<key name="reason"> 72, </key>
<key name="reassign"> 3, </key>
<key name="receiv"> 72,44,17,73,50,19,22,27,75,54,26,28,35,71,62, </key>
<key name="recent"> 63,25, </key>
<key name="recipient"> 44,45,46,47,73,50,56,22,74,51,27,35, </key>
<key name="recommend"> 67,68,75, </key>
<key name="record"> 10,50,56,38,24,3,57,35, </key>
<key name="recur"> 24, </key>
<key name="redirect"> 20, </key>
<key name="ref"> 63,44,68,13, </key>
<key name="refer"> 63,44, </key>
<key name="referenc"> 62, </key>
<key name="reflect"> 10,8, </key>
<key name="refresh"> 63,64,75, </key>
<key name="regard"> 57, </key>
<key name="regardles"> 46,51,35, </key>
<key name="register"> 57, </key>
<key name="regular"> 24,31, </key>
<key name="reindex"> 27,29, </key>
<key name="reject"> 46,47,18,2,50,24,51,27,52,61, </key>
<key name="relay"> 63,50,56,57,55,71, </key>
<key name="releas"> 10,6,9,75, </key>
<key name="reliabl"> 11, </key>
<key name="remain"> 14,28,30,59, </key>
<key name="rememb"> 14,59, </key>
<key name="remind"> 26, </key>
<key name="remov"> 8,20,9,80,23,27,5,69, </key>
<key name="renam"> 30, </key>
<key name="reoccur"> 24, </key>
<key name="rep"> 0,26,35, </key>
<key name="repli"> 35, </key>
<key name="replicat"> 71, </key>
<key name="report"> 74,58, </key>
<key name="represent"> 43, </key>
<key name="request"> 38,67,35, </key>
<key name="requeu"> 75, </key>
<key name="requir"> 39,16,73,43,36,48,49,50,38,19,65,42,29,55,35, </key>
<key name="resend"> 72, </key>
<key name="reset"> 19,57,5,25,33, </key>
<key name="resid"> 28, </key>
<key name="resolv"> 39,40,41, </key>
<key name="resourc"> 10,24,27,34,32, </key>
<key name="restart"> 57, </key>
<key name="restrict"> 2,19,3,54, </key>
<key name="restriction"> 2,19,24,54,25, </key>
<key name="result"> 39,15,43,36,22,40,41,42,52,29,32, </key>
<key name="resum"> 46,60, </key>
<key name="retriev"> 25,29, </key>
<key name="retrieval"> 53, </key>
<key name="return"> 39,15,36,22,41,42,29, </key>
<key name="reus"> 75, </key>
<key name="review"> 44,69,71, </key>
<key name="revok"> 8, </key>
<key name="rfc"> 54, </key>
<key name="rich"> 6,35, </key>
<key name="right"> 10,15,1,22,9,29,60, </key>
<key name="room"> 72,24, </key>
<key name="root"> 0,57,69,62, </key>
<key name="rout"> 72,43,0,75,35, </key>
<key name="rul"> 44,46,43,36,51,67,52,5,35, </key>
<key name="run"> 10,43,36,65,58,29,35,71,76, </key>
<key name="s"> 10,63,7,15,44,16,43,48,49,50,56,19,24,3,9,74,80,23,0,65,27,12,57,58,54,5,25,26,29,59,33,69,13,71,77, </key>
<key name="sam"> 15,24,22,53,30,32, </key>
<key name="samantha"> 15,22,32, </key>
<key name="sammy"> 15,22,32, </key>
<key name="sampl"> 79, </key>
<key name="samson"> 15,22,32, </key>
<key name="samuel"> 15,22,32, </key>
<key name="sav"> 7,15,1,8,17,19,20,3,22,40,41,26,31,30,33,60,34,35,71,62, </key>

</ftswdata>  
