<?xml version='1.0' encoding='windows-1252' ?>
<ftswdata>
<key name="new"> 70,7,8,61,37,43,1,15,16,2,36,18,19,23,3,21,4,38,39,26,6,40,66,10,24,25,29,32,34,69,60, </key>
<key name="next"> 7,61,37,1,15,41,18,23,21,62,38,39,63,65,66,30,32,67,68,31, </key>
<key name="normal"> 16,30, </key>
<key name="not"> 7,61,37,44,41,18,23,3,21,62,39,65,55,72,5,67, </key>
<key name="notebook"> 21,6,10, </key>
<key name="notic"> 8,44,45,49, </key>
<key name="notifi"> 44,45,17,49,59, </key>
<key name="notification"> 42,43,0,25,34, </key>
<key name="now"> 63,6,10,67, </key>
<key name="numb"> 70,7,13,37,42,45,71,46,47,19,23,3,4,64,65,40,50,55,72,10,24,25,27,28,68,69, </key>
<key name="number"> 18,51, </key>
<key name="object"> 2,3,67,34, </key>
<key name="objectclas"> 41, </key>
<key name="occupant"> 23, </key>
<key name="occur"> 13, </key>
<key name="off"> 7,42,17,23,65,56,34,73,59, </key>
<key name="offer"> 8,35, </key>
<key name="offic"> 66,34, </key>
<key name="often"> 43,72, </key>
<key name="ok"> 19,64,65,6,28,32,67, </key>
<key name="old"> 13,17,65,27,69,59,60, </key>
<key name="on"> 70,7,37,2,41,35,36,19,23,21,4,62,26,6,40,55,72,5,67,69,73,60, </key>
<key name="onc"> 18,64,65,34, </key>
<key name="open"> 8,42,1,44,36,18,21,49,64,26,6,66,72,25,28,57,32,69, </key>
<key name="openldap"> 35, </key>
<key name="operat"> 0, </key>
<key name="operation"> 41,35,65, </key>
<key name="opt"> 60, </key>
<key name="option"> 7,42,43,17,2,48,54,3,4,22,65,9,40,55,10,24,25,32,34,69, </key>
<key name="optional"> 37,6, </key>
<key name="ord"> 6,55,56,73,59, </key>
<key name="organiz"> 8,6, </key>
<key name="organization"> 41,6,10, </key>
<key name="origin"> 56,72, </key>
<key name="original"> 25,29, </key>
<key name="originat"> 48, </key>
<key name="other"> 10, </key>
<key name="otherwis"> 35, </key>
<key name="out"> 7,13,57,34, </key>
<key name="outbound"> 71, </key>
<key name="outbreak"> 44,49, </key>
<key name="outlook"> 7,65,34,69, </key>
<key name="output"> 55, </key>
<key name="outsid"> 52, </key>
<key name="overrid"> 13,2,54,18,4,50,5, </key>
<key name="overridden"> 2,27, </key>
<key name="overrul"> 46,47, </key>
<key name="overview"> 63, </key>
<key name="own"> 23,4,10,30,32,34, </key>
<key name="owner"> 8, </key>
<key name="packag"> 71,55,56,73, </key>
<key name="pag"> 7,13,37,2,36,4,38,39,6,10,25,57, </key>
<key name="pan"> 7,15,16,71,18,19,23,3,21,20,26,55,56,72,10,30,32,58,33,31,73, </key>
<key name="parameter"> 41,50, </key>
<key name="part"> 41,35,36,31, </key>
<key name="partial"> 19,21,28,67,31, </key>
<key name="particular"> 44,2,3,58, </key>
<key name="partner"> 8, </key>
<key name="party"> 34, </key>
<key name="pas"> 48,54, </key>
<key name="password"> 7,13,37,43,15,2,41,35,48,54,36,18,3,4,38,39,63,26,6,5,24,30,32,34,69,74, </key>
<key name="past"> 37,38,39,24, </key>
<key name="path"> 55,60, </key>
<key name="penalti"> 72, </key>
<key name="per"> 71,41,4,38,39,6,25,30, </key>
<key name="percent"> 42, </key>
<key name="percentag"> 17,56,59, </key>
<key name="perform"> 41,9,31, </key>
<key name="performanc"> 8,41,65,56,11, </key>
<key name="period"> 18,65, </key>
<key name="periodic"> 70, </key>
<key name="permanent"> 60, </key>
<key name="permission"> 6,66,69, </key>
<key name="permit"> 34, </key>
<key name="person"> 34, </key>
<key name="personal"> 7,13,65,6,10,27,34, </key>
<key name="phon"> 23, </key>
<key name="pick"> 65,67, </key>
<key name="piec"> 23,26, </key>
<key name="plac"> 70,4, </key>
<key name="pleas"> 39, </key>
<key name="point"> 61,72,69, </key>
<key name="pol"> 4,25, </key>
<key name="policy"> 7,23, </key>
<key name="pool"> 1,2,3,4,10, </key>
<key name="poor"> 52, </key>
<key name="pop"> 7,2,46,47,18,51,50,55,10,11, </key>
<key name="pop3"> 47,55,34, </key>
<key name="pops3"> 50, </key>
<key name="populat"> 23, </key>
<key name="port"> 37,41,35,46,47,48,54,38,39,51,63,55, </key>
<key name="portion"> 67,69, </key>
<key name="possibl"> 55,72,25, </key>
<key name="post"> 34, </key>
<key name="postfix"> 48,0,72,53, </key>
<key name="postmast"> 0, </key>
<key name="potential"> 14, </key>
<key name="practic"> 32, </key>
<key name="precedenc"> 44,49, </key>
<key name="preconfigur"> 67, </key>
<key name="preferenc"> 2,18,3,4,22,10,25,34, </key>
<key name="prefix"> 42, </key>
<key name="premis"> 23, </key>
<key name="pres"> 21, </key>
<key name="present"> 51, </key>
<key name="prevent"> 44,49,30,53,69, </key>
<key name="previou"> 37,19,38,39,24,60, </key>
<key name="previous"> 65, </key>
<key name="primary"> 60, </key>
<key name="privileg"> 21,66,10,69, </key>
<key name="problem"> 72, </key>
<key name="proceed"> 61, </key>
<key name="proces"> 70,7,37,35,63,64,65,40,55,28,69, </key>
<key name="profil"> 66,69, </key>
<key name="progres"> 64,28,69, </key>
<key name="projector"> 23, </key>
<key name="prompt"> 66, </key>
<key name="properti"> 33, </key>
<key name="property"> 8, </key>
<key name="protect"> 43,45, </key>
<key name="protection"> 7,42,43,52, </key>
<key name="protocol"> 48,75,50,52,34, </key>
<key name="provid"> 35,39,52,69, </key>
<key name="provision"> 7,61,18,26,9,66,68,11,69, </key>
<key name="proxy"> 46,47,51,55,10,53, </key>
<key name="public"> 34, </key>
<key name="purg"> 13,2,27, </key>
<key name="purpos"> 10, </key>
<key name="qualifi"> 52, </key>
<key name="query"> 48,54,67, </key>
<key name="question"> 71,69, </key>
<key name="queu"> 70,7,44,16,56,72,58, </key>
<key name="quick"> 7,26,32,34,31, </key>
<key name="quickadd"> 4,25, </key>
<key name="quit"> 13, </key>
<key name="quota"> 7,13,17,2,18,3,4,26,56,5,59, </key>
<key name="random"> 1,3,10, </key>
<key name="rath"> 14,65,34, </key>
<key name="rbl"> 42, </key>
<key name="re"> 13,26,72,24,28,32, </key>
<key name="reach"> 13,17,59, </key>
<key name="read"> 50, </key>
<key name="ready"> 70,21,6, </key>
<key name="reason"> 70, </key>
<key name="reassign"> 3, </key>
<key name="receiv"> 70,42,16,71,48,18,21,26,72,52,25,27,34,69,60, </key>
<key name="recent"> 61,24, </key>
<key name="recipient"> 42,43,44,45,71,48,54,21,49,26,34, </key>
<key name="recommend"> 65,66,72, </key>
<key name="record"> 7,48,54,36,23,3,55,34, </key>
<key name="recur"> 23, </key>
<key name="redirect"> 19, </key>
<key name="ref"> 42,66,11, </key>
<key name="refer"> 42, </key>
<key name="referenc"> 60, </key>
<key name="reflect"> 7, </key>
<key name="refresh"> 61,62,72, </key>
<key name="regard"> 55, </key>
<key name="regardles"> 44,49,34, </key>
<key name="register"> 55, </key>
<key name="regular"> 23,30, </key>
<key name="reindex"> 26,28, </key>
<key name="reject"> 44,45,17,2,48,23,49,26,50,59, </key>
<key name="relay"> 61,48,54,55,53,69, </key>
<key name="releas"> 7,72, </key>
<key name="reliabl"> 8, </key>
<key name="remain"> 13,27,29,57, </key>
<key name="rememb"> 13,57, </key>
<key name="remind"> 25, </key>
<key name="remov"> 19,22,26,6,10,5,67, </key>
<key name="renam"> 29, </key>
<key name="reoccur"> 23, </key>
<key name="rep"> 0,25,34, </key>
<key name="repli"> 34, </key>
<key name="replicat"> 69, </key>
<key name="report"> 56, </key>
<key name="repository"> 6,10, </key>
<key name="represent"> 41, </key>
<key name="request"> 36,65,34, </key>
<key name="requeu"> 72, </key>
<key name="requir"> 15,71,41,35,46,47,48,36,18,63,40,28,53,34, </key>
<key name="resend"> 70, </key>
<key name="reserv"> 8, </key>
<key name="reset"> 18,55,5,24,32, </key>
<key name="resid"> 27, </key>
<key name="resolv"> 37,38,39, </key>
<key name="resourc"> 7,23,26,33,31, </key>
<key name="respectiv"> 8, </key>
<key name="restart"> 55, </key>
<key name="restrict"> 2,18,3,52, </key>
<key name="restriction"> 2,18,23,52,24, </key>
<key name="result"> 37,41,35,21,38,39,40,50,28,31, </key>
<key name="resum"> 44,58, </key>
<key name="retriev"> 24,28, </key>
<key name="retrieval"> 51,10, </key>
<key name="return"> 37,35,21,39,40,28, </key>
<key name="reus"> 72, </key>
<key name="review"> 42,67,69, </key>
<key name="revok"> 10, </key>
<key name="rfc"> 52, </key>
<key name="rich"> 6,34, </key>
<key name="right"> 7,8,1,21,6,28,58, </key>
<key name="room"> 70,23, </key>
<key name="root"> 0,55,67,60, </key>
<key name="rout"> 70,41,0,72,34, </key>
<key name="rul"> 42,44,41,35,49,65,50,5,34, </key>
<key name="run"> 7,41,35,63,56,28,34,69,73, </key>
<key name="s"> 7,42,15,41,46,47,48,54,18,23,3,22,0,12,63,26,9,6,55,56,52,10,5,24,25,28,57,32,67,11,69,74, </key>
<key name="sam"> 23,21,51,10,29,31, </key>
<key name="samantha"> 21,31, </key>
<key name="sammy"> 21,31, </key>
<key name="samson"> 21,31, </key>
<key name="samuel"> 21,31, </key>
<key name="san"> 8, </key>
<key name="sav"> 1,16,18,19,3,21,38,39,25,30,29,32,58,33,34,69,60, </key>
<key name="scal"> 71, </key>
<key name="scan"> 70, </key>
<key name="schedul"> 7,23,65,26,34, </key>
<key name="schema"> 35, </key>
<key name="scor"> 42, </key>
<key name="screen"> 36, </key>
<key name="scroll"> 21, </key>
<key name="se"> 70,7,71,48,18,19,39,63,64,26,9,6,55,56,72,5,67,34,73, </key>

</ftswdata>  
