﻿<?xml version='1.0' encoding='utf-8' ?>
<!-- saved from url=(0014)about:internet -->
<ftswdata>
<key name="!"> 15,92, </key>
<key name="%"> 15,51,19,50,40,92, </key>
<key name="&amp;"> 50,92,80, </key>
<key name="'"> 16,53,4,24,78,31,82,83, </key>
<key name="*"> 50,75,98, </key>
<key name="-"> 84,11,12,15,45,8,17,51,52,3,42,18,85,4,50,57,20,21,28,10,46,47,60,78,98,30,13,97,59,64,103,65,87,61,92,29,32,62,95,67,14,38,35,102,88,39, </key>
<key name="0"> 15,93, </key>
<key name="00.0mb"> 68, </key>
<key name="1"> 15,52,19,102, </key>
<key name="10"> 15,64,29,93,82,83, </key>
<key name="100"> 45,50,47,29, </key>
<key name="10000"> 57, </key>
<key name="1024"> 29, </key>
<key name="110"> 56,60, </key>
<key name="12"> 15, </key>
<key name="143"> 55,60, </key>
<key name="2"> 15,46,47,66, </key>
<key name="20"> 56, </key>
<key name="200"> 55, </key>
<key name="2005"> 102, </key>
<key name="2008"> 102, </key>
<key name="21k"> 38, </key>
<key name="24"> 52, </key>
<key name="25"> 57,63,64,29, </key>
<key name="26"> 102, </key>
<key name="30"> 11,15,85,65,31, </key>
<key name="33"> 51, </key>
<key name="365"> 11,85,97,65, </key>
<key name="389"> 45,50,40,74,46,47, </key>
<key name="4"> 65, </key>
<key name="4096"> 64,69, </key>
<key name="48"> 11,85,65, </key>
<key name="5"> 46,29, </key>
<key name="5.0"> 102, </key>
<key name="5.5"> 80, </key>
<key name="50"> 29, </key>
<key name="6"> 15,92, </key>
<key name="6.0"> 80,83, </key>
<key name="60"> 11,85,4,64,65, </key>
<key name="636"> 50,40,46,47, </key>
<key name="64"> 15,92, </key>
<key name="7"> 29, </key>
<key name="7071"> 70,76, </key>
<key name="7110"> 56,60, </key>
<key name="7143"> 55,60, </key>
<key name="75"> 51, </key>
<key name="7993"> 55,60, </key>
<key name="7995"> 56,60, </key>
<key name="8"> 46, </key>
<key name="9"> 15, </key>
<key name="90"> 19, </key>
<key name="993"> 55,60, </key>
<key name="995"> 56,60, </key>
<key name="ability"> 12,50,25,39, </key>
<key name="abl"> 100,101,67, </key>
<key name="abov"> 11,75,98,64,80,69, </key>
<key name="accent"> 90,95, </key>
<key name="accept"> 28,30,61, </key>
<key name="acces"> 45,8,9,50,40,10,100,105,25,0,98,27,101,30,48,103,32,106,107,49,38,89,39, </key>
<key name="accidental"> 30,32, </key>
<key name="accommodat"> 61, </key>
<key name="accord"> 53,28,58,93, </key>
<key name="account"> 11,7,15,72,45,8,16,104,17,51,52,3,41,53,54,42,90,9,18,43,91,19,85,4,50,40,20,21,28,5,10,99,86,100,73,105,75,24,26,2,58,60,78,27,101,30,13,48,59,103,79,65,6,92,29,34,31,32,33,66,93,95,94,36,80,49,37,81,14,38,35,82,83,68,89,69,39, </key>
<key name="account'"> 11,16,90,18,43,24,26,30,6,92,29,32,89, </key>
<key name="acm"> 75, </key>
<key name="acros"> 60, </key>
<key name="action"> 15,5,29,32,66,38,89, </key>
<key name="activ"> 84,11,15,45,17,18,43,91,40,20,28,86,46,47,30,48,65,87,92,34,66,93,80,49, </key>
<key name="active"> 69, </key>
<key name="activiti"> 25,39, </key>
<key name="activity"> 11,15,85,65,66, </key>
<key name="actual"> 42, </key>
<key name="ad"> 72,45,8,16,104,51,41,4,50,20,21,28,5,23,24,98,48,29,69, </key>
<key name="adam"> 75, </key>
<key name="adautocomplet"> 50, </key>
<key name="add"> 7,45,8,16,3,53,54,19,57,44,20,21,28,23,10,75,24,0,26,58,46,47,30,97,59,64,103,80,38,69,39, </key>
<key name="addition"> 28,99,87,94,38,35,39, </key>
<key name="additional"> 11,7,45,16,19,40,56,46,47,48,64,103,38,69,39, </key>
<key name="addres"> 11,12,15,45,8,16,17,51,52,41,42,18,50,40,56,57,44,20,21,28,23,10,75,24,26,2,47,78,30,64,103,65,87,61,29,80,38,35,82,83,39, </key>
<key name="admin"> 11,15,52,90,0,2,70,76,13,1,66,14,83, </key>
<key name="administration"> 11,7,8,42,9,57,63,44,0,70,76,71,98,13,97,48,64,103,65,66,107,14,35,82,83,102, </key>
<key name="administrativ"> 2,83, </key>
<key name="administrator"> 84,15,17,51,20,28,23,13,79,87,92,93,95,14,38,82, </key>
<key name="administrator'"> 86,2,70,76,13,103,65,14, </key>
<key name="advanc"> 11,12,15,17,19,4,20,5,10,24,34,31,66,93,38,35,39, </key>
<key name="advertis"> 56,64, </key>
<key name="affect"> 15,43,78, </key>
<key name="ag"> 15,92,31, </key>
<key name="again"> 15,66,38, </key>
<key name="aggregat"> 85, </key>
<key name="aggressive"> 51, </key>
<key name="alert"> 52,78, </key>
<key name="alia"> 52,50,20,21,23,24,30,35, </key>
<key name="alias"> 11,17,42,20,21,23,24,2,30,29,38,35, </key>
<key name="allocat"> 65,68, </key>
<key name="allot"> 19, </key>
<key name="allow"> 15,8,17,91,55,56,57,63,44,10,26,60,103,29,93,38,39, </key>
<key name="along"> 12,65,88,39, </key>
<key name="alphanumeric"> 15,92, </key>
<key name="already"> 28,26,103,69, </key>
<key name="alternat"> 20,98, </key>
<key name="alternativ"> 98, </key>
<key name="although"> 78, </key>
<key name="alway"> 28,26,29, </key>
<key name="amavisd"> 85, </key>
<key name="amount"> 15,19, </key>
<key name="anonymou"> 50,40, </key>
<key name="anoth"> 84,4,50,20,21,30,6,39, </key>
<key name="answer"> 35, </key>
<key name="anti"> 84,11,51,52,85,59,64,65,88, </key>
<key name="antiviru"> 52, </key>
<key name="any"> 84,7,15,72,16,52,53,43,28,5,23,10,100,105,24,0,60,77,78,101,59,103,87,92,29,31,32,66,35,82,83,89,69, </key>
<key name="anytim"> 18, </key>
<key name="ap"> 19,98,59,38,68, </key>
<key name="appear"> 18,20,28,26,80,37,38,82,83,69, </key>
<key name="appearanc"> 99,100,101, </key>
<key name="appli"> 38, </key>
<key name="applicabl"> 98,92, </key>
<key name="application"> 7,75,25,103,80,38,39, </key>
<key name="appointment"> 19,28,25,78,29,38,68,39, </key>
<key name="appropriat"> 2,36,39, </key>
<key name="approximate"> 50, </key>
<key name="arbitrari"> 57, </key>
<key name="architectur"> 85, </key>
<key name="archiv"> 52, </key>
<key name="area"> 11,16,5,23,30, </key>
<key name="arrow"> 35, </key>
<key name="ask"> 1,106,82,83, </key>
<key name="assign"> 15,72,3,19,4,20,5,30,48,6,14,69, </key>
<key name="assist"> 30,89, </key>
<key name="associat"> 3,19,21,5,30,6,32,1,106,38, </key>
<key name="assum"> 40,75,80, </key>
<key name="asterisk"> 20,98, </key>
<key name="attach"> 53,54,28,58, </key>
<key name="attachment"> 15,53,54,19,4,57,20,5,24,58,59,6,32,14,38,82,83,68,39, </key>
<key name="attempt"> 84,15,18,91,40,87,93, </key>
<key name="attende"> 28, </key>
<key name="attest"> 97, </key>
<key name="attribut"> 17,4,50,40,20,5,92,31, </key>
<key name="audit"> 89, </key>
<key name="auth"> 15,57,63,66, </key>
<key name="authenticat"> 15,57,63,70,76,71, </key>
<key name="authentication"> 11,15,45,90,40,57,63,44,46,48,59,64,92,34,95,94, </key>
<key name="author"> 12, </key>
<key name="authority"> 98,97, </key>
<key name="authoriz"> 98, </key>
<key name="auto"> 3,20,28, </key>
<key name="autocomplet"> 41,50,29,38, </key>
<key name="automat"> 51, </key>
<key name="automatic"> 29, </key>
<key name="automatical"> 11,7,15,72,104,17,51,52,18,19,4,20,28,5,86,24,2,98,30,97,64,65,29,31,32,66,93,107,38,68,69,39, </key>
<key name="av"> 85,59, </key>
<key name="availabl"> 16,104,3,85,4,50,55,56,20,28,5,10,99,100,105,24,101,13,103,65,29,107,14,38,35,39, </key>
<key name="averag"> 86, </key>
<key name="avoid"> 57,63, </key>
<key name="away"> 29, </key>
<key name="b"> 23, </key>
<key name="back"> 84,11,16,23,98, </key>
<key name="background"> 99,32,38, </key>
<key name="bar"> 11,17,85,32, </key>
<key name="bas"> 15,50,40,20,10,75,46,47,61,95,80,39, </key>
<key name="basi"> 50,28,46,47,60,34, </key>
<key name="basic"> 17,50,29, </key>
<key name="batch"> 29, </key>
<key name="be"> 84,18,85,40,77,78,59,34,31,82,83, </key>
<key name="becom"> 50,20,75,47,30,48,29,32,107,80,38,83,69, </key>
<key name="befor"> 84,15,72,17,85,5,78,98,61,92,29,31,32,93,38,82,83,69, </key>
<key name="begin"> 78,80,82,83, </key>
<key name="behalf"> 39, </key>
<key name="behav"> 24,61,29, </key>
<key name="behavior"> 61, </key>
<key name="behind"> 11, </key>
<key name="belong"> 97, </key>
<key name="below"> 15,16,19,23,103,38,82,83,68, </key>
<key name="beta"> 29,39, </key>
<key name="bind"> 45,50,40,46,47,64, </key>
<key name="blank"> 16,51,23,46, </key>
<key name="blob"> 64,69, </key>
<key name="block"> 52,53,4,23,59, </key>
<key name="book"> 11,12,15,16,41,50,23,75,103,29,38,83,39, </key>
<key name="boolean"> 50, </key>
<key name="both"> 11,45,50,25,47,78,48,6,66, </key>
<key name="bottom"> 11,16,23, </key>
<key name="bounc"> 84,53,54,43,86,58, </key>
<key name="box"> 11,15,72,45,8,16,104,44,20,23,100,46,47,77,78,98,101,64,92,34,1,106,107,80,35,82,83,69, </key>
<key name="briefcas"> 19,38,39, </key>
<key name="brows"> 15,0,98,66,107,80,39, </key>
<key name="browser'"> 11, </key>
<key name="build"> 11,17,28,75,80,38, </key>
<key name="built"> 38, </key>
<key name="bulk"> 20,13, </key>
<key name="busy"> 28, </key>
<key name="button"> 11,15,101,87,66, </key>
<key name="byt"> 85,64,69, </key>
<key name="c"> 98, </key>
<key name="ca"> 97, </key>
<key name="cach"> 41,87,29, </key>

</ftswdata>  
