<?xml version='1.0' encoding='windows-1252' ?>
<ftswdata>
<key name="doubl"> 14,15,5,21, </key>
<key name="down"> 14, </key>
<key name="download"> 10,22,46, </key>
<key name="downtim"> 42, </key>
<key name="drop"> 14, </key>
<key name="du"> 30, </key>
<key name="duplicat"> 42, </key>
<key name="earli"> 42, </key>
<key name="easi"> 26,18, </key>
<key name="edit"> 7,30,12,2,14,3,15,26,35,18,5,19,21, </key>
<key name="effectiv"> 12, </key>
<key name="eith"> 7,11,25,34,31,43,5,19,48,49,22,46, </key>
<key name="elaps"> 11, </key>
<key name="elsewher"> 31, </key>
<key name="email"> 11,28,27,14,6,5,48,20,36,10,46, </key>
<key name="employe"> 27, </key>
<key name="enabl"> 11,28,29,32,2,24,4,31,5,16,17,19,22, </key>
<key name="encrypt"> 29,16,21, </key>
<key name="end"> 2,3,10, </key>
<key name="enforc"> 11,16,19, </key>
<key name="enough"> 30, </key>
<key name="ensur"> 42,16, </key>
<key name="ent"> 25,13,14,3,15,40,5,20,21,46, </key>
<key name="enter"> 25,28,27,16,20, </key>
<key name="entri"> 11,23, </key>
<key name="environment"> 7,1, </key>
<key name="error"> 41,46, </key>
<key name="event"> 30, </key>
<key name="every"> 29, </key>
<key name="everyon"> 6, </key>
<key name="ex"> 46, </key>
<key name="exact"> 22, </key>
<key name="exampl"> 2,13,6,41,20, </key>
<key name="except"> 48, </key>
<key name="exception"> 5, </key>
<key name="exchang"> 38,42,44,10,46, </key>
<key name="execut"> 9, </key>
<key name="executabl"> 46, </key>
<key name="executiv"> 2, </key>
<key name="exist"> 2,14,15,35,43,44,45,46, </key>
<key name="expand"> 12,34, </key>
<key name="experienc"> 30, </key>
<key name="expir"> 5,16, </key>
<key name="explicit"> 2,27,31, </key>
<key name="extension"> 30,31, </key>
<key name="external"> 11,25,32,27,24,26, </key>
<key name="fail"> 25, </key>
<key name="fashion"> 8,16, </key>
<key name="featur"> 7,8,11,12,2,27,13,3,4,18,5,48,10,22,23, </key>
<key name="field"> 28,24,13,42,5,19, </key>
<key name="fil"> 29,30,41,42,46,23, </key>
<key name="fill"> 24, </key>
<key name="filt"> 25,28,29,27,42,44, </key>
<key name="filter"> 8,28,22, </key>
<key name="final"> 47, </key>
<key name="find"> 12,20, </key>
<key name="finish"> 25,13, </key>
<key name="first"> 11,27,14,19,20,22,46, </key>
<key name="flag"> 22, </key>
<key name="fold"> 11,28,0,34,42,35,48,49,22,46, </key>
<key name="folder"> 8,42,5,48,44,46,23, </key>
<key name="follow"> 7,28,30,32,12,2,27,24,4,9,31,18,17,46,37, </key>
<key name="forc"> 11,19,21, </key>
<key name="forget"> 29,21, </key>
<key name="form"> 27, </key>
<key name="format"> 7,34,24,17, </key>
<key name="forward"> 13,14,15,18,17, </key>
<key name="fre"> 32,22, </key>
<key name="frequency"> 29, </key>
<key name="full"> 8,11,46, </key>
<key name="function"> 7,32,31,18, </key>
<key name="gal"> 7,25,27,26,31,22, </key>
<key name="gb"> 34, </key>
<key name="general"> 30,32,12,2,3,26,31,21, </key>
<key name="global"> 7,25,28,29,30,2,27,3,26,31,5,10,22, </key>
<key name="go"> 30,46, </key>
<key name="good"> 21, </key>
<key name="grant"> 24, </key>
<key name="graph"> 34, </key>
<key name="graphical"> 34, </key>
<key name="group"> 2,4,6,17,44,22,46, </key>
<key name="guid"> 7,13,6,9,35,10, </key>
<key name="hack"> 12, </key>
<key name="handl"> 28, </key>
<key name="happen"> 42, </key>
<key name="hav"> 27,23, </key>
<key name="head"> 7, </key>
<key name="help"> 7,26,44,50, </key>
<key name="her"> 40,16, </key>
<key name="hierarchy"> 46, </key>
<key name="high"> 8, </key>
<key name="highlight"> 14,15,5,21, </key>
<key name="history"> 11,16, </key>
<key name="host"> 7,1,30,32,2,40,46, </key>
<key name="hostnam"> 32, </key>
<key name="hour"> 7,29,33,34,49, </key>
<key name="how"> 11,28,30,13,3,48,49,44,22,46, </key>
<key name="html"> 4,17,22, </key>
<key name="icon"> 46, </key>
<key name="id"> 20, </key>
<key name="identifi"> 25,32,26, </key>
<key name="identify"> 28,24,43,44, </key>
<key name="if"> 7,11,38,25,28,29,30,32,12,2,24,13,39,41,42,31,5,16,17,19,20,49,21,44,22,46,37, </key>
<key name="ignor"> 42, </key>
<key name="imap"> 7,32,31,35,10,22, </key>
<key name="immediate"> 7,0,12,36, </key>
<key name="import"> 12,40,41,42,44,10,46, </key>
<key name="important"> 38,29,42,46, </key>
<key name="inbound"> 7,34, </key>
<key name="inbox"> 4,48,22, </key>
<key name="inc"> 8, </key>
<key name="includ"> 7,8,11,32,2,3,6,26,31,49,44,37,23, </key>
<key name="incom"> 48,22, </key>
<key name="increas"> 42, </key>
<key name="index"> 11,4, </key>
<key name="individual"> 2,9,5,19,48,46, </key>
<key name="inform"> 42, </key>
<key name="information"> 8,38,25,32,12,34,2,27,24,13,3,40,41,9,26,35,18,21,44,10,46, </key>
<key name="inherit"> 11, </key>
<key name="initial"> 13,4,16,17,21,22, </key>
<key name="instal"> 7,28,29,32,2,4,35,46,37, </key>
<key name="install"> 9, </key>
<key name="installation"> 25,26,31,35, </key>
<key name="instead"> 38,46, </key>
<key name="interest"> 6, </key>
<key name="interfac"> 7,12,6,9,22, </key>
<key name="internal"> 25,27,24,26, </key>
<key name="internet"> 4,17,22, </key>
<key name="interrupt"> 42, </key>
<key name="ip"> 32,35, </key>
<key name="island"> 8, </key>
<key name="issu"> 25, </key>
<key name="item"> 4,42,5,17,22,46, </key>
<key name="itself"> 36, </key>
<key name="john"> 13, </key>
<key name="junk"> 11,28,42,46, </key>
<key name="just"> 25, </key>
<key name="kb"> 34, </key>
<key name="keep"> 3, </key>
<key name="keyword"> 46, </key>
<key name="kill"> 28, </key>
<key name="know"> 0,27,20, </key>
<key name="known"> 27, </key>
<key name="label"> 22, </key>
<key name="larg"> 13,46, </key>
<key name="last"> 7,8,25,33,34,27,13,20,50, </key>
<key name="latest"> 46, </key>
<key name="launch"> 43, </key>
<key name="ldap"> 7,25,32,27,24,13,26,35,21,37, </key>
<key name="least"> 21, </key>
<key name="left"> 7,1,42, </key>
<key name="legitimat"> 24, </key>
<key name="length"> 11,2,3,4,16, </key>
<key name="let"> 42,22,23, </key>
<key name="level"> 11,2,42,19, </key>
<key name="lifetim"> 11,2,13,3,4,5,48,49, </key>
<key name="like"> 42, </key>
<key name="limit"> 11,3,5, </key>
<key name="lin"> 25,28,32,2,13,6,9,22, </key>
<key name="link"> 7, </key>
<key name="list"> 7,11,38,25,1,30,12,33,2,27,14,39,6,15,9,26,18,17,19,21,44,36,22,46,37, </key>
<key name="lmtp"> 32,34,47,36, </key>
<key name="local"> 47,9, </key>
<key name="location"> 6,44, </key>
<key name="lock"> 11,12,16,19, </key>
<key name="log"> 7,11,0,12,41,21,36,46,23, </key>
<key name="login"> 32,12,24, </key>
<key name="logon"> 43, </key>
<key name="long"> 11,2,13,49, </key>
<key name="look"> 27,22, </key>
<key name="lookup"> 32,27,26, </key>
<key name="lost"> 46, </key>
<key name="lqprov"> 13,6,35, </key>
<key name="machin"> 32,35, </key>
<key name="mail"> 8,38,28,29,30,32,12,2,27,13,14,3,4,6,15,42,47,31,17,48,36,22,46,23, </key>
<key name="mailbox"> 7,11,38,1,30,32,12,34,2,13,40,42,47,18,5,20,21,44,36,22,46,37,23, </key>
<key name="main"> 0, </key>
<key name="maintenanc"> 30,12, </key>
<key name="mak"> 2, </key>
<key name="man"> 12,21, </key>
<key name="manag"> 7,2,3,9,26,31,35,18,10, </key>
<key name="management"> 9,10, </key>
<key name="mapi"> 43,46, </key>
<key name="mark"> 28, </key>
<key name="mas"> 28, </key>
<key name="match"> 20,22, </key>
<key name="mateo"> 8, </key>
<key name="maximum"> 11,25,27,4,31,16, </key>
<key name="mb"> 11,34, </key>
<key name="mean"> 11, </key>
<key name="measur"> 49, </key>
<key name="mechanism"> 7,25,24, </key>
<key name="meeting"> 22, </key>
<key name="megabyt"> 11, </key>
<key name="memb"> 46, </key>
<key name="member"> 30, </key>
<key name="menu"> 14, </key>
<key name="messag"> 7,8,11,28,29,30,34,2,13,3,4,42,47,31,5,17,48,22,46, </key>
<key name="method"> 13, </key>
<key name="microsoft"> 43,19,10,46, </key>
<key name="might"> 41, </key>
<key name="migrat"> 39,44,10,46, </key>
<key name="migration"> 7,43,44,10,46, </key>
<key name="minimum"> 7,11,13,4,16, </key>
<key name="minut"> 32,49, </key>
<key name="mod"> 7,25,12,27,26, </key>
<key name="modify"> 29,2, </key>
<key name="monitor"> 10, </key>
<key name="month"> 7,33,34, </key>
<key name="mous"> 11,49, </key>
<key name="mov"> 1,18, </key>
<key name="mta"> 7,29,30,32,12,47,31,35,36,10,37, </key>
<key name="multipl"> 1,22, </key>
<key name="must"> 11,0,24,13,40,26,16,19,20,21,22,46, </key>
<key name="nam"> 7,25,29,1,32,12,34,2,27,24,13,3,39,40,26,20,44,36,46, </key>
<key name="navigat"> 7, </key>
<key name="navigation"> 7,33,34,13,3,5,19,36, </key>
<key name="ne"> 25,13,3, </key>
<key name="nev"> 5, </key>
<key name="new"> 38,25,29,1,0,12,2,13,14,3,15,26,18,43,16,17,21,22,46, </key>
<key name="next"> 38,25,1,42,43,19,44,45, </key>
<key name="nod"> 12,33, </key>
<key name="normal"> 12,19, </key>
<key name="not"> 25,32,12,13,3,39,35,5,44, </key>
<key name="notic"> 8, </key>
<key name="notification"> 29,17, </key>
<key name="now"> 44, </key>

</ftswdata>  
