<?xml version='1.0' encoding='windows-1252' ?>
<ftswdata>
<key name="forum"> 8, </key>
<key name="forward"> 8,16,19,20,1,24,71,23, </key>
<key name="fre"> 21,52,31, </key>
<key name="frequency"> 40, </key>
<key name="frequent"> 66,21, </key>
<key name="ful"> 49, </key>
<key name="full"> 9,62,65,56, </key>
<key name="function"> 8, </key>
<key name="g"> 45, </key>
<key name="gal"> 8,34,0,38,19,36,37,47,71,31, </key>
<key name="gateway"> 51, </key>
<key name="gb"> 67, </key>
<key name="general"> 34,2,14,3,33,4,24,7,37,47,52,71,26,29, </key>
<key name="generat"> 1, </key>
<key name="get"> 41,42,15,46,55, </key>
<key name="giv"> 73,76, </key>
<key name="given"> 38, </key>
<key name="global"> 8,12,34,39,40,41,42,3,38,43,44,45,51,16,4,1,46,36,10,7,37,47,52,6,50,11,31, </key>
<key name="gn"> 38, </key>
<key name="go"> 8,67,35,36,68,64,65,56, </key>
<key name="good"> 29, </key>
<key name="grant"> 38,32, </key>
<key name="graph"> 67, </key>
<key name="graphical"> 53, </key>
<key name="greet"> 45,49, </key>
<key name="group"> 3,19,5,24,62,71,23,63,31,65, </key>
<key name="guid"> 39,16,10,37,52,53,11, </key>
<key name="hack"> 14, </key>
<key name="ham"> 39, </key>
<key name="handl"> 39, </key>
<key name="happen"> 61, </key>
<key name="hav"> 38,24,7,68,71,79,70, </key>
<key name="head"> 15,24,7, </key>
<key name="header"> 55, </key>
<key name="help"> 8,9,77,7,63,80, </key>
<key name="helpful"> 21, </key>
<key name="her"> 66,8,22, </key>
<key name="hid"> 19,71, </key>
<key name="hidden"> 16,20,71, </key>
<key name="hierarchy"> 76,65, </key>
<key name="high"> 9, </key>
<key name="highlight"> 17,52,6,29, </key>
<key name="history"> 12,22, </key>
<key name="hold"> 66,8,53,68, </key>
<key name="host"> 8,34,41,3,38,32,45,51,33,16,59,37,52,71,76,50,65, </key>
<key name="hostnam"> 45,51,48,52,49,76, </key>
<key name="hour"> 8,40,67,53,79, </key>
<key name="hov"> 17,24, </key>
<key name="how"> 12,39,40,51,33,16,4,46,35,36,7,23,78,79,31,65, </key>
<key name="html"> 5,7,23,31, </key>
<key name="http"> 43,44,33, </key>
<key name="i"> 16,63, </key>
<key name="icon"> 65, </key>
<key name="id"> 24,68,26,28, </key>
<key name="identifi"> 66,34,37,52, </key>
<key name="identify"> 39,32,62,49,63, </key>
<key name="idl"> 12,5,79, </key>
<key name="if"> 12,57,34,40,41,13,14,67,3,38,32,43,73,44,45,51,16,21,19,5,58,74,20,1,35,36,60,61,77,24,7,47,52,53,68,49,6,22,23,76,27,25,50,26,79,29,63,31,28,65, </key>
<key name="ignor"> 73,61,22, </key>
<key name="ill"> 49, </key>
<key name="imag"> 7, </key>
<key name="imap"> 8,3,43,44,16,5,48,47,52,71,23,11,31, </key>
<key name="immediate"> 8,14,54, </key>
<key name="implement"> 49, </key>
<key name="import"> 8,73,58,74,59,60,75,61,77,62,71,76,63,11,65, </key>
<key name="important"> 40,3,16,61,52,62,49,6,50,65, </key>
<key name="inaccessibl"> 24, </key>
<key name="inbound"> 8,67, </key>
<key name="inbox"> 5,23,76,78, </key>
<key name="inc"> 9, </key>
<key name="includ"> 8,9,12,3,21,4,19,1,24,7,37,52,53,71,79,63,65,69,70, </key>
<key name="incom"> 66,8,53,68,49,78, </key>
<key name="increas"> 42,15,61,55, </key>
<key name="index"> 24,52,25,56, </key>
<key name="index1"> 52,56, </key>
<key name="individual"> 41,14,15,3,19,20,24,10,7,68,6,27,78,79,63,31,65, </key>
<key name="inform"> 61, </key>
<key name="information"> 8,9,57,34,2,14,67,3,38,32,44,16,21,4,35,36,59,77,24,10,7,37,52,53,68,71,76,26,79,29,63,11,31,65,55,56, </key>
<key name="inherit"> 12, </key>
<key name="initial"> 16,21,5,1,52,22,23,29,31,56, </key>
<key name="initializ"> 7, </key>
<key name="input"> 38, </key>
<key name="instal"> 8,39,40,67,3,5,52,53,71,65,69,56, </key>
<key name="install"> 1,10,71, </key>
<key name="installation"> 34,40,37,47,52, </key>
<key name="instead"> 57,71,63,65, </key>
<key name="instruct"> 76,50, </key>
<key name="interfac"> 14,10,31, </key>
<key name="internal"> 34,13,38,32,35,36,37,22, </key>
<key name="internet"> 5,23, </key>
<key name="interrupt"> 73,61, </key>
<key name="interval"> 5,23, </key>
<key name="invit"> 21, </key>
<key name="invitation"> 21,24, </key>
<key name="ip"> 45,52,53,68,49, </key>
<key name="island"> 9, </key>
<key name="isp"> 45,50, </key>
<key name="issu"> 34,35,36, </key>
<key name="item"> 73,5,61,23,76,31,28,65, </key>
<key name="itself"> 54, </key>
<key name="jo"> 63, </key>
<key name="joanna"> 63, </key>
<key name="john"> 16, </key>
<key name="joseph"> 63, </key>
<key name="journal"> 61, </key>
<key name="jun"> 9, </key>
<key name="junk"> 12,39,73,61,78,65, </key>
<key name="just"> 34, </key>
<key name="kb"> 67,45, </key>
<key name="keep"> 66,73,4,26, </key>
<key name="kept"> 7,71,31, </key>
<key name="keyword"> 65, </key>
<key name="kill"> 39, </key>
<key name="know"> 38,16,19,74,20,7,28, </key>
<key name="known"> 38,19, </key>
<key name="label"> 31, </key>
<key name="larg"> 16,48,52,68,71,65,56, </key>
<key name="last"> 8,67,38,16,53,28,80,69, </key>
<key name="latest"> 65, </key>
<key name="launch"> 62, </key>
<key name="layout"> 21,7, </key>
<key name="ldap"> 8,34,38,32,16,21,35,36,37,52,53,22,27,29,63,69, </key>
<key name="least"> 29, </key>
<key name="leav"> 19, </key>
<key name="left"> 8,2,19,35,61,23,28, </key>
<key name="legitimat"> 32, </key>
<key name="length"> 12,3,4,5,22, </key>
<key name="let"> 3,16,46,61,24,7,31,70, </key>
<key name="letter"> 71, </key>
<key name="level"> 3,45,51,61,27, </key>
<key name="lifetim"> 12,3,16,21,4,5,6,78,79, </key>
<key name="lik"> 73, </key>
<key name="like"> 61, </key>
<key name="limit"> 66,12,15,3,4,5,79,55, </key>
<key name="lin"> 39,3,16,19,24,10,52,31,56, </key>
<key name="link"> 8,41,16,24,52,6, </key>
<key name="list"> 8,12,57,34,2,41,42,14,3,38,16,17,19,5,18,58,20,46,36,60,61,24,37,52,53,68,71,23,27,26,29,63,54,30,64,11,31,28,65,69,56, </key>
<key name="lmtp"> 72,52,54, </key>
<key name="local"> 45,74,20,72,10,23,50, </key>
<key name="locat"> 74, </key>
<key name="location"> 8,21,74,24,52,50,63,30,56, </key>
<key name="lock"> 12,14,24,22,27, </key>
<key name="log"> 8,12,13,14,67,32,73,33,1,60,75,77,24,52,62,53,22,79,29,54,31,65,69,70, </key>
<key name="login"> 14,43,44,37,52,71, </key>
<key name="logo"> 9, </key>
<key name="logon"> 62, </key>
<key name="long"> 12,3,51,16,79,56, </key>
<key name="look"> 38,74,31, </key>
<key name="lookup"> 38,45,51,37,52, </key>
<key name="loop"> 50, </key>
<key name="lost"> 65, </key>
<key name="low"> 23, </key>
<key name="m"> 53, </key>
<key name="machin"> 52, </key>
<key name="mail"> 66,8,9,57,39,40,2,41,42,14,15,3,38,32,73,45,51,33,16,17,4,19,5,20,46,48,61,72,24,52,53,68,49,71,23,78,25,50,54,31,28,65,70, </key>
<key name="mailbox"> 8,12,57,40,2,41,14,15,67,3,73,16,21,1,59,61,72,24,52,62,53,71,6,23,76,25,29,63,54,64,31,28,65,69,55,70,56, </key>
<key name="main"> 74, </key>
<key name="maintain"> 66,21,76,11, </key>
<key name="maintenanc"> 41,14,24, </key>
<key name="major"> 71, </key>
<key name="mak"> 3,45,51,33,16,52,30, </key>
<key name="man"> 14,29, </key>
<key name="manag"> 66,8,39,3,17,4,20,24,10,37,47,52,68,29,11,31,56, </key>
<key name="management"> 11,56, </key>
<key name="map"> 32, </key>
<key name="mapi"> 62,65, </key>
<key name="mark"> 39,56, </key>
<key name="market"> 63, </key>
<key name="mas"> 39, </key>
<key name="match"> 0,38,32,31,28, </key>
<key name="mateo"> 9, </key>
<key name="maximum"> 12,34,38,45,5,36,47,22, </key>
<key name="mb"> 12,67,65, </key>
<key name="mean"> 12, </key>
<key name="measur"> 79, </key>
<key name="mechanism"> 8,34,32, </key>
<key name="meet"> 8,21,61,24,76,63, </key>
<key name="meeting"> 21,24,31, </key>
<key name="megabyt"> 12,15, </key>
<key name="memb"> 62,71,65, </key>
<key name="member"> 19,37,71, </key>
<key name="menu"> 17, </key>
<key name="merg"> 76, </key>
<key name="messag"> 66,8,9,12,39,40,41,42,15,67,3,73,45,16,21,4,5,20,1,46,60,61,72,24,10,47,52,53,68,49,6,23,76,78,25,50,26,30,31,65,55,56, </key>
<key name="message1"> 52,56, </key>
<key name="method"> 32,16, </key>
<key name="microsoft"> 74,62,11,65, </key>
<key name="might"> 67,63, </key>
<key name="migrat"> 58,63,11,65, </key>
<key name="migration"> 8,59,61,62,71,63,11,65, </key>
<key name="mini"> 5,23, </key>
<key name="minimum"> 8,12,16,21,5,22, </key>
<key name="minut"> 5,52,23,79, </key>
<key name="mobil"> 31, </key>
<key name="mod"> 8,34,38,35,36,37, </key>
<key name="modify"> 40,3,24,23, </key>
<key name="monitor"> 66,8,15,21,53,68,11,69, </key>
<key name="month"> 67, </key>
<key name="morn"> 53, </key>
<key name="mount"> 7, </key>
<key name="mous"> 12,17,24,79, </key>
<key name="mov"> 66,8,2,17,19,24,68,6,76, </key>
<key name="mta"> 66,8,40,41,14,45,51,72,47,52,53,68,49,50,54,11,69, </key>
<key name="multipl"> 2,38,32,35,48,52,71,31, </key>

</ftswdata>  
