<?xml version='1.0' encoding='windows-1252' ?>
<ftswdata>
<key name="outsid"> 42, </key>
<key name="overrid"> 10,2,44,14,4,41,5, </key>
<key name="overridden"> 2,71, </key>
<key name="overview"> 52, </key>
<key name="own"> 19,4,18,25,27,29, </key>
<key name="owner"> 7, </key>
<key name="packag"> 60,45,46,63, </key>
<key name="pag"> 6,10,31,2,4,32,33,70,21,69,72, </key>
<key name="pan"> 6,11,12,60,14,15,19,3,17,16,22,45,46,62,25,26,27,47,28,63, </key>
<key name="parameter"> 35,41, </key>
<key name="part"> 35,30,26, </key>
<key name="partial"> 15,17,23,26,56, </key>
<key name="particular"> 38,2,3,47, </key>
<key name="partner"> 7, </key>
<key name="party"> 29, </key>
<key name="pas"> 40,44, </key>
<key name="password"> 6,10,31,37,11,2,35,30,40,44,14,3,4,32,33,52,22,5,20,69,25,27,29,58,64, </key>
<key name="past"> 31,32,33,20, </key>
<key name="path"> 67,45,49, </key>
<key name="penalti"> 62, </key>
<key name="per"> 60,35,4,32,33,21,25, </key>
<key name="percent"> 36, </key>
<key name="percentag"> 13,46,48, </key>
<key name="perform"> 35,8,9, </key>
<key name="performanc"> 7,54,46,9, </key>
<key name="period"> 14,54, </key>
<key name="periodic"> 59, </key>
<key name="permanent"> 49, </key>
<key name="permission"> 55,58, </key>
<key name="permit"> 29, </key>
<key name="personal"> 6,10,54,69,71,29, </key>
<key name="phon"> 19, </key>
<key name="pick"> 54,56, </key>
<key name="piec"> 19,22, </key>
<key name="plac"> 59,4, </key>
<key name="pleas"> 33, </key>
<key name="point"> 50,62,58, </key>
<key name="pol"> 4,21, </key>
<key name="policy"> 6,19, </key>
<key name="pool"> 1,2,3,4, </key>
<key name="poor"> 42, </key>
<key name="pop"> 6,2,14,41,45,9, </key>
<key name="pop3"> 45,29, </key>
<key name="pops3"> 41, </key>
<key name="populat"> 19, </key>
<key name="port"> 31,35,30,40,44,32,33,52,45,69, </key>
<key name="portion"> 56,58, </key>
<key name="possibl"> 45,62,21, </key>
<key name="post"> 29, </key>
<key name="postfix"> 40,0,62,43, </key>
<key name="postmast"> 0, </key>
<key name="practic"> 27, </key>
<key name="preconfigur"> 56, </key>
<key name="preferenc"> 2,14,3,4,21,29, </key>
<key name="prefix"> 36, </key>
<key name="prepar"> 69, </key>
<key name="pres"> 17, </key>
<key name="prevent"> 38,25,43,58, </key>
<key name="previou"> 31,66,15,32,33,20,49, </key>
<key name="previous"> 66,54,69, </key>
<key name="primary"> 49, </key>
<key name="privileg"> 55,58, </key>
<key name="problem"> 68,62, </key>
<key name="proceed"> 50, </key>
<key name="proces"> 59,6,31,60,30,66,52,53,54,34,45,23,58, </key>
<key name="profil"> 55,58, </key>
<key name="progres"> 66,53,68,23,58, </key>
<key name="projector"> 19, </key>
<key name="prompt"> 55, </key>
<key name="properti"> 28, </key>
<key name="property"> 7, </key>
<key name="protect"> 37,39, </key>
<key name="protection"> 6,36,37,42, </key>
<key name="protocol"> 40,65,41,42,29, </key>
<key name="provid"> 30,33,42,58, </key>
<key name="provision"> 6,50,14,22,8,55,57,9,58, </key>
<key name="proxy"> 43, </key>
<key name="pst"> 66,67,68,70,69, </key>
<key name="purg"> 10,71, </key>
<key name="qualifi"> 42, </key>
<key name="query"> 40,44,56, </key>
<key name="question"> 60,58, </key>
<key name="queu"> 59,6,38,12,46,62,47, </key>
<key name="quick"> 6,22,26,27,29, </key>
<key name="quickadd"> 4,21, </key>
<key name="quit"> 10, </key>
<key name="quota"> 6,10,13,2,14,3,4,22,46,5,48, </key>
<key name="random"> 1,3, </key>
<key name="rath"> 54, </key>
<key name="rbl"> 36, </key>
<key name="re"> 10,66,62,20,23,27, </key>
<key name="reach"> 10,13,48, </key>
<key name="read"> 41, </key>
<key name="ready"> 59,17, </key>
<key name="reason"> 59, </key>
<key name="reassign"> 3, </key>
<key name="receiv"> 59,36,12,66,40,14,22,62,42,21,71,58,49, </key>
<key name="recent"> 50,20, </key>
<key name="recipient"> 36,37,39,40,44,17,22, </key>
<key name="recommend"> 54,55,62, </key>
<key name="record"> 6,40,44,19,3,45,29, </key>
<key name="recur"> 19, </key>
<key name="redirect"> 15, </key>
<key name="ref"> 36,55,9, </key>
<key name="refer"> 36, </key>
<key name="referenc"> 49, </key>
<key name="reflect"> 6, </key>
<key name="refresh"> 50,51,62, </key>
<key name="regard"> 45, </key>
<key name="regardles"> 38, </key>
<key name="register"> 45, </key>
<key name="regular"> 19,25, </key>
<key name="reindex"> 23, </key>
<key name="reject"> 38,39,13,2,40,19,22,41,48, </key>
<key name="relay"> 50,40,44,45,43,58, </key>
<key name="releas"> 6,62, </key>
<key name="reliabl"> 7, </key>
<key name="remain"> 10,71,24,72, </key>
<key name="rememb"> 10,72, </key>
<key name="remov"> 15,18,22,62,5,56, </key>
<key name="renam"> 24, </key>
<key name="reoccur"> 19, </key>
<key name="rep"> 0,21, </key>
<key name="replicat"> 58, </key>
<key name="report"> 61, </key>
<key name="represent"> 35, </key>
<key name="request"> 54,69,29, </key>
<key name="requeu"> 62, </key>
<key name="requir"> 31,11,35,30,40,14,52,34,23,43,29, </key>
<key name="resend"> 59, </key>
<key name="reserv"> 7, </key>
<key name="reset"> 14,45,5,20,27, </key>
<key name="resid"> 71, </key>
<key name="resolv"> 31,32,33, </key>
<key name="resourc"> 6,19,22,26,28, </key>
<key name="respectiv"> 7, </key>
<key name="restart"> 45, </key>
<key name="restrict"> 2,14,3,42, </key>
<key name="restriction"> 2,14,19,42,20, </key>
<key name="result"> 31,35,30,17,32,33,41,23,26, </key>
<key name="resum"> 38,47, </key>
<key name="retriev"> 20,23, </key>
<key name="return"> 31,30,17,33,23, </key>
<key name="reus"> 62, </key>
<key name="review"> 36,70,56,58, </key>
<key name="rfc"> 42, </key>
<key name="rich"> 29, </key>
<key name="right"> 6,7,1,17,62,23,47, </key>
<key name="room"> 59,19, </key>
<key name="root"> 0,45,56,49, </key>
<key name="rout"> 59,35,0,62,29, </key>
<key name="rul"> 36,38,35,30,54,41,5,69,29, </key>
<key name="run"> 6,35,30,66,52,69,23,29,58,63, </key>
<key name="s"> 6,36,11,35,40,44,19,3,67,0,52,22,8,45,42,5,20,21,23,72,27,56,9,58,64, </key>
<key name="sam"> 66,17,24,26, </key>
<key name="samantha"> 17,26, </key>
<key name="sammy"> 17,26, </key>
<key name="samson"> 17,26, </key>
<key name="samuel"> 17,26, </key>
<key name="san"> 7, </key>
<key name="sav"> 1,38,12,14,15,3,17,18,32,33,21,25,24,27,47,28,29,58,49, </key>
<key name="scal"> 60, </key>
<key name="scan"> 59, </key>
<key name="schedul"> 6,19,54,22,29, </key>
<key name="schema"> 30, </key>
<key name="scor"> 36, </key>
<key name="scroll"> 17, </key>
<key name="se"> 6,60,40,14,15,67,33,52,53,22,8,45,62,5,56,29,63, </key>
<key name="search"> 6,7,31,35,30,15,17,4,67,32,33,41,21,23,26,56,29, </key>
<key name="second"> 72, </key>
<key name="secondary"> 49, </key>
<key name="section"> 17,62, </key>
<key name="secur"> 69, </key>
<key name="security"> 6,40,44,9, </key>
<key name="select"> 6,50,31,1,38,12,13,60,35,30,66,14,15,19,3,17,16,51,67,32,33,22,34,45,55,62,25,23,24,27,56,28,29,58,64,49, </key>
<key name="self"> 8, </key>
<key name="send"> 59,37,39,40,44,17,22,62,42,43, </key>
<key name="sender"> 42, </key>
<key name="sent"> 59,50,38,19,18,0,21,71,28, </key>
<key name="separat"> 6,17,56, </key>
<key name="sequenc"> 17,26,58, </key>
<key name="seri"> 59,14,58, </key>
<key name="serv"> 6,10,50,31,37,1,38,13,60,2,35,30,40,44,14,19,3,4,51,32,33,52,68,54,65,22,8,34,41,45,55,46,62,20,69,43,27,56,47,57,9,58,63,48,49, </key>
<key name="server"> 6,1,60,35,44,3,32,33,54,41,45,46,47,9,63,49, </key>
<key name="servic"> 6,7,50,1,38,2,35,30,19,3,4,52,54,22,8,41,45,46,5,25,47,9,63, </key>
<key name="session"> 10,2,14,3,4,72, </key>
<key name="set"> 59,6,10,36,37,38,12,13,2,35,40,44,14,19,3,0,32,33,54,41,45,42,5,20,25,71,43,72,27,29,58,48, </key>
<key name="setting"> 6,31,36,37,38,39,13,2,35,30,40,44,14,4,67,32,33,34,41,5,43,9, </key>
<key name="setup"> 22, </key>
<key name="shar"> 7,72, </key>
<key name="shift"> 17, </key>
<key name="should"> 10,50,36,1,30,66,14,17,33,54,20,43,56,58, </key>
<key name="show"> 6,60,2,15,4,68,22,45,62,21,48,49, </key>
<key name="shown"> 50,19,58, </key>
<key name="sid"> 54, </key>
<key name="sign"> 2,8, </key>
<key name="signatur"> 4,21, </key>
<key name="similar"> 40,44, </key>
<key name="simultaneous"> 54,29,58, </key>
<key name="sinc"> 54, </key>
<key name="singl"> 30,55,56,29,58, </key>
<key name="sit"> 38,19, </key>
<key name="siz"> 10,40,4,41,45,46,29,58,48,49, </key>
<key name="smith"> 14,56, </key>
<key name="smtp"> 40,44,42,43, </key>
<key name="sn"> 35, </key>
<key name="snapshot"> 62, </key>
<key name="snmp"> 6,45,46,63, </key>
<key name="so"> 37,35,66,40,44,0,42, </key>
<key name="soft"> 12, </key>
<key name="softwar"> 36,37, </key>
<key name="sort"> 7,46,48, </key>
<key name="sourc"> 7,56,57,58, </key>
<key name="spac"> 10,13,14,3,17,46,48, </key>
<key name="spam"> 59,6,10,36,38,60,40,4,41,45,46,42,71,63, </key>
<key name="spamassassin"> 36,60, </key>

</ftswdata>  
