<?xml version='1.0' encoding='windows-1252' ?>
<ftswdata>
<key name="left"> 6,1,16,29,48, </key>
<key name="legitimat"> 27, </key>
<key name="length"> 10,2,3,4,18, </key>
<key name="let"> 2,13,48,20,25,26, </key>
<key name="level"> 2,48,22, </key>
<key name="lifetim"> 10,2,13,3,4,5,54,55, </key>
<key name="like"> 48, </key>
<key name="limit"> 10,2,3, </key>
<key name="lin"> 33,2,13,16,8,40,20,25,43, </key>
<key name="link"> 6,13,40,20,5, </key>
<key name="list"> 6,10,44,28,1,35,12,2,32,14,16,15,45,17,30,47,48,31,40,20,22,23,24,50,41,51,9,25,52,42,43, </key>
<key name="lmtp"> 53,40,41, </key>
<key name="local"> 53,8,38, </key>
<key name="location"> 40,38,50,43, </key>
<key name="lock"> 10,12,20,18,22, </key>
<key name="log"> 6,10,11,12,39,27,0,47,40,20,49,18,24,41,25,52,42,26, </key>
<key name="login"> 12,40, </key>
<key name="logo"> 7, </key>
<key name="logon"> 49, </key>
<key name="long"> 10,2,13,55,43, </key>
<key name="look"> 32,25, </key>
<key name="lookup"> 32,31,40, </key>
<key name="loop"> 38, </key>
<key name="lost"> 52, </key>
<key name="machin"> 40, </key>
<key name="mail"> 6,7,44,33,34,35,12,2,32,27,13,14,3,16,4,17,0,48,53,36,40,20,37,19,54,21,38,23,41,25,52,26, </key>
<key name="mailbox"> 10,44,34,1,35,12,39,2,13,0,46,48,53,40,20,49,5,19,21,23,24,50,41,51,25,52,42,26,43, </key>
<key name="maintain"> 9, </key>
<key name="maintenanc"> 35,12,20, </key>
<key name="mak"> 11,2,13,0,40, </key>
<key name="man"> 12,24, </key>
<key name="manag"> 6,33,2,14,3,8,31,36,40,20,9,25,43, </key>
<key name="management"> 8,9,43, </key>
<key name="map"> 27, </key>
<key name="mapi"> 49,52, </key>
<key name="mark"> 33,43, </key>
<key name="market"> 50, </key>
<key name="mas"> 33, </key>
<key name="match"> 32,27,23,25, </key>
<key name="mateo"> 7, </key>
<key name="maximum"> 10,28,32,4,30,36,18, </key>
<key name="mb"> 10,39, </key>
<key name="mean"> 10, </key>
<key name="measur"> 55, </key>
<key name="mechanism"> 6,28,27, </key>
<key name="meet"> 16,48,50, </key>
<key name="meeting"> 25, </key>
<key name="megabyt"> 10, </key>
<key name="memb"> 49,52, </key>
<key name="member"> 35,16, </key>
<key name="menu"> 14, </key>
<key name="messag"> 6,7,10,33,34,35,39,2,13,3,4,47,48,53,8,36,40,37,5,19,54,21,38,25,52,43, </key>
<key name="message1"> 40,43, </key>
<key name="method"> 27,13, </key>
<key name="microsoft"> 49,22,9,52, </key>
<key name="might"> 16,50, </key>
<key name="migrat"> 45,50,9,52, </key>
<key name="migration"> 6,46,48,49,50,9,52, </key>
<key name="minimum"> 6,10,13,4,18, </key>
<key name="minut"> 40,55, </key>
<key name="mod"> 6,28,32,29,30,31, </key>
<key name="modify"> 34,2,31,20,19, </key>
<key name="monitor"> 6,9,42, </key>
<key name="mous"> 10,14,20,55, </key>
<key name="mov"> 6,1,14,16,20,5, </key>
<key name="mta"> 6,34,35,12,0,53,36,40,37,38,41,9,42, </key>
<key name="multipl"> 1,32,27,29,40,25, </key>
<key name="must"> 10,11,27,13,0,40,49,37,18,22,38,23,24,50,52,42,43, </key>
<key name="mycompany"> 27, </key>
<key name="nam"> 6,28,1,2,32,27,13,14,3,16,45,0,29,30,46,31,40,20,23,50,41,52,43, </key>
<key name="navigat"> 6, </key>
<key name="navigation"> 6,39,13,14,3,16,15,40,22,41, </key>
<key name="ne"> 13,3,49, </key>
<key name="necessary"> 27, </key>
<key name="nev"> 43, </key>
<key name="new"> 6,44,28,34,1,11,12,2,13,14,3,16,4,17,0,29,30,31,20,49,18,19,24,52,43, </key>
<key name="next"> 6,44,28,1,11,32,16,45,29,30,46,48,49,22,24,50,51, </key>
<key name="normal"> 12,22, </key>
<key name="not"> 6,44,28,32,13,3,16,45,30,48,40,5,50, </key>
<key name="notic"> 7, </key>
<key name="notification"> 34,0,19, </key>
<key name="now"> 46,50, </key>
<key name="numb"> 10,28,33,39,14,3,4,47,48,36,40,18,19,54,21,23,51,52, </key>
<key name="number"> 13, </key>
<key name="object"> 2,3,50,25, </key>
<key name="objectclas"> 32, </key>
<key name="occur"> 10,55, </key>
<key name="off"> 6,33,48,42, </key>
<key name="offer"> 7,27, </key>
<key name="offic"> 49,25, </key>
<key name="ok"> 14,47,48,21,24,50, </key>
<key name="old"> 10,48,54,52,43, </key>
<key name="on"> 6,28,35,2,32,27,14,16,4,45,0,31,40,20,5,50,52,42,43, </key>
<key name="onc"> 13,47,48, </key>
<key name="open"> 7,33,1,35,13,16,47,20,49,21,24,52, </key>
<key name="openldap"> 27, </key>
<key name="operation"> 32,27,48, </key>
<key name="opt"> 43, </key>
<key name="option"> 6,33,34,35,2,3,4,48,8,31,40,18,19,24,52, </key>
<key name="ord"> 40,42, </key>
<key name="organiz"> 7, </key>
<key name="organization"> 32, </key>
<key name="original"> 19, </key>
<key name="otherwis"> 27, </key>
<key name="out"> 6, </key>
<key name="outbreak"> 35, </key>
<key name="outlook"> 48,25,52, </key>
<key name="output"> 40, </key>
<key name="outsid"> 37, </key>
<key name="overrid"> 10,2,13,4,5, </key>
<key name="overridden"> 2,54, </key>
<key name="overview"> 46, </key>
<key name="own"> 4,22,24,25, </key>
<key name="owner"> 7, </key>
<key name="packag"> 39,40,42, </key>
<key name="pag"> 6,28,2,4,29,30,19, </key>
<key name="pan"> 6,11,12,39,13,14,3,16,15,40,20,22,23,24,41,42, </key>
<key name="parameter"> 32,36, </key>
<key name="part"> 32,27,23, </key>
<key name="partial"> 14,16,21,23,50, </key>
<key name="particular"> 35,2,3,41, </key>
<key name="partner"> 7, </key>
<key name="party"> 25, </key>
<key name="password"> 6,10,28,34,11,2,32,27,13,3,4,29,30,46,20,5,18,22,24,25,52,26, </key>
<key name="past"> 28,29,30,18, </key>
<key name="path"> 40,43, </key>
<key name="peopl"> 23, </key>
<key name="per"> 39,32,4,29,30,19,22, </key>
<key name="percent"> 33, </key>
<key name="perform"> 32,8,9, </key>
<key name="performanc"> 7,48,9, </key>
<key name="period"> 13,48, </key>
<key name="permanent"> 43, </key>
<key name="permission"> 49,52, </key>
<key name="permit"> 25, </key>
<key name="personal"> 6,10,48,25, </key>
<key name="pick"> 48,50, </key>
<key name="pleas"> 30, </key>
<key name="point"> 44,52, </key>
<key name="pool"> 1,2,3,4, </key>
<key name="poor"> 37, </key>
<key name="pop"> 6,2,13,36,40,9, </key>
<key name="pop3"> 40,25, </key>
<key name="pops3"> 36, </key>
<key name="port"> 28,32,27,29,30,46,40, </key>
<key name="portion"> 50,52, </key>
<key name="possibl"> 4,40,19, </key>
<key name="post"> 25, </key>
<key name="postfix"> 0,38, </key>
<key name="postmast"> 0, </key>
<key name="practic"> 24, </key>
<key name="preconfigur"> 50, </key>
<key name="preferenc"> 2,13,3,4,19,25, </key>
<key name="prefix"> 33, </key>
<key name="pres"> 16, </key>
<key name="prevent"> 35,22,38,52, </key>
<key name="previou"> 28,14,29,30,18,43, </key>
<key name="previous"> 48, </key>
<key name="privileg"> 49,52, </key>
<key name="proceed"> 44, </key>
<key name="proces"> 6,28,39,27,46,47,48,31,40,21,52, </key>
<key name="profil"> 49,52, </key>
<key name="program"> 0, </key>
<key name="progres"> 47,21,52, </key>
<key name="prompt"> 49, </key>
<key name="property"> 7, </key>
<key name="protect"> 34, </key>
<key name="protection"> 6,33,34,37, </key>
<key name="protocol"> 53,36,37,25, </key>
<key name="provid"> 27,30,37,52, </key>
<key name="provision"> 6,44,13,8,20,49,51,9,52, </key>
<key name="proxy"> 38, </key>
<key name="purg"> 10,54, </key>
<key name="qualifi"> 37, </key>
<key name="query"> 50, </key>
<key name="question"> 39,52, </key>
<key name="queu"> 35,12,0,41, </key>
<key name="quick"> 6,20,23,24,25, </key>
<key name="quota"> 10,2,13,3,20,5, </key>
<key name="random"> 1,3, </key>
<key name="rath"> 48, </key>
<key name="rbl"> 33, </key>
<key name="re"> 10,18,21,24, </key>
<key name="reach"> 10, </key>
<key name="read"> 36, </key>
<key name="ready"> 16, </key>
<key name="reassign"> 3, </key>
<key name="receiv"> 12,13,20,37,19,54,52,43, </key>
<key name="recent"> 44,18, </key>
<key name="recipient"> 33,34,16,20, </key>
<key name="recommend"> 48,49, </key>
<key name="record"> 6,3,40,25, </key>
<key name="redirect"> 14, </key>
<key name="ref"> 33,49,9, </key>
<key name="refer"> 33, </key>
<key name="referenc"> 43, </key>
<key name="reflect"> 6, </key>
<key name="refresh"> 44,45, </key>
<key name="regard"> 40, </key>
<key name="regardles"> 35, </key>
<key name="register"> 40, </key>
<key name="regular"> 22, </key>
<key name="reindex"> 21, </key>
<key name="reject"> 35,2,36, </key>
<key name="relay"> 44,40,38,52, </key>
<key name="releas"> 6, </key>
<key name="reliabl"> 7, </key>
<key name="remain"> 10,54,55, </key>
<key name="remov"> 14,17,20,5,50, </key>
<key name="rep"> 19, </key>
<key name="replicat"> 52, </key>
<key name="represent"> 32, </key>
<key name="request"> 48,25, </key>
<key name="requir"> 10,28,32,27,13,46,31,21,38,25, </key>
<key name="reserv"> 7, </key>
<key name="reset"> 13,40,5,18,24, </key>
<key name="resid"> 54, </key>
<key name="resolv"> 28,29,30, </key>
<key name="respectiv"> 7, </key>
<key name="restart"> 40, </key>
<key name="restrict"> 2,13,3,37, </key>
<key name="restriction"> 2,13,37,18, </key>

</ftswdata>  
