﻿<?xml version='1.0' encoding='utf-8' ?>
<!-- saved from url=(0014)about:internet -->
<ftswdata>
<key name="incom"> 84,11,65,87,61,31,38, </key>
<key name="incorrect"> 93, </key>
<key name="increas"> 54,19,85,78,68, </key>
<key name="index"> 30,64,32,69, </key>
<key name="index1"> 64,69, </key>
<key name="indicat"> 38, </key>
<key name="individual"> 7,104,17,18,43,19,4,20,23,10,99,100,105,75,26,101,30,13,103,87,6,29,34,31,66,93,94,80,35,82,83,39, </key>
<key name="inform"> 78, </key>
<key name="information"> 11,7,72,45,3,18,91,19,85,4,50,40,56,20,28,5,10,86,74,24,25,46,47,70,76,71,98,30,13,64,103,65,87,1,106,33,66,95,80,14,35,82,83,68,69,39, </key>
<key name="inherit"> 15, </key>
<key name="ini"> 71,83, </key>
<key name="initial"> 20,28,5,2,64,92,29,95,38,69, </key>
<key name="input"> 50,98, </key>
<key name="insert"> 45, </key>
<key name="instal"> 11,7,51,52,85,4,86,100,24,98,97,64,103,65,1,36,107,82,83,88,69, </key>
<key name="install"> 0,2,98,97,29,14, </key>
<key name="installation"> 45,52,98,97,48,59,64, </key>
<key name="instant"> 29,38,39, </key>
<key name="instead"> 72,80,82,83, </key>
<key name="instruct"> 62, </key>
<key name="integrat"> 103, </key>
<key name="interact"> 103, </key>
<key name="interfac"> 18,4,99,100,0,101,13,103,38,39, </key>
<key name="intermix"> 103, </key>
<key name="internal"> 45,90,50,40,74,46,47,48,92,94, </key>
<key name="internet"> 29, </key>
<key name="interrupt"> 78, </key>
<key name="interval"> 29, </key>
<key name="invalid"> 92,93,94, </key>
<key name="invit"> 28, </key>
<key name="invitation"> 28,30, </key>
<key name="ip"> 57,59,64,65,87,61, </key>
<key name="isp"> 57,62, </key>
<key name="issu"> 45,50,46,47,98,97, </key>
<key name="it'"> 57, </key>
<key name="item"> 17,78,29,38,35,82, </key>
<key name="itself"> 67, </key>
<key name="jo"> 75,71,80, </key>
<key name="joanna"> 80, </key>
<key name="john"> 20, </key>
<key name="joseph"> 80, </key>
<key name="journal"> 78, </key>
<key name="junk"> 15,51,78,31,82,83, </key>
<key name="just"> 45, </key>
<key name="kb"> 85,57, </key>
<key name="keep"> 84,20,5,33,39, </key>
<key name="key"> 98,97,29, </key>
<key name="keyboard"> 29,38, </key>
<key name="keyword"> 82,83, </key>
<key name="kill"> 51, </key>
<key name="know"> 16,50,20,24,26,98,35, </key>
<key name="known"> 50,23, </key>
<key name="l"> 42,98, </key>
<key name="label"> 38, </key>
<key name="larg"> 20,60,64,87,82,83,69, </key>
<key name="last"> 11,17,85,50,20,27,30,65,35,102,88, </key>
<key name="latest"> 82,83, </key>
<key name="launch"> 103,79, </key>
<key name="layout"> 28, </key>
<key name="ldap"> 11,45,41,42,50,40,20,28,74,75,46,47,48,64,65,92,34,95,107,80,83,88, </key>
<key name="least"> 95, </key>
<key name="leav"> 16,23, </key>
<key name="left"> 11,16,3,46,78,29,35, </key>
<key name="legitimat"> 40, </key>
<key name="length"> 15,4,5,92,29,94, </key>
<key name="lessen"> 41, </key>
<key name="let"> 17,53,4,50,20,100,75,24,58,78,101,30,35,89,39, </key>
<key name="level"> 45,41,4,57,63,78,6,34, </key>
<key name="lifetim"> 15,4,20,28,5,6,29,31,66,94,38, </key>
<key name="like"> 78, </key>
<key name="limit"> 84,15,45,104,19,5,100,75,101,29,66,68,39, </key>
<key name="lin"> 51,4,20,23,98,30,13,97,64,38,69, </key>
<key name="link"> 11,20,10,30,64,6,35, </key>
<key name="list"> 11,12,15,72,45,8,16,17,3,41,53,54,42,9,18,43,4,50,20,21,28,23,10,100,22,73,75,24,0,26,58,47,77,78,98,27,101,30,103,65,87,29,34,33,95,107,80,67,49,37,81,14,38,35,82,83,88,69,39, </key>
<key name="list'"> 16, </key>
<key name="lmtp"> 85,96,64,67, </key>
<key name="load"> 41, </key>
<key name="local"> 57,26,96,13,62,38,83, </key>
<key name="locat"> 36, </key>
<key name="location"> 11,28,98,30,64,62,80,37,69, </key>
<key name="lock"> 11,15,17,18,43,91,30,92,34,93,35, </key>
<key name="lockout"> 15,18,91,92,93,94, </key>
<key name="log"> 15,17,90,18,43,91,85,40,44,20,10,86,74,0,2,77,27,30,64,79,65,92,29,66,93,95,107,67,49,38,82,83,88,89,39, </key>
<key name="login"> 15,18,55,56,44,24,27,30,48,64,93, </key>
<key name="logon"> 79, </key>
<key name="long"> 15,18,4,63,20,97,66,93,69, </key>
<key name="look"> 50,38, </key>
<key name="lookup"> 50,57,63,48,64, </key>
<key name="loop"> 62, </key>
<key name="lost"> 82,83, </key>
<key name="lotu"> 71,83, </key>
<key name="low"> 15,92,29, </key>
<key name="m"> 65, </key>
<key name="machin"> 64, </key>
<key name="mail"> 84,11,12,72,16,51,52,3,53,54,18,43,4,50,40,57,63,44,20,21,28,5,23,86,24,26,58,60,78,96,30,64,65,87,61,29,31,32,62,67,38,35,82,83,89,39, </key>
<key name="mailbox"> 11,15,72,17,52,3,53,18,19,85,4,20,28,86,75,24,26,2,70,76,78,96,27,30,64,79,65,6,29,32,95,80,67,81,38,35,82,83,88,68,89,69,39, </key>
<key name="mailbox'"> 30,32, </key>
<key name="mailboxd"> 85, </key>
<key name="maintain"> 84,28,25,14,39, </key>
<key name="maintenanc"> 17,53,18,43,30, </key>
<key name="majority"> 36, </key>
<key name="mak"> 9,4,57,63,44,20,99,100,24,101,64,29,37, </key>
<key name="man"> 18,95, </key>
<key name="manag"> 84,11,51,42,4,21,5,25,26,98,30,13,97,48,59,64,103,87,95,14,38,69,39, </key>
<key name="management"> 14,69, </key>
<key name="manual"> 15, </key>
<key name="map"> 40, </key>
<key name="mapi"> 79,82, </key>
<key name="mark"> 51,20,100,78,29,69, </key>
<key name="market"> 75,71,80, </key>
<key name="mas"> 51, </key>
<key name="mat"> 15,93, </key>
<key name="match"> 41,50,40,24,98,38,35, </key>
<key name="maximum"> 15,45,50,57,47,59,92,29,39, </key>
<key name="mb"> 15,85,82,83, </key>
<key name="mean"> 15, </key>
<key name="measur"> 66, </key>
<key name="mechanism"> 11,45,40,103, </key>
<key name="meet"> 11,28,78,30,80, </key>
<key name="meeting"> 28,25,78,30,38,83,39, </key>
<key name="megabyt"> 15,19, </key>
<key name="memb"> 16,24,30,79,82, </key>
<key name="member"> 45,16,23,107, </key>
<key name="menu"> 21, </key>
<key name="messag"> 84,11,12,15,51,52,53,54,43,19,85,4,57,20,28,5,23,86,24,26,2,58,77,78,96,30,13,59,64,103,65,87,61,6,29,31,32,62,33,37,38,82,83,68,69,39, </key>
<key name="message1"> 64,69, </key>
<key name="messeng"> 39, </key>
<key name="method"> 40,20, </key>
<key name="microsoft"> 79,82,83, </key>
<key name="might"> 85,75,80, </key>
<key name="migrat"> 73,75,78,71,80,14,82,83, </key>
<key name="migration"> 11,72,75,70,76,78,71,79,80,14,82,83, </key>
<key name="migrator"> 83, </key>
<key name="mini"> 17,103,29,35, </key>
<key name="minimum"> 11,15,72,19,20,28,92,29, </key>
<key name="minut"> 15,64,29,66,93, </key>
<key name="mis"> 71, </key>
<key name="mod"> 11,45,50,46,47, </key>
<key name="modifi"> 43,49, </key>
<key name="modify"> 52,4,10,24,30,29, </key>
<key name="modul"> 0,1, </key>
<key name="monitor"> 84,11,19,28,65,87,14,88, </key>
<key name="month"> 85, </key>
<key name="morn"> 65, </key>
<key name="mous"> 15,21,30,66, </key>
<key name="mov"> 84,11,16,3,42,21,86,30,87,6,29,82, </key>
<key name="mt"> 86, </key>
<key name="mta"> 84,11,52,53,18,43,57,63,86,96,59,64,65,87,61,62,67,49,14,88, </key>
<key name="multipl"> 11,16,3,50,40,25,46,60,98,64,29,38,39, </key>
<key name="must"> 15,104,17,90,50,40,57,20,28,5,10,24,25,26,60,71,98,64,79,61,92,34,62,93,95,107,80,38,35,82,83,88,69, </key>
<key name="mx"> 57,63, </key>
<key name="mycompany"> 40, </key>
<key name="nab"> 75, </key>
<key name="nam"> 84,11,45,16,17,3,42,4,50,40,56,63,44,20,21,28,5,23,10,73,74,75,24,46,47,70,76,71,98,30,48,64,33,80,67,38,35,82,83,69,39, </key>
<key name="navigat"> 11,29,38, </key>
<key name="navigation"> 11,85,20,21,28,5,23,22,24,0,34,1,106,107,67,35, </key>
<key name="ne"> 19,20,28,5,10,24,103,79,36,68, </key>
<key name="necessary"> 17,40,33,107, </key>
<key name="need"> 103,38, </key>
<key name="network"> 57,63, </key>
<key name="nev"> 15,17,4,27,69, </key>
<key name="new"> 84,11,15,72,45,104,52,3,42,90,18,4,44,20,21,28,5,23,10,24,0,46,47,78,30,97,48,103,79,6,92,29,33,95,107,38,35,82,83,69, </key>
<key name="newdomain"> 42, </key>
<key name="next"> 11,15,72,45,104,3,90,50,20,28,23,10,100,73,75,46,47,70,76,78,71,98,101,79,34,95,107,80,81,35, </key>
<key name="nnot"> 83, </key>
<key name="non"> 72, </key>
<key name="normal"> 18,43,97,34, </key>
<key name="not"> 72,45,16,53,90,50,20,28,5,10,100,73,24,47,78,71,97,64,87,6,1,95,80,83, </key>
<key name="notebook"> 11,7,8,9,19,23,10,38,39, </key>
<key name="notic"> 53,54,24,58, </key>
<key name="notifi"> 53,54,19,58,68, </key>
<key name="notification"> 51,52,2,38, </key>
<key name="notify"> 19,10, </key>
<key name="now"> 75,70,76,98,80, </key>
<key name="numb"> 84,11,15,45,17,51,54,18,85,55,56,20,21,28,5,99,86,74,75,24,77,78,30,48,59,64,103,87,92,29,31,32,93,81,82,83,39, </key>
<key name="number"> 20,60, </key>
<key name="numeric"> 15, </key>
<key name="o"> 98, </key>
<key name="object"> 7,17,4,5,75,80,38, </key>
<key name="objectclas"> 50, </key>
<key name="obtain"> 97, </key>

</ftswdata>  
