<?xml version='1.0' encoding='windows-1252' ?>
<ftswdata>
<key name="within"> 7,41,35,38,24,57,31,74, </key>
<key name="without"> 8,41,36,26,6,57,58,74, </key>
<key name="wizard"> 7,37,41,35,18,23,62,38,39,63,65,26,40,66,10,67,11,69, </key>
<key name="word"> 18, </key>
<key name="work"> 65, </key>
<key name="would"> 35,23,67, </key>
<key name="writh"> 67, </key>
<key name="www"> 8, </key>
<key name="x"> 13,71, </key>
<key name="year"> 71, </key>
<key name="yet"> 10, </key>
<key name="your"> 43,1,45,41,35,48,19,3,21,4,0,26,72,52,30,53,32,67,69,60, </key>
<key name="zc"> 7,8,42,51,10,24, </key>
<key name="zimbra"> 70,7,8,61,42,43,14,44,17,71,2,41,35,46,47,48,54,36,18,3,4,62,22,51,63,65,9,6,55,66,56,72,10,24,25,53,57,32,67,68,11,34,69,76,73,60, </key>
<key name="zimbraaccount"> 41, </key>
<key name="zimbradistributionlist"> 41, </key>
<key name="zimbramailaddres"> 41, </key>
<key name="zimbramailalia"> 41, </key>
<key name="zimbramaildeliveryaddres"> 41, </key>
<key name="zip"> 43, </key>
<key name="zmprov"> 18,55, </key>
<key name="zon"> 4, </key>
<key name="zwc"> 22,34, </key>

</ftswdata>  
