<?xml version='1.0' encoding='windows-1252' ?>
<ftswdata>
<key name="combin"> 38, </key>
<key name="comma"> 19,63, </key>
<key name="command"> 16,10,52,79, </key>
<key name="commercial"> 45, </key>
<key name="commit"> 2,17,27,29, </key>
<key name="common"> 42,38,19,46,24,50,63,65, </key>
<key name="company"> 38,33,19, </key>
<key name="complet"> 9,57,0,38,73,33,17,19,74,35,36,60,75,77,76,25,63,11,31,28,65, </key>
<key name="compos"> 5,23,78,50,31, </key>
<key name="compres"> 52,56, </key>
<key name="compression"> 52,56, </key>
<key name="compromis"> 49, </key>
<key name="comput"> 42,74,65, </key>
<key name="computer"> 79, </key>
<key name="concurrenc"> 61, </key>
<key name="condition"> 31, </key>
<key name="conduct"> 62,65, </key>
<key name="configur"> 8,57,34,39,40,42,3,38,32,43,73,44,45,51,33,16,17,21,5,20,46,35,36,48,24,7,37,47,53,71,22,23,78,79,11,65,55,56, </key>
<key name="configuration"> 8,12,38,32,33,16,5,35,36,24,10,7,37,52,71,23,31, </key>
<key name="confirm"> 29, </key>
<key name="confus"> 50, </key>
<key name="connect"> 34,45,51,59,52,62,76, </key>
<key name="connection"> 32,43,44,52,76, </key>
<key name="consid"> 16,4, </key>
<key name="consider"> 39,32, </key>
<key name="consistent"> 61, </key>
<key name="consol"> 8,13,45,51,33,10,37,53,11,65,80, </key>
<key name="consolidat"> 67, </key>
<key name="constraint"> 3,4,6, </key>
<key name="construct"> 38,63, </key>
<key name="contact"> 9,12,73,16,21,19,5,61,77,24,71,23,76,26,29,11,31,65, </key>
<key name="contain"> 67,4,19,24,10,76,27,79,63,31, </key>
<key name="content"> 8,12,13,14,73,17,21,4,19,24,7,52,53,68,76,27,25,79,29,30,28,69,70, </key>
<key name="continu"> 2,33,20,35,61,68,63, </key>
<key name="control"> 3,45,19, </key>
<key name="conversation"> 9,5,23,31, </key>
<key name="convert"> 76,65, </key>
<key name="cooki"> 79, </key>
<key name="copy"> 20, </key>
<key name="copyright"> 9, </key>
<key name="corn"> 23, </key>
<key name="corporat"> 38, </key>
<key name="correct"> 36, </key>
<key name="corrupt"> 66,24,68,25, </key>
<key name="cos"> 4, </key>
<key name="could"> 66,12,14,21,19,68,28, </key>
<key name="count"> 8,67,53, </key>
<key name="creat"> 8,57,34,39,40,2,15,3,73,33,16,17,21,4,19,5,58,20,1,35,36,24,10,7,37,62,53,71,22,23,76,29,63,64,11,31,65,56, </key>
<key name="criteria"> 31, </key>
<key name="current"> 8,61,52,56, </key>
<key name="dai"> 53, </key>
<key name="dat"> 73,61,23,78,31,65, </key>
<key name="data"> 8,67,74,75,61,52,76,69,56, </key>
<key name="databas"> 63, </key>
<key name="day"> 8,12,67,5,53,22,78,79, </key>
<key name="dc"> 38,32, </key>
<key name="decid"> 65, </key>
<key name="declin"> 21, </key>
<key name="deem"> 67, </key>
<key name="def"> 66, </key>
<key name="default"> 8,12,34,40,13,3,38,32,43,44,45,51,16,4,5,74,36,48,37,47,52,49,71,22,23,78,79,31,65,56, </key>
<key name="defer"> 66,8,53,68, </key>
<key name="defin"> 8,9,40,3,38,32,16,4,24,7,47,52,11,31,65,56, </key>
<key name="definition"> 71, </key>
<key name="delegat"> 9, </key>
<key name="delet"> 8,14,15,73,17,21,4,19,18,20,61,24,52,53,68,71,78,25,65,55,56, </key>
<key name="deliver"> 66,12,39,40,14,67,20,68,54,56, </key>
<key name="delivery"> 66,41,45,51,20,72,52,68,23,50,28, </key>
<key name="deni"> 3,4, </key>
<key name="department"> 38, </key>
<key name="depend"> 67,25, </key>
<key name="deposit"> 25, </key>
<key name="descend"> 53,55, </key>
<key name="describ"> 34,19,35,36,71, </key>
<key name="description"> 8,12,34,3,21,4,19,77,37,52, </key>
<key name="descriptiv"> 21, </key>
<key name="deselect"> 4, </key>
<key name="design"> 42, </key>
<key name="designat"> 16,21,48,50, </key>
<key name="desir"> 14, </key>
<key name="desk"> 8, </key>
<key name="destination"> 58,59,77,7,53,76,63,64,65, </key>
<key name="detail"> 8,34,21,35,36,77,24,52,68,71,11,31, </key>
<key name="determin"> 39,14,3,38,51,4,61,6,79,65, </key>
<key name="dialog"> 34,2,73,16,17,5,58,59,75,61,77,7,23,76,25,29,63,64,65, </key>
<key name="different"> 2,67,4,46,52,68,6,50,63,11,31, </key>
<key name="direct"> 35,36, </key>
<key name="directory"> 12,34,38,32,16,21,19,74,35,36,7,37,22,27,29,63,65,56, </key>
<key name="disabl"> 8,12,39,41,14,45,51,4,5,20,46,47,71,6,23, </key>
<key name="disapprov"> 49, </key>
<key name="discard"> 61, </key>
<key name="disk"> 8,12,15,67,16,53,55, </key>
<key name="display"> 8,34,0,67,3,73,33,16,17,21,19,5,20,1,35,36,60,75,61,77,24,7,52,53,68,71,6,23,25,26,63,64,31,28,65,69,55,56, </key>
<key name="distinguish"> 63, </key>
<key name="distribution"> 8,38,19,18,61,24,71,11,28, </key>
<key name="divid"> 68, </key>
<key name="dl"> 71, </key>
<key name="dn"> 38,32,45,51,33,35,36,47,52,49,63, </key>
<key name="do"> 9,41,42,33,21,20,46,49,25, </key>
<key name="document"> 66,9,71, </key>
<key name="documentation"> 8,62, </key>
<key name="domain"> 8,34,41,3,38,32,45,51,33,17,4,58,35,36,48,24,7,37,47,62,53,68,49,71,76,27,63,11,31,28,65, </key>
<key name="don"> 42,19,24,7, </key>
<key name="doubl"> 17,29, </key>
<key name="down"> 2,38,17,74,71,28, </key>
<key name="download"> 8,40,41,68,11,65, </key>
<key name="downtim"> 61, </key>
<key name="draft"> 9, </key>
<key name="drop"> 2,17,74,71,28, </key>
<key name="duplicat"> 73,61, </key>
<key name="e"> 45,16,63, </key>
<key name="earli"> 61,68, </key>
<key name="easy"> 31, </key>
<key name="edit"> 8,14,15,33,17,4,1,35,36,24,7,37,52,25,26,29,30, </key>
<key name="editor"> 7, </key>
<key name="effect"> 14,52, </key>
<key name="eith"> 66,8,12,34,41,38,19,35,36,52,68,23,27,78,79,63,31,65,55,56, </key>
<key name="elaps"> 12, </key>
<key name="elsewher"> 47, </key>
<key name="email"> 8,12,57,39,41,42,15,38,73,45,16,17,21,19,20,1,46,61,24,53,6,76,78,50,63,30,11,31,65,55, </key>
<key name="employe"> 3,38, </key>
<key name="empty"> 56, </key>
<key name="enabl"> 8,12,39,40,0,13,3,43,44,45,51,16,19,5,20,48,7,47,52,49,71,6,22,23,31, </key>
<key name="encrypt"> 40,43,44,22,29, </key>
<key name="end"> 3,4,5,23,11, </key>
<key name="enforc"> 12,22,27, </key>
<key name="enhancement"> 9,71, </key>
<key name="enough"> 41, </key>
<key name="ensur"> 32,61,22, </key>
<key name="ent"> 34,38,32,51,33,16,17,21,4,19,20,35,36,59,61,24,7,71,76,29,63,28,65,56, </key>
<key name="enter"> 34,39,38,32,33,21,35,36,7,22,76,28, </key>
<key name="entri"> 12,38,24,76,63,70, </key>
<key name="entry"> 38,32, </key>
<key name="envelop"> 68, </key>
<key name="environment"> 8,2,71, </key>
<key name="equal"> 38, </key>
<key name="equipment"> 8,21,24, </key>
<key name="error"> 32,60,75,77,53,68,65, </key>
<key name="establish"> 37,71, </key>
<key name="etc"> 38,21,26, </key>
<key name="evaluat"> 68, </key>
<key name="even"> 3, </key>
<key name="every"> 40,53, </key>
<key name="everyon"> 19,24,71, </key>
<key name="ex"> 65, </key>
<key name="exampl"> 3,38,32,33,16,19,63,28, </key>
<key name="except"> 78, </key>
<key name="exception"> 6, </key>
<key name="exchang"> 8,57,61,62,63,11,65, </key>
<key name="execut"> 10, </key>
<key name="executabl"> 8,65, </key>
<key name="executiv"> 3, </key>
<key name="exhibit"> 49, </key>
<key name="exist"> 14,3,38,17,35,25,63,64,65,56, </key>
<key name="expand"> 67, </key>
<key name="expir"> 66,12,22,79, </key>
<key name="explicit"> 3,38,45,51,36,47, </key>
<key name="expos"> 21, </key>
<key name="exposur"> 79, </key>
<key name="expression"> 35,36, </key>
<key name="extension"> 41,42,46,47, </key>
<key name="external"> 9,12,34,38,32,45,51,35,36,37,52,22,27,50,29, </key>
<key name="fail"> 34,35,36, </key>
<key name="failur"> 66, </key>
<key name="far"> 8, </key>
<key name="fashion"> 9,22, </key>
<key name="featur"> 9,12,3,38,16,4,5,74,20,24,7,71,6,22,23,78,79,11,31,28,70, </key>
<key name="few"> 71, </key>
<key name="field"> 39,2,0,15,45,51,16,21,19,74,35,36,61,7,52,23,27,31,56, </key>
<key name="fil"> 66,8,40,41,42,73,74,46,60,75,61,77,24,7,52,68,71,76,25,31,65,70,56, </key>
<key name="filenam"> 74, </key>
<key name="filt"> 39,40,67,38,32,35,36,61,68,63, </key>
<key name="filter"> 66,9,39,38,50,31, </key>
<key name="final"> 72, </key>
<key name="find"> 19,74,25,28, </key>
<key name="finish"> 34,2,16,21,35,36, </key>
<key name="first"> 38,1,22,23,25,63,31,28,65, </key>
<key name="fix"> 68, </key>
<key name="flag"> 31, </key>
<key name="flander"> 63, </key>
<key name="floor"> 21, </key>
<key name="flush"> 68, </key>
<key name="fold"> 12,39,73,74,61,7,23,76,78,79,31,65, </key>
<key name="folder"> 9,5,61,24,71,23,78,25,26,63,31,65,70, </key>
<key name="follow"> 8,39,14,3,38,32,43,44,45,51,21,5,46,59,24,10,47,52,53,68,49,71,23,76,63,65,55,56, </key>
<key name="font"> 31, </key>
<key name="forc"> 12,45,51,27,29, </key>
<key name="forget"> 22,29, </key>
<key name="forgotten"> 24,68, </key>
<key name="format"> 7,53,23, </key>

</ftswdata>  
