<?xml version='1.0' encoding='windows-1252' ?>
<ftswdata>
<key name="item"> 55,4,49,19,58,26,53, </key>
<key name="itself"> 42, </key>
<key name="jo"> 51, </key>
<key name="joanna"> 51, </key>
<key name="john"> 13, </key>
<key name="joseph"> 51, </key>
<key name="journal"> 49, </key>
<key name="junk"> 10,34,55,49,60,53, </key>
<key name="just"> 29, </key>
<key name="kb"> 40, </key>
<key name="keep"> 55,3,22, </key>
<key name="keyword"> 53, </key>
<key name="kill"> 34, </key>
<key name="know"> 33,13,16,56,24, </key>
<key name="known"> 33,16, </key>
<key name="label"> 26, </key>
<key name="larg"> 13,41,53,44, </key>
<key name="last"> 6,40,33,13,24,62,43, </key>
<key name="latest"> 53, </key>
<key name="launch"> 50, </key>
<key name="ldap"> 6,29,33,28,13,30,31,32,41,25,51,43, </key>
<key name="least"> 25, </key>
<key name="leav"> 16, </key>
<key name="left"> 6,1,16,30,49, </key>
<key name="legitimat"> 28, </key>
<key name="length"> 10,2,3,4,18, </key>
<key name="let"> 2,13,49,20,26,27, </key>
<key name="level"> 2,49,23, </key>
<key name="lifetim"> 10,2,13,3,4,5,60,61, </key>
<key name="lik"> 55, </key>
<key name="like"> 49, </key>
<key name="limit"> 10,2,3,4, </key>
<key name="lin"> 34,2,13,16,8,41,20,26,44, </key>
<key name="link"> 6,13,41,20,5, </key>
<key name="list"> 6,10,45,29,1,36,12,2,33,14,16,4,15,46,17,31,48,49,32,41,20,23,22,24,25,51,42,52,9,26,53,43,44, </key>
<key name="lmtp"> 54,41,42, </key>
<key name="local"> 56,54,8,39, </key>
<key name="locat"> 56, </key>
<key name="location"> 56,41,39,51,44, </key>
<key name="lock"> 10,12,20,18,23, </key>
<key name="log"> 6,10,11,12,40,28,55,0,48,57,59,41,20,50,18,25,42,26,53,43,27, </key>
<key name="login"> 12,41, </key>
<key name="logo"> 7, </key>
<key name="logon"> 50, </key>
<key name="long"> 10,2,13,61,44, </key>
<key name="look"> 33,56,26, </key>
<key name="lookup"> 33,32,41, </key>
<key name="loop"> 39, </key>
<key name="lost"> 53, </key>
<key name="machin"> 41, </key>
<key name="mail"> 6,7,45,34,35,36,12,2,33,28,55,13,14,3,16,4,17,49,54,41,20,38,19,60,21,39,24,42,26,53,27, </key>
<key name="mailbox"> 10,45,35,1,36,12,40,2,55,13,0,47,49,54,41,20,50,5,19,58,21,24,25,51,42,52,26,53,43,27,44, </key>
<key name="main"> 56, </key>
<key name="maintain"> 58,9, </key>
<key name="maintenanc"> 36,12,20, </key>
<key name="mak"> 11,2,13,41, </key>
<key name="man"> 12,25, </key>
<key name="manag"> 6,34,2,14,3,8,32,37,41,20,9,26,44, </key>
<key name="management"> 8,9,44, </key>
<key name="map"> 28, </key>
<key name="mapi"> 50,53, </key>
<key name="mark"> 34,44, </key>
<key name="market"> 51, </key>
<key name="mas"> 34, </key>
<key name="match"> 33,28,24,26, </key>
<key name="mateo"> 7, </key>
<key name="maximum"> 10,29,33,4,31,37,18, </key>
<key name="mb"> 10,40, </key>
<key name="mean"> 10, </key>
<key name="measur"> 61, </key>
<key name="mechanism"> 6,29,28, </key>
<key name="meet"> 16,49,58,51, </key>
<key name="meeting"> 26, </key>
<key name="megabyt"> 10, </key>
<key name="memb"> 50,53, </key>
<key name="member"> 36,16, </key>
<key name="menu"> 14, </key>
<key name="merg"> 58, </key>
<key name="messag"> 6,7,10,34,35,36,40,2,55,13,3,4,0,48,49,54,8,37,41,38,5,19,58,60,21,39,22,26,53,44, </key>
<key name="message1"> 41,44, </key>
<key name="method"> 28,13, </key>
<key name="microsoft"> 56,50,23,9,53, </key>
<key name="might"> 16,51, </key>
<key name="migrat"> 46,51,9,53, </key>
<key name="migration"> 6,47,49,50,51,9,53, </key>
<key name="mini"> 4, </key>
<key name="minimum"> 6,10,13,4,18, </key>
<key name="minut"> 4,41,61, </key>
<key name="mod"> 6,29,33,30,31,32, </key>
<key name="modify"> 35,2,32,20,19, </key>
<key name="monitor"> 6,9,43, </key>
<key name="mous"> 10,14,20,61, </key>
<key name="mov"> 6,1,14,16,20,5,58, </key>
<key name="mta"> 6,35,36,12,54,37,41,38,39,42,9,43, </key>
<key name="multipl"> 1,33,28,30,41,26, </key>
<key name="must"> 10,11,28,13,41,50,38,18,23,39,24,25,51,53,43,44, </key>
<key name="mycompany"> 28, </key>
<key name="nam"> 6,29,1,2,33,28,13,14,3,16,46,56,30,31,47,32,41,20,58,22,24,51,42,53,44, </key>
<key name="navigat"> 6, </key>
<key name="navigation"> 6,40,13,14,3,16,15,41,23,42, </key>
<key name="ne"> 13,3,50, </key>
<key name="necessary"> 28,58,22, </key>
<key name="nev"> 44, </key>
<key name="new"> 6,45,29,35,1,11,12,2,13,14,3,16,4,17,30,31,32,20,50,18,19,22,25,53,44, </key>
<key name="next"> 6,45,29,1,11,33,55,16,46,56,30,31,47,57,49,50,58,23,25,51,52, </key>
<key name="normal"> 12,23, </key>
<key name="not"> 6,45,29,33,13,3,16,46,31,49,41,5,58,51, </key>
<key name="notic"> 7, </key>
<key name="notification"> 35,0,19, </key>
<key name="now"> 47,51, </key>
<key name="numb"> 10,29,34,40,14,3,4,48,57,49,37,41,18,19,58,60,21,24,52,53, </key>
<key name="number"> 13, </key>
<key name="object"> 2,3,51,26, </key>
<key name="objectclas"> 33, </key>
<key name="occur"> 10, </key>
<key name="off"> 6,34,49,43, </key>
<key name="offer"> 7,28, </key>
<key name="offic"> 50,26, </key>
<key name="ok"> 55,14,48,49,21,25,51, </key>
<key name="old"> 10,49,60,53,44, </key>
<key name="on"> 6,29,36,2,33,28,14,16,4,46,32,41,20,5,58,51,53,43,44, </key>
<key name="onc"> 13,48,49,58, </key>
<key name="open"> 7,34,1,36,13,16,56,48,59,20,50,21,25,53, </key>
<key name="openldap"> 28, </key>
<key name="operat"> 0, </key>
<key name="operation"> 33,28,49, </key>
<key name="opt"> 44, </key>
<key name="option"> 6,34,35,36,2,55,3,4,49,8,32,41,18,19,25,53, </key>
<key name="ord"> 41,43, </key>
<key name="organiz"> 7, </key>
<key name="organization"> 33, </key>
<key name="origiinal"> 22, </key>
<key name="original"> 19, </key>
<key name="otherwis"> 28, </key>
<key name="out"> 6, </key>
<key name="outbreak"> 36, </key>
<key name="outlook"> 6,55,56,49,58,26,53, </key>
<key name="output"> 41, </key>
<key name="outsid"> 38, </key>
<key name="overrid"> 10,2,13,4,5, </key>
<key name="overridden"> 2,60, </key>
<key name="overview"> 47, </key>
<key name="own"> 4,23,25,26, </key>
<key name="owner"> 7, </key>
<key name="packag"> 40,41,43, </key>
<key name="pag"> 6,29,2,4,30,31,59,19,58, </key>
<key name="pan"> 6,11,12,40,13,14,3,16,15,41,20,23,24,25,42,43, </key>
<key name="parameter"> 33,37, </key>
<key name="part"> 33,28,24, </key>
<key name="partial"> 14,16,21,24,51, </key>
<key name="particular"> 36,2,3,42, </key>
<key name="partner"> 7, </key>
<key name="party"> 26, </key>
<key name="password"> 6,10,29,35,11,2,33,28,13,3,4,30,31,47,20,5,18,58,23,25,26,53,27, </key>
<key name="past"> 29,30,31,18, </key>
<key name="path"> 56,41,44, </key>
<key name="peopl"> 24, </key>
<key name="per"> 40,33,4,30,31,19,23, </key>
<key name="percent"> 34, </key>
<key name="perform"> 33,8,9, </key>
<key name="performanc"> 7,49,9, </key>
<key name="period"> 13,49, </key>
<key name="permanent"> 44, </key>
<key name="permission"> 50,53, </key>
<key name="permit"> 26, </key>
<key name="personal"> 6,10,49,58,26, </key>
<key name="pick"> 49,51, </key>
<key name="plac"> 4, </key>
<key name="pleas"> 31, </key>
<key name="point"> 45,53, </key>
<key name="pol"> 4, </key>
<key name="pool"> 1,2,3,4, </key>
<key name="poor"> 38, </key>
<key name="pop"> 6,2,13,37,41,9, </key>
<key name="pop3"> 41,26, </key>
<key name="pops3"> 37, </key>
<key name="port"> 29,33,28,30,31,47,41,58, </key>
<key name="portion"> 51,53, </key>
<key name="possibl"> 41,19, </key>
<key name="post"> 26, </key>
<key name="postfix"> 0,39, </key>
<key name="postmast"> 0, </key>
<key name="practic"> 25, </key>
<key name="preconfigur"> 51, </key>
<key name="preferenc"> 2,13,3,4,19,26, </key>
<key name="prefix"> 34, </key>
<key name="prepar"> 58, </key>
<key name="pres"> 16, </key>
<key name="prevent"> 36,23,39,53, </key>
<key name="previou"> 29,55,14,30,31,18,44, </key>
<key name="previous"> 55,49,58, </key>
<key name="privileg"> 50,53, </key>
<key name="problem"> 57, </key>
<key name="proceed"> 45, </key>
<key name="proces"> 6,29,40,28,55,47,48,49,32,41,21,53, </key>
<key name="profil"> 50,53, </key>
<key name="progres"> 55,48,57,21,53, </key>
<key name="prompt"> 50, </key>
<key name="property"> 7, </key>
<key name="protect"> 35, </key>
<key name="protection"> 6,34,35,38, </key>
<key name="protocol"> 54,37,38,26, </key>
<key name="provid"> 28,31,38,53, </key>
<key name="provision"> 6,45,13,8,20,50,52,9,53, </key>
<key name="proxy"> 39, </key>
<key name="pst"> 55,56,57,59,58, </key>
<key name="purg"> 10,60, </key>
<key name="qualifi"> 38, </key>
<key name="query"> 51, </key>
<key name="question"> 40,53, </key>
<key name="queu"> 36,12,42, </key>
<key name="quick"> 6,20,24,25,26, </key>
<key name="quickadd"> 4, </key>
<key name="quota"> 10,2,13,3,4,20,5, </key>
<key name="random"> 1,3, </key>
<key name="rath"> 49, </key>
<key name="rbl"> 34, </key>
<key name="re"> 10,55,18,21,25, </key>
<key name="reach"> 10, </key>
<key name="read"> 37, </key>

</ftswdata>  
