<?xml version='1.0' encoding='windows-1252' ?>
<ftswdata>
<key name="host"> 6,1,38,2,35,30,40,44,14,52,45,69,43,58, </key>
<key name="hostnam"> 40,44,45,42,69, </key>
<key name="hour"> 6,37,60,46,72, </key>
<key name="hov"> 15,22, </key>
<key name="how"> 10,36,37,38,44,14,3,32,33,21,71,72,29,58, </key>
<key name="html"> 4,21,29, </key>
<key name="i"> 14,56, </key>
<key name="icon"> 58, </key>
<key name="id"> 22,62,24,26, </key>
<key name="identifi"> 59,31,34,45, </key>
<key name="identify"> 36,30,17,55,42,56, </key>
<key name="idl"> 10,4,72, </key>
<key name="if"> 10,50,31,37,38,11,12,60,2,35,30,66,40,44,14,19,17,4,51,67,0,32,33,53,54,70,22,41,45,46,62,42,5,20,21,69,25,23,43,24,26,72,27,56,29,58, </key>
<key name="ignor"> 66,54,20, </key>
<key name="ill"> 42, </key>
<key name="imap"> 6,2,14,4,41,45,21,9,29, </key>
<key name="immediate"> 6,12,47, </key>
<key name="implement"> 42, </key>
<key name="import"> 6,66,51,67,52,53,68,54,70,55,69,56,9,58, </key>
<key name="important"> 37,2,14,54,45,55,42,5,43,58, </key>
<key name="inaccessibl"> 22, </key>
<key name="inbound"> 6,60, </key>
<key name="inbox"> 4,21,69,71, </key>
<key name="inc"> 7, </key>
<key name="includ"> 6,7,10,2,19,3,17,0,22,34,45,46,72,56,58,63,64, </key>
<key name="incom"> 59,6,46,62,42,71, </key>
<key name="increas"> 39,13,54,48, </key>
<key name="index"> 4,45,23,49, </key>
<key name="index1"> 45,49, </key>
<key name="individual"> 38,12,13,2,17,22,8,62,5,25,71,72,56,58, </key>
<key name="inform"> 54, </key>
<key name="information"> 6,7,50,31,12,2,35,30,14,19,3,32,33,52,70,22,8,45,62,69,24,72,27,56,9,58,48,49, </key>
<key name="inherit"> 10, </key>
<key name="initial"> 14,19,4,0,45,20,21,27,29,49, </key>
<key name="input"> 35, </key>
<key name="instal"> 6,36,37,60,2,4,45,46,58,63,49, </key>
<key name="install"> 0,8, </key>
<key name="installation"> 31,37,34,41,45, </key>
<key name="instead"> 50,56,58, </key>
<key name="instruct"> 69,43, </key>
<key name="interfac"> 12,8,29, </key>
<key name="internal"> 31,11,35,30,32,33,34,20, </key>
<key name="internet"> 4,21, </key>
<key name="interrupt"> 66,54, </key>
<key name="interval"> 4,21, </key>
<key name="invit"> 19, </key>
<key name="invitation"> 19,22, </key>
<key name="ip"> 40,45,46,62,42, </key>
<key name="island"> 7, </key>
<key name="isp"> 40,43, </key>
<key name="issu"> 31,32,33, </key>
<key name="item"> 66,4,54,21,69,29,58, </key>
<key name="itself"> 47, </key>
<key name="jo"> 56, </key>
<key name="joanna"> 56, </key>
<key name="john"> 14, </key>
<key name="joseph"> 56, </key>
<key name="journal"> 54, </key>
<key name="junk"> 10,36,66,54,71,58, </key>
<key name="just"> 31, </key>
<key name="kb"> 60,40, </key>
<key name="keep"> 59,66,3,24, </key>
<key name="keyword"> 58, </key>
<key name="kill"> 36, </key>
<key name="know"> 35,14,17,67,26, </key>
<key name="known"> 35,17, </key>
<key name="label"> 29, </key>
<key name="larg"> 14,45,62,58,49, </key>
<key name="last"> 6,60,35,14,46,26,73,63, </key>
<key name="latest"> 58, </key>
<key name="launch"> 55, </key>
<key name="layout"> 19, </key>
<key name="ldap"> 6,31,35,30,14,19,32,33,34,45,46,20,25,27,56,63, </key>
<key name="least"> 27, </key>
<key name="leav"> 17, </key>
<key name="left"> 6,1,17,32,54,21, </key>
<key name="legitimat"> 30, </key>
<key name="length"> 10,2,3,4,20, </key>
<key name="let"> 2,14,54,22,29,64, </key>
<key name="level"> 2,40,44,54,25, </key>
<key name="lifetim"> 10,2,14,19,3,4,5,71,72, </key>
<key name="lik"> 66, </key>
<key name="like"> 54, </key>
<key name="limit"> 59,10,13,2,3,4,72,48, </key>
<key name="lin"> 36,2,14,17,22,8,45,29,49, </key>
<key name="link"> 6,14,22,45,5, </key>
<key name="list"> 6,10,50,31,1,38,39,12,2,35,15,17,4,16,51,18,33,53,54,22,34,45,46,21,25,24,26,27,56,47,28,57,9,29,58,63,49, </key>
<key name="lmtp"> 65,45,47, </key>
<key name="local"> 40,67,65,8,43, </key>
<key name="locat"> 67, </key>
<key name="location"> 6,19,67,22,45,43,56,28,49, </key>
<key name="lock"> 10,12,22,20,25, </key>
<key name="log"> 6,10,11,12,60,30,66,0,53,68,70,22,45,55,46,20,72,27,47,29,58,63,64, </key>
<key name="login"> 12,45, </key>
<key name="logo"> 7, </key>
<key name="logon"> 55, </key>
<key name="long"> 10,2,44,14,72,49, </key>
<key name="look"> 35,67,29, </key>
<key name="lookup"> 35,40,44,34,45, </key>
<key name="loop"> 43, </key>
<key name="lost"> 58, </key>
<key name="low"> 21, </key>
<key name="machin"> 45, </key>
<key name="mail"> 59,6,7,50,36,37,38,39,12,13,2,35,30,66,40,44,14,15,3,17,4,18,54,65,22,45,46,62,42,21,71,23,43,26,47,29,58,64, </key>
<key name="mailbox"> 6,10,50,37,1,38,12,13,60,2,66,14,19,0,52,54,65,22,45,55,46,5,21,69,23,26,27,56,47,57,29,58,63,48,64,49, </key>
<key name="main"> 67, </key>
<key name="maintain"> 59,19,69,9, </key>
<key name="maintenanc"> 38,12,22, </key>
<key name="mak"> 2,40,44,14,45,28, </key>
<key name="man"> 12,27, </key>
<key name="manag"> 59,6,36,2,15,3,22,8,34,41,45,27,9,29,49, </key>
<key name="management"> 8,9,49, </key>
<key name="map"> 30, </key>
<key name="mapi"> 55,58, </key>
<key name="mark"> 36,49, </key>
<key name="market"> 56, </key>
<key name="mas"> 36, </key>
<key name="match"> 35,30,26,29, </key>
<key name="mateo"> 7, </key>
<key name="maximum"> 10,31,35,40,4,33,41,20, </key>
<key name="mb"> 10,60,58, </key>
<key name="mean"> 10, </key>
<key name="measur"> 72, </key>
<key name="mechanism"> 6,31,30, </key>
<key name="meet"> 6,19,17,54,69,56, </key>
<key name="meeting"> 19,22,29, </key>
<key name="megabyt"> 10,13, </key>
<key name="memb"> 55,58, </key>
<key name="member"> 38,17, </key>
<key name="menu"> 15, </key>
<key name="merg"> 69, </key>
<key name="messag"> 59,6,7,10,36,37,38,39,13,60,2,66,40,14,19,3,4,0,53,54,65,8,41,45,46,62,42,5,21,69,71,23,43,24,28,29,58,48,49, </key>
<key name="message1"> 45,49, </key>
<key name="method"> 30,14, </key>
<key name="microsoft"> 67,55,9,58, </key>
<key name="might"> 17,56, </key>
<key name="migrat"> 51,56,9,58, </key>
<key name="migration"> 6,52,54,55,56,9,58, </key>
<key name="mini"> 4,21, </key>
<key name="minimum"> 6,10,14,19,4,20, </key>
<key name="minut"> 4,45,21,72, </key>
<key name="mod"> 6,31,35,32,33,34, </key>
<key name="modify"> 37,2,22,34,21, </key>
<key name="monitor"> 6,13,19,46,62,9,63, </key>
<key name="mous"> 10,15,22,72, </key>
<key name="mov"> 59,6,1,15,17,22,62,5,69, </key>
<key name="mta"> 59,6,37,38,12,40,44,65,41,45,46,62,42,43,47,9,63, </key>
<key name="multipl"> 1,35,30,32,45,29, </key>
<key name="must"> 10,11,30,14,19,45,55,42,20,25,43,26,27,56,58,63,49, </key>
<key name="mx"> 40,44, </key>
<key name="mycompany"> 30, </key>
<key name="nam"> 59,6,31,1,2,35,30,44,14,15,19,3,17,51,67,32,33,52,22,34,45,62,69,24,26,56,47,58,49, </key>
<key name="navigat"> 6, </key>
<key name="navigation"> 6,60,14,15,19,3,17,16,45,25,47, </key>
<key name="ne"> 13,14,19,3,55,48, </key>
<key name="necessary"> 30,69,24, </key>
<key name="network"> 40,44, </key>
<key name="nev"> 49, </key>
<key name="new"> 59,6,50,31,37,1,11,12,2,14,15,19,3,17,4,18,32,33,22,34,55,20,21,24,27,58,49, </key>
<key name="next"> 6,50,31,1,11,35,66,19,17,51,67,32,33,52,68,54,55,69,25,27,56,57, </key>
<key name="night"> 61, </key>
<key name="normal"> 12,25, </key>
<key name="not"> 6,50,31,35,14,19,3,17,51,33,54,45,62,5,69,56, </key>
<key name="notic"> 7,39, </key>
<key name="notifi"> 39,13,48, </key>
<key name="notification"> 36,37,0,21, </key>
<key name="now"> 52,56, </key>
<key name="numb"> 59,6,10,31,36,39,60,15,19,3,4,53,68,54,41,45,62,20,21,69,71,23,26,57,58, </key>
<key name="number"> 14, </key>
<key name="object"> 2,3,56,29, </key>
<key name="objectclas"> 35, </key>
<key name="occupant"> 19, </key>
<key name="occur"> 10, </key>
<key name="off"> 6,36,13,54,46,63,48, </key>
<key name="offer"> 7,30, </key>
<key name="offic"> 55,29, </key>
<key name="often"> 37,62, </key>
<key name="ok"> 66,15,53,54,23,27,56, </key>
<key name="old"> 10,13,54,71,58,48,49, </key>
<key name="on"> 59,6,31,38,2,35,30,15,19,17,4,51,22,34,45,5,69,56,58,63,49, </key>
<key name="onc"> 14,53,54,69, </key>
<key name="open"> 7,36,1,38,14,17,67,53,70,22,55,62,21,23,72,27,58, </key>
<key name="openldap"> 30, </key>
<key name="operat"> 0, </key>
<key name="operation"> 35,30,54, </key>
<key name="opt"> 49, </key>
<key name="option"> 6,36,37,38,13,2,66,40,44,3,4,18,54,8,34,45,62,20,21,27,58, </key>
<key name="ord"> 45,46,63,48, </key>
<key name="organiz"> 7, </key>
<key name="organization"> 35, </key>
<key name="origin"> 46,62, </key>
<key name="original"> 21,24, </key>
<key name="originat"> 40, </key>
<key name="otherwis"> 30, </key>
<key name="out"> 6,10,72, </key>
<key name="outbreak"> 38, </key>
<key name="outlook"> 6,66,67,54,69,29,58, </key>
<key name="output"> 45, </key>

</ftswdata>  
