<?xml version='1.0' encoding='windows-1252' ?>
<ftswdata>
<key name="0"> 6,16,9,82,83,69,72, </key>
<key name="00"> 61, </key>
<key name="06"> 88, </key>
<key name="0mb"> 61, </key>
<key name="1"> 45,14,88, </key>
<key name="10"> 57,27,82,71,88,72, </key>
<key name="100"> 39,43,41,27, </key>
<key name="10000"> 50, </key>
<key name="110"> 49,53, </key>
<key name="143"> 48,53, </key>
<key name="2"> 16,4,40,41,59, </key>
<key name="20"> 49, </key>
<key name="200"> 48, </key>
<key name="24"> 45, </key>
<key name="25"> 50,56,4,57,27, </key>
<key name="30"> 11,16,74,4,58,29,88, </key>
<key name="33"> 44, </key>
<key name="365"> 11,74,58, </key>
<key name="389"> 39,43,36,40,41, </key>
<key name="4"> 6,9,58,14,88, </key>
<key name="4096"> 57,62, </key>
<key name="48"> 11,74,58, </key>
<key name="5"> 4,40,27,69, </key>
<key name="50"> 27, </key>
<key name="6"> 16,4,81,83,69,72, </key>
<key name="60"> 11,74,2,57,58, </key>
<key name="636"> 43,36,40,41, </key>
<key name="64"> 16,4,81,83, </key>
<key name="7071"> 65, </key>
<key name="7110"> 49,53, </key>
<key name="7143"> 48,53, </key>
<key name="75"> 44, </key>
<key name="7993"> 48,53, </key>
<key name="7995"> 49,53, </key>
<key name="8"> 40, </key>
<key name="9"> 83, </key>
<key name="993"> 48,53, </key>
<key name="995"> 49,53, </key>
<key name="ability"> 12,43,14, </key>
<key name="abl"> 60, </key>
<key name="abov"> 11,57,69,62, </key>
<key name="accept"> 21,26,28,54, </key>
<key name="acces"> 39,7,8,43,36,9,87,91,10,28,42,89,14,30,92,93,35,78, </key>
<key name="accidental"> 28,30, </key>
<key name="accommodat"> 54, </key>
<key name="accord"> 46,26,51,82, </key>
<key name="account"> 11,6,16,63,39,7,17,90,18,44,45,1,37,46,47,79,8,19,80,20,2,43,36,21,22,26,3,9,75,4,87,64,91,25,0,51,53,67,28,13,42,52,89,68,58,14,5,81,27,32,29,30,31,59,82,84,83,69,34,70,15,35,33,71,61,78,62,72, </key>
<key name="acros"> 53, </key>
<key name="action"> 16,30,59,35,78, </key>
<key name="activ"> 73,11,16,39,18,19,80,36,26,75,40,41,28,42,58,76,81,27,32,59,82,69, </key>
<key name="active"> 62, </key>
<key name="activity"> 11,16,74,58,59, </key>
<key name="ad"> 63,39,7,17,90,44,37,2,43,21,22,26,3,24,4,42,14,27,62, </key>
<key name="adautocomplet"> 43, </key>
<key name="add"> 11,6,39,7,17,90,1,46,47,38,22,26,24,9,87,10,25,51,40,41,28,57,89,14,93,69,62, </key>
<key name="addition"> 26,86,76,27,83,35, </key>
<key name="additional"> 11,6,39,17,36,24,40,41,42,57,89,27,35,62, </key>
<key name="addres"> 11,12,16,39,7,17,18,44,45,37,19,43,36,49,50,21,22,26,24,9,4,25,0,41,28,57,89,58,76,54,14,27,69,35,33,71,72, </key>
<key name="admin"> 11,45,79,10,0,65,13,15,72, </key>
<key name="administration"> 11,6,7,8,50,56,38,87,10,13,42,57,89,58,14,93,15,71,88,72, </key>
<key name="administrativ"> 0,72, </key>
<key name="administrator"> 73,44,21,26,24,75,0,65,13,89,68,58,76,81,82,84,15,35,71, </key>
<key name="advanc"> 11,12,16,18,20,2,21,3,9,4,14,81,32,29,59,82,35, </key>
<key name="advertis"> 49,57, </key>
<key name="affect"> 67, </key>
<key name="ag"> 16,81,29,83, </key>
<key name="again"> 16,59,35, </key>
<key name="aggregat"> 74, </key>
<key name="aggressive"> 44, </key>
<key name="alert"> 45,67, </key>
<key name="alia"> 45,43,21,22,28,33, </key>
<key name="alias"> 11,18,21,22,0,28,33, </key>
<key name="allocat"> 58,61, </key>
<key name="allow"> 7,18,80,48,49,50,56,38,9,25,53,14,82,35,33, </key>
<key name="along"> 12,74,58,77, </key>
<key name="already"> 26,25,89,5,62, </key>
<key name="alternat"> 21, </key>
<key name="although"> 67, </key>
<key name="alway"> 26,4,25,14,27, </key>
<key name="amavisd"> 74, </key>
<key name="amount"> 20,81, </key>
<key name="anonymou"> 43,36, </key>
<key name="anoth"> 73,2,43,22,4,28,5, </key>
<key name="anti"> 73,11,44,45,74,52,57,58,77, </key>
<key name="antiviru"> 45, </key>
<key name="any"> 73,6,16,63,17,45,46,26,3,24,9,87,53,66,67,52,89,76,29,30,59,83,33,71,78,62,72, </key>
<key name="anytim"> 19, </key>
<key name="ap"> 20,52,35,61, </key>
<key name="appear"> 19,21,26,25,69,34,71,62,72, </key>
<key name="appearanc"> 86, </key>
<key name="applicabl"> 81, </key>
<key name="application"> 6,9,89,14,69,35, </key>
<key name="appointment"> 20,26,4,27,35,61, </key>
<key name="appropriat"> 0, </key>
<key name="approximate"> 43, </key>
<key name="architectur"> 74, </key>
<key name="archiv"> 45, </key>
<key name="area"> 11,17,3,24,28, </key>
<key name="arrow"> 33, </key>
<key name="ask"> 92,71,72, </key>
<key name="assign"> 16,63,1,20,2,21,3,4,28,42,5,27,15,62, </key>
<key name="assist"> 28,78, </key>
<key name="associat"> 1,20,22,3,28,5,30,92, </key>
<key name="assum"> 36,69, </key>
<key name="attach"> 46,47,26,51, </key>
<key name="attachment"> 16,46,47,20,2,50,21,3,4,51,52,5,30,15,35,71,61,72, </key>
<key name="attempt"> 73,19,80,36,76,14,82, </key>
<key name="attende"> 26, </key>
<key name="attribut"> 18,2,43,36,21,3,81,29, </key>
<key name="audit"> 78, </key>
<key name="auth"> 16,50,56,4,59, </key>
<key name="authenticat"> 50,56,65, </key>
<key name="authentication"> 11,16,39,79,36,50,56,38,40,42,52,57,14,81,32,84,83, </key>
<key name="author"> 12, </key>
<key name="auto"> 1,21,26,27, </key>
<key name="autocomplet"> 37,43,27,35, </key>
<key name="automat"> 44, </key>
<key name="automatic"> 4, </key>
<key name="automatical"> 6,16,63,90,18,44,45,19,20,2,21,26,3,75,4,0,28,57,58,14,29,30,59,82,93,35,61,62, </key>
<key name="av"> 52, </key>
<key name="availabl"> 6,17,90,1,74,2,43,48,49,26,9,86,87,91,13,89,58,14,93,15, </key>
<key name="averag"> 75, </key>
<key name="avoid"> 50,56, </key>
<key name="away"> 27, </key>
<key name="back"> 73,11,17,24, </key>
<key name="background"> 30,35, </key>
<key name="backup"> 11,15, </key>
<key name="bar"> 11,18,74,30, </key>
<key name="bas"> 43,36,21,9,40,41,54,84,69,35, </key>
<key name="basi"> 43,26,40,41,53,32, </key>
<key name="basic"> 18,43,27, </key>
<key name="be"> 73,19,74,36,66,67,52,32,29,71,72, </key>
<key name="becom"> 43,21,41,28,42,27,30,93,69,62,72, </key>
<key name="befor"> 73,16,63,18,74,3,67,54,14,81,27,29,30,82,83,35,71,62,72, </key>
<key name="begin"> 66,67,69,71,72, </key>
<key name="behav"> 54,27, </key>
<key name="behavior"> 54, </key>
<key name="below"> 16,17,20,24,89,35,71,61,72, </key>
<key name="beta"> 14,88, </key>
<key name="bind"> 39,43,36,40,41,57, </key>
<key name="blank"> 17,44,24,40, </key>
<key name="blob"> 57,62, </key>
<key name="block"> 45,46,2, </key>
<key name="book"> 11,12,16,17,37,43,24,4,89,14,35,72, </key>
<key name="boolean"> 43, </key>
<key name="both"> 11,39,43,41,67,42,5,59,35, </key>
<key name="bottom"> 11,17,24, </key>
<key name="bounc"> 73,46,47,75,51, </key>
<key name="box"> 11,63,39,7,17,38,24,4,40,41,66,67,57,81,32,92,69,33,71,62,72, </key>
<key name="brows"> 11,16,38,10,59,93,69, </key>
<key name="build"> 18,26,69,35, </key>
<key name="built"> 35, </key>
<key name="bulk"> 21,13, </key>
<key name="busy"> 26,35, </key>
<key name="button"> 11,16,76,59, </key>
<key name="byt"> 74,57,62, </key>
<key name="ca"> 13, </key>
<key name="cach"> 37,76, </key>
<key name="cal"> 21, </key>
<key name="calculat"> 29, </key>
<key name="calendar"> 12,20,26,24,4,67,28,89,27,31,15,35,71,61,78,72, </key>
<key name="call"> 89, </key>
<key name="cancel"> 66,67,30, </key>
<key name="cannot"> 73,16,46,8,43,36,50,56,21,3,24,0,53,66,67,28,57,14,81,30,69,62, </key>
<key name="canonical"> 14, </key>
<key name="capabiliti"> 12,14, </key>
<key name="capacity"> 26, </key>
<key name="car"> 67, </key>
<key name="cas"> 26,67,5,55,83, </key>
<key name="categori"> 35, </key>
<key name="caution"> 66,67,30,55, </key>
<key name="ceil"> 52, </key>
<key name="central"> 11, </key>
<key name="certain"> 67, </key>
<key name="certificat"> 13, </key>
<key name="chang"> 11,6,16,63,39,90,44,1,46,79,8,19,80,20,74,2,50,56,38,21,22,26,3,9,86,4,87,91,53,65,28,52,57,89,58,14,5,81,27,32,31,82,84,83,69,34,35,71,77,61,62,72, </key>
<key name="chapt"> 44,89,58, </key>
<key name="character"> 16,4,83, </key>
<key name="characteristic"> 83, </key>
<key name="check"> 16,63,39,7,45,8,74,50,56,21,26,24,4,87,40,41,67,52,57,54,81,27,32,30,59,82,84,69,60,70,35,61,62, </key>
<key name="checkbox"> 24,67, </key>
<key name="checkmark"> 87,57, </key>
<key name="choic"> 35, </key>
<key name="choos"> 39,19,68,32,60,34, </key>
<key name="chosen"> 1, </key>
<key name="cisco"> 89, </key>
<key name="city"> 26, </key>
<key name="clam"> 45, </key>
<key name="clamav"> 45, </key>
<key name="clas"> 11,6,63,39,90,1,46,2,26,3,4,87,51,28,42,5,32,15, </key>
<key name="classify"> 35, </key>
<key name="clear"> 48,49,50,56,57, </key>
<key name="cli"> 13,57,89, </key>

</ftswdata>  
