<?xml version='1.0' encoding='windows-1252' ?>
<ftswdata>
<key name="executabl"> 11,71,72, </key>
<key name="executiv"> 2, </key>
<key name="exhibit"> 54, </key>
<key name="exist"> 19,2,43,22,40,28,30,69,70,71,62,72, </key>
<key name="expand"> 74,14, </key>
<key name="experienc"> 89, </key>
<key name="expir"> 73,16,81,59,82, </key>
<key name="expiration"> 83, </key>
<key name="explicit"> 2,43,50,56,41,52, </key>
<key name="expos"> 26, </key>
<key name="exposur"> 59, </key>
<key name="expression"> 40,41, </key>
<key name="extend"> 10, </key>
<key name="extension"> 11,46,47,10,51,52,14, </key>
<key name="external"> 12,6,16,39,43,36,50,56,40,41,42,57,81,32,55,84, </key>
<key name="fail"> 39,19,40,41,81,82, </key>
<key name="failur"> 73, </key>
<key name="far"> 11, </key>
<key name="fashion"> 81, </key>
<key name="featur"> 12,16,37,2,43,21,3,4,87,25,28,14,5,81,27,29,59,15,35,33,78, </key>
<key name="field"> 63,7,17,18,44,1,37,20,50,56,21,26,24,9,87,40,41,67,57,14,27,32,82,35,62, </key>
<key name="fil"> 73,11,45,46,47,9,10,51,66,67,28,57,76,30,92,93,71,78,62,72, </key>
<key name="filt"> 44,45,74,43,36,40,41,67,76,14,69, </key>
<key name="filter"> 73,12,44,43,25,55,35, </key>
<key name="final"> 85, </key>
<key name="find"> 17,18,24,30,33,72, </key>
<key name="finish"> 39,1,21,26,9,40,41, </key>
<key name="first"> 43,0,81,27,30,69,35,33,71,72, </key>
<key name="fix"> 76, </key>
<key name="flag"> 35, </key>
<key name="flander"> 69, </key>
<key name="floor"> 26, </key>
<key name="flush"> 76, </key>
<key name="fold"> 6,16,7,44,9,67,14,27,29,59,35,71,72, </key>
<key name="folder"> 12,6,9,4,67,28,14,27,29,30,31,69,35,71,78,72, </key>
<key name="follow"> 11,18,44,46,19,2,43,36,48,49,50,56,26,9,75,4,87,51,65,28,13,42,52,57,58,76,54,14,27,82,83,69,71,61,62,72, </key>
<key name="font"> 35, </key>
<key name="forc"> 16,50,56,32,84, </key>
<key name="forget"> 81,84, </key>
<key name="forgotten"> 19,28,76, </key>
<key name="format"> 58,27, </key>
<key name="forum"> 11, </key>
<key name="forward"> 11,17,21,24,25,0,28,14,27, </key>
<key name="fre"> 26,57,35, </key>
<key name="frequency"> 45, </key>
<key name="frequent"> 73,26, </key>
<key name="ful"> 54, </key>
<key name="full"> 12,68,71,62,72, </key>
<key name="function"> 11, </key>
<key name="g"> 50, </key>
<key name="gal"> 11,39,37,43,24,41,42,52,27,35, </key>
<key name="gallery"> 89, </key>
<key name="gateway"> 56, </key>
<key name="gb"> 74, </key>
<key name="general"> 39,1,19,80,2,38,3,87,28,42,52,57,27,31,84, </key>
<key name="generat"> 75,0, </key>
<key name="get"> 46,47,20,51,61, </key>
<key name="giv"> 9, </key>
<key name="given"> 6,39,43,9, </key>
<key name="global"> 11,6,16,39,44,45,46,47,2,43,48,49,50,56,21,3,9,0,51,41,13,52,57,5,55,15,35, </key>
<key name="gn"> 43, </key>
<key name="go"> 11,17,90,74,86,91,40,41,89,76,70,71,62,72, </key>
<key name="good"> 84, </key>
<key name="grant"> 43,36,93, </key>
<key name="graph"> 74, </key>
<key name="graphical"> 58, </key>
<key name="greet"> 50,54, </key>
<key name="group"> 6,7,2,24,4,28,68,14,27,69,35,71,72, </key>
<key name="guid"> 44,21,13,42,57,89,58,15,72, </key>
<key name="hack"> 19, </key>
<key name="ham"> 44, </key>
<key name="handl"> 44,81,82, </key>
<key name="happen"> 67, </key>
<key name="hav"> 43,28,76,59,78, </key>
<key name="head"> 20,28, </key>
<key name="header"> 61, </key>
<key name="help"> 11,9,69,88,72, </key>
<key name="helpful"> 26, </key>
<key name="her"> 73,11,9,81, </key>
<key name="hid"> 24, </key>
<key name="hidden"> 21,25, </key>
<key name="hierarchy"> 71,72, </key>
<key name="high"> 12, </key>
<key name="highlight"> 22,57,5,84, </key>
<key name="history"> 16,81,83, </key>
<key name="hold"> 73,11,58,76, </key>
<key name="host"> 11,39,46,2,43,36,50,56,38,21,65,42,57,55,71,72, </key>
<key name="hostnam"> 50,56,53,57,54, </key>
<key name="hour"> 11,45,74,58,59,82, </key>
<key name="hov"> 22,28, </key>
<key name="how"> 6,16,44,45,46,19,56,38,21,3,9,86,10,51,40,41,89,81,27,29,59,82,35,71,72, </key>
<key name="html"> 4,27,35, </key>
<key name="http"> 48,49,38,89, </key>
<key name="i"> 21,69, </key>
<key name="icon"> 71,72, </key>
<key name="icppn30"> 72, </key>
<key name="id"> 18,28,76,31,33,72, </key>
<key name="identifi"> 73,39,42,57, </key>
<key name="identify"> 44,36,68,54,14,69, </key>
<key name="identiti"> 14, </key>
<key name="identity"> 14, </key>
<key name="idl"> 16,4,59, </key>
<key name="if"> 16,63,39,17,18,45,37,46,79,8,19,80,74,2,43,36,48,49,50,56,21,26,24,9,4,87,64,25,0,40,41,66,67,28,52,57,89,58,76,54,14,5,81,27,32,30,55,92,31,59,82,84,83,69,35,33,71,72, </key>
<key name="ignor"> 67,81, </key>
<key name="ill"> 54, </key>
<key name="imag"> 6,86, </key>
<key name="imap"> 11,2,48,49,21,4,53,52,57,27,15,35, </key>
<key name="immediate"> 11,8,19,10,93,60, </key>
<key name="impact"> 37, </key>
<key name="implement"> 54, </key>
<key name="import"> 11,64,65,66,67,68,69,15,71,72, </key>
<key name="important"> 45,2,21,67,57,68,54,5,55,71, </key>
<key name="inaccessibl"> 28, </key>
<key name="inbound"> 11,74, </key>
<key name="inbox"> 4,27,29, </key>
<key name="includ"> 11,12,6,16,18,2,26,3,24,9,75,0,28,42,57,89,58,14,59,93,69,71,77,78,72, </key>
<key name="incom"> 73,11,58,76,54,29,35, </key>
<key name="incorrect"> 14,82, </key>
<key name="increas"> 47,20,67,61, </key>
<key name="incremental"> 15, </key>
<key name="index"> 28,57,30,62, </key>
<key name="index1"> 57,62, </key>
<key name="individual"> 6,18,19,20,2,24,9,91,25,28,13,89,76,14,5,32,29,59,82,83,69,71,72, </key>
<key name="inform"> 67, </key>
<key name="information"> 11,6,63,39,1,19,80,74,2,43,36,49,21,26,3,9,75,40,41,65,28,13,57,89,58,76,92,31,59,84,69,15,71,61,62,72, </key>
<key name="inherit"> 16, </key>
<key name="ini"> 72, </key>
<key name="initial"> 21,26,4,0,57,81,27,84,35,62, </key>
<key name="initializ"> 9, </key>
<key name="input"> 43, </key>
<key name="insert"> 39, </key>
<key name="instal"> 11,6,90,44,45,74,2,75,4,87,57,89,58,14,93,71,77,62,72, </key>
<key name="install"> 10,0,13,14, </key>
<key name="installation"> 39,45,42,52,57, </key>
<key name="instead"> 63,69,71,72, </key>
<key name="instruct"> 55, </key>
<key name="integrat"> 89, </key>
<key name="interact"> 89, </key>
<key name="interfac"> 19,86,87,10,13,89,35, </key>
<key name="intermix"> 89, </key>
<key name="internal"> 39,79,43,36,40,41,42,14,81,83, </key>
<key name="internet"> 4,27, </key>
<key name="interrupt"> 67, </key>
<key name="interval"> 4,27, </key>
<key name="invalid"> 81,82,83, </key>
<key name="invit"> 26, </key>
<key name="invitation"> 26,28, </key>
<key name="ip"> 50,57,58,76,54, </key>
<key name="isp"> 50,55, </key>
<key name="issu"> 39,43,40,41, </key>
<key name="item"> 18,4,67,27,35,33,71, </key>
<key name="itself"> 60, </key>
<key name="jo"> 69, </key>
<key name="joanna"> 69, </key>
<key name="john"> 21, </key>
<key name="joseph"> 69, </key>
<key name="journal"> 67, </key>
<key name="junk"> 16,44,67,29,71,72, </key>
<key name="just"> 39, </key>
<key name="kb"> 74,50, </key>
<key name="keep"> 73,3,31, </key>
<key name="key"> 14, </key>
<key name="keyword"> 71,72, </key>
<key name="kill"> 44, </key>
<key name="know"> 17,43,21,24,25,33, </key>
<key name="known"> 43,24, </key>
<key name="label"> 35, </key>
<key name="larg"> 21,53,57,76,71,62,72, </key>
<key name="last"> 11,18,74,43,21,58,33,88,77, </key>
<key name="latest"> 71,72, </key>
<key name="launch"> 89,68, </key>
<key name="layout"> 26, </key>
<key name="ldap"> 11,39,37,43,36,21,26,40,41,42,57,58,81,32,84,93,69,77, </key>
<key name="least"> 84, </key>
<key name="leav"> 17,24, </key>
<key name="left"> 11,17,1,24,40,67,27,33, </key>
<key name="legitimat"> 36, </key>
<key name="length"> 16,2,3,4,14,81,83, </key>
<key name="lessen"> 37, </key>
<key name="let"> 18,46,2,43,21,87,51,67,28,14,35,78, </key>
<key name="level"> 39,37,2,50,56,67,32, </key>
<key name="lifetim"> 16,2,21,26,3,4,14,5,29,59,83, </key>
<key name="like"> 67, </key>
<key name="limit"> 73,16,20,3,4,87,59,61, </key>
<key name="lin"> 44,2,21,24,28,13,57,35,62, </key>
<key name="link"> 11,21,9,28,57,5, </key>
<key name="list"> 11,16,63,39,7,17,90,18,1,37,46,47,8,19,2,43,21,22,26,24,9,4,87,23,64,91,25,51,41,66,67,28,57,89,58,76,14,27,32,31,84,93,69,60,34,70,15,35,33,71,77,62,72, </key>
<key name="lmtp"> 85,57,60, </key>
<key name="load"> 37, </key>
<key name="local"> 50,25,85,13,27,55,72, </key>
<key name="location"> 11,26,28,57,55,69,34,62, </key>
<key name="lock"> 16,18,19,80,28,14,81,32,82, </key>
<key name="lockout"> 19,80,14,81,82,83, </key>
<key name="log"> 11,16,79,19,80,74,36,38,9,75,10,0,66,28,57,68,58,14,81,59,82,84,93,60,35,71,77,78,72, </key>
<key name="login"> 19,48,49,42,57,81,82, </key>
<key name="logon"> 68, </key>
<key name="long"> 16,19,2,56,21,59,82,62, </key>

</ftswdata>  
