<?xml version='1.0' encoding='windows-1252' ?>
<ftswdata>
<key name="se"> 71,10,72,49,18,19,9,40,64,65,26,12,56,57,73,5,68,34,74, </key>
<key name="search"> 10,11,38,42,35,37,19,21,4,39,40,41,51,25,28,68,34,31, </key>
<key name="second"> 58, </key>
<key name="secondary"> 61, </key>
<key name="section"> 21,73,34, </key>
<key name="security"> 10,49,55,13, </key>
<key name="select"> 10,62,38,7,1,36,45,8,16,17,72,42,35,37,18,19,23,3,21,9,20,63,50,39,40,26,41,56,67,73,25,30,28,29,32,68,33,34,31,70,75,61, </key>
<key name="self"> 12, </key>
<key name="send"> 71,44,45,46,49,55,21,50,26,73,53,54,34, </key>
<key name="sender"> 53, </key>
<key name="sent"> 71,62,72,23,22,0,57,25,27,33,34, </key>
<key name="separat"> 10,21,68, </key>
<key name="sequenc"> 21,31,70, </key>
<key name="seri"> 71,18,70, </key>
<key name="serv"> 10,14,62,38,44,1,36,45,17,72,2,42,35,47,48,49,55,37,18,23,3,4,63,39,40,52,64,66,76,26,12,41,56,67,57,73,24,54,32,68,59,69,13,70,74,60,61, </key>
<key name="server"> 10,1,36,72,42,47,48,55,23,3,77,39,40,52,66,51,56,57,59,13,74,61, </key>
<key name="servic"> 10,11,6,62,38,1,45,2,42,35,47,48,23,3,4,64,66,26,12,41,51,56,57,5,30,59,13,74, </key>
<key name="session"> 14,2,18,3,4,58, </key>
<key name="set"> 71,10,14,38,7,43,44,45,8,16,17,2,42,47,48,49,55,37,18,23,3,9,77,22,0,50,39,40,52,66,51,56,53,5,24,30,27,54,58,32,34,70,60, </key>
<key name="setting"> 10,38,43,44,45,46,17,2,42,35,47,48,49,55,18,4,50,39,40,41,51,5,54,13, </key>
<key name="setup"> 26, </key>
<key name="shar"> 11,6,21,9,58,34, </key>
<key name="shift"> 21, </key>
<key name="should"> 14,62,43,1,8,35,47,48,18,21,9,22,40,66,24,54,68,70, </key>
<key name="show"> 10,72,2,19,4,26,56,73,25,60,61, </key>
<key name="shown"> 62,23,70, </key>
<key name="sid"> 66, </key>
<key name="sign"> 12, </key>
<key name="signatur"> 4,25, </key>
<key name="similar"> 49,55, </key>
<key name="simp"> 77, </key>
<key name="simultaneous"> 66,34,70, </key>
<key name="sinc"> 66, </key>
<key name="singl"> 35,49,52,67,73,68,34,70, </key>
<key name="sit"> 23,52, </key>
<key name="siz"> 14,72,49,4,51,56,57,34,70,60,61, </key>
<key name="smith"> 18,68, </key>
<key name="smtp"> 49,55,53,54, </key>
<key name="sn"> 42, </key>
<key name="snapshot"> 73, </key>
<key name="snmp"> 10,56,57,74, </key>
<key name="so"> 44,42,49,55,23,0,53, </key>
<key name="soft"> 16, </key>
<key name="softwar"> 43,44, </key>
<key name="sort"> 11,57,60, </key>
<key name="sourc"> 11,68,69,70, </key>
<key name="spac"> 14,17,72,18,3,21,57,60, </key>
<key name="spam"> 71,10,14,43,72,49,4,51,56,57,53,27,74, </key>
<key name="spamassassin"> 43, </key>
<key name="specifi"> 14,42,35,19,22,26,67,25,70, </key>
<key name="specific"> 10,38,1,46,72,2,42,35,19,21,50,26,51,57,73,24,68,31, </key>
<key name="specify"> 1,37,23,3,22,39,34,70, </key>
<key name="spell"> 56,74, </key>
<key name="split"> 52, </key>
<key name="spread"> 46, </key>
<key name="spreadsheet"> 6, </key>
<key name="ssl"> 38,42,35,47,48,49,55,39,40,52,56, </key>
<key name="standard"> 11,15,4,53,25,68, </key>
<key name="start"> 63,64,12,28,70, </key>
<key name="stat"> 45,23,50, </key>
<key name="statistic"> 10,17,72,57,13,60, </key>
<key name="statu"> 10,62,45,16,23,26,56,57,28,33,69,13,74,61, </key>
<key name="status"> 16, </key>
<key name="stay"> 71,18,23,73, </key>
<key name="step"> 38,18,39,40,41,68, </key>
<key name="still"> 16,28,61, </key>
<key name="stop"> 45,12,28,59, </key>
<key name="stor"> 10,56,24,32,68,61, </key>
<key name="storag"> 61, </key>
<key name="str"> 42,25,31, </key>
<key name="street"> 23, </key>
<key name="styl"> 4,25,34, </key>
<key name="subject"> 11,43,34, </key>
<key name="subscrib"> 11, </key>
<key name="subtre"> 68, </key>
<key name="succeed"> 35, </key>
<key name="successful"> 71, </key>
<key name="suggest"> 36,23,34, </key>
<key name="suit"> 11,43,44,35,9,4,13,78,61, </key>
<key name="summari"> 73, </key>
<key name="summary"> 38,39,40,57,73, </key>
<key name="suppli"> 35, </key>
<key name="support"> 11, </key>
<key name="sur"> 37, </key>
<key name="surnam"> 42, </key>
<key name="suspect"> 16, </key>
<key name="suspend"> 59, </key>
<key name="symbol"> 18, </key>
<key name="syntax"> 42, </key>
<key name="system"> 10,46,72,42,3,0,56,53,13,61, </key>
<key name="t"> 21,26, </key>
<key name="tab"> 10,7,43,44,1,36,45,46,8,16,17,2,47,48,49,55,37,19,3,9,22,50,41,51,56,73,24,25,30,27,32,59,33,34,74,61, </key>
<key name="tag"> 11,43,72,26,34,70,75, </key>
<key name="tak"> 45,16,50,56,28, </key>
<key name="target"> 69,70, </key>
<key name="task"> 0,66,26,12,13, </key>
<key name="templat"> 6,38,9, </key>
<key name="temporari"> 71,45, </key>
<key name="temporary"> 67,70, </key>
<key name="ten"> 21, </key>
<key name="term"> 40, </key>
<key name="test"> 38,39,40, </key>
<key name="text"> 38,7,36,47,48,4,39,40,56,25,68,34, </key>
<key name="them"> 71,44,77,73,25,34,61, </key>
<key name="third"> 34, </key>
<key name="thoroughnes"> 42, </key>
<key name="thos"> 45,46,2,50,52,66, </key>
<key name="though"> 2, </key>
<key name="thre"> 35, </key>
<key name="thread"> 47,48,4,56,25, </key>
<key name="threshold"> 56,61, </key>
<key name="thu"> 23, </key>
<key name="thunderbird"> 34, </key>
<key name="tim"> 71,10,14,15,23,3,21,4,63,0,51,57,73,24,28,58,32,34,70,74, </key>
<key name="timeout"> 14,55,4,56,58, </key>
<key name="timezon"> 25, </key>
<key name="tip"> 19,26, </key>
<key name="tl"> 49,55,56, </key>
<key name="token"> 14,4,58, </key>
<key name="told"> 15, </key>
<key name="too"> 73, </key>
<key name="tool"> 10,2,18,19,3,26,12,28,70, </key>
<key name="toolbar"> 10,38,7,8,18,19,23,3,9,39,40,26,41,32, </key>
<key name="total"> 72, </key>
<key name="trac"> 12, </key>
<key name="trademark"> 11, </key>
<key name="traffic"> 59, </key>
<key name="train"> 43, </key>
<key name="transaction"> 49,55, </key>
<key name="transf"> 76, </key>
<key name="transfer"> 76, </key>
<key name="trash"> 14,23,4,27, </key>
<key name="tri"> 35, </key>
<key name="troubl"> 26,75, </key>
<key name="troubleshoot"> 73, </key>
<key name="trust"> 49,55, </key>
<key name="try"> 55, </key>
<key name="turn"> 43,74, </key>
<key name="two"> 43,44,77,0,73, </key>
<key name="typ"> 11,7,36,45,46,8,42,18,23,3,21,9,50,39,40,66,56,57,73,53,68,13,34,31,61, </key>
<key name="u"> 35, </key>
<key name="ui"> 14,77,4,25,34, </key>
<key name="un"> 59, </key>
<key name="unauthoriz"> 45,46,16,50, </key>
<key name="unavailabl"> 23,66,33, </key>
<key name="unchang"> 14, </key>
<key name="uncheck"> 1, </key>
<key name="uniqu"> 71, </key>
<key name="unknown"> 49, </key>
<key name="unles"> 23, </key>
<key name="unlimit"> 14,2,19,34,60, </key>
<key name="unprovision"> 70, </key>
<key name="unread"> 43, </key>
<key name="unreadabl"> 71, </key>
<key name="unsolicit"> 43,49, </key>
<key name="up"> 38,42,47,48,37,18,0,52,66,24,32,34,70, </key>
<key name="updat"> 44,2,63,73,25,78, </key>
<key name="upload"> 6,49, </key>
<key name="url"> 10,42,35,39,40, </key>
<key name="us"> 10,11,6,14,38,7,43,1,15,8,16,17,72,2,42,35,37,18,23,3,21,9,77,4,63,22,39,40,64,66,76,26,41,67,57,73,24,25,30,28,54,58,32,68,13,34,31,70,60,75,61, </key>
<key name="usa"> 11, </key>
<key name="usag"> 10,72,21,24, </key>
<key name="useful"> 23,52, </key>
<key name="user"> 6,14,62,38,7,43,36,45,8,16,17,2,42,35,49,55,37,18,23,3,21,9,4,22,0,50,66,26,24,25,30,27,28,32,68,59,34,70,60,75, </key>
<key name="usernam"> 38,64, </key>
<key name="usual"> 5, </key>
<key name="utiliti"> 12, </key>
<key name="utiliz"> 70, </key>
<key name="vacation"> 34, </key>
<key name="valid"> 14,7,35,37, </key>
<key name="valu"> 42,18,40,51,5, </key>
<key name="variant"> 77, </key>
<key name="variou"> 10,42,3, </key>
<key name="verifi"> 42,21, </key>
<key name="verification"> 69,70, </key>
<key name="version"> 11,78, </key>
<key name="via"> 46,56, </key>
<key name="view"> 71,10,6,14,43,45,16,17,72,2,19,23,3,21,9,77,4,50,26,57,73,5,25,58,34,74,60,75, </key>
<key name="violat"> 53, </key>
<key name="violator"> 53, </key>
<key name="virtual"> 38,37,41, </key>
<key name="viru"> 71,10,44,45,72,50,51,56,57,74, </key>
<key name="virus"> 46,72, </key>
<key name="volum"> 10,72,56,57,61, </key>
<key name="wait"> 25, </key>
<key name="walk"> 38, </key>
<key name="want"> 62,38,36,18,3,21,9,52,26,53,30,68, </key>
<key name="warn"> 65,70, </key>
<key name="warning"> 65,70, </key>
<key name="way"> 26, </key>
<key name="web"> 11,6,36,17,2,49,55,18,3,9,77,4,22,56,25,54,58,34, </key>
<key name="webmail"> 14,54, </key>
<key name="welcom"> 70, </key>
<key name="well"> 11, </key>
<key name="what"> 2,18,3,66,53,5,31,60, </key>
<key name="whenev"> 30, </key>
<key name="wheth"> 10,16,2,42,35,66,56,34,70,61, </key>
<key name="whil"> 71,65,66,73,28,70, </key>
<key name="whos"> 21,26,56,61, </key>
<key name="wid"> 10, </key>
<key name="wiki"> 10,6,38,7,8,9,77, </key>

</ftswdata>  
