<?xml version='1.0' encoding='windows-1252' ?>
<ftswdata>
<key name="pan"> 7,12,13,58,15,16,6,3,18,17,22,44,45,25,26,27,46,71,61, </key>
<key name="parameter"> 34,40, </key>
<key name="part"> 34,29,26, </key>
<key name="partial"> 16,18,23,26,55, </key>
<key name="particular"> 37,2,3,46, </key>
<key name="partner"> 8, </key>
<key name="party"> 28, </key>
<key name="pas"> 39,43, </key>
<key name="password"> 7,11,30,36,12,2,34,29,39,43,15,3,4,31,32,51,22,5,20,67,25,27,28,57,62, </key>
<key name="past"> 30,31,32,20, </key>
<key name="path"> 65,44,48, </key>
<key name="peopl"> 26, </key>
<key name="per"> 58,34,4,31,32,21,25, </key>
<key name="percent"> 35, </key>
<key name="percentag"> 14,45,47, </key>
<key name="perform"> 34,9,10, </key>
<key name="performanc"> 8,53,45,10, </key>
<key name="period"> 15,53, </key>
<key name="periodic"> 60, </key>
<key name="permanent"> 48, </key>
<key name="permission"> 54,57, </key>
<key name="permit"> 28, </key>
<key name="personal"> 7,11,53,67,69,28, </key>
<key name="phon"> 6, </key>
<key name="pick"> 53,55, </key>
<key name="piec"> 6,22, </key>
<key name="plac"> 4,60, </key>
<key name="pleas"> 32, </key>
<key name="point"> 49,57, </key>
<key name="pol"> 4,21, </key>
<key name="policy"> 6, </key>
<key name="pool"> 1,2,3,4, </key>
<key name="poor"> 41, </key>
<key name="pop"> 7,2,15,40,44,10, </key>
<key name="pop3"> 44,28, </key>
<key name="pops3"> 40, </key>
<key name="populat"> 6, </key>
<key name="port"> 30,34,29,39,43,31,32,51,44,67, </key>
<key name="portion"> 55,57, </key>
<key name="possibl"> 44,21, </key>
<key name="post"> 28, </key>
<key name="postfix"> 39,0,42, </key>
<key name="postmast"> 0, </key>
<key name="practic"> 27, </key>
<key name="preconfigur"> 55, </key>
<key name="preferenc"> 2,15,3,4,21,28, </key>
<key name="prefix"> 35, </key>
<key name="prepar"> 67, </key>
<key name="pres"> 18, </key>
<key name="prevent"> 37,25,42,57, </key>
<key name="previou"> 30,64,16,31,32,20,48, </key>
<key name="previous"> 64,53,67, </key>
<key name="primary"> 48, </key>
<key name="privileg"> 54,57, </key>
<key name="problem"> 66, </key>
<key name="proceed"> 49, </key>
<key name="proces"> 7,30,58,29,64,51,52,53,33,44,60,23,57, </key>
<key name="profil"> 54,57, </key>
<key name="progres"> 64,52,66,23,57, </key>
<key name="projector"> 6, </key>
<key name="prompt"> 54, </key>
<key name="properti"> 71, </key>
<key name="property"> 8, </key>
<key name="protect"> 36,38, </key>
<key name="protection"> 7,35,36,41, </key>
<key name="protocol"> 39,63,40,41,28, </key>
<key name="provid"> 29,32,41,57, </key>
<key name="provision"> 7,49,15,22,9,54,56,10,57, </key>
<key name="proxy"> 42, </key>
<key name="pst"> 64,65,66,68,67, </key>
<key name="purg"> 11,69, </key>
<key name="qualifi"> 41, </key>
<key name="query"> 39,43,55, </key>
<key name="question"> 58,57, </key>
<key name="queu"> 37,13,45,60,46, </key>
<key name="quick"> 7,22,26,27,28, </key>
<key name="quickadd"> 4,21, </key>
<key name="quit"> 11, </key>
<key name="quota"> 11,14,2,15,3,4,22,45,5,47, </key>
<key name="random"> 1,3, </key>
<key name="rath"> 53, </key>
<key name="rbl"> 35, </key>
<key name="re"> 11,64,20,23,27, </key>
<key name="reach"> 11,14,47, </key>
<key name="read"> 40, </key>
<key name="ready"> 18,60, </key>
<key name="reason"> 60, </key>
<key name="reassign"> 3, </key>
<key name="receiv"> 35,13,64,39,15,22,60,41,21,69,57,48, </key>
<key name="recent"> 49,20, </key>
<key name="recipient"> 35,36,38,39,43,18,22, </key>
<key name="recommend"> 53,54, </key>
<key name="record"> 7,39,43,6,3,44,28, </key>
<key name="recur"> 6, </key>
<key name="redirect"> 16, </key>
<key name="ref"> 35,54,10, </key>
<key name="refer"> 35, </key>
<key name="referenc"> 48, </key>
<key name="reflect"> 7, </key>
<key name="refresh"> 49,50, </key>
<key name="regard"> 44, </key>
<key name="regardles"> 37, </key>
<key name="register"> 44, </key>
<key name="regular"> 6,25, </key>
<key name="reindex"> 23, </key>
<key name="reject"> 37,38,14,2,39,6,22,40,47, </key>
<key name="relay"> 49,39,43,44,42,57, </key>
<key name="releas"> 7, </key>
<key name="reliabl"> 8, </key>
<key name="remain"> 11,69,24,70, </key>
<key name="rememb"> 11,70, </key>
<key name="remov"> 16,19,22,5,55, </key>
<key name="renam"> 24, </key>
<key name="reoccur"> 6, </key>
<key name="rep"> 0,21, </key>
<key name="replicat"> 57, </key>
<key name="report"> 59, </key>
<key name="represent"> 34, </key>
<key name="request"> 53,67,28, </key>
<key name="requir"> 30,12,34,29,39,15,51,33,23,42,28, </key>
<key name="resend"> 60, </key>
<key name="reserv"> 8, </key>
<key name="reset"> 15,44,5,20,27, </key>
<key name="resid"> 69, </key>
<key name="resolv"> 30,31,32, </key>
<key name="resourc"> 6,22,71, </key>
<key name="respectiv"> 8, </key>
<key name="restart"> 44, </key>
<key name="restrict"> 2,15,3,41, </key>
<key name="restriction"> 2,15,6,41,20, </key>
<key name="result"> 30,34,29,18,31,32,40,23,26, </key>
<key name="resum"> 37,46, </key>
<key name="retriev"> 20,23, </key>
<key name="return"> 30,29,18,32,23, </key>
<key name="review"> 35,68,55,57, </key>
<key name="rfc"> 41, </key>
<key name="rich"> 28, </key>
<key name="right"> 7,8,1,18,23,46, </key>
<key name="room"> 6,60, </key>
<key name="root"> 0,44,55,48, </key>
<key name="rout"> 34,0,60,28, </key>
<key name="rul"> 35,37,34,29,53,40,5,67,28, </key>
<key name="run"> 7,34,29,64,51,67,23,28,57,61, </key>
<key name="s"> 7,35,12,34,39,43,6,3,65,0,51,22,9,44,41,5,20,21,23,70,27,55,10,57,62, </key>
<key name="sam"> 64,18,24,26, </key>
<key name="samantha"> 18,26, </key>
<key name="sammy"> 18,26, </key>
<key name="samson"> 18,26, </key>
<key name="samuel"> 18,26, </key>
<key name="san"> 8, </key>
<key name="sav"> 1,37,13,15,16,3,18,19,31,32,21,25,24,27,46,71,28,57,48, </key>
<key name="scal"> 58, </key>
<key name="scan"> 60, </key>
<key name="schedul"> 6,53,22,28, </key>
<key name="schema"> 29, </key>
<key name="scor"> 35, </key>
<key name="scroll"> 18, </key>
<key name="se"> 7,58,39,15,16,65,32,51,52,22,9,44,5,55,28,61, </key>
<key name="search"> 7,8,30,34,29,16,18,4,65,31,32,40,21,23,26,55,28, </key>
<key name="second"> 70, </key>
<key name="secondary"> 48, </key>
<key name="section"> 18, </key>
<key name="secur"> 67, </key>
<key name="security"> 7,39,43,10, </key>
<key name="select"> 7,49,30,1,37,13,14,58,34,29,64,15,16,6,3,18,17,50,65,31,32,22,33,44,54,25,23,24,27,55,71,28,57,62,48, </key>
<key name="self"> 9, </key>
<key name="send"> 36,38,39,43,18,22,60,41,42, </key>
<key name="sender"> 41, </key>
<key name="sent"> 49,37,6,19,0,60,21,69,71, </key>
<key name="separat"> 7,18,55, </key>
<key name="sequenc"> 18,26,57, </key>
<key name="seri"> 15,60,57, </key>
<key name="serv"> 7,11,49,30,36,1,37,14,58,2,34,29,39,43,15,6,3,4,50,31,32,51,66,53,63,22,9,33,40,44,54,45,20,67,42,27,55,46,56,10,57,61,47,48, </key>
<key name="server"> 7,1,58,34,43,3,31,32,53,40,44,45,46,10,61,48, </key>
<key name="servic"> 7,8,49,1,37,2,34,29,6,3,4,51,53,22,9,40,44,45,5,25,46,10,61, </key>
<key name="session"> 11,2,15,3,4,70, </key>
<key name="set"> 7,11,35,37,13,14,2,34,39,43,15,6,3,0,31,32,53,40,44,60,41,5,20,25,69,42,70,27,28,57,47, </key>
<key name="setting"> 7,30,35,36,37,38,14,2,34,29,39,43,15,4,65,31,32,33,40,5,42,10, </key>
<key name="setup"> 22, </key>
<key name="shar"> 8,70, </key>
<key name="shift"> 18, </key>
<key name="should"> 11,49,35,1,29,64,15,18,32,53,20,42,55,57, </key>
<key name="show"> 58,2,16,4,66,22,44,21,47,48, </key>
<key name="shown"> 49,6,57, </key>
<key name="sid"> 53, </key>
<key name="sign"> 2,9, </key>
<key name="signatur"> 4,21, </key>
<key name="similar"> 39,43, </key>
<key name="simultaneous"> 53,28,57, </key>
<key name="sinc"> 53, </key>
<key name="singl"> 29,54,55,28,57, </key>
<key name="sit"> 37,6, </key>
<key name="siz"> 11,39,4,40,44,45,28,57,47,48, </key>
<key name="smith"> 15,55, </key>
<key name="smtp"> 39,43,41,42, </key>
<key name="sn"> 34, </key>
<key name="snmp"> 7,44,45,61, </key>
<key name="so"> 36,34,64,39,43,0,41, </key>
<key name="soft"> 13, </key>
<key name="softwar"> 35,36, </key>
<key name="sort"> 8,45,47, </key>
<key name="sourc"> 8,55,56,57, </key>
<key name="spac"> 11,14,15,3,18,45,47, </key>
<key name="spam"> 7,11,35,37,58,39,4,40,44,45,60,41,69,61, </key>
<key name="spamassassin"> 35,58, </key>
<key name="specifi"> 11,29,64,16,22,54,57, </key>
<key name="specific"> 7,37,38,58,2,34,29,16,18,22,40,45,20,26,55, </key>
<key name="specify"> 3,31,57, </key>
<key name="spell"> 44,61, </key>
<key name="spread"> 38, </key>
<key name="ssl"> 30,34,29,39,43,31,32,44, </key>
<key name="standard"> 8,12,4,41,21,55, </key>
<key name="start"> 64,50,51,66,9,23,57, </key>
<key name="stat"> 6, </key>
<key name="statistic"> 7,14,58,45,10,47, </key>
<key name="statu"> 7,49,37,13,6,22,44,45,23,71,56,10,61,48, </key>
<key name="status"> 13, </key>
<key name="stay"> 15,60, </key>

</ftswdata>  
