<?xml version='1.0' encoding='windows-1252' ?>
<ftswdata>
<key name="configuration"> 6,10,35,30,14,4,32,33,22,8,34,45,21,29, </key>
<key name="confirm"> 27, </key>
<key name="confus"> 43, </key>
<key name="connect"> 31,40,44,52,45,55,68, </key>
<key name="connection"> 30,45,68, </key>
<key name="consid"> 14,3, </key>
<key name="consider"> 36,30, </key>
<key name="consist"> 17, </key>
<key name="consistent"> 54, </key>
<key name="consol"> 6,11,40,44,8,34,46,9,58,72, </key>
<key name="consolidat"> 60, </key>
<key name="constraint"> 2,3,5, </key>
<key name="construct"> 35,56, </key>
<key name="contact"> 7,10,65,14,19,4,54,69,22,21,68,24,27,9,29,58, </key>
<key name="contain"> 60,3,17,22,8,68,25,71,56,29, </key>
<key name="content"> 6,10,11,12,65,15,19,3,17,22,45,46,61,68,25,23,26,71,27,28,62,63, </key>
<key name="continu"> 32,54,61,56, </key>
<key name="control"> 2,40,17, </key>
<key name="conversation"> 7,4,21,29, </key>
<key name="convert"> 68,58, </key>
<key name="cooki"> 71, </key>
<key name="copy"> 18, </key>
<key name="copyright"> 7, </key>
<key name="corn"> 21, </key>
<key name="corporat"> 35, </key>
<key name="correct"> 33, </key>
<key name="corrupt"> 59,61,23, </key>
<key name="cos"> 3, </key>
<key name="could"> 59,10,12,19,17,61,26, </key>
<key name="count"> 6,60,46, </key>
<key name="creat"> 6,50,31,36,37,1,13,2,65,14,15,19,3,17,4,51,18,0,32,33,22,8,34,55,20,21,68,27,56,57,9,29,58,49, </key>
<key name="criteria"> 29, </key>
<key name="current"> 6,54,45,49, </key>
<key name="dat"> 65,54,21,70,29,58, </key>
<key name="data"> 6,60,66,67,54,45,68,62,49, </key>
<key name="databas"> 56, </key>
<key name="day"> 6,10,60,4,46,20,70,71, </key>
<key name="dc"> 35,30, </key>
<key name="decid"> 58, </key>
<key name="declin"> 19, </key>
<key name="def"> 59, </key>
<key name="default"> 6,10,31,37,11,2,35,30,40,44,14,3,4,66,33,41,45,42,20,21,70,71,29,58,49, </key>
<key name="defer"> 59,6,46,61, </key>
<key name="defin"> 6,7,37,2,35,30,14,3,22,41,45,9,29,58,49, </key>
<key name="delegat"> 7, </key>
<key name="delet"> 6,12,13,65,15,19,3,17,16,54,22,45,46,61,70,23,58,48,49, </key>
<key name="deliver"> 59,10,36,37,12,61,47,49, </key>
<key name="delivery"> 59,38,40,44,64,45,61,43,26, </key>
<key name="deni"> 2,3, </key>
<key name="department"> 35, </key>
<key name="depend"> 60,23, </key>
<key name="deposit"> 23, </key>
<key name="descend"> 46,48, </key>
<key name="describ"> 31,17,32,33, </key>
<key name="description"> 6,10,31,2,19,3,17,69,34,45, </key>
<key name="descriptiv"> 19, </key>
<key name="deselect"> 3, </key>
<key name="design"> 39, </key>
<key name="designat"> 14,19,43, </key>
<key name="desir"> 38,12, </key>
<key name="desk"> 6, </key>
<key name="destination"> 51,52,69,46,68,56,57,58, </key>
<key name="detail"> 6,31,19,32,33,69,22,45,61,9,29, </key>
<key name="determin"> 36,12,2,35,44,3,54,5,71,58, </key>
<key name="dialog"> 65,14,15,4,51,52,67,54,69,21,68,23,27,56,57,58, </key>
<key name="different"> 1,3,45,61,5,43,56,9,29, </key>
<key name="direct"> 32,33, </key>
<key name="directory"> 10,31,35,30,14,19,66,32,33,34,20,25,27,56,58,49, </key>
<key name="disabl"> 6,10,36,38,12,40,44,3,17,4,41,5, </key>
<key name="disapprov"> 42, </key>
<key name="discard"> 54, </key>
<key name="disk"> 6,10,13,14,46,48, </key>
<key name="display"> 6,31,60,2,65,14,15,19,17,4,0,32,33,53,67,54,69,22,45,46,61,5,21,23,24,26,56,57,29,58,62,48,49, </key>
<key name="distinguish"> 56, </key>
<key name="distribution"> 6,35,17,16,54,22,26,9, </key>
<key name="divid"> 61, </key>
<key name="dn"> 35,30,40,44,32,33,41,45,42,56, </key>
<key name="do"> 39,19,42,23, </key>
<key name="document"> 59,7, </key>
<key name="documentation"> 6,55, </key>
<key name="domain"> 6,31,38,2,35,30,40,44,15,3,51,32,33,22,34,41,55,46,61,42,68,25,26,56,9,29,58, </key>
<key name="don"> 39,22, </key>
<key name="doubl"> 15,18,27, </key>
<key name="down"> 35,15,66, </key>
<key name="download"> 6,37,61,9,58, </key>
<key name="downtim"> 54, </key>
<key name="drop"> 15,66, </key>
<key name="du"> 38, </key>
<key name="duplicat"> 65,54, </key>
<key name="e"> 40,14,56, </key>
<key name="earli"> 54,61, </key>
<key name="easy"> 29, </key>
<key name="edit"> 6,38,12,13,15,3,18,0,32,33,22,34,45,23,24,27,28, </key>
<key name="effect"> 12,45, </key>
<key name="eith"> 59,6,10,31,38,35,17,32,33,45,61,21,25,70,71,56,29,58,48,49, </key>
<key name="elaps"> 10, </key>
<key name="elsewher"> 41, </key>
<key name="email"> 6,10,50,36,38,39,13,35,65,40,14,15,19,0,54,22,5,68,70,43,26,56,28,9,29,58,48, </key>
<key name="employe"> 2,35, </key>
<key name="empty"> 49, </key>
<key name="enabl"> 6,10,36,37,11,2,40,44,14,17,4,18,41,45,42,5,20,21,29, </key>
<key name="encrypt"> 37,20,27, </key>
<key name="end"> 2,3,4,21,9, </key>
<key name="enforc"> 10,20,25, </key>
<key name="enough"> 38, </key>
<key name="ensur"> 30,54,20, </key>
<key name="ent"> 31,39,35,30,44,14,15,19,3,17,18,32,33,52,54,22,68,26,27,56,58,49, </key>
<key name="enter"> 31,36,35,30,19,32,33,20,68,26, </key>
<key name="entri"> 10,35,22,68,56,63, </key>
<key name="entry"> 35,30, </key>
<key name="envelop"> 61, </key>
<key name="environment"> 6,1, </key>
<key name="equal"> 35, </key>
<key name="equipment"> 6,19,22, </key>
<key name="error"> 30,53,67,69,46,61,58, </key>
<key name="etc"> 35,19,24, </key>
<key name="evaluat"> 61, </key>
<key name="even"> 2, </key>
<key name="every"> 37, </key>
<key name="everyon"> 17,22, </key>
<key name="ex"> 58, </key>
<key name="exampl"> 2,35,30,14,17,26,56, </key>
<key name="except"> 70, </key>
<key name="exception"> 5, </key>
<key name="exchang"> 6,50,54,55,56,9,58, </key>
<key name="execut"> 8, </key>
<key name="executabl"> 6,58, </key>
<key name="executiv"> 2, </key>
<key name="exhibit"> 42, </key>
<key name="exist"> 12,2,35,15,18,32,23,56,57,58,49, </key>
<key name="expand"> 60, </key>
<key name="experienc"> 38, </key>
<key name="expir"> 59,10,20,71, </key>
<key name="explicit"> 2,35,40,44,33,41, </key>
<key name="expos"> 19, </key>
<key name="exposur"> 71, </key>
<key name="expression"> 32,33, </key>
<key name="extension"> 38,39,41, </key>
<key name="external"> 7,10,31,35,30,40,44,32,33,34,45,20,25,43,27, </key>
<key name="fail"> 31,32,33, </key>
<key name="failur"> 59, </key>
<key name="far"> 6, </key>
<key name="fashion"> 7,20, </key>
<key name="featur"> 7,10,2,35,14,3,4,66,22,5,20,21,70,26,71,9,29,63, </key>
<key name="field"> 36,13,40,44,14,19,17,66,32,33,54,45,21,25,49, </key>
<key name="fil"> 59,6,37,38,39,65,66,53,67,54,69,45,61,68,23,58,63,49, </key>
<key name="filenam"> 66, </key>
<key name="filt"> 36,37,35,30,32,33,54,61,56, </key>
<key name="filter"> 59,7,36,35,43,29, </key>
<key name="final"> 64, </key>
<key name="find"> 17,66,23,26, </key>
<key name="finish"> 31,14,19,32,33, </key>
<key name="first"> 35,0,20,21,23,26,56,29,58, </key>
<key name="fix"> 61, </key>
<key name="flag"> 29, </key>
<key name="flander"> 56, </key>
<key name="floor"> 19, </key>
<key name="flush"> 61, </key>
<key name="fold"> 10,36,65,66,54,21,68,70,71,29,58, </key>
<key name="folder"> 7,4,54,22,21,70,23,24,56,29,58,63, </key>
<key name="follow"> 6,36,38,12,2,35,30,40,44,19,4,52,22,8,41,45,46,61,42,21,68,56,58,48,49, </key>
<key name="font"> 29, </key>
<key name="forc"> 10,40,44,25,27, </key>
<key name="forget"> 20,27, </key>
<key name="forgotten"> 22,61, </key>
<key name="format"> 60,46,21, </key>
<key name="forum"> 6, </key>
<key name="forward"> 6,14,17,18,0,22,21, </key>
<key name="fre"> 19,45,29, </key>
<key name="frequency"> 37, </key>
<key name="frequent"> 59,19, </key>
<key name="ful"> 42, </key>
<key name="full"> 7,55,58,49, </key>
<key name="function"> 6, </key>
<key name="g"> 40, </key>
<key name="gal"> 6,31,35,33,34,41,29, </key>
<key name="gateway"> 44, </key>
<key name="gb"> 60, </key>
<key name="general"> 38,12,2,3,22,34,41,45,24,27, </key>
<key name="generat"> 0, </key>
<key name="get"> 39,13,48, </key>
<key name="giv"> 65,68, </key>
<key name="given"> 35, </key>
<key name="global"> 6,10,31,36,37,38,39,2,35,40,44,3,0,33,8,34,41,45,5,43,9,29, </key>
<key name="gn"> 35, </key>
<key name="go"> 6,38,32,33,61,57,58,49, </key>
<key name="good"> 27, </key>
<key name="grant"> 35,30, </key>
<key name="graph"> 60, </key>
<key name="graphical"> 60,46, </key>
<key name="greet"> 40,42, </key>
<key name="group"> 2,17,4,22,55,21,56,29,58, </key>
<key name="guid"> 36,14,8,34,45,9, </key>
<key name="hack"> 12, </key>
<key name="ham"> 36, </key>
<key name="handl"> 36, </key>
<key name="happen"> 54, </key>
<key name="hav"> 35,22,61,71,63, </key>
<key name="head"> 13,22, </key>
<key name="header"> 48, </key>
<key name="help"> 6,69,56,72, </key>
<key name="helpful"> 19, </key>
<key name="her"> 59,6,20, </key>
<key name="hidden"> 18, </key>
<key name="hierarchy"> 68,58, </key>
<key name="high"> 7, </key>

</ftswdata>  
