<?xml version='1.0' encoding='windows-1252' ?>
<!-- saved from url=(0014)about:internet -->
<ftswdata>
<key name="invalid"> 89,90,91, </key>
<key name="invit"> 28, </key>
<key name="invitation"> 28,30, </key>
<key name="ip"> 54,56,61,62,84,58, </key>
<key name="isp"> 54,59, </key>
<key name="issu"> 43,47,94,44,45,95, </key>
<key name="item"> 17,75,29,38,35,79, </key>
<key name="itself"> 64, </key>
<key name="jo"> 72,68,77, </key>
<key name="joanna"> 77, </key>
<key name="john"> 20, </key>
<key name="joseph"> 77, </key>
<key name="journal"> 75, </key>
<key name="junk"> 15,48,75,31,79,80, </key>
<key name="just"> 43, </key>
<key name="kb"> 82,54, </key>
<key name="keep"> 81,20,5,33,39, </key>
<key name="key"> 94,29, </key>
<key name="keyboard"> 29,38, </key>
<key name="keyword"> 79,80, </key>
<key name="kill"> 48, </key>
<key name="know"> 16,47,20,23,24,26,35, </key>
<key name="known"> 47,23, </key>
<key name="label"> 38, </key>
<key name="larg"> 20,57,61,84,79,80,66, </key>
<key name="last"> 11,17,82,47,20,27,30,62,35,99,85, </key>
<key name="latest"> 79,80, </key>
<key name="launch"> 100,76, </key>
<key name="layout"> 28, </key>
<key name="ldap"> 11,43,41,47,40,20,28,71,72,44,45,46,61,62,89,34,92,104,77,80,85, </key>
<key name="least"> 92, </key>
<key name="leav"> 16,23, </key>
<key name="left"> 11,16,3,23,44,75,29,35, </key>
<key name="legitimat"> 40, </key>
<key name="length"> 15,4,5,89,29,91, </key>
<key name="lessen"> 41, </key>
<key name="let"> 17,50,4,47,20,97,72,24,55,75,98,30,35,86,39, </key>
<key name="level"> 43,41,4,54,60,75,34, </key>
<key name="lifetim"> 15,4,20,28,5,6,29,31,63,91,38, </key>
<key name="like"> 75, </key>
<key name="limit"> 81,15,43,101,19,5,97,72,98,29,63,65,39, </key>
<key name="lin"> 48,4,20,23,30,13,61,38,66, </key>
<key name="link"> 11,20,10,30,61,6,35, </key>
<key name="list"> 11,12,15,69,43,8,16,17,3,41,50,51,9,18,4,47,20,21,28,23,10,97,22,70,72,24,0,26,55,45,74,75,27,98,30,61,100,62,84,29,34,33,92,104,77,64,37,78,14,38,35,79,80,85,66,39, </key>
<key name="lmtp"> 93,61,64, </key>
<key name="load"> 41, </key>
<key name="local"> 54,26,93,13,59,38,80, </key>
<key name="locat"> 36, </key>
<key name="location"> 11,28,30,61,59,77,37,66, </key>
<key name="lock"> 11,15,17,18,88,30,89,34,90,35, </key>
<key name="lockout"> 15,18,88,89,90,91, </key>
<key name="log"> 15,17,87,18,88,82,40,42,20,10,83,71,0,2,74,27,30,61,76,62,89,29,63,90,92,104,64,38,79,80,85,86,39, </key>
<key name="login"> 15,18,52,53,42,24,27,30,46,61,90, </key>
<key name="logon"> 76, </key>
<key name="long"> 15,18,4,60,20,63,90,66, </key>
<key name="look"> 47,38, </key>
<key name="lookup"> 47,54,60,46,61, </key>
<key name="loop"> 59, </key>
<key name="lost"> 79,80, </key>
<key name="lotu"> 68,80, </key>
<key name="low"> 15,89,29, </key>
<key name="m"> 62, </key>
<key name="machin"> 61, </key>
<key name="mail"> 81,11,12,69,16,48,49,3,50,51,18,19,4,47,40,54,60,42,20,21,28,5,23,83,24,26,55,57,75,93,30,61,62,84,58,29,31,32,59,64,38,35,79,80,86,39, </key>
<key name="mailbox"> 11,15,69,17,49,3,50,18,19,82,4,20,28,83,72,24,26,2,67,73,75,93,27,30,61,76,62,6,29,32,92,77,64,78,38,35,79,80,85,65,86,66,39, </key>
<key name="maintain"> 81,28,25,14,39, </key>
<key name="maintenanc"> 17,50,18,30, </key>
<key name="majority"> 36, </key>
<key name="mak"> 9,4,54,60,42,20,96,97,24,98,61,29,37, </key>
<key name="man"> 18,92, </key>
<key name="manag"> 81,11,48,4,21,5,25,26,30,13,46,56,61,100,84,92,14,38,66,39, </key>
<key name="management"> 14,66, </key>
<key name="manual"> 15, </key>
<key name="map"> 40, </key>
<key name="mapi"> 76,79, </key>
<key name="mark"> 48,20,97,75,29,66, </key>
<key name="market"> 72,68,77, </key>
<key name="mas"> 48, </key>
<key name="mat"> 15,90, </key>
<key name="match"> 41,47,40,24,38,35, </key>
<key name="maximum"> 15,43,47,54,45,56,89,29,39, </key>
<key name="mb"> 15,82,79,80, </key>
<key name="mean"> 15, </key>
<key name="measur"> 63, </key>
<key name="mechanism"> 11,43,40,100, </key>
<key name="meet"> 11,28,75,30,77, </key>
<key name="meeting"> 28,25,75,30,38,80,39, </key>
<key name="megabyt"> 15,19, </key>
<key name="memb"> 16,24,30,76,79, </key>
<key name="member"> 43,16,23,104, </key>
<key name="menu"> 21, </key>
<key name="messag"> 81,11,12,15,48,49,50,51,19,82,4,54,20,28,5,83,24,26,2,55,74,75,93,30,13,56,61,100,62,84,58,6,29,31,32,59,33,37,38,79,80,65,66,39, </key>
<key name="message1"> 61,66, </key>
<key name="messeng"> 39, </key>
<key name="method"> 40,20, </key>
<key name="microsoft"> 76,79,80, </key>
<key name="might"> 82,72,77, </key>
<key name="migrat"> 70,72,75,68,77,14,79,80, </key>
<key name="migration"> 11,69,72,67,73,75,68,76,77,14,79,80, </key>
<key name="migrator"> 80, </key>
<key name="mini"> 17,100,29,35, </key>
<key name="minimum"> 11,15,69,20,28,89,29, </key>
<key name="minut"> 15,61,29,63,90, </key>
<key name="mis"> 68, </key>
<key name="mod"> 11,43,47,44,45, </key>
<key name="modify"> 49,4,10,24,30,29, </key>
<key name="modul"> 0,1, </key>
<key name="monitor"> 81,11,19,28,62,84,14,85, </key>
<key name="month"> 82, </key>
<key name="morn"> 62, </key>
<key name="mous"> 15,21,30,63, </key>
<key name="mov"> 81,11,16,3,21,23,83,30,84,6,29, </key>
<key name="mt"> 83, </key>
<key name="mta"> 81,11,49,50,18,54,60,83,93,56,61,62,84,58,59,64,14,85, </key>
<key name="multipl"> 11,16,3,47,40,25,44,57,61,29,38,39, </key>
<key name="must"> 15,101,17,87,47,40,54,20,28,5,10,24,25,26,57,68,61,76,58,89,34,59,90,92,104,77,38,35,79,80,85,66, </key>
<key name="mx"> 54,60, </key>
<key name="mycompany"> 40, </key>
<key name="�"> 87,92, </key>
<key name="nab"> 72, </key>
<key name="nam"> 81,11,43,16,17,3,4,47,40,53,60,42,20,21,28,5,23,10,70,71,72,24,44,45,67,73,68,30,46,61,33,77,64,38,35,79,80,66,39, </key>
<key name="navigat"> 11,29,38, </key>
<key name="navigation"> 11,82,20,21,28,5,23,22,24,0,61,34,1,103,104,64,35, </key>
<key name="ne"> 19,20,28,5,10,24,100,76,36,65, </key>
<key name="necessary"> 17,40,33,104, </key>
<key name="need"> 100,38, </key>
<key name="network"> 54,60, </key>
<key name="nev"> 15,17,4,27,66, </key>
<key name="new"> 81,11,7,15,69,43,101,49,3,87,18,4,42,20,21,28,5,23,10,24,0,44,45,75,30,46,100,76,89,29,33,92,104,38,35,79,80,66, </key>
<key name="next"> 11,15,69,43,101,3,87,47,20,28,23,10,97,70,72,44,45,67,73,75,68,98,76,34,92,104,77,78,35, </key>
<key name="nnot"> 80, </key>
<key name="non"> 69, </key>
<key name="nor"> 9, </key>
<key name="normal"> 18,34, </key>
<key name="not"> 7,69,43,16,50,87,47,20,28,5,23,10,97,70,24,45,75,68,61,84,6,1,92,77,80, </key>
<key name="notebook"> 11,7,8,9,19,23,10,38,39, </key>
<key name="notic"> 50,51,24,55, </key>
<key name="notifi"> 50,51,19,55,65, </key>
<key name="notification"> 48,49,2,38, </key>
<key name="notify"> 10, </key>
<key name="now"> 72,67,73,77, </key>
<key name="numb"> 81,11,15,43,17,48,51,18,82,52,53,20,21,28,5,96,83,71,72,24,74,75,30,46,56,61,100,84,89,29,31,32,90,78,79,80,39, </key>
<key name="number"> 20,57, </key>
<key name="numeric"> 15, </key>
<key name="�"> 87,92, </key>
<key name="object"> 7,17,4,5,72,77,38, </key>
<key name="objectclas"> 47, </key>
<key name="obtain"> 94, </key>
<key name="occupant"> 28, </key>
<key name="occur"> 15,90, </key>
<key name="off"> 48,19,28,75,62,38,85,65, </key>
<key name="offer"> 12,40,39, </key>
<key name="offic"> 76,29,38, </key>
<key name="often"> 17,49,19,84, </key>
<key name="ok"> 9,21,72,74,75,32,92,77, </key>
<key name="old"> 15,19,24,75,89,31,79,80,65,66, </key>
<key name="on"> 81,11,7,69,43,16,17,4,47,40,42,21,28,23,10,96,97,70,72,98,30,46,61,84,6,29,77,79,80,85,66,39, </key>
<key name="onc"> 20,94,10,29,38, </key>
<key name="open"> 11,12,17,48,3,50,88,42,20,23,10,0,74,30,76,84,29,32,1,103,63,90,92,104,79,80,39, </key>
<key name="openldap"> 40, </key>
<key name="operat"> 2, </key>
<key name="operation"> 47,40,75,29, </key>
<key name="opt"> 103,66, </key>
<key name="option"> 11,69,48,49,41,19,4,54,60,5,96,97,24,26,75,98,13,46,61,89,29,92,91,36,38,35,79,80, </key>
<key name="optional"> 7,43,19, </key>
<key name="ord"> 82,5,24,68,61,62,85,65, </key>
<key name="organiz"> 12,7,10,75,80,39, </key>
<key name="organization"> 47,68,38, </key>
<key name="origin"> 62,84, </key>
<key name="original"> 54,29,33, </key>
<key name="originat"> 54,56, </key>
<key name="other"> 7,10,25,38,39, </key>
<key name="otherwis"> 40,38, </key>
<key name="our"> 100, </key>
<key name="out"> 11,15,17,18,88,19,29,63,90,38,35, </key>
<key name="outbound"> 82, </key>
<key name="outbreak"> 50, </key>
<key name="outlook"> 75,38,79, </key>
<key name="output"> 61, </key>
<key name="outsid"> 58, </key>
<key name="overrid"> 15,4,60,20,5,24,6, </key>
<key name="overridden"> 4,31, </key>
<key name="overrul"> 52,53, </key>
<key name="overview"> 67,73, </key>

</ftswdata>  
