<?xml version='1.0' encoding='windows-1252' ?>
<indexdata>
<key name="usage, disk" >
  <topic name="Checking Usage Statistics" url="managing_servers/checking_usage_statistics.htm" />
</key>
<key name="user features" >
  <topic name="User Interface Features" url="managing_accounts/user_interface_features.htm" />
</key>
<key name="users mail" >
  <topic name="Viewing User's Mailbox Content" url="managing_accounts/viewing_user_s_mailbox_content.htm" />
</key>
<key name="version date" >
  <topic name="Version and Trademarks" url="version_and_trademarks.htm" />
</key>
<key name="viewing mailbox content" >
  <topic name="Viewing User's Mailbox Content" url="managing_accounts/viewing_user_s_mailbox_content.htm" />
</key>

</indexdata>
