﻿<?xml version='1.0' encoding='utf-8' ?>
<!-- saved from url=(0014)about:internet -->
<indexdata>
<key name="session token  lifetime" >
  <topic name="Account Advanced Features" url="managing_accounts/account_advanced_features.htm" />
</key>
<key name="setting password rules" >
  <topic name="Setting Password Rules" url="passwords/setting_password_rules.htm" />
</key>
<key name="setting passwords" >
  <topic name="Setting and Changing Passwords" url="passwords/setting_passwords.htm" />
</key>
<key name="signature length" >
  <topic name="Preferences" url="managing_accounts/preferences.htm" />
</key>
<key name="skins" >
  <topic name="Customizing UI Themes" url="ui_themes/customizing_ui_themes.htm" />
</key>
<key name="skins, defining for user interface" >
  <topic name="Defining Theme for the Zimbra Web Client UI" url="ui_themes/defining_theme_for_the_zimbra_web_client_ui.htm" />
</key>
<key name="SMTP restrictions" >
  <topic name="MTA SMTP Restrictions" url="managing_global_settings/mta_smtp_restrictions.htm" />
</key>
<key name="spam" >
  <topic name="Anti-Spam Protection" url="managing_global_settings/anti-spam_protection.htm" />
</key>
<key name="spam lifetime" >
  <topic name="Account Advanced Features" url="managing_accounts/account_advanced_features.htm" />
</key>
<key name="starting services" >
  <topic name="Stopping Mailbox Service on a Server" url="managing_servers/stopping_mailbox_service_on_a_server.htm" />
</key>
<key name="statistics" >
  <topic name="Checking Usage Statistics" url="monitoring/checking_usage_statistics.htm" />
</key>
<key name="status of an account" >
  <topic name="Changing Account Status" url="managing_accounts/changing_account_status.htm" />
</key>
<key name="status, domain" >
  <topic name="Changing Domain Status" url="managing_domains/changing_domain_status.htm" />
</key>
<key name="stopping message delivery" >
  <topic name="Blocking Attachments to Email" url="managing_global_settings/blocking_attachments_to_email.htm" />
</key>
<key name="stopping services" >
  <topic name="Stopping Mailbox Service on a Server" url="managing_servers/stopping_mailbox_service_on_a_server.htm" />
</key>
<key name="tag percent" >
  <topic name="Anti-Spam Protection" url="managing_global_settings/anti-spam_protection.htm" />
</key>
<key name="tasks not in console" >
  <topic name="Management Tasks not available from the Console" url="getting_started/management_tasks_not_available_from_the_console.htm" />
</key>
<key name="tasks, administration" >
  <topic name="About the Administration Console" url="getting_started/about_the_administration_console.htm" />
</key>
<key name="themes" >
  <topic name="Customizing UI Themes" url="ui_themes/customizing_ui_themes.htm" />
</key>
<key name="themes defining" >
  <topic name="Defining Theme for the Zimbra Web Client UI" url="ui_themes/defining_theme_for_the_zimbra_web_client_ui.htm" />
</key>
<key name="time zone, setting" >
  <topic name="Setting time zones for accounts" url="managing_accounts/setting_time_zones_for_accounts.htm" />
</key>
<key name="trash lifetime" >
  <topic name="Account Advanced Features" url="managing_accounts/account_advanced_features.htm" />
</key>
<key name="updating the anti-virus protection" >
  <topic name="Anti-Virus Protection" url="managing_global_settings/anti-virus_configuration_options.htm" />
</key>
<key name="usage, disk" >
  <topic name="Checking Usage Statistics" url="monitoring/checking_usage_statistics.htm" />
</key>
<key name="user features" >
  <topic name="User Interface Features" url="managing_accounts/user_interface_features.htm" />
</key>
<key name="user log on" >
  <topic name="Session Timeout" url="managing_servers/session_timeout.htm" />
</key>
<key name="user log on, last access time" >
  <topic name="Mailbox usage" url="managing_accounts/mailbox_usage.htm" />
</key>
<key name="users mail" >
  <topic name="Viewing User's Mailbox Content" url="monitoring/viewing_user_s_mailbox_content.htm" />
</key>
<key name="viewing mailbox content" >
  <topic name="Viewing User's Mailbox Content" url="monitoring/viewing_user_s_mailbox_content.htm" />
</key>
<key name="viewing status" >
  <topic name="View Server Status" url="monitoring/view_server_status.htm" />
</key>
<key name="virtual hosts" >
  <topic name="Configuring Virtual Hosts" url="managing_domains/configuring_virtual_hosts.htm" />
</key>
<key name="volume management" >
  <topic name="Volume Management" url="managing_servers/volume_management.htm" />
</key>
<key name="Zimlets, adding to COS" >
  <topic name="Adding Zimlets to COS and Accounts" url="zimlets/adding_zimlets_to_cos_and_accounts.htm" />
</key>
<key name="Zimlets, disabling access to" >
  <topic name="Disable Access to Zimlets" url="zimlets/removing_zimlets.htm" />
</key>
<key name="Zimlets, managing" >
  <topic name="Managing Zimlets" url="zimlets/about_zimlets.htm" />
</key>
<key name="Zimlets, preconfigured for ZCS" >
  <topic name="Managing Zimlets" url="zimlets/about_zimlets.htm" />
</key>
<key name="Zimlets, removing from the server" >
  <topic name="Removing Zimlets from the Zimbra Server" url="zimlets/removing_zimlets_from_the_zimbra_server.htm" />
</key>
<key name="Zimlets, setting up in COS and accounts" >
  <topic name="Setting Up Zimlets in ZCS" url="zimlets/setting_up_zimlets_in_zcs.htm" />
</key>

</indexdata>
