<?xml version='1.0' encoding='windows-1252' ?>
<indexdata>
<key name="viewing mailbox content" >
  <topic name="Viewing User's Mailbox Content" url="monitoring/viewing_user_s_mailbox_content.htm" />
</key>
<key name="viewing status" >
  <topic name="View Server Status" url="monitoring/view_server_status.htm" />
</key>
<key name="virtual hosts" >
  <topic name="Configuring Virtual Hosts" url="managing_domains/configuring_virtual_hosts.htm" />
</key>
<key name="volume management" >
  <topic name="Volume Management" url="managing_servers/volume_management.htm" />
</key>

</indexdata>
