<?xml version='1.0' encoding='windows-1252' ?>
<indexdata>
<key name="usage, disk" >
  <topic name="Checking Usage Statistics" url="monitoring/checking_usage_statistics.htm" />
</key>
<key name="user features" >
  <topic name="User Interface Features" url="managing_accounts/user_interface_features.htm" />
</key>
<key name="user log on" >
  <topic name="Session Timeout" url="managing_servers/session_timeout.htm" />
</key>
<key name="users mail" >
  <topic name="Viewing User's Mailbox Content" url="monitoring/viewing_user_s_mailbox_content.htm" />
</key>
<key name="viewing mailbox content" >
  <topic name="Viewing User's Mailbox Content" url="monitoring/viewing_user_s_mailbox_content.htm" />
</key>
<key name="viewing status" >
  <topic name="View Server Status" url="monitoring/view_server_status.htm" />
</key>
<key name="virtual hosts" >
  <topic name="Configuring Virtual Hosts" url="managing_domains/configuring_virtual_hosts.htm" />
</key>
<key name="volume management" >
  <topic name="Volume Management" url="managing_servers/volume_management.htm" />
</key>
<key name="Zimlets, adding to COS" >
  <topic name="Adding Zimlets to COS and Accounts" url="zimlets/adding_zimlets_to_cos_and_accounts.htm" />
</key>
<key name="Zimlets, disabling access to" >
  <topic name="Disable Access to Zimlets" url="zimlets/removing_zimlets.htm" />
</key>
<key name="Zimlets, managing" >
  <topic name="Managing Zimlets" url="zimlets/about_zimlets.htm" />
</key>
<key name="Zimlets, preconfigured for ZCS" >
  <topic name="Managing Zimlets" url="zimlets/about_zimlets.htm" />
</key>
<key name="Zimlets, removing from the server" >
  <topic name="Removing Zimlets from the Zimbra Server" url="zimlets/removing_zimlets_from_the_zimbra_server.htm" />
</key>
<key name="Zimlets, setting up in COS and accounts" >
  <topic name="Setting Up Zimlets in ZCS" url="zimlets/setting_up_zimlets_in_zcs.htm" />
</key>

</indexdata>
