<?xml version='1.0' encoding='windows-1252' ?>
<indexdata>
<key name="preferences, list in  COS" >
  <topic name="Default COS" url="cos/default_cos.htm" />
</key>
<key name="primary volume" >
  <topic name="Volume Management" url="managing_servers/volume_management.htm" />
</key>
<key name="protocol checks" >
  <topic name="MTA SMTP Restrictions" url="managing_global_settings/mta_smtp_restrictions.htm" />
</key>
<key name="provision an account" >
  <topic name="Create an Account" url="managing_accounts/create_an_account.htm" />
</key>
<key name="purging mail" >
  <topic name="Purging Mail Messages" url="purging_mail_messages.htm" />
</key>
<key name="queues, MTA" >
  <topic name="Monitoring Zimbra MTA Mail Queues" url="monitoring/monitoring_zimbra_mta_mail_queues.htm" />
</key>
<key name="quota" >
  <topic name="Account Advanced Features" url="managing_accounts/account_advanced_features.htm" />
</key>
<key name="quota, view individual account" >
  <topic name="Managing User Accounts" url="managing_accounts/provisioning_accounts.htm" />
</key>
<key name="quotas" >
  <topic name="Viewing Mailbox Quotas" url="managing_servers/viewing_mailbox_quotas.htm" />
</key>
<key name="quotas, changing" >
  <topic name="Changing Quota Settings" url="managing_accounts/changing_quota_settings.htm" />
</key>
<key name="re-indexing mailbox" >
  <topic name="Re-Indexing a Mailbox" url="managing_accounts/re-indexing_a_mailbox.htm" />
</key>
<key name="rejecting messages by extension" >
  <topic name="Blocking messages with specific extensions" url="managing_global_settings/blocking_messages_with_specific_extensions.htm" />
</key>
<key name="relay MTA" >
  <topic name="Relay MTA for external delivery" url="managing_global_settings/relay_mta_for_external_delivery.htm" />
</key>
<key name="removing a resource" >
  <topic name="Taking a Resource Out of Service" url="taking_a_resource_out_of_service.htm" />
</key>
<key name="reports" >
  <topic name="Generating Nightly Reports" url="monitoring/generating_nightly_reports.htm" />
</key>
<key name="resource, out of service" >
  <topic name="Taking a Resource Out of Service" url="taking_a_resource_out_of_service.htm" />
</key>
<key name="resources" >
  <topic name="Creating a Resource" url="creating_a_resource.htm" />
</key>
<key name="resources, about" >
  <topic name="Manage Addresses" url="managing_accounts/provisioning_accounts.htm" />
</key>
<key name="search" >
  <topic name="Search for Accounts" url="managing_accounts/search.htm" />
</key>
<key name="secondary volumes" >
  <topic name="Volume Management" url="managing_servers/volume_management.htm" />
</key>
<key name="server pool" >
  <topic name="Assigning Accounts to Different Servers" url="cos/assigning_accounts_to_different_servers.htm" />
</key>
<key name="server, monitoring" >
  <topic name="Monitoring Zimbra Collaboration Suite" url="managing_servers/monitoring_zimbra_collaboration_suite.htm" />
</key>
<key name="server, stopping service" >
  <topic name="Stopping Mailbox Service on a Server" url="managing_servers/stopping_mailbox_service_on_a_server.htm" />
</key>
<key name="servers" >
  <topic name="Managing Servers" url="managing_servers/managing_servers.htm" />
</key>
<key name="service status" >
  <topic name="View Server Status" url="monitoring/view_server_status.htm" />
</key>
<key name="service, stopping" >
  <topic name="Stopping Mailbox Service on a Server" url="managing_servers/stopping_mailbox_service_on_a_server.htm" />
</key>
<key name="services, turning off/on" >
  <topic name="View Server Status" url="monitoring/view_server_status.htm" />
</key>
<key name="session timeout" >
  <topic name="Session Timeout" url="session_timeout.htm" />
</key>
<key name="session token  lifetime" >
  <topic name="Account Advanced Features" url="managing_accounts/account_advanced_features.htm" />
</key>
<key name="setting passwords" >
  <topic name="Setting and Changing Passwords" url="managing_accounts/setting_passwords.htm" />
</key>
<key name="SMTP restrictions" >
  <topic name="MTA SMTP Restrictions" url="managing_global_settings/mta_smtp_restrictions.htm" />
</key>
<key name="spam" >
  <topic name="Anti-Spam Protection" url="managing_global_settings/anti-spam_protection.htm" />
</key>
<key name="spam lifetime" >
  <topic name="Account Advanced Features" url="managing_accounts/account_advanced_features.htm" />
</key>
<key name="starting services" >
  <topic name="Stopping Mailbox Service on a Server" url="managing_servers/stopping_mailbox_service_on_a_server.htm" />
</key>
<key name="statistics" >
  <topic name="Checking Usage Statistics" url="monitoring/checking_usage_statistics.htm" />
</key>
<key name="status of an account" >
  <topic name="Changing Account Status" url="managing_accounts/changing_account_status.htm" />
</key>
<key name="stopping services" >
  <topic name="Stopping Mailbox Service on a Server" url="managing_servers/stopping_mailbox_service_on_a_server.htm" />
</key>
<key name="tag percent" >
  <topic name="Anti-Spam Protection" url="managing_global_settings/anti-spam_protection.htm" />
</key>
<key name="tasks not in console" >
  <topic name="Management Tasks not available from the Console" url="getting_started/management_tasks_not_available_from_the_console.htm" />
</key>
<key name="tasks, administration" >
  <topic name="About the Administration Console" url="getting_started/about_the_administration_console.htm" />
</key>
<key name="trash lifetime" >
  <topic name="Account Advanced Features" url="managing_accounts/account_advanced_features.htm" />
</key>
<key name="updating the anti-virus protection" >
  <topic name="Anti-Virus Protection" url="managing_global_settings/anti-virus_configuration_options.htm" />
</key>
<key name="usage, disk" >
  <topic name="Checking Usage Statistics" url="monitoring/checking_usage_statistics.htm" />
</key>
<key name="user features" >
  <topic name="User Interface Features" url="managing_accounts/user_interface_features.htm" />
</key>
<key name="user log on" >
  <topic name="Session Timeout" url="session_timeout.htm" />
</key>
<key name="users mail" >
  <topic name="Viewing User's Mailbox Content" url="monitoring/viewing_user_s_mailbox_content.htm" />
</key>
<key name="version date" >
  <topic name="Version and Trademarks" url="version_and_trademarks.htm" />
</key>
<key name="viewing mailbox content" >
  <topic name="Viewing User's Mailbox Content" url="monitoring/viewing_user_s_mailbox_content.htm" />
</key>
<key name="viewing status" >
  <topic name="View Server Status" url="monitoring/view_server_status.htm" />
</key>
<key name="volume management" >
  <topic name="Volume Management" url="managing_servers/volume_management.htm" />
</key>

</indexdata>
