<?xml version='1.0' encoding='windows-1252' ?>
<indexdata>
<key name="spam" >
  <topic name="Anti-Spam Protection" url="managing_global_settings/anti-spam_protection.htm" />
</key>
<key name="spam lifetime" >
  <topic name="Account Advanced Features" url="managing_accounts/account_advanced_features.htm" />
</key>
<key name="starting services" >
  <topic name="Stopping Mailbox Service on a Server" url="managing_servers/stopping_mailbox_service_on_a_server.htm" />
</key>
<key name="statistics" >
  <topic name="Checking Usage Statistics" url="managing_servers/checking_usage_statistics.htm" />
</key>
<key name="stopping services" >
  <topic name="Stopping Mailbox Service on a Server" url="managing_servers/stopping_mailbox_service_on_a_server.htm" />
</key>
<key name="tag percent" >
  <topic name="Anti-Spam Protection" url="managing_global_settings/anti-spam_protection.htm" />
</key>
<key name="tasks not in console" >
  <topic name="Management Tasks not available from the Console" url="getting_started/management_tasks_not_available_from_the_console.htm" />
</key>
<key name="tasks, administration" >
  <topic name="About the Administration Console" url="getting_started/about_the_administration_console.htm" />
</key>
<key name="trash lifetime" >
  <topic name="Account Advanced Features" url="managing_accounts/account_advanced_features.htm" />
</key>
<key name="usage, disk" >
  <topic name="Checking Usage Statistics" url="managing_servers/checking_usage_statistics.htm" />
</key>
<key name="user features" >
  <topic name="User Interface Features" url="managing_accounts/user_interface_features.htm" />
</key>
<key name="users mail" >
  <topic name="Viewing User's Mailbox Content" url="managing_accounts/viewing_user_s_mailbox_content.htm" />
</key>
<key name="version date" >
  <topic name="Version and Trademarks" url="version_and_trademarks.htm" />
</key>
<key name="viewing mailbox content" >
  <topic name="Viewing User's Mailbox Content" url="managing_accounts/viewing_user_s_mailbox_content.htm" />
</key>
<key name="viewing status" >
  <topic name="View Server Status" url="managing_servers/view_server_status.htm" />
</key>
<key name="volume management" >
  <topic name="Volume Management" url="managing_servers/volume_management.htm" />
</key>

</indexdata>
