<?xml version='1.0' encoding='windows-1252' ?>
<!-- saved from url=(0014)about:internet -->
<tocdata>
<item name="About Zimbra Collaboration Suite" url="getting_started/about_zcs.htm" />
<book name="Getting Started" >
  <item name="About the Administration Console" url="getting_started/about_the_administration_console.htm" />
  <item name="Global Administrator's Tasks from Admin Console" url="getting_started/tasks_performed_from_aministration_console.htm" />
  <item name="Global Administrator's Tasks Not Available from Admin Console" url="getting_started/management_tasks_not_available_from_the_console.htm" />
  <item name="Setting Up the Global Admin Account" url="basic_administration_tasks/adminisrator_s_mailbox.htm" />
</book>
<book name="Global Settings" >
  <item name="Managing Global Settings" url="managing_global_settings/global_settings.htm" />
  <item name="Configuring the MTA Tab for Global Settings" url="managing_global_settings/configuring_the_mta_tab_for_global_settings.htm" />
  <item name="Global Attachment Settings" url="managing_global_settings/global_attachment_settings.htm" />
  <item name="Blocking Mail Attachments" url="managing_global_settings/blocking_attachments_to_email.htm" />
  <item name="MTA Protocol and DNS Checks" url="managing_global_settings/mta_smtp_restrictions.htm" />
  <item name="Relay MTA for external delivery" url="managing_global_settings/relay_mta_for_external_delivery.htm" />
  <item name="Configuring IMAP" url="managing_global_settings/configuring_imap.htm" />
  <item name="Configuring POP" url="managing_global_settings/configuring_pop.htm" />
  <item name="IMAP and POP Proxy Server" url="managing_global_settings/imap_and_pop_proxy_server.htm" />
  <item name="Anti-Virus Protection" url="managing_global_settings/anti-virus_configuration_options.htm" />
  <item name="Anti-Spam Protection" url="managing_global_settings/anti-spam_protection.htm" />
  <item name="Customizing UI Themes" url="ui_themes/customizing_ui_themes.htm" />
  <item name="Defining Theme for the Zimbra Web Client UI" url="ui_themes/defining_theme_for_the_zimbra_web_client_ui.htm" />
</book>
<book name="Managing Domains" >
  <item name="Managing Domains" url="managing_domains/managing_domains.htm" />
  <item name="Configuring Global Address List (GAL)" url="managing_domains/using_the_global_address_list_(gal).htm" />
  <item name="Configuring Authentication Settings" url="managing_domains/authentication_settings.htm" />
  <item name="Configuring Virtual Hosts" url="managing_domains/configuring_virtual_hosts.htm" />
  <item name="Adding a New Domain" url="managing_domains/creating_a_domain.htm" />
  <item name="How to Configure Authentication" url="managing_domains/how_to_configure_authentication_mode.htm" />
  <item name="How to Configure GAL" url="managing_domains/how_to_configure_gal.htm" />
</book>
<book name="Managing Servers" >
  <item name="Managing Servers" url="managing_servers/managing_servers.htm" />
  <item name="Configuring the MTA Tab for Servers" url="managing_servers/configuring_the_mta_tab_for_servers.htm" />
  <item name="Volume Management" url="managing_servers/volume_management.htm" />
  <item name="Stopping Mailbox Service on a Server" url="managing_servers/stopping_mailbox_service_on_a_server.htm" />
  <item name="Assigning Accounts to Different Servers" url="cos/assigning_accounts_to_different_servers.htm" />
</book>
<book name="Managing COS" >
  <item name="Managing Classes of Service" url="cos/class_of_service.htm" />
  <item name="Creating or Deleting Classes of Service" url="cos/creating_classes_of_service.htm" />
  <item name="Override COS Settings" url="cos/override_cos_settings.htm" />
</book>
<book name="Managing Accounts" >
  <item name="Managing Addresses" url="managing_accounts/provisioning_accounts.htm" />
  <item name="Re-Indexing a Mailbox" url="managing_accounts/re-indexing_a_mailbox.htm" />
  <item name="Purging Mail Messages" url="managing_accounts/purging_mail_messages.htm" />
  <item name="Viewing User's Mailbox Content" url="monitoring/viewing_user_s_mailbox_content.htm" />
  <item name="Changing Quota Settings" url="managing_accounts/changing_quota_settings.htm" />
  <book name="Accounts" >
    <item name="ZCS Communication Features" url="managing_accounts/zcs__communication_features.htm" />
    <item name="Provisioning Account" url="managing_accounts/create_an_account.htm" />
    <item name="Editing Accounts" url="managing_accounts/editing_accounts.htm" />
    <item name="Changing Account Status" url="managing_accounts/changing_account_status.htm" />
    <item name="Renaming an Account" url="managing_accounts/renaming_an_account.htm" />
    <item name="Managing Alias Addresses" url="managing_accounts/creating_a_mail_aliases.htm" />
    <item name="Setting time zones for accounts" url="managing_accounts/setting_time_zones_for_accounts.htm" />
  </book>
  <book name="Distribution Lists" >
    <item name="Creating Distribution Lists" url="managing_accounts/distribution_lists.htm" />
    <item name="Adding Distribution Lists to an Account" url="managing_accounts/adding_distribution_lists_to_an_account.htm" />
    <item name="Deleting Distribution Lists" url="managing_accounts/delete_distribution_lists.htm" />
  </book>
  <book name="Setting Password Rules" >
    <item name="Password Options when Authentication is Internal" url="passwords/password_options.htm" />
    <item name="Setting Password Rules" url="passwords/setting_password_rules.htm" />
    <item name="Setting and Changing Passwords" url="passwords/setting_passwords.htm" />
    <item name="Changing Passwords from the Admin Console" url="passwords/changing_a_password.htm" />
    <item name="Prevent Users from Changing Passwords" url="managing_accounts/restricting_passwords.htm" />
    <item name="Setting Account Lockout Rules" url="passwords/setting_account_lockout_rules.htm" />
    <item name="Changing Locked Out Status" url="passwords/changing_locked_out_status.htm" />
  </book>
  <book name="User Features and Preferences Options" >
    <item name="ZCS Communication Features" url="managing_accounts/zcs__communication_features.htm" />
    <item name="ZWC Features to Enable" url="managing_accounts/user_interface_features.htm" />
    <item name="User Preferences" url="managing_accounts/preferences.htm" />
    <item name="Account Advanced Features" url="managing_accounts/account_advanced_features.htm" />
    <item name="Enabling the Calendar Feature" url="managing_accounts/enabling_the_calendar_feature.htm" />
    <item name="Enabling Mail Forwarding" url="managing_accounts/forwarding_mail.htm" />
    <item name="Autocomplete on GAL" url="managing_domains/autocomplete_on_gal.htm" />
    <item name="About Session Idle Timeout and Auth Token Lifetime" url="managing_servers/session_timeout.htm" />
  </book>
  <book name="Searching" >
    <item name="Using Search" url="managing_accounts/search.htm" />
    <item name="Advanced Search" url="managing_accounts/advanced_search.htm" />
  </book>
</book>
<book name="Managing Resources" >
  <item name="Creating a Resource" url="managing_accounts/managing_resource.htm" />
  <item name="Making a Resource Unavailable" url="managing_accounts/taking_a_resource_out_of_service.htm" />
</book>
<book name="Managing ZCS Documents" >
  <item name="About Zimbra Documents" url="documents/about_zimbra_documents.htm" />
  <item name="Creating Domain Documents Account" url="documents/managing_domain_documents.htm" />
  <item name="Adding Access to Domain Wiki Notebook folder" url="documents/adding_access_to_domain_wiki_notebook_folder.htm" />
  <item name="Changing Access Permission for Documents" url="documents/changing_access_permission_for_documents.htm" />
</book>
<book name="Managing Zimlets" >
  <item name="About Zimlets" url="zimlets/about_zimlets.htm" />
  <item name="Setting Up Zimlets in ZCS" url="zimlets/setting_up_zimlets_in_zcs.htm" />
  <item name="Adding Zimlets to COS and Accounts" url="zimlets/adding_zimlets_to_cos_and_accounts.htm" />
  <item name="Removing Zimlets from the Zimbra Server" url="zimlets/removing_zimlets_from_the_zimbra_server.htm" />
  <item name="Disable Access to Zimlets" url="zimlets/removing_zimlets.htm" />
</book>
<book name="Monitoring Tools" >
  <item name="Monitoring Servers" url="managing_servers/monitoring_zimbra_collaboration_suite.htm" />
  <item name="View Server Status" url="monitoring/view_server_status.htm" />
  <item name="Checking Usage Statistics" url="monitoring/checking_usage_statistics.htm" />
  <item name="Daily Mail Reports" url="monitoring/daily_mail_reports.htm" />
  <item name="About MTA Queues" url="monitoring/about_mta_queues.htm" />
  <item name="Monitoring Zimbra Mail Queues" url="monitoring/monitoring_zimbra_mta_mail_queues.htm" />
  <item name="Viewing Mailbox Quotas" url="managing_servers/viewing_mailbox_quotas.htm" />
</book>
<book name="Migration Wizards" >
  <item name="Zimbra Migration Wizard for Exchange" url="migration_wizard/mw_using_the_migration_wizard.htm" />
  <item name="Zimbra Migration Wizard for Lotus Domino" url="migration_wizard/zimbra_migration_wizard_for_lotus_domino.htm" />
</book>
<book name="Using the Admin Console" >
  <item name="Enhancing the Zimbra Admin Console User Interface" url="admin_console_misc/enhancing_the_zimbra_admin_console_user_interface.htm" />
  <item name="Removing Admin Extension Modules" url="admin_console_misc/removing_admin_extension_modules.htm" />
  <item name="Using Search" url="managing_accounts/search.htm" />
</book>

</tocdata>
