<?xml version='1.0' encoding='windows-1252' ?>
<tocdata>
<item name="About Zimbra Collaboration Suite" url="getting_started/about_zcs.htm" />
<book name="Getting Started" >
  <item name="About the Administration Console" url="getting_started/about_the_administration_console.htm" />
  <item name="Tasks Performed from Administration Console" url="getting_started/tasks_performed_from_aministration_console.htm" />
  <item name="Management Tasks not available from the Console" url="getting_started/management_tasks_not_available_from_the_console.htm" />
  <item name="Setting Up the Global Admin Account" url="basic_administration_tasks/adminisrator_s_mailbox.htm" />
</book>
<book name="Global Settings" >
  <item name="Global Settings" url="managing_global_settings/global_settings.htm" />
  <item name="Configuring the MTA Tab for Global Settings" url="managing_global_settings/configuring_the_mta_tab_for_global_settings.htm" />
  <item name="Blocking Attachments to Email" url="managing_global_settings/blocking_attachments_to_email.htm" />
  <item name="MTA SMTP Restrictions" url="managing_global_settings/mta_smtp_restrictions.htm" />
  <item name="Relay MTA for external delivery" url="managing_global_settings/relay_mta_for_external_delivery.htm" />
  <item name="Anti-Virus Configuration Options" url="managing_global_settings/anti-virus_configuration_options.htm" />
  <item name="Anti-Spam Protection" url="managing_global_settings/anti-spam_protection.htm" />
</book>
<book name="Managing Domains" >
  <item name="Managing Domains" url="managing_domains/managing_domains.htm" />
  <item name="Configuring Global Address List (GAL)" url="managing_domains/using_the_global_address_list_(gal).htm" />
  <item name="Configuring Authentication Settings" url="managing_domains/authentication_settings.htm" />
  <item name="Adding a New Domain" url="managing_domains/creating_a_domain.htm" />
  <item name="How to Configure Authentication" url="managing_domains/how_to_configure_authentication_mode.htm" />
  <item name="How to Configure GAL" url="managing_domains/how_to_configure_gal.htm" />
</book>
<book name="Managing Servers" >
  <item name="Managing Servers" url="managing_servers/managing_servers.htm" />
  <item name="Configuring the MTA Tab for Servers" url="managing_servers/configuring_the_mta_tab_for_servers.htm" />
  <item name="Volume Management" url="managing_servers/volume_management.htm" />
  <item name="Stopping Mailbox Service on a Server" url="managing_servers/stopping_mailbox_service_on_a_server.htm" />
  <item name="Assigning Accounts to Different Servers" url="cos/assigning_accounts_to_different_servers.htm" />
</book>
<book name="Managing COS" >
  <item name="Class of Service" url="cos/class_of_service.htm" />
  <item name="Creating Classes of Service" url="cos/creating_classes_of_service.htm" />
  <item name="Default COS" url="cos/default_cos.htm" />
  <item name="Override COS Settings" url="cos/override_cos_settings.htm" />
</book>
<book name="Managing Accounts" >
  <item name="Managing Accounts" url="managing_accounts/provisioning_accounts.htm" />
  <item name="Create an Account" url="managing_accounts/create_an_account.htm" />
  <item name="Changing Account Status" url="managing_accounts/changing_account_status.htm" />
  <item name="Renaming an Account" url="managing_accounts/renaming_an_account.htm" />
  <item name="Creating Distribution Lists" url="managing_accounts/distribution_lists.htm" />
  <item name="Delete Distribution Lists" url="managing_accounts/delete_distribution_lists.htm" />
  <item name="Creating a Mail Aliases" url="managing_accounts/creating_a_mail_aliases.htm" />
  <item name="Forwarding Mail" url="managing_accounts/forwarding_mail.htm" />
  <item name="Enabling User Interface Features" url="managing_accounts/user_interface_features.htm" />
  <item name="Configuring Preferences" url="managing_accounts/preferences.htm" />
  <item name="Changing Quota Settings" url="managing_accounts/changing_quota_settings.htm" />
  <item name="Account Advanced Features" url="managing_accounts/account_advanced_features.htm" />
  <item name="Password Options" url="managing_accounts/password_options.htm" />
  <item name="Changing a Password" url="managing_accounts/changing_a_password.htm" />
  <item name="Setting and Changing Passwords" url="managing_accounts/setting_passwords.htm" />
  <item name="Restricting Passwords" url="managing_accounts/restricting_passwords.htm" />
  <item name="Session Timeout" url="session_timeout.htm" />
  <item name="Search for Accounts" url="managing_accounts/search.htm" />
  <item name="Viewing User's Mailbox Content" url="monitoring/viewing_user_s_mailbox_content.htm" />
  <item name="Re-Indexing a Mailbox" url="managing_accounts/re-indexing_a_mailbox.htm" />
  <item name="Purging Mail Messages" url="purging_mail_messages.htm" />
</book>
<book name="Managing Resources" >
  <item name="Creating a Resource" url="managing_accounts/managing_resource.htm" />
  <item name="Taking a Resource Out of Service" url="managing_accounts/taking_a_resource_out_of_service.htm" />
</book>
<book name="Monitoring Tools" >
  <item name="Monitoring Servers" url="managing_servers/monitoring_zimbra_collaboration_suite.htm" />
  <item name="View Server Status" url="monitoring/view_server_status.htm" />
  <item name="Checking Usage Statistics" url="monitoring/checking_usage_statistics.htm" />
  <item name="About MTA Queues" url="monitoring/about_mta_queues.htm" />
  <item name="Monitoring Zimbra MTA Mail Queues" url="monitoring/monitoring_zimbra_mta_mail_queues.htm" />
  <item name="Viewing Mailbox Quotas" url="managing_servers/viewing_mailbox_quotas.htm" />
</book>
<book name="Migration Wizard" >
  <item name="Using the Migration Wizard" url="migration_wizard/mw_using_the_migration_wizard.htm" />
</book>

</tocdata>
