
{
	"classes":
			[







	{
		"className": "AjxCallback",
		"package": "ajax.boot.AjxCallback",
		"link": "symbols/AjxCallback.json"
	},




	{
		"className": "AjxColor",
		"package": "ajax.core.AjxColor",
		"link": "symbols/AjxColor.json"
	},




	{
		"className": "AjxException",
		"package": "ajax.core.AjxException",
		"link": "symbols/AjxException.json"
	},




	{
		"className": "AjxListener",
		"package": "ajax.events.AjxListener",
		"link": "symbols/AjxListener.json"
	},




	{
		"className": "AjxRpc",
		"package": "ajax.net.AjxRpc",
		"link": "symbols/AjxRpc.json"
	},




	{
		"className": "AjxRpcRequest",
		"package": "ajax.net.AjxRpcRequest",
		"link": "symbols/AjxRpcRequest.json"
	},


			]
}