<?xml version='1.0' encoding='windows-1252' ?>
<ftswdata>
<key name="x111"> 81, </key>
<key name="xl"> 14,62, </key>
<key name="xyz"> 83, </key>
<key name="y"> 56, </key>
<key name="yahoo"> 22, </key>
<key name="year"> 62, </key>
<key name="yes"> 69, </key>
<key name="your"> 57,29,25,7,13,46,14,73,31,58,32,74,1,10,2,15,33,4,75,20,21,35,5,6,22,12,48,76,77,36,78,37,9,28,39,79,50,16,51,45,59,60,40,52,53,71,55,17,61,62,63,80,65,27,44,72,26,81,83,18,70,8,64, </key>
<key name="yourself"> 81, </key>
<key name="yyyy"> 20,59, </key>
<key name="zero"> 23, </key>
<key name="zimbra"> 25,46,14,73,31,58,32,15,47,75,35,6,22,12,76,77,36,78,9,49,28,39,79,50,45,59,60,40,71,55,63,80,27,43,44,26,8,64, </key>
<key name="zip"> 46,14,28,50, </key>
<key name="zon"> 80, </key>

</ftswdata>  
