<?xml version='1.0' encoding='windows-1252' ?>
<ftswdata>
<key name="separat"> 58,1,16,11,51,26, </key>
<key name="sequenc"> 26, </key>
<key name="servic"> 25, </key>
<key name="session"> 73,31,77, </key>
<key name="set"> 46,58,1,47,21,22,77,36,79,50,45,60,40,53,71,62,80,64,82, </key>
<key name="setting"> 57,37,39,60,71,80,64, </key>
<key name="shar"> 78,37,52, </key>
<key name="shift"> 30,66, </key>
<key name="shop"> 33, </key>
<key name="short"> 60,64, </key>
<key name="shortcut"> 35,26, </key>
<key name="should"> 20,22,78,28,16,80,81, </key>
<key name="show"> 56,57,66,13,32,1,35,37,9,38,39,50,11,59,52,53,62,80,65,83,70,8, </key>
<key name="shown"> 66,21,9,49,39,53, </key>
<key name="sid"> 35,23, </key>
<key name="sign"> 81, </key>
<key name="signatur"> 16,80,81, </key>
<key name="silent"> 22, </key>
<key name="similar"> 66,20,22,12,39,59, </key>
<key name="simp"> 77,60, </key>
<key name="simpl"> 69, </key>
<key name="simultaneous"> 66, </key>
<key name="sinc"> 53,72, </key>
<key name="singl"> 56,66,32,21,49,11,59,26, </key>
<key name="sit"> 46,73,31,28,45,62,27, </key>
<key name="siz"> 58,20,9,28,59,40,26,64, </key>
<key name="slash"> 67,41,23, </key>
<key name="slid"> 13, </key>
<key name="slight"> 63, </key>
<key name="slip"> 22, </key>
<key name="smal"> 58,20,59,83, </key>
<key name="small"> 26, </key>
<key name="smith"> 4,22,59,81,8, </key>
<key name="smith23"> 22, </key>
<key name="so"> 33,34,24,48,53,62,80, </key>
<key name="softwar"> 13,14,73,39,62, </key>
<key name="someon"> 14,24,62,18, </key>
<key name="someth"> 73,4,50,16, </key>
<key name="sometim"> 20,16,80,72,8, </key>
<key name="somewher"> 19, </key>
<key name="soon"> 57,83,64, </key>
<key name="sort"> 14,21,65, </key>
<key name="sortabl"> 65, </key>
<key name="south"> 63, </key>
<key name="spac"> 1,40,23, </key>
<key name="spam"> 20,35,28,16,27, </key>
<key name="span"> 10,48, </key>
<key name="special"> 25,14,58,21,22,63, </key>
<key name="specifi"> 56,25,58,19,20,21,22,77,45,59,27,44,23, </key>
<key name="specific"> 58,74,15,39,59,62,81,64, </key>
<key name="specify"> 56,57,19,20,21,22,59,62,80,23, </key>
<key name="split"> 26, </key>
<key name="spot"> 48, </key>
<key name="spread"> 14,28,50, </key>
<key name="spreadsheet"> 13,14,50,62, </key>
<key name="stand"> 18, </key>
<key name="standard"> 25,20,39,50,11,51,80,26, </key>
<key name="start"> 59,62,72,83, </key>
<key name="statement"> 16,59, </key>
<key name="statu"> 39,59, </key>
<key name="stay"> 34, </key>
<key name="step"> 15,21, </key>
<key name="still"> 42,64, </key>
<key name="stop"> 20,22, </key>
<key name="stor"> 20,9, </key>
<key name="str"> 57,19,21,59,63,80,23, </key>
<key name="straight"> 59, </key>
<key name="string"> 20,22, </key>
<key name="styl"> 15,47,80, </key>
<key name="subject"> 13,58,32,19,15,75,20,21,22,12,37,9,16,59,60,52,53,23, </key>
<key name="subsequent"> 73,20,22, </key>
<key name="substitution"> 19,23, </key>
<key name="substr"> 20, </key>
<key name="substring"> 20, </key>
<key name="suggest"> 83, </key>
<key name="suit"> 25,45, </key>
<key name="sup"> 15,23, </key>
<key name="supervisor"> 21,22,16, </key>
<key name="support"> 14,31,20,6,40,63,64, </key>
<key name="suppos"> 56,83, </key>
<key name="sur"> 60, </key>
<key name="surround"> 23, </key>
<key name="switch"> 25,16, </key>
<key name="syntax"> 63, </key>
<key name="system"> 29,13,14,74,33,34,75,35,22,12,77,36,50,16,63,80,27,72,70, </key>
<key name="t"> 66,31,15,20,28,79,59,40,52,17,62,80,27,72, </key>
<key name="tab"> 74,21,22,79,71,42,80,81,82, </key>
<key name="tag"> 25,30,66,58,32,1,67,68,47,75,20,21,35,22,9,59,55,62,80,70,64, </key>
<key name="tak"> 31,32,20, </key>
<key name="task"> 29,73,80, </key>
<key name="technology"> 73, </key>
<key name="tell"> 48,49,52, </key>
<key name="temporari"> 28, </key>
<key name="term"> 22, </key>
<key name="test"> 20,22, </key>
<key name="text"> 56,57,25,13,46,14,73,15,47,20,21,24,50,16,59,60,53,63,80,26,81,64,82, </key>
<key name="th"> 63, </key>
<key name="them"> 56,30,13,10,34,75,21,22,50,45,59,40,54,80,65,27,26,18,64, </key>
<key name="themselv"> 22,50,42, </key>
<key name="therefor"> 14,77,50, </key>
<key name="thing"> 40, </key>
<key name="think"> 28,61,62, </key>
<key name="thos"> 56,10,34,59,40,65,27, </key>
<key name="though"> 15, </key>
<key name="thre"> 14,31,1,10,59,64,23, </key>
<key name="thread"> 12, </key>
<key name="tim"> 30,31,58,75,22,77,9,45,59,60,17,80,65,27,44,64,82,23, </key>
<key name="time"> 79, </key>
<key name="tip"> 7,1,3,52,26, </key>
<key name="titl"> 32,2,12,65, </key>
<key name="today"> 9, </key>
<key name="togeth"> 59, </key>
<key name="toggl"> 43, </key>
<key name="too"> 20,16,54,26, </key>
<key name="tool"> 7,1,3,50,60,52,26,64, </key>
<key name="toolbar"> 57,31,2,15,67,39,59, </key>
<key name="top"> 2,24, </key>
<key name="topic"> 59, </key>
<key name="total"> 48,59, </key>
<key name="track"> 0,25,16, </key>
<key name="traditional"> 25,73,37,9,43, </key>
<key name="transf"> 38, </key>
<key name="trash"> 29,33,34,20,35,22,39,45,40,54,80,44, </key>
<key name="travel"> 80, </key>
<key name="tre"> 19, </key>
<key name="truck"> 20, </key>
<key name="try"> 72, </key>
<key name="tun"> 27, </key>
<key name="turn"> 47,75,69,22,80,82, </key>
<key name="turnaround"> 70, </key>
<key name="two"> 29,30,33,6,22,9,53,62,80,8,64,23, </key>
<key name="txt"> 14,59, </key>
<key name="typ"> 56,57,29,13,46,14,73,58,21,6,22,78,28,50,59,60,55,61,62,63,80,83,64,23, </key>
<key name="typical"> 13,46, </key>
<key name="unacceptabl"> 46, </key>
<key name="undeliverabl"> 72, </key>
<key name="undergo"> 22, </key>
<key name="underneath"> 33, </key>
<key name="unflag"> 58,20,59, </key>
<key name="unknown"> 72, </key>
<key name="unles"> 16, </key>
<key name="unread"> 58,20,35,22,48,9,49,59,52,55, </key>
<key name="unsav"> 73, </key>
<key name="unsolicit"> 27, </key>
<key name="unus"> 1, </key>
<key name="unwant"> 27, </key>
<key name="up"> 73,1,15,67,21,22,12,55,65,26,83,18, </key>
<key name="updat"> 56,57,84, </key>
<key name="url"> 58,47,78,59,64, </key>
<key name="us"> 56,57,29,25,30,66,13,14,73,31,58,19,2,15,33,75,69,35,24,6,22,36,78,28,39,50,16,59,40,53,71,55,62,63,80,43,72,26,83,70,8,64,23, </key>
<key name="usag"> 39,40, </key>
<key name="useful"> 79, </key>
<key name="user"> 13,14,6,12,50,80, </key>
<key name="usual"> 14,16, </key>
<key name="vacation"> 59,80,82, </key>
<key name="valid"> 15,72, </key>
<key name="valu"> 20,59,60, </key>
<key name="variety"> 13,14, </key>
<key name="variou"> 14,75, </key>
<key name="various"> 8, </key>
<key name="vary"> 16, </key>
<key name="ve"> 73,49,52, </key>
<key name="verify"> 72, </key>
<key name="version"> 13,84, </key>
<key name="versu"> 62, </key>
<key name="vertical"> 1, </key>
<key name="via"> 14, </key>
<key name="vic"> 81, </key>
<key name="view"> 0,25,7,30,66,46,14,1,15,33,67,47,75,35,24,12,37,9,49,38,39,50,11,59,80,43,26, </key>
<key name="viewabl"> 46,63, </key>
<key name="viru"> 28,50,62, </key>
<key name="virus"> 46,14,28,50, </key>
<key name="visit"> 39, </key>
<key name="voic"> 82, </key>
<key name="vs"> 56,6,22, </key>
<key name="w"> 23, </key>
<key name="want"> 57,73,58,1,15,33,34,22,50,16,45,60,40,52,53,61,80,81,83,70,82,23, </key>
<key name="way"> 67,47,55,70, </key>
<key name="web"> 25,14,73,31,32,15,47,35,22,36,78,9,49,39,40,63,80,43,26, </key>
<key name="week"> 0,58,80, </key>
<key name="weight"> 16, </key>
<key name="welcom"> 25, </key>
<key name="well"> 25,2,35,22,50,51,55,63,81, </key>
<key name="what"> 13,46,10,21,16,62,80,26,83, </key>
<key name="whatev"> 2,64, </key>
<key name="whenev"> 79,45, </key>
<key name="wherea"> 24,8, </key>
<key name="wheth"> 14,20,69,77,50,42,80,65,64, </key>
<key name="whit"> 6,8,23, </key>
<key name="whol"> 4,60,63, </key>
<key name="whom"> 15,20,59, </key>
<key name="whos"> 25,14,28,59,83,23, </key>
<key name="why"> 24,72, </key>
<key name="wid"> 14, </key>
<key name="wide"> 14, </key>
<key name="widget"> 81, </key>
<key name="widow"> 58, </key>
<key name="wildcard"> 19,20,63,23, </key>
<key name="will"> 30,66,13,46,14,73,31,10,33,47,75,20,21,24,22,12,48,49,39,50,16,51,59,40,54,53,61,62,63,42,65,27,72,26,81,83,18,8,64,82,23, </key>
<key name="window"> 14,73,31,58,15,3,24,78,38,11,51,52,62,26,81,64, </key>
<key name="winzip"> 14, </key>
<key name="wish"> 33, </key>
<key name="within"> 56,14,73,31,58,19,10,15,21,35,6,22,48,9,49,38,11,51,59,52,55,62,63,8, </key>
<key name="without"> 31,20,60,62,18, </key>
<key name="wmv"> 14, </key>
<key name="won"> 72, </key>
<key name="word"> 56,13,46,14,73,58,4,20,21,22,50,59,60,63,64, </key>
<key name="wordpad"> 14, </key>
<key name="work"> 0,73,31,1,22,12,77,62,63,80,72, </key>
<key name="workgroup"> 62, </key>
<key name="workstation"> 14,50, </key>
<key name="would"> 56,66,19,2,20,22,12,59,60,62,63,80, </key>
<key name="writ"> 81, </key>
<key name="written"> 53, </key>
<key name="x"> 56, </key>

</ftswdata>  
