<?xml version='1.0' encoding='windows-1252' ?>
<ftswdata>
<key name="normal"> 29,20,49,17,23, </key>
<key name="not"> 66,13,14,1,2,34,20,35,22,12,48,37,59,60,54,53,62,63,26,64, </key>
<key name="notab"> 14, </key>
<key name="notepad"> 14, </key>
<key name="noth"> 30, </key>
<key name="notifi"> 79, </key>
<key name="notification"> 14,48,9,28,79,40,62,80, </key>
<key name="numb"> 14,1,69,35,48,9,59,60,40,52,53,63,80,27,26, </key>
<key name="number"> 58,1, </key>
<key name="nut"> 62, </key>
<key name="object"> 58,59,64, </key>
<key name="occur"> 77,53, </key>
<key name="off"> 31,69,22,77,78,39,80,43,82, </key>
<key name="offer"> 25,9,64, </key>
<key name="offic"> 13,63,80,82, </key>
<key name="often"> 74, </key>
<key name="ok"> 66,74,33,67,21,38,61,8, </key>
<key name="old"> 13,74,12,45,40,53, </key>
<key name="omit"> 20,80, </key>
<key name="on"> 56,29,25,30,66,14,58,32,10,33,20,21,35,22,48,9,38,39,16,59,52,62,63,65,72,26,18,70,23, </key>
<key name="onc"> 30,66,69,6,9,43,82, </key>
<key name="ongo"> 53, </key>
<key name="onto"> 66, </key>
<key name="open"> 56,57,30,13,46,14,58,10,2,15,4,21,24,78,49,50,51,53,17,61,62,81,8,64, </key>
<key name="operat"> 73, </key>
<key name="operator"> 20,23, </key>
<key name="oppos"> 73, </key>
<key name="opt"> 14, </key>
<key name="option"> 56,57,7,66,46,74,1,19,15,47,20,21,22,36,9,39,53,71,42,80,43,64, </key>
<key name="optional"> 25,24,16, </key>
<key name="ord"> 56,66,2,21,22,12,78,40,52,71,65, </key>
<key name="organiz"> 29,25,75, </key>
<key name="organization"> 5,6,48,28,8, </key>
<key name="original"> 24,9,50,53,80,72, </key>
<key name="other"> 20,50, </key>
<key name="otherwis"> 69,18, </key>
<key name="out"> 31,32,1,20,77,17,80,82, </key>
<key name="outbound"> 80, </key>
<key name="outgo"> 80,81, </key>
<key name="outlook"> 35, </key>
<key name="outsid"> 50, </key>
<key name="overrid"> 80, </key>
<key name="overview"> 66,67,35,39,61,80, </key>
<key name="own"> 25,75, </key>
<key name="packag"> 13, </key>
<key name="pag"> 14,15,6,39,51,80,26,8, </key>
<key name="paint"> 14, </key>
<key name="pan"> 56,57,66,58,2,67,68,35,24,9,38,39,61,62,80,65,43,44,26,64, </key>
<key name="panel"> 52, </key>
<key name="parent"> 33, </key>
<key name="parenthes"> 35,48,52, </key>
<key name="part"> 14,10,21,12,16,59,53,72, </key>
<key name="particular"> 25,22,59,65,64, </key>
<key name="pas"> 7,1,52,55,65,26, </key>
<key name="password"> 74,75,76,78,71,80, </key>
<key name="past"> 81, </key>
<key name="pdf"> 56,46,14,59,62, </key>
<key name="peopl"> 20,22,59,26,82, </key>
<key name="per"> 80, </key>
<key name="perform"> 56,30,58,55,63,26, </key>
<key name="performanc"> 25, </key>
<key name="perhap"> 57,22, </key>
<key name="period"> 14,77,45,27,44,82, </key>
<key name="periodical"> 77, </key>
<key name="permit"> 14, </key>
<key name="person"> 7,13,1,15,53,55,82, </key>
<key name="personal"> 57,25,1,4,75,20,6,22,50,60,55,26,70,8,64, </key>
<key name="phon"> 58,1,59,60, </key>
<key name="photoshop"> 14, </key>
<key name="phras"> 21,62,63, </key>
<key name="pictur"> 13, </key>
<key name="plac"> 46,33,20,35,28,38,52,61,27,44, </key>
<key name="placehold"> 23, </key>
<key name="plain"> 15,47,80, </key>
<key name="plu"> 63,72, </key>
<key name="plug"> 14, </key>
<key name="point"> 7,46,39,50,60, </key>
<key name="polici"> 14,45, </key>
<key name="policy"> 46,28,59,40, </key>
<key name="pop"> 73,55, </key>
<key name="popular"> 31, </key>
<key name="populat"> 2,53, </key>
<key name="portion"> 73,20,59,55,83,8, </key>
<key name="possib"> 27, </key>
<key name="possibl"> 73,62,83, </key>
<key name="potential"> 31, </key>
<key name="powerful"> 60, </key>
<key name="powerpoint"> 46,63, </key>
<key name="pr"> 58,2,33,34, </key>
<key name="practic"> 31,50, </key>
<key name="preced"> 20, </key>
<key name="preferenc"> 36,53,71,80, </key>
<key name="prefix"> 59,53,80, </key>
<key name="pres"> 83, </key>
<key name="presenc"> 20,22, </key>
<key name="preserv"> 24,40,53, </key>
<key name="president"> 81, </key>
<key name="presum"> 16, </key>
<key name="presumab"> 22, </key>
<key name="prevent"> 20,22, </key>
<key name="previou"> 30,31,21,35,9,53,80, </key>
<key name="previous"> 58,59,62, </key>
<key name="primary"> 80,18, </key>
<key name="print"> 30,11,51, </key>
<key name="prior"> 31, </key>
<key name="priority"> 62,70, </key>
<key name="privacy"> 78, </key>
<key name="problem"> 74,16,72, </key>
<key name="proce"> 21, </key>
<key name="procedur"> 62, </key>
<key name="proces"> 13,50,63,27, </key>
<key name="processor"> 13, </key>
<key name="produc"> 59, </key>
<key name="program"> 13,14,50,16, </key>
<key name="project"> 12, </key>
<key name="prompt"> 14,73, </key>
<key name="protect"> 78, </key>
<key name="provid"> 14,32,78,16,72,70, </key>
<key name="purg"> 34,45,40,54,27,44, </key>
<key name="purpl"> 66, </key>
<key name="put"> 10,59, </key>
<key name="queri"> 35,59,60,61,64, </key>
<key name="query"> 56,57,66,58,75,59,60,61,80,64, </key>
<key name="question"> 31,23, </key>
<key name="quick"> 57,7,66,32,60,64, </key>
<key name="quit"> 17, </key>
<key name="quot"> 66,67,59,41,80, </key>
<key name="quota"> 39,40, </key>
<key name="radio"> 57,62, </key>
<key name="rang"> 62, </key>
<key name="rath"> 23, </key>
<key name="re"> 12,71,43,64, </key>
<key name="reach"> 1,22,27, </key>
<key name="read"> 25,13,14,58,47,20,22,49,50,16,51,59,52,55,80,43,81,18,64, </key>
<key name="readabl"> 63, </key>
<key name="ready"> 13, </key>
<key name="reason"> 28,72, </key>
<key name="receiv"> 14,58,32,1,10,15,6,9,28,79,50,59,40,53,62,27,43,72, </key>
<key name="recent"> 13,9, </key>
<key name="recipient"> 25,13,32,24,22,16,59,53,42,72,18,8,82, </key>
<key name="recogniz"> 14, </key>
<key name="recommend"> 50, </key>
<key name="record"> 4, </key>
<key name="recov"> 34,54, </key>
<key name="recover"> 54, </key>
<key name="reduc"> 40, </key>
<key name="refer"> 80, </key>
<key name="referenc"> 14, </key>
<key name="refresh"> 57,31, </key>
<key name="regard"> 45, </key>
<key name="regardles"> 46,77,28,60,82, </key>
<key name="regular"> 34, </key>
<key name="reject"> 46,72, </key>
<key name="relat"> 9,60,81, </key>
<key name="relativ"> 26, </key>
<key name="relay"> 16, </key>
<key name="releas"> 13, </key>
<key name="relevant"> 27, </key>
<key name="reliabl"> 25, </key>
<key name="reload"> 73,31, </key>
<key name="remain"> 31,45,44, </key>
<key name="rememb"> 52,62,82, </key>
<key name="remind"> 73, </key>
<key name="remov"> 66,3,68,21,45,17,8, </key>
<key name="renam"> 29,36,41,55, </key>
<key name="rep"> 25,10,20,24,22,16,53,55,80,82, </key>
<key name="repeat"> 21,8, </key>
<key name="repli"> 58,9,80,82, </key>
<key name="reply"> 53, </key>
<key name="report"> 27, </key>
<key name="represent"> 29,35,37,52,26, </key>
<key name="requir"> 74,79, </key>
<key name="reset"> 76,71, </key>
<key name="resid"> 50, </key>
<key name="resourc"> 40, </key>
<key name="respective"> 18, </key>
<key name="respond"> 53, </key>
<key name="respons"> 37,79,53, </key>
<key name="restor"> 71, </key>
<key name="result"> 56,57,10,20,64, </key>
<key name="retriev"> 32,17, </key>
<key name="return"> 31,20,40,82, </key>
<key name="retyp"> 74, </key>
<key name="reus"> 74, </key>
<key name="review"> 59,27, </key>
<key name="rich"> 64, </key>
<key name="right"> 57,7,30,66,14,2,33,67,34,68,4,20,49,11,40,52,41,55,44,26,18,8,64, </key>
<key name="rivendell"> 62, </key>
<key name="ros"> 83, </key>
<key name="rout"> 25, </key>
<key name="rul"> 56,73,32,74,10,75,20,21,22,71,80,23, </key>
<key name="run"> 14, </key>
<key name="s"> 57,25,7,73,31,15,22,12,79,50,16,51,59,62,72,18, </key>
<key name="safari"> 31, </key>
<key name="safety"> 50, </key>
<key name="sal"> 8, </key>
<key name="sam"> 56,30,13,46,73,32,74,10,33,20,22,12,37,9,49,50,16,59,52,63,70, </key>
<key name="sash"> 26, </key>
<key name="sav"> 73,31,58,2,15,34,4,75,20,35,79,50,59,40,71,17,61,42,80,81,64,82, </key>
<key name="saw"> 53, </key>
<key name="say"> 80, </key>
<key name="scan"> 50, </key>
<key name="schedul"> 0,25,75, </key>
<key name="scratch"> 2, </key>
<key name="screen"> 73,31,21,77,78,39,26, </key>
<key name="scrol"> 11, </key>
<key name="scroll"> 79,62, </key>
<key name="se"> 25,46,14,20,35,6,12,77,9,49,39,59,52,53,80,18,64, </key>
<key name="search"> 56,57,25,66,58,32,1,10,3,4,75,21,35,5,22,37,39,59,60,52,55,61,62,63,80,43,18,8,64,23, </key>
<key name="second"> 13,20,21, </key>
<key name="section"> 50,71,61, </key>
<key name="security"> 46,28, </key>
<key name="select"> 56,57,30,66,13,46,58,1,2,15,33,67,3,4,20,9,38,11,51,52,61,62,80,43,83,18,8,64, </key>
<key name="selection"> 56,57,30,8,64, </key>
<key name="semicolon"> 59, </key>
<key name="send"> 57,25,13,14,32,1,15,20,24,22,50,16,11,51,59,53,17,62,72,81,83,18,82, </key>
<key name="sender"> 28,50, </key>
<key name="sensitiv"> 63, </key>
<key name="sent"> 29,13,58,32,1,10,33,47,20,35,6,12,37,39,79,16,59,40,53,62,42,80,72,18,82, </key>

</ftswdata>  
