{
	"constructor": {
		
			"isPrivate": false,
			"isInner": false,
			"name": "AjxColor",
			"signature": "(r, g, b)"
		
	},
	"properties": [
		
	],
	"methods": [
		
			
			
			
				
			{
			"isPrivate": false,
			"isInner": false,
			"isStatic": true,
			"name": "AjxColor.color",
			"signature": "(r, g, b)"
			},
				
			{
			"isPrivate": false,
			"isInner": false,
			"isStatic": true,
			"name": "AjxColor.components",
			"signature": "(color)"
			},
				
			{
			"isPrivate": false,
			"isInner": false,
			"isStatic": true,
			"name": "AjxColor.darken",
			"signature": "(color, delta)"
			},
				
			{
			"isPrivate": false,
			"isInner": false,
			"isStatic": true,
			"name": "AjxColor.deepen",
			"signature": "(color, adjustment)"
			},
				
			{
			"isPrivate": false,
			"isInner": false,
			"isStatic": true,
			"name": "AjxColor.lighten",
			"signature": "(color, delta)"
			},
				
			{
			"isPrivate": false,
			"isInner": false,
			"isStatic": false,
			"name": "toString",
			"signature": "()"
			}
				
			
		
	]
}
