{
	"constructor": {
		
			"isPrivate": false,
			"isInner": false,
			"name": "DwtCalendar",
			"signature": "(params)"
		
	},
	"properties": [
		
			
			
			
				
			{
			"isPrivate": false,
			"isInner": false,
			"isStatic": true,
			"isConstant": false,
			"name": "DwtCalendar.DAY"
			},
				
			{
			"isPrivate": false,
			"isInner": false,
			"isStatic": true,
			"isConstant": false,
			"name": "DwtCalendar.FRI"
			},
				
			{
			"isPrivate": false,
			"isInner": false,
			"isStatic": true,
			"isConstant": false,
			"name": "DwtCalendar.MON"
			},
				
			{
			"isPrivate": false,
			"isInner": false,
			"isStatic": true,
			"isConstant": false,
			"name": "DwtCalendar.MONTH"
			},
				
			{
			"isPrivate": false,
			"isInner": false,
			"isStatic": true,
			"isConstant": false,
			"name": "DwtCalendar.SAT"
			},
				
			{
			"isPrivate": false,
			"isInner": false,
			"isStatic": true,
			"isConstant": false,
			"name": "DwtCalendar.SUN"
			},
				
			{
			"isPrivate": false,
			"isInner": false,
			"isStatic": true,
			"isConstant": false,
			"name": "DwtCalendar.THU"
			},
				
			{
			"isPrivate": false,
			"isInner": false,
			"isStatic": true,
			"isConstant": false,
			"name": "DwtCalendar.TUE"
			},
				
			{
			"isPrivate": false,
			"isInner": false,
			"isStatic": true,
			"isConstant": false,
			"name": "DwtCalendar.WED"
			},
				
			{
			"isPrivate": false,
			"isInner": false,
			"isStatic": true,
			"isConstant": false,
			"name": "DwtCalendar.WEEK"
			},
				
			{
			"isPrivate": false,
			"isInner": false,
			"isStatic": true,
			"isConstant": false,
			"name": "DwtCalendar.WORK_WEEK"
			}
				
			
		
	],
	"methods": [
		
			
			
			
				
			{
			"isPrivate": false,
			"isInner": false,
			"isStatic": false,
			"name": "addActionListener",
			"signature": "(listener)"
			},
				
			{
			"isPrivate": false,
			"isInner": false,
			"isStatic": false,
			"name": "addDateRangeListener",
			"signature": "(listener)"
			},
				
			{
			"isPrivate": false,
			"isInner": false,
			"isStatic": false,
			"name": "addSelectionListener",
			"signature": "(listener)"
			},
				
			{
			"isPrivate": false,
			"isInner": false,
			"isStatic": false,
			"name": "getDate",
			"signature": "()"
			},
				
			{
			"isPrivate": false,
			"isInner": false,
			"isStatic": false,
			"name": "getDateRange",
			"signature": "()"
			},
				
			{
			"isPrivate": false,
			"isInner": false,
			"isStatic": false,
			"name": "getDndDate",
			"signature": "()"
			},
				
			{
			"isPrivate": false,
			"isInner": false,
			"isStatic": false,
			"name": "getForceRollOver",
			"signature": "()"
			},
				
			{
			"isPrivate": false,
			"isInner": false,
			"isStatic": false,
			"name": "getSelectionMode",
			"signature": "()"
			},
				
			{
			"isPrivate": false,
			"isInner": false,
			"isStatic": false,
			"name": "getSkipNotifyOnPage",
			"signature": "()"
			},
				
			{
			"isPrivate": false,
			"isInner": false,
			"isStatic": false,
			"name": "isSelected",
			"signature": "(cellId)"
			},
				
			{
			"isPrivate": false,
			"isInner": false,
			"isStatic": false,
			"name": "removeActionListener",
			"signature": "(listener)"
			},
				
			{
			"isPrivate": false,
			"isInner": false,
			"isStatic": false,
			"name": "removeDateRangeListener",
			"signature": "(listener)"
			},
				
			{
			"isPrivate": false,
			"isInner": false,
			"isStatic": false,
			"name": "removeSelectionListener",
			"signature": "(listener)"
			},
				
			{
			"isPrivate": false,
			"isInner": false,
			"isStatic": false,
			"name": "setDate",
			"signature": "(date, skipNotify, forceRollOver, dblClick)"
			},
				
			{
			"isPrivate": false,
			"isInner": false,
			"isStatic": false,
			"name": "setFirstDayOfWeek",
			"signature": "(firstDayOfWeek)"
			},
				
			{
			"isPrivate": false,
			"isInner": false,
			"isStatic": false,
			"name": "setForceRollOver",
			"signature": "(force)"
			},
				
			{
			"isPrivate": false,
			"isInner": false,
			"isStatic": false,
			"name": "setHilite",
			"signature": "(dates, enable, clear)"
			},
				
			{
			"isPrivate": false,
			"isInner": false,
			"isStatic": false,
			"name": "setMouseOutDayCallback",
			"signature": "(callback)"
			},
				
			{
			"isPrivate": false,
			"isInner": false,
			"isStatic": false,
			"name": "setMouseOverDayCallback",
			"signature": "(callback)"
			},
				
			{
			"isPrivate": false,
			"isInner": false,
			"isStatic": false,
			"name": "setSelectionMode",
			"signature": "(selectionMode)"
			},
				
			{
			"isPrivate": false,
			"isInner": false,
			"isStatic": false,
			"name": "setSkipNotifyOnPage",
			"signature": "(skip)"
			},
				
			{
			"isPrivate": false,
			"isInner": false,
			"isStatic": false,
			"name": "setWorkingWeek",
			"signature": "(workingDaysArray)"
			},
				
			{
			"isPrivate": false,
			"isInner": false,
			"isStatic": false,
			"name": "toString",
			"signature": "()"
			},
				
			
		
	]
}
