{
	"constructor": {
		
			"isPrivate": false,
			"isInner": false,
			"name": "DwtException",
			"signature": "(msg, code, method, detail)"
		
	},
	"properties": [
		
			
			
			
				
			{
			"isPrivate": false,
			"isInner": false,
			"isStatic": true,
			"isConstant": false,
			"name": "DwtException.INTERNAL_ERROR"
			},
				
			{
			"isPrivate": false,
			"isInner": false,
			"isStatic": true,
			"isConstant": false,
			"name": "DwtException.INVALID_OP"
			},
				
			{
			"isPrivate": false,
			"isInner": false,
			"isStatic": true,
			"isConstant": false,
			"name": "DwtException.INVALID_PARAM"
			},
				
			{
			"isPrivate": false,
			"isInner": false,
			"isStatic": true,
			"isConstant": false,
			"name": "DwtException.INVALIDPARENT"
			},
				
			
		
	],
	"methods": [
		
			
			
			
		
	]
}
