{
	"constructor": {
		
			"isPrivate": false,
			"isInner": false,
			"name": "DwtMessageComposite",
			"signature": "(parent, className, posStyle)"
		
	},
	"properties": [
		
	],
	"methods": [
		
			
			
			
				
			{
			"isPrivate": false,
			"isInner": false,
			"isStatic": false,
			"name": "format",
			"signature": "()"
			},
				
			{
			"isPrivate": false,
			"isInner": false,
			"isStatic": false,
			"name": "setFormat",
			"signature": "(message, callback, hintsCallback)"
			},
				
			
		
	]
}
