{
	"constructor": {
		
			"isPrivate": false,
			"isInner": false,
			"name": "ZmApptChooserTabViewPage",
			"signature": "(parent, attendees, controller, type)"
		
	},
	"properties": [
		
	],
	"methods": [
		
			
			
			
				
			{
			"isPrivate": false,
			"isInner": false,
			"isStatic": false,
			"name": "enableMultipleLocations",
			"signature": "(enable)"
			},
				
			{
			"isPrivate": false,
			"isInner": false,
			"isStatic": false,
			"name": "searchContacts",
			"signature": "(sortBy, lastId, lastSortVal)"
			},
				
			
		
	]
}
