{
	"constructor": {
		
			"isPrivate": false,
			"isInner": false,
			"name": "ZmApptComposeView",
			"signature": "(parent, className, calApp, controller)"
		
	},
	"properties": [
		
			
			
			
				
			{
			"isPrivate": false,
			"isInner": false,
			"isStatic": true,
			"isConstant": false,
			"name": "ZmApptComposeView.TAB_APPOINTMENT"
			},
				
			{
			"isPrivate": false,
			"isInner": false,
			"isStatic": true,
			"isConstant": false,
			"name": "ZmApptComposeView.TAB_ATTENDEES"
			},
				
			{
			"isPrivate": false,
			"isInner": false,
			"isStatic": true,
			"isConstant": false,
			"name": "ZmApptComposeView.TAB_EQUIPMENT"
			},
				
			{
			"isPrivate": false,
			"isInner": false,
			"isStatic": true,
			"isConstant": false,
			"name": "ZmApptComposeView.TAB_LOCATIONS"
			},
				
			{
			"isPrivate": false,
			"isInner": false,
			"isStatic": true,
			"isConstant": false,
			"name": "ZmApptComposeView.TAB_SCHEDULE"
			}
				
			
		
	],
	"methods": [
		
			
			
			
				
			{
			"isPrivate": false,
			"isInner": false,
			"isStatic": false,
			"name": "addAttachmentField",
			"signature": "()"
			},
				
			{
			"isPrivate": false,
			"isInner": false,
			"isStatic": false,
			"name": "addChangeListener",
			"signature": "(listener)"
			},
				
			{
			"isPrivate": false,
			"isInner": false,
			"isStatic": false,
			"name": "removeChangeListener",
			"signature": "(listener)"
			},
				
			
		
	]
}
