{
	"constructor": {
		
			"isPrivate": false,
			"isInner": false,
			"name": "ZmApptRecurDialog",
			"signature": "(parent, className)"
		
	},
	"properties": [
		
	],
	"methods": [
		
			
			
			
				
			{
			"isPrivate": false,
			"isInner": false,
			"isStatic": false,
			"name": "getRecurrenceWeekDaySelection",
			"signature": "(repeatCustomDays)"
			},
				
			{
			"isPrivate": false,
			"isInner": false,
			"isStatic": false,
			"name": "getSelectedRepeatValue",
			"signature": "()"
			},
				
			{
			"isPrivate": false,
			"isInner": false,
			"isStatic": false,
			"name": "setCustomDailyValues",
			"signature": "(appt)"
			},
				
			{
			"isPrivate": false,
			"isInner": false,
			"isStatic": false,
			"name": "setCustomMonthlyValues",
			"signature": "(appt)"
			},
				
			{
			"isPrivate": false,
			"isInner": false,
			"isStatic": false,
			"name": "setCustomWeeklyValues",
			"signature": "(appt)"
			},
				
			{
			"isPrivate": false,
			"isInner": false,
			"isStatic": false,
			"name": "setCustomYearlyValues",
			"signature": "(appt)"
			},
				
			{
			"isPrivate": false,
			"isInner": false,
			"isStatic": false,
			"name": "setRepeatEndValues",
			"signature": "(appt)"
			},
				
			
		
	]
}
