{
	"constructor": {
		
			"isPrivate": false,
			"isInner": false,
			"name": "ZmAssistantDialog",
			"signature": "()"
		
	},
	"properties": [
		
	],
	"methods": [
		
			
			
			
				
			{
			"isPrivate": false,
			"isInner": false,
			"isStatic": false,
			"name": "getAssistantDiv",
			"signature": "(html)"
			},
				
			{
			"isPrivate": false,
			"isInner": false,
			"isStatic": true,
			"name": "ZmAssistantDialog.initializeAssistants",
			"signature": "()"
			},
				
			{
			"isPrivate": false,
			"isInner": false,
			"isStatic": false,
			"name": "popup",
			"signature": "()"
			},
				
			{
			"isPrivate": false,
			"isInner": false,
			"isStatic": false,
			"name": "setAssistantContent",
			"signature": "(html)"
			},
				
			
		
	]
}
