{
	"constructor": {
		
			"isPrivate": false,
			"isInner": false,
			"name": "ZmBrowserAlert",
			"signature": "()"
		
	},
	"properties": [
		
	],
	"methods": [
		
			
			
			
				
			{
			"isPrivate": false,
			"isInner": false,
			"isStatic": true,
			"name": "ZmBrowserAlert.getInstance",
			"signature": "()"
			},
				
			{
			"isPrivate": false,
			"isInner": false,
			"isStatic": false,
			"name": "start",
			"signature": "(altTitle)"
			},
				
			{
			"isPrivate": false,
			"isInner": false,
			"isStatic": false,
			"name": "stop",
			"signature": "()"
			}
				
			
		
	]
}
