{
	"constructor": {
		
			"isPrivate": false,
			"isInner": false,
			"name": "ZmContactList",
			"signature": "(search, isGal, type)"
		
	},
	"properties": [
		
	],
	"methods": [
		
			
			
			
				
			{
			"isPrivate": false,
			"isInner": false,
			"isStatic": false,
			"name": "createLocal",
			"signature": "(item)"
			},
				
			{
			"isPrivate": false,
			"isInner": false,
			"isStatic": false,
			"name": "deleteItems",
			"signature": "(params)"
			},
				
			{
			"isPrivate": false,
			"isInner": false,
			"isStatic": false,
			"name": "deleteLocal",
			"signature": "(items)"
			},
				
			{
			"isPrivate": false,
			"isInner": false,
			"isStatic": false,
			"name": "getById",
			"signature": "(id)"
			},
				
			{
			"isPrivate": false,
			"isInner": false,
			"isStatic": false,
			"name": "getContactByEmail",
			"signature": "(address)"
			},
				
			{
			"isPrivate": false,
			"isInner": false,
			"isStatic": false,
			"name": "getContactByIMAddress",
			"signature": "(addr)"
			},
				
			{
			"isPrivate": false,
			"isInner": false,
			"isStatic": false,
			"name": "getContactByPhone",
			"signature": "(phone)"
			},
				
			{
			"isPrivate": false,
			"isInner": false,
			"isStatic": false,
			"name": "getSubList",
			"signature": "(offset, limit, folderId)"
			},
				
			{
			"isPrivate": false,
			"isInner": false,
			"isStatic": false,
			"name": "moveItems",
			"signature": "(params)"
			},
				
			{
			"isPrivate": false,
			"isInner": false,
			"isStatic": false,
			"name": "moveLocal",
			"signature": "(items, folderId)"
			},
				
			{
			"isPrivate": false,
			"isInner": false,
			"isStatic": false,
			"name": "setIsGal",
			"signature": "(isGal)"
			},
				
			{
			"isPrivate": false,
			"isInner": false,
			"isStatic": false,
			"name": "toString",
			"signature": "()"
			},
				
			
		
	]
}
