{
	"constructor": {
		
			"isPrivate": false,
			"isInner": false,
			"name": "ZmFilterRulesController",
			"signature": "(container, prefsApp, prefsView)"
		
	},
	"properties": [
		
	],
	"methods": [
		
			
			
			
				
			{
			"isPrivate": false,
			"isInner": false,
			"isStatic": false,
			"name": "getActionMenu",
			"signature": "()"
			},
				
			{
			"isPrivate": false,
			"isInner": false,
			"isStatic": false,
			"name": "getFilterRulesView",
			"signature": "()"
			},
				
			{
			"isPrivate": false,
			"isInner": false,
			"isStatic": false,
			"name": "initialize",
			"signature": "(toolbar, listView)"
			},
				
			
		
	]
}
