{
	"constructor": {
		
			"isPrivate": false,
			"isInner": false,
			"name": "ZmMailItem",
			"signature": "(type, id, list, noCache)"
		
	},
	"properties": [
		
	],
	"methods": [
		
			
			
			
				
			{
			"isPrivate": false,
			"isInner": false,
			"isStatic": false,
			"name": "clear",
			"signature": "()"
			},
				
			{
			"isPrivate": false,
			"isInner": false,
			"isStatic": false,
			"name": "getEmails",
			"signature": "()"
			},
				
			{
			"isPrivate": false,
			"isInner": false,
			"isStatic": false,
			"name": "ignoreJunkTrash",
			"signature": "()"
			},
				
			
		
	]
}
