{
	"constructor": {
		
			"isPrivate": false,
			"isInner": false,
			"name": "ZmMimeTable",
			"signature": "()"
		
	},
	"properties": [
		
	],
	"methods": [
		
			
			
			
				
			{
			"isPrivate": false,
			"isInner": false,
			"isStatic": true,
			"name": "ZmMimeTable.hasHtmlVersion",
			"signature": "(type)"
			},
				
			{
			"isPrivate": false,
			"isInner": false,
			"isStatic": true,
			"name": "ZmMimeTable.isIgnored",
			"signature": "(type)"
			},
				
			{
			"isPrivate": false,
			"isInner": false,
			"isStatic": true,
			"name": "ZmMimeTable.isRenderable",
			"signature": "(type)"
			},
				
			{
			"isPrivate": false,
			"isInner": false,
			"isStatic": true,
			"name": "ZmMimeTable.isRenderableImage",
			"signature": "(type)"
			}
				
			
		
	]
}
