{
	"constructor": {
		
			"isPrivate": false,
			"isInner": false,
			"name": "ZmOperation",
			"signature": "()"
		
	},
	"properties": [
		
	],
	"methods": [
		
			
			
			
				
			{
			"isPrivate": false,
			"isInner": false,
			"isStatic": true,
			"name": "ZmOperation.addColorMenu",
			"signature": "(parent)"
			},
				
			{
			"isPrivate": false,
			"isInner": false,
			"isStatic": true,
			"name": "ZmOperation.addDeferredMenu",
			"signature": "(addMenuFunc, parent)"
			},
				
			{
			"isPrivate": false,
			"isInner": false,
			"isStatic": true,
			"name": "ZmOperation.addNewMenu",
			"signature": "(parent)"
			},
				
			{
			"isPrivate": false,
			"isInner": false,
			"isStatic": true,
			"name": "ZmOperation.addOperation",
			"signature": "(parent, id, opHash, index)"
			},
				
			{
			"isPrivate": false,
			"isInner": false,
			"isStatic": true,
			"name": "ZmOperation.addTagMenu",
			"signature": "(parent)"
			},
				
			{
			"isPrivate": false,
			"isInner": false,
			"isStatic": true,
			"name": "ZmOperation.createOperations",
			"signature": "(parent, operations, overrides)"
			},
				
			{
			"isPrivate": false,
			"isInner": false,
			"isStatic": true,
			"name": "ZmOperation.defineOperation",
			"signature": "(baseId, overrides)"
			},
				
			{
			"isPrivate": false,
			"isInner": false,
			"isStatic": true,
			"name": "ZmOperation.filterOperations",
			"signature": "(list)"
			},
				
			{
			"isPrivate": false,
			"isInner": false,
			"isStatic": true,
			"name": "ZmOperation.getProp",
			"signature": "(id, prop)"
			},
				
			{
			"isPrivate": false,
			"isInner": false,
			"isStatic": true,
			"name": "ZmOperation.getToolTip",
			"signature": "(id, keyMap, tooltip)"
			},
				
			{
			"isPrivate": false,
			"isInner": false,
			"isStatic": true,
			"name": "ZmOperation.initialize",
			"signature": "()"
			},
				
			{
			"isPrivate": false,
			"isInner": false,
			"isStatic": true,
			"name": "ZmOperation.isSep",
			"signature": "(id)"
			},
				
			{
			"isPrivate": false,
			"isInner": false,
			"isStatic": true,
			"name": "ZmOperation.registerOp",
			"signature": "(op, text, tooltip, image, disImage, setting, callback)"
			},
				
			{
			"isPrivate": false,
			"isInner": false,
			"isStatic": true,
			"name": "ZmOperation.removeOperation",
			"signature": "(parent, id, opHash)"
			},
				
			{
			"isPrivate": false,
			"isInner": false,
			"isStatic": true,
			"name": "ZmOperation.setOperation",
			"signature": "(parent, oldOp, newOp, text, image, disImage)"
			}
				
			
		
	]
}
