{
	"constructor": {
		
			"isPrivate": false,
			"isInner": false,
			"name": "ZmPreferencesPage",
			"signature": "(parent, section, controller)"
		
	},
	"properties": [
		
	],
	"methods": [
		
			
			
			
				
			{
			"isPrivate": false,
			"isInner": false,
			"isStatic": false,
			"name": "addCommand",
			"signature": "(batchCmd)"
			},
				
			{
			"isPrivate": false,
			"isInner": false,
			"isStatic": false,
			"name": "getFormValue",
			"signature": "(id, setup, control)"
			},
				
			{
			"isPrivate": false,
			"isInner": false,
			"isStatic": false,
			"name": "getTabGroupMember",
			"signature": "()"
			},
				
			{
			"isPrivate": false,
			"isInner": false,
			"isStatic": false,
			"name": "getTitle",
			"signature": "()"
			},
				
			{
			"isPrivate": false,
			"isInner": false,
			"isStatic": false,
			"name": "isDirty",
			"signature": "()"
			},
				
			{
			"isPrivate": false,
			"isInner": false,
			"isStatic": false,
			"name": "setFormValue",
			"signature": "(id, value, setup, control)"
			},
				
			{
			"isPrivate": false,
			"isInner": false,
			"isStatic": false,
			"name": "showMe",
			"signature": "()"
			},
				
			
		
	]
}
