{
	"constructor": {
		
			"isPrivate": false,
			"isInner": false,
			"name": "ZmPrefView",
			"signature": "(params, parent, posStyle, controller)"
		
	},
	"properties": [
		
	],
	"methods": [
		
			
			
			
				
			{
			"isPrivate": false,
			"isInner": false,
			"isStatic": false,
			"name": "getChangedPrefs",
			"signature": "(dirtyCheck, noValidation, batchCommand)"
			},
				
			{
			"isPrivate": false,
			"isInner": false,
			"isStatic": false,
			"name": "getPostSaveCallbacks",
			"signature": "()"
			},
				
			{
			"isPrivate": false,
			"isInner": false,
			"isStatic": false,
			"name": "getPreSaveCallbacks",
			"signature": "()"
			},
				
			{
			"isPrivate": false,
			"isInner": false,
			"isStatic": false,
			"name": "isDirty",
			"signature": "()"
			},
				
			{
			"isPrivate": false,
			"isInner": false,
			"isStatic": false,
			"name": "selectSection",
			"signature": "(sectionId)"
			}
				
			
		
	]
}
