{
	"constructor": {
		
			"isPrivate": false,
			"isInner": false,
			"name": "ZmReminderController",
			"signature": "(calController)"
		
	},
	"properties": [
		
	],
	"methods": [
		
			
			
			
				
			{
			"isPrivate": false,
			"isInner": false,
			"isStatic": false,
			"name": "dismissAppt",
			"signature": "(list, callback)"
			},
				
			{
			"isPrivate": false,
			"isInner": false,
			"isStatic": false,
			"name": "getReminderDialog",
			"signature": "()"
			},
				
			{
			"isPrivate": false,
			"isInner": false,
			"isStatic": false,
			"name": "getSearchTimeRange",
			"signature": "()"
			},
				
			{
			"isPrivate": false,
			"isInner": false,
			"isStatic": false,
			"name": "snoozeAppt",
			"signature": "(list)"
			}
				
			
		
	]
}
