{
	"constructor": {
		
			"isPrivate": false,
			"isInner": false,
			"name": "ZmSchedTabViewPage",
			"signature": "(parent, attendees, controller, dateInfo)"
		
	},
	"properties": [
		
			
			
			
				
			{
			"isPrivate": false,
			"isInner": false,
			"isStatic": true,
			"isConstant": false,
			"name": "ZmSchedTabViewPage.STATUS_BUSY"
			},
				
			{
			"isPrivate": false,
			"isInner": false,
			"isStatic": true,
			"isConstant": false,
			"name": "ZmSchedTabViewPage.STATUS_FREE"
			},
				
			{
			"isPrivate": false,
			"isInner": false,
			"isStatic": true,
			"isConstant": false,
			"name": "ZmSchedTabViewPage.STATUS_OUT"
			},
				
			{
			"isPrivate": false,
			"isInner": false,
			"isStatic": true,
			"isConstant": false,
			"name": "ZmSchedTabViewPage.STATUS_TENTATIVE"
			},
				
			{
			"isPrivate": false,
			"isInner": false,
			"isStatic": true,
			"isConstant": false,
			"name": "ZmSchedTabViewPage.STATUS_UNKNOWN"
			}
				
			
		
	],
	"methods": [
		
	]
}
