{
	"constructor": {
		
			"isPrivate": false,
			"isInner": false,
			"name": "ZmSearchFolder",
			"signature": "(params)"
		
	},
	"properties": [
		
	],
	"methods": [
		
			
			
			
				
			{
			"isPrivate": false,
			"isInner": false,
			"isStatic": true,
			"name": "ZmSearchFolder.create",
			"signature": "(params)"
			},
				
			{
			"isPrivate": false,
			"isInner": false,
			"isStatic": false,
			"name": "getIcon",
			"signature": "()"
			},
				
			{
			"isPrivate": false,
			"isInner": false,
			"isStatic": false,
			"name": "getToolTip",
			"signature": "()"
			},
				
			{
			"isPrivate": false,
			"isInner": false,
			"isStatic": false,
			"name": "toString",
			"signature": "()"
			},
				
			
		
	]
}
