{
	"constructor": {
		
			"isPrivate": false,
			"isInner": false,
			"name": "ZmZimlet",
			"signature": "(id, name, parent, tree, color)"
		
	},
	"properties": [
		
	],
	"methods": [
		
			
			
			
				
			{
			"isPrivate": false,
			"isInner": false,
			"isStatic": true,
			"name": "ZmZimlet.checkName",
			"signature": "(name)"
			},
				
			{
			"isPrivate": false,
			"isInner": false,
			"isStatic": false,
			"name": "getIcon",
			"signature": "()"
			},
				
			{
			"isPrivate": false,
			"isInner": false,
			"isStatic": false,
			"name": "getZimletContext",
			"signature": "()"
			},
				
			{
			"isPrivate": false,
			"isInner": false,
			"isStatic": false,
			"name": "resetNames",
			"signature": "()"
			},
				
			{
			"isPrivate": false,
			"isInner": false,
			"isStatic": false,
			"name": "setName",
			"signature": "(name)"
			},
				
			{
			"isPrivate": false,
			"isInner": false,
			"isStatic": false,
			"name": "setToolTipText",
			"signature": "(control)"
			},
				
			{
			"isPrivate": false,
			"isInner": false,
			"isStatic": true,
			"name": "ZmZimlet.sortCompare",
			"signature": "(zimletA, zimletB)"
			},
				
			{
			"isPrivate": false,
			"isInner": false,
			"isStatic": false,
			"name": "supportsSharing",
			"signature": "()"
			},
				
			{
			"isPrivate": false,
			"isInner": false,
			"isStatic": false,
			"name": "toString",
			"signature": "()"
			},
				
			
		
	]
}
