<?xml version='1.0' encoding='windows-1252' ?>
<ftswdata>
<key name="duplicat"> 42, </key>
<key name="earli"> 42, </key>
<key name="edg"> 30, </key>
<key name="edit"> 7,30,32,11,13,3,15,26,35,5,21, </key>
<key name="effectiv"> 11, </key>
<key name="eith"> 7,10,25,30,34,31,43,19,48,22,46, </key>
<key name="elaps"> 10, </key>
<key name="electronic"> 30, </key>
<key name="elsewher"> 31, </key>
<key name="email"> 7,10,28,29,13,6,5,48,20,36,27,46, </key>
<key name="employe"> 27, </key>
<key name="enabl"> 10,28,29,32,2,24,4,14,31,5,16,17,22, </key>
<key name="encrypt"> 29,16,21, </key>
<key name="end"> 7,2,3,14,16,27, </key>
<key name="enforc"> 10,16,19, </key>
<key name="enough"> 30, </key>
<key name="ensur"> 42,16, </key>
<key name="ent"> 25,12,13,3,15,40,5,20,21,46, </key>
<key name="enter"> 25,16,20,27, </key>
<key name="entri"> 10, </key>
<key name="environment"> 7, </key>
<key name="error"> 41,46, </key>
<key name="etc"> 25, </key>
<key name="event"> 30, </key>
<key name="every"> 29, </key>
<key name="everyon"> 6, </key>
<key name="ex"> 46, </key>
<key name="exact"> 22, </key>
<key name="exampl"> 6,41,20, </key>
<key name="except"> 48, </key>
<key name="exception"> 5, </key>
<key name="exchang"> 7,38,42,44,46, </key>
<key name="execut"> 9, </key>
<key name="executabl"> 46, </key>
<key name="exist"> 13,15,35,43,44,45,46, </key>
<key name="expand"> 11,34,21, </key>
<key name="experienc"> 30, </key>
<key name="expir"> 5,16, </key>
<key name="explicit"> 2,31,27, </key>
<key name="extension"> 30,31, </key>
<key name="external"> 10,25,24,26,27, </key>
<key name="fail"> 25, </key>
<key name="fashion"> 8,16, </key>
<key name="featur"> 7,8,10,11,2,12,3,4,14,18,5,16,48,22,27,23, </key>
<key name="field"> 24,42,5,19, </key>
<key name="fil"> 29,30,41,42,46, </key>
<key name="fill"> 24, </key>
<key name="filt"> 25,28,29,42,44,27, </key>
<key name="filter"> 8,28,22, </key>
<key name="final"> 47, </key>
<key name="find"> 30,11,20, </key>
<key name="finish"> 25,12, </key>
<key name="first"> 10,13,5,19,20,22,27,46, </key>
<key name="flag"> 22, </key>
<key name="fold"> 7,10,1,0,34,42,31,35,48,22,27,46, </key>
<key name="folder"> 8,42,5,48,44,46,23, </key>
<key name="follow"> 7,28,29,30,32,11,2,24,12,4,9,31,17,46,37, </key>
<key name="forc"> 10,19,21, </key>
<key name="forget"> 21, </key>
<key name="form"> 27, </key>
<key name="format"> 34,24,17, </key>
<key name="forward"> 12,13,15,18,17, </key>
<key name="fre"> 22, </key>
<key name="freeform"> 32, </key>
<key name="full"> 8,10,27,46, </key>
<key name="function"> 7,32, </key>
<key name="gal"> 7,25,26,31,22,27, </key>
<key name="gb"> 34, </key>
<key name="general"> 28,30,32,11,2,3,26,31,21, </key>
<key name="global"> 7,25,28,29,30,2,3,26,31,5,22,27, </key>
<key name="go"> 30,46, </key>
<key name="good"> 21, </key>
<key name="graph"> 34, </key>
<key name="graphical"> 34, </key>
<key name="group"> 2,4,6,14,17,44,22,46, </key>
<key name="guid"> 7,12,6,9,35, </key>
<key name="hack"> 11, </key>
<key name="hand"> 33,36, </key>
<key name="handl"> 28, </key>
<key name="happen"> 42, </key>
<key name="hav"> 27,23, </key>
<key name="head"> 28, </key>
<key name="help"> 26,44,49,23, </key>
<key name="her"> 8,30,40,16, </key>
<key name="hierarchy"> 46, </key>
<key name="high"> 8,28, </key>
<key name="highlight"> 13,15,5,21, </key>
<key name="history"> 10,16, </key>
<key name="host"> 7,1,30,32,2,40,46, </key>
<key name="hostnam"> 32, </key>
<key name="hour"> 7,29,33,34, </key>
<key name="how"> 10,28,3,18,48,44,22,46, </key>
<key name="html"> 4,17,22, </key>
<key name="icon"> 46, </key>
<key name="id"> 20, </key>
<key name="identifi"> 25,32, </key>
<key name="identify"> 28,24,43,44, </key>
<key name="if"> 7,10,38,25,28,30,32,11,2,24,12,39,14,41,42,31,5,16,19,20,21,44,22,46,37, </key>
<key name="ignor"> 42, </key>
<key name="imap"> 7,32,31,35,22, </key>
<key name="immediate"> 0,11,36, </key>
<key name="import"> 7,11,40,41,42,44,46, </key>
<key name="important"> 38,42,46, </key>
<key name="inbound"> 7,34, </key>
<key name="inbox"> 4,48,22, </key>
<key name="inc"> 8, </key>
<key name="includ"> 8,10,1,32,2,3,6,26,31,44,37, </key>
<key name="incom"> 30,48,22, </key>
<key name="increas"> 42, </key>
<key name="index"> 10,4, </key>
<key name="individual"> 30,2,14,9,5,19,48,46, </key>
<key name="inform"> 42, </key>
<key name="information"> 7,8,38,25,30,32,34,12,40,41,9,35,44,27,46, </key>
<key name="inherit"> 10, </key>
<key name="initial"> 4,18,16,17,21,22, </key>
<key name="instal"> 7,28,29,32,2,4,35,46,37, </key>
<key name="install"> 9, </key>
<key name="installation"> 25,31,35, </key>
<key name="instead"> 38,46, </key>
<key name="interest"> 6, </key>
<key name="interfac"> 11,6,9,22, </key>
<key name="internal"> 25,24,26,27, </key>
<key name="internet"> 4,17,22, </key>
<key name="interrupt"> 42, </key>
<key name="ip"> 32,35, </key>
<key name="island"> 8, </key>
<key name="issu"> 25, </key>
<key name="item"> 4,42,5,17,22,46, </key>
<key name="itself"> 36, </key>
<key name="junk"> 28,42,46, </key>
<key name="just"> 25, </key>
<key name="kb"> 34, </key>
<key name="keep"> 3, </key>
<key name="keyword"> 46, </key>
<key name="kill"> 28, </key>
<key name="know"> 0,20,27, </key>
<key name="known"> 27, </key>
<key name="label"> 22, </key>
<key name="larg"> 12,46, </key>
<key name="last"> 7,8,25,33,34,12,20,27,49, </key>
<key name="latest"> 46, </key>
<key name="launch"> 43, </key>
<key name="ldap"> 7,25,32,24,12,26,35,18,21,27,37, </key>
<key name="least"> 21, </key>
<key name="left"> 7,1,42,36, </key>
<key name="length"> 10,2,3,4,16, </key>
<key name="let"> 42,22, </key>
<key name="letter"> 25, </key>
<key name="level"> 10,42,19, </key>
<key name="lifetim"> 10,2,3,4,18,5,48, </key>
<key name="like"> 28,42, </key>
<key name="limit"> 10,3,5, </key>
<key name="lin"> 25,32,2,12,6,9,22, </key>
<key name="liquid"> 7,8, </key>
<key name="list"> 7,10,38,25,1,30,32,11,33,2,13,3,39,6,15,9,26,5,17,19,21,44,36,22,27,46,37, </key>
<key name="lmtp"> 32,34,47,36, </key>
<key name="local"> 47,9, </key>
<key name="location"> 6,44, </key>
<key name="lock"> 10,11,16,19, </key>
<key name="log"> 10,0,11,41,21,36,46,23, </key>
<key name="login"> 32,11, </key>
<key name="logon"> 43, </key>
<key name="long"> 10,18, </key>
<key name="look"> 22,27, </key>
<key name="lookup"> 32,26,27, </key>
<key name="lost"> 46, </key>
<key name="lqprov"> 12,6,35, </key>
<key name="machin"> 32,35, </key>
<key name="mail"> 8,10,38,28,30,11,2,12,13,3,4,6,15,42,47,31,18,17,48,36,22,27,46,23, </key>
<key name="mailbox"> 7,10,38,1,30,32,11,34,2,12,40,42,47,18,5,16,20,21,44,36,22,46,37,23, </key>
<key name="main"> 0,20, </key>
<key name="maintenanc"> 30,11, </key>
<key name="mak"> 2, </key>
<key name="man"> 11,21, </key>
<key name="manag"> 7,3,9,26,31,35,18, </key>
<key name="management"> 7,9, </key>
<key name="mang"> 7, </key>
<key name="mapi"> 43,46, </key>
<key name="marc"> 28, </key>
<key name="market"> 8, </key>
<key name="mas"> 28, </key>
<key name="match"> 20,22, </key>
<key name="mateo"> 8, </key>
<key name="maximum"> 10,25,4,31,16,27, </key>
<key name="mb"> 10,34, </key>
<key name="mean"> 7,10, </key>
<key name="mechanism"> 7,25,30,24, </key>
<key name="meeting"> 22, </key>
<key name="megabyt"> 10, </key>
<key name="memb"> 46, </key>
<key name="menu"> 13,14, </key>
<key name="messag"> 7,10,28,30,34,2,3,4,42,47,31,18,5,17,48,22,46, </key>
<key name="method"> 12, </key>
<key name="microsoft"> 7,43,19,46, </key>
<key name="might"> 41, </key>
<key name="migrat"> 7,39,44,46, </key>
<key name="migration"> 7,43,44,46, </key>
<key name="minimum"> 7,10,12,4,16, </key>
<key name="mod"> 7,25,11,26,27, </key>
<key name="modifi"> 5, </key>
<key name="modify"> 29,2, </key>
<key name="monitor"> 7, </key>
<key name="month"> 7,33,34, </key>
<key name="mous"> 10, </key>
<key name="mov"> 1, </key>
<key name="mta"> 7,30,32,11,47,31,35,36,37, </key>
<key name="multipl"> 22, </key>
<key name="must"> 10,0,24,12,40,26,16,19,20,21,22,46, </key>
<key name="nam"> 7,25,1,32,11,2,24,12,3,39,40,26,20,44,36,27,46, </key>
<key name="navigat"> 7, </key>
<key name="navigation"> 7,33,34,12,3,19, </key>
<key name="ne"> 25,12,3,18, </key>
<key name="nev"> 5, </key>
<key name="new"> 38,25,1,0,11,2,12,13,3,15,26,43,16,17,21,22,46, </key>
<key name="next"> 38,25,42,43,19,44,45, </key>
<key name="nod"> 11,33,21, </key>
<key name="normal"> 11,19, </key>
<key name="not"> 25,30,32,11,12,3,39,35,5,44,27, </key>
<key name="notic"> 8, </key>
<key name="notification"> 17, </key>
<key name="notify"> 29, </key>
<key name="now"> 44, </key>
<key name="numb"> 10,25,32,34,13,3,4,42,31,16,17,48,20,45,27,46, </key>
<key name="number"> 12, </key>
<key name="object"> 2,12,3,44,22, </key>
<key name="occur"> 10, </key>
<key name="off"> 7,14,42,37, </key>
<key name="offer"> 8, </key>
<key name="offic"> 43,22, </key>

</ftswdata>  
