<?xml version='1.0' encoding='windows-1252' ?>
<ftswdata>
<key name="ok"> 42,21,44, </key>
<key name="old"> 10,42,48,46, </key>
<key name="on"> 25,30,32,33,2,4,35,43,22,46,37, </key>
<key name="onc"> 12, </key>
<key name="open"> 7,30,41,18,21,46,23, </key>
<key name="openldap"> 24, </key>
<key name="operation"> 42, </key>
<key name="option"> 7,28,30,2,24,4,42,9,26,16,17,21,46,23, </key>
<key name="ord"> 22, </key>
<key name="organiz"> 8, </key>
<key name="organization"> 27, </key>
<key name="original"> 17, </key>
<key name="outbreak"> 30, </key>
<key name="outlook"> 4,42,17,46, </key>
<key name="output"> 32, </key>
<key name="overall"> 34, </key>
<key name="overrid"> 10,30,2,12,4,14,18,5,19, </key>
<key name="overridden"> 2,5,48, </key>
<key name="own"> 4,16,19,21,22, </key>
<key name="packag"> 35, </key>
<key name="pag"> 25,0,11,2,4,17,37,23, </key>
<key name="pan"> 7,33,34,12,3,19,36, </key>
<key name="parameter"> 31, </key>
<key name="part"> 13,20, </key>
<key name="partial"> 20,44, </key>
<key name="particular"> 30,2,3,36, </key>
<key name="password"> 10,25,0,2,24,3,4,40,18,5,16,19,21,22,27,46, </key>
<key name="past"> 25,34,16, </key>
<key name="per"> 2,4,16,17,19, </key>
<key name="percent"> 28, </key>
<key name="perform"> 9,27, </key>
<key name="performanc"> 7,8,42, </key>
<key name="period"> 42, </key>
<key name="permission"> 46, </key>
<key name="personal"> 7,10,22, </key>
<key name="pick"> 42,44, </key>
<key name="plac"> 28,5, </key>
<key name="plain"> 22, </key>
<key name="point"> 38,46, </key>
<key name="pool"> 1,2,3,4, </key>
<key name="pop"> 7,32,31,35, </key>
<key name="pop3"> 32,22, </key>
<key name="pops3"> 31, </key>
<key name="port"> 25,32,24,40, </key>
<key name="portion"> 46, </key>
<key name="possibl"> 32,4,17, </key>
<key name="post"> 22, </key>
<key name="potential"> 29, </key>
<key name="practic"> 21, </key>
<key name="preferenc"> 2,12,3,4,5,17,22, </key>
<key name="prefix"> 28, </key>
<key name="prevent"> 29,30,19,46, </key>
<key name="previou"> 25,16, </key>
<key name="previous"> 42, </key>
<key name="privileg"> 46, </key>
<key name="problem"> 23, </key>
<key name="proceed"> 38, </key>
<key name="proces"> 7,25,34,42,35,46, </key>
<key name="profil"> 43,46, </key>
<key name="progres"> 41,46, </key>
<key name="protection"> 7,28,29, </key>
<key name="protocol"> 47,31,22, </key>
<key name="provid"> 46, </key>
<key name="provision"> 7,38,12,9,46, </key>
<key name="purg"> 10,48, </key>
<key name="query"> 44,27, </key>
<key name="question"> 34,46, </key>
<key name="queu"> 30,11,36, </key>
<key name="quick"> 2,20,21,37, </key>
<key name="quota"> 10,2,3,18,5, </key>
<key name="random"> 1,3, </key>
<key name="rath"> 42, </key>
<key name="re"> 10,41,16, </key>
<key name="reach"> 10, </key>
<key name="reassign"> 3, </key>
<key name="receiv"> 28,29,11,34,13,18,48,46, </key>
<key name="recent"> 38,16, </key>
<key name="recipient"> 29,30, </key>
<key name="recommend"> 42,43, </key>
<key name="record"> 7,3,35,22, </key>
<key name="redirect"> 15, </key>
<key name="ref"> 7, </key>
<key name="refer"> 28, </key>
<key name="refresh"> 38,39, </key>
<key name="regard"> 32, </key>
<key name="regardles"> 30, </key>
<key name="register"> 35, </key>
<key name="regular"> 19, </key>
<key name="reject"> 28,30, </key>
<key name="relat"> 14, </key>
<key name="relay"> 38,32,46, </key>
<key name="reliabl"> 8, </key>
<key name="remain"> 10,48, </key>
<key name="remov"> 10,30,2,13,15,31,44, </key>
<key name="rep"> 17, </key>
<key name="replicat"> 46, </key>
<key name="request"> 22, </key>
<key name="requir"> 10,24,40,18, </key>
<key name="reserv"> 8, </key>
<key name="reset"> 16,21, </key>
<key name="resid"> 30,48, </key>
<key name="resolv"> 25, </key>
<key name="restor"> 11,9, </key>
<key name="restrict"> 2,3, </key>
<key name="restriction"> 2,18,16, </key>
<key name="result"> 25,31,20,27, </key>
<key name="resum"> 30,36, </key>
<key name="return"> 25,20,27, </key>
<key name="review"> 41,44, </key>
<key name="right"> 8,1,11,33,3,19,36, </key>
<key name="root"> 44, </key>
<key name="rul"> 28,29,42,31,5,22, </key>
<key name="run"> 7,32,40,41,35,46,37, </key>
<key name="s"> 7,0,2,3,40,21,44,27,46,23, </key>
<key name="said"> 28, </key>
<key name="sam"> 25,20, </key>
<key name="samantha"> 20, </key>
<key name="sammy"> 20, </key>
<key name="samson"> 20, </key>
<key name="samuel"> 20, </key>
<key name="san"> 8, </key>
<key name="sav"> 1,30,11,12,13,3,15,5,17,19,21,36,22,46, </key>
<key name="scal"> 34, </key>
<key name="schedul"> 42,22, </key>
<key name="scor"> 28, </key>
<key name="screen"> 14, </key>
<key name="se"> 33,34,12,6,14,9,35,44,22, </key>
<key name="search"> 7,8,10,25,11,4,31,17,20,44,22,27, </key>
<key name="second"> 32, </key>
<key name="security"> 7,30, </key>
<key name="select"> 7,38,25,30,11,33,34,24,13,3,39,19,21,44,22,46,23, </key>
<key name="selection"> 44, </key>
<key name="self"> 9, </key>
<key name="send"> 6, </key>
<key name="sent"> 38,28,17,48, </key>
<key name="separat"> 33,44, </key>
<key name="sequenc"> 20,46, </key>
<key name="seri"> 12,46, </key>
<key name="serv"> 7,10,38,25,1,30,32,33,34,2,24,12,3,4,39,40,42,47,9,26,35,18,16,19,21,44,36,45,22,27,46,37, </key>
<key name="server"> 7,1,32,34,24,3,42,31,35,36,27,37, </key>
<key name="servic"> 7,8,38,30,32,2,12,3,4,14,40,42,9,31,35,5,19,36,27,37, </key>
<key name="session"> 10,2,3,18, </key>
<key name="set"> 7,10,28,29,30,11,2,12,3,42,9,31,18,5,16,17,19,48,21,22,27,46, </key>
<key name="setting"> 7,25,28,29,1,30,32,2,24,4,26,31,35,5,16,27,37,23, </key>
<key name="should"> 10,38,25,29,42,18,5,44,46, </key>
<key name="show"> 7,32,11,33,34,2,4,17, </key>
<key name="shown"> 38,34,46, </key>
<key name="sid"> 7,42, </key>
<key name="sign"> 9, </key>
<key name="signatur"> 4,17, </key>
<key name="simultaneous"> 42,22,46, </key>
<key name="sinc"> 42, </key>
<key name="singl"> 6,22,46, </key>
<key name="sit"> 30, </key>
<key name="siz"> 10,31,22, </key>
<key name="smart"> 32, </key>
<key name="smarthost"> 32, </key>
<key name="smtp"> 32,35, </key>
<key name="snmp"> 7,32,37, </key>
<key name="soft"> 11, </key>
<key name="softwar"> 28,29,2,35, </key>
<key name="sort"> 8, </key>
<key name="sourc"> 44,46, </key>
<key name="spac"> 10,33, </key>
<key name="spam"> 7,10,28,30,32,4,31,48,37, </key>
<key name="spamassassin"> 28, </key>
<key name="specifi"> 10,32,13,35,27,46, </key>
<key name="specific"> 7,30,34,2,31,16,20,44,46, </key>
<key name="specifical"> 14, </key>
<key name="specify"> 1,3,44,46, </key>
<key name="ssl"> 25,32,24, </key>
<key name="standard"> 8,44, </key>
<key name="start"> 39,9,46, </key>
<key name="statement"> 8, </key>
<key name="statistic"> 7,33,34, </key>
<key name="statu"> 7,38,30,11,45,37, </key>
<key name="stay"> 18, </key>
<key name="step"> 25,12, </key>
<key name="still"> 10,30,11,27, </key>
<key name="stop"> 30,9,36, </key>
<key name="stor"> 7,16,21,44,22, </key>
<key name="str"> 24,4,17,20, </key>
<key name="styl"> 4,17, </key>
<key name="subject"> 8,28,22, </key>
<key name="subset"> 14, </key>
<key name="subtre"> 44, </key>
<key name="succeed"> 24, </key>
<key name="sudden"> 30, </key>
<key name="suit"> 8,28,29,24,4, </key>
<key name="summary"> 25, </key>
<key name="suppli"> 24, </key>
<key name="surg"> 30, </key>
<key name="suspect"> 11, </key>
<key name="suspend"> 36, </key>
<key name="system"> 7,8,3,31,20,27, </key>
<key name="tab"> 28,29,1,30,32,11,33,34,2,13,3,15,31,5,17,19,48,21,36,22,37, </key>
<key name="tag"> 8,28,22,46, </key>
<key name="tak"> 41, </key>
<key name="target"> 45,46, </key>
<key name="task"> 7,9, </key>
<key name="templat"> 25,24, </key>
<key name="temporari"> 30, </key>
<key name="temporary"> 43, </key>
<key name="term"> 25, </key>
<key name="test"> 25, </key>
<key name="text"> 25,32,4,17,22,46, </key>
<key name="thos"> 42, </key>
<key name="thre"> 7,24, </key>
<key name="tim"> 10,0,11,3,31,16,22,46, </key>
<key name="timeout"> 32, </key>
<key name="tl"> 32, </key>
<key name="token"> 10, </key>
<key name="tool"> 12,6,9,46, </key>
<key name="toolbar"> 7, </key>
<key name="total"> 34, </key>
<key name="trademark"> 8, </key>
<key name="traffic"> 30,34,36, </key>
<key name="transf"> 47, </key>
<key name="transfer"> 47, </key>
<key name="transmit"> 30, </key>
<key name="trash"> 10,4,48, </key>
<key name="tre"> 33, </key>
<key name="tru"> 28,30, </key>
<key name="turn"> 14,37, </key>
<key name="typ"> 25,30,3,6,20,44, </key>
<key name="un"> 36, </key>
<key name="unauthoriz"> 30,11, </key>
<key name="unavailabl"> 42, </key>
<key name="unchang"> 10, </key>
<key name="understand"> 2, </key>
<key name="unles"> 14, </key>
<key name="unlimit"> 13,22, </key>
<key name="unprovision"> 46, </key>
<key name="unsolicit"> 28, </key>
<key name="up"> 12,42,31,18,16,21,22,27,46, </key>
<key name="updat"> 8,29,39,17,49, </key>
<key name="url"> 7,27, </key>

</ftswdata>  
