<?xml version='1.0' encoding='windows-1252' ?>
<ftswdata>
<key name="us"> 7,8,10,25,29,30,0,32,11,2,24,12,3,4,14,40,42,47,16,17,19,20,21,44,22,27,46,23, </key>
<key name="usag"> 7,33,34, </key>
<key name="user"> 10,38,30,0,11,24,3,14,41,42,16,19,48,44,36,22,27,46,23, </key>
<key name="usernam"> 25, </key>
<key name="usual"> 5, </key>
<key name="utiliti"> 9, </key>
<key name="utiliz"> 46, </key>
<key name="utilization"> 33,34, </key>
<key name="valid"> 24, </key>
<key name="valu"> 24,31,27, </key>
<key name="variou"> 30,3,14, </key>
<key name="verification"> 45,46, </key>
<key name="verify"> 7,24, </key>
<key name="version"> 49, </key>
<key name="via"> 32, </key>
<key name="view"> 10,25,30,33,34,2,3,4,41,17,22,37,23, </key>
<key name="viru"> 7,29,30,32,31,37, </key>
<key name="virus"> 30, </key>
<key name="volum"> 7,34, </key>
<key name="walk"> 25, </key>
<key name="want"> 38,25,34,3,18,19,44, </key>
<key name="warning"> 41,46, </key>
<key name="welcom"> 46, </key>
<key name="well"> 8,32,35, </key>
<key name="what"> 7,25,29,30,33,2,3,42,18,5,17, </key>
<key name="whenev"> 19, </key>
<key name="wheth"> 32,11,2,42,46,37, </key>
<key name="whil"> 11,42,46, </key>
<key name="whos"> 6, </key>
<key name="wid"> 7,31, </key>
<key name="will"> 38,25,29,30,13,3,39,15,42,18,17,48,36,45,46, </key>
<key name="window"> 7,17,20,44,27,46, </key>
<key name="within"> 7,34,16,21,27, </key>
<key name="without"> 8,36,27, </key>
<key name="wizard"> 7,25,24,12,39,26,43,21,44,46, </key>
<key name="work"> 42, </key>
<key name="worm"> 29, </key>
<key name="year"> 7,34, </key>
<key name="yes"> 28, </key>
<key name="your"> 1,30,24,13,3,4,15,5,19,21,44,46, </key>
<key name="yourhostnam"> 29, </key>
<key name="zc"> 30,35, </key>
<key name="zero"> 10, </key>
<key name="ziimbra"> 35,46, </key>
<key name="zimbra"> 7,8,38,28,29,30,32,2,24,4,39,40,42,9,43,44,45,22,27,46, </key>

</ftswdata>  
