<?xml version='1.0' encoding='windows-1252' ?>
<ftswdata>
<key name="specific"> 8,32,38,3,33,17,22,48,50, </key>
<key name="specify"> 4,50,41, </key>
<key name="ssl"> 27,36,26, </key>
<key name="standard"> 9,1,34,18,48, </key>
<key name="start"> 43,44,10,50, </key>
<key name="statistic"> 8,37,38,11, </key>
<key name="statu"> 8,42,32,13,33,19,49,11,41, </key>
<key name="stay"> 14, </key>
<key name="step"> 27,14, </key>
<key name="still"> 13,29, </key>
<key name="stop"> 32,10,40, </key>
<key name="stor"> 8,17,23,48, </key>
<key name="str"> 26,5,18,22, </key>
<key name="styl"> 5,18,24, </key>
<key name="subject"> 9,30,24, </key>
<key name="subtre"> 48, </key>
<key name="succeed"> 26, </key>
<key name="sudden"> 32, </key>
<key name="suit"> 9,0,30,31,26,5,39, </key>
<key name="summary"> 27, </key>
<key name="suppli"> 26, </key>
<key name="surg"> 32, </key>
<key name="suspect"> 13, </key>
<key name="suspend"> 40, </key>
<key name="system"> 8,0,30,38,29,4,7,28,33,19,34,22, </key>
<key name="tab"> 8,30,31,2,32,1,36,13,37,38,3,15,4,16,6,18,21,52,53,23,40,24,41, </key>
<key name="tag"> 9,30,24,50,25, </key>
<key name="target"> 49,50, </key>
<key name="task"> 46,10,11, </key>
<key name="templat"> 27,26, </key>
<key name="temporari"> 32, </key>
<key name="temporary"> 47, </key>
<key name="term"> 27, </key>
<key name="test"> 27, </key>
<key name="text"> 27,36,5,18,48, </key>
<key name="them"> 31,17, </key>
<key name="third"> 24, </key>
<key name="thos"> 3,46, </key>
<key name="thre"> 26, </key>
<key name="thread"> 36, </key>
<key name="thunderbird"> 24, </key>
<key name="tim"> 12,1,26,4,43,33,17,24,50, </key>
<key name="timeout"> 36,53, </key>
<key name="tl"> 36, </key>
<key name="token"> 12, </key>
<key name="tool"> 8,3,14,4,7,10,50, </key>
<key name="toolbar"> 8,14,19,20, </key>
<key name="top"> 38, </key>
<key name="total"> 38, </key>
<key name="traffic"> 32,38,40, </key>
<key name="transf"> 51, </key>
<key name="transfer"> 51, </key>
<key name="trash"> 12,5,52, </key>
<key name="tre"> 37, </key>
<key name="troubl"> 25, </key>
<key name="turn"> 30,36,41, </key>
<key name="two"> 31, </key>
<key name="typ"> 27,32,3,14,4,7,46,34,20,22,48,11, </key>
<key name="un"> 40, </key>
<key name="unauthoriz"> 32,13, </key>
<key name="unavailabl"> 46, </key>
<key name="unchang"> 12, </key>
<key name="unlimit"> 12,15,24, </key>
<key name="unprovision"> 50, </key>
<key name="unread"> 30, </key>
<key name="unsolicit"> 30, </key>
<key name="up"> 29,14,46,33,17,23,24,50, </key>
<key name="updat"> 31,3,43,18,54, </key>
<key name="url"> 8,29, </key>
<key name="us"> 8,9,12,27,2,32,1,13,3,29,26,14,4,5,43,44,46,51,28,19,47,6,17,18,21,35,20,22,53,23,48,11,24,50,25, </key>
<key name="usag"> 8,37,38, </key>
<key name="user"> 12,42,0,30,32,1,13,3,29,26,14,4,46,19,17,18,21,52,48,40,24,50,25, </key>
<key name="usernam"> 27,44, </key>
<key name="usual"> 6, </key>
<key name="utiliti"> 10, </key>
<key name="utiliz"> 50, </key>
<key name="utilization"> 37,38, </key>
<key name="valid"> 26, </key>
<key name="valu"> 29,26,33, </key>
<key name="variou"> 4, </key>
<key name="verification"> 49,50, </key>
<key name="version"> 54, </key>
<key name="via"> 36, </key>
<key name="view"> 8,12,30,32,36,13,37,38,3,4,5,19,6,18,53,24,41,25, </key>
<key name="violat"> 34, </key>
<key name="violator"> 34, </key>
<key name="viru"> 8,0,31,32,36,33,41, </key>
<key name="volum"> 8,38, </key>
<key name="walk"> 27, </key>
<key name="want"> 42,0,38,14,4,34,21,20,48, </key>
<key name="warn"> 45, </key>
<key name="warning"> 45,50, </key>
<key name="web"> 32,36,3,14,4,35,24, </key>
<key name="webmail"> 35, </key>
<key name="welcom"> 50, </key>
<key name="well"> 9,36,39, </key>
<key name="what"> 3,14,4,46,34,6,18, </key>
<key name="whenev"> 21, </key>
<key name="wheth"> 36,13,3,46,50,41, </key>
<key name="whil"> 13,45,46,50, </key>
<key name="whos"> 7, </key>
<key name="wid"> 8,38,33, </key>
<key name="will"> 42,27,32,14,15,4,16,46,47,18,52,20,48,49,50, </key>
<key name="window"> 8,47,18,48,50, </key>
<key name="within"> 8,38,29,17,25, </key>
<key name="without"> 9,29,40,25, </key>
<key name="wizard"> 8,27,29,26,14,43,44,46,28,19,47,20,23,48,11,50, </key>
<key name="word"> 14, </key>
<key name="work"> 46, </key>
<key name="would"> 48, </key>
<key name="writh"> 48, </key>
<key name="www"> 9, </key>
<key name="year"> 38, </key>
<key name="yes"> 30, </key>
<key name="your"> 0,31,2,32,26,15,4,5,16,34,6,21,35,23,48,50, </key>
<key name="yourdomain"> 0, </key>
<key name="zero"> 12, </key>
<key name="ziimbra"> 39, </key>
<key name="zimbra"> 8,9,42,0,30,31,32,3,29,26,14,4,5,43,7,44,46,10,28,19,47,35,20,48,49,11,24,50, </key>
<key name="zimbrainc"> 48, </key>
<key name="zip"> 31, </key>
<key name="zmprov"> 14,39, </key>

</ftswdata>  
