<?xml version='1.0' encoding='windows-1252' ?>
<ftswdata>
<key name="disapprov"> 34, </key>
<key name="discard"> 46, </key>
<key name="disk"> 8,12,37,38, </key>
<key name="display"> 8,27,36,37,38,3,15,5,45,46,18,22,48,49,24,50, </key>
<key name="distinguish"> 48, </key>
<key name="distribution"> 7,10, </key>
<key name="dn"> 27,36,29,26,33,34,48, </key>
<key name="do"> 34,6, </key>
<key name="document"> 9, </key>
<key name="documentation"> 47, </key>
<key name="domain"> 8,27,13,3,29,26,15,4,43,28,33,47,34,21,48,11,24,50, </key>
<key name="doubl"> 15,16,6,23, </key>
<key name="down"> 15, </key>
<key name="download"> 11,50, </key>
<key name="downtim"> 46, </key>
<key name="drop"> 15, </key>
<key name="du"> 32, </key>
<key name="duplicat"> 46, </key>
<key name="e"> 48, </key>
<key name="earli"> 46, </key>
<key name="easi"> 28,19, </key>
<key name="easy"> 24, </key>
<key name="edit"> 8,32,13,3,15,4,16,28,39,19,6,21,23, </key>
<key name="effectiv"> 13, </key>
<key name="eith"> 8,12,27,38,33,47,6,18,21,52,53,48,24,50, </key>
<key name="elaps"> 12, </key>
<key name="elsewher"> 33, </key>
<key name="email"> 12,42,0,30,29,15,7,46,6,52,35,20,22,48,40,11,24,50, </key>
<key name="employe"> 29, </key>
<key name="enabl"> 12,30,31,1,36,3,26,14,5,33,34,6,17,18,21,24, </key>
<key name="encrypt"> 31,17,23, </key>
<key name="end"> 3,4,11, </key>
<key name="enforc"> 12,17,21, </key>
<key name="enough"> 32, </key>
<key name="ensur"> 46,17, </key>
<key name="ent"> 27,14,15,4,16,44,46,6,20,22,23,48,50, </key>
<key name="enter"> 27,30,29,17,22, </key>
<key name="entri"> 12,46,48,25, </key>
<key name="environment"> 8,2, </key>
<key name="error"> 45,50, </key>
<key name="event"> 32,20, </key>
<key name="every"> 31, </key>
<key name="everyon"> 7, </key>
<key name="ex"> 50, </key>
<key name="exampl"> 3,14,7,22,48, </key>
<key name="except"> 52, </key>
<key name="exception"> 6, </key>
<key name="exchang"> 42,46,47,48,11,50, </key>
<key name="execut"> 10, </key>
<key name="executabl"> 50, </key>
<key name="executiv"> 3, </key>
<key name="exhibit"> 34, </key>
<key name="exist"> 3,15,16,39,47,48,49,50, </key>
<key name="expand"> 13,38, </key>
<key name="experienc"> 32, </key>
<key name="expir"> 6,17, </key>
<key name="explicit"> 3,29,33, </key>
<key name="extension"> 32,33, </key>
<key name="external"> 12,27,36,29,26,28,35, </key>
<key name="fail"> 27, </key>
<key name="fashion"> 9,17, </key>
<key name="featur"> 8,9,12,1,13,3,29,14,4,5,19,6,52,11,24,25, </key>
<key name="field"> 30,26,14,46,6,21, </key>
<key name="fil"> 31,32,45,46,20,50,25, </key>
<key name="fill"> 26, </key>
<key name="filt"> 27,30,31,29,46,48, </key>
<key name="filter"> 9,30,35,24, </key>
<key name="final"> 51, </key>
<key name="find"> 13,22, </key>
<key name="finish"> 27,14, </key>
<key name="first"> 12,29,15,17,21,22,48,24,50, </key>
<key name="flag"> 24, </key>
<key name="flander"> 48, </key>
<key name="fold"> 12,30,38,46,39,52,53,24,50, </key>
<key name="folder"> 9,46,6,52,48,24,50,25, </key>
<key name="follow"> 8,0,30,32,36,13,3,29,26,5,44,10,33,19,34,18,48,50, </key>
<key name="font"> 24, </key>
<key name="forc"> 12,1,21,23, </key>
<key name="forget"> 17,23, </key>
<key name="form"> 29, </key>
<key name="format"> 8,38,26,18, </key>
<key name="forward"> 8,14,15,16,19,18, </key>
<key name="fre"> 36,24, </key>
<key name="frequency"> 31, </key>
<key name="ful"> 34, </key>
<key name="full"> 9,12,47,20,50, </key>
<key name="function"> 8,36,33,19, </key>
<key name="gal"> 8,27,29,28,33,24, </key>
<key name="gb"> 38, </key>
<key name="general"> 32,36,13,3,4,28,33,23,41, </key>
<key name="global"> 8,27,30,31,32,3,29,4,28,33,6,35,11,24,41, </key>
<key name="go"> 32,49,50, </key>
<key name="good"> 23, </key>
<key name="grant"> 26, </key>
<key name="graph"> 38, </key>
<key name="graphical"> 38, </key>
<key name="greet"> 34, </key>
<key name="group"> 3,5,7,47,18,48,24,50, </key>
<key name="guid"> 8,30,14,7,10,39,11, </key>
<key name="hack"> 13, </key>
<key name="handl"> 30, </key>
<key name="happen"> 46, </key>
<key name="hav"> 29,25, </key>
<key name="head"> 8, </key>
<key name="help"> 8,28,48,54, </key>
<key name="her"> 17, </key>
<key name="hierarchy"> 50, </key>
<key name="high"> 9, </key>
<key name="highlight"> 15,16,6,23, </key>
<key name="history"> 12,17, </key>
<key name="host"> 8,2,32,36,3,44,33,35,50,41, </key>
<key name="hostnam"> 36,34, </key>
<key name="hour"> 8,31,37,38,53, </key>
<key name="how"> 12,30,32,14,4,52,53,24,50, </key>
<key name="html"> 12,5,18,24, </key>
<key name="i"> 48, </key>
<key name="icon"> 50, </key>
<key name="id"> 22, </key>
<key name="identifi"> 27,36,28, </key>
<key name="identify"> 30,26,47,34,48, </key>
<key name="if"> 8,12,42,27,0,30,31,32,1,36,13,3,26,14,43,45,46,33,34,6,17,18,21,35,20,22,53,23,48,24,50, </key>
<key name="ignor"> 46, </key>
<key name="ill"> 34, </key>
<key name="imap"> 8,36,3,14,33,39,11,24, </key>
<key name="immediate"> 8,1,13,40, </key>
<key name="implement"> 34, </key>
<key name="import"> 13,43,44,45,46,47,48,11,50, </key>
<key name="important"> 31,3,14,46,34,35,50, </key>
<key name="inbound"> 8,38, </key>
<key name="inbox"> 5,52, </key>
<key name="inc"> 9, </key>
<key name="includ"> 8,9,12,36,3,4,7,28,33,53,48,41,25, </key>
<key name="incom"> 34,52, </key>
<key name="increas"> 46, </key>
<key name="incremental"> 20, </key>
<key name="index"> 12,5, </key>
<key name="individual"> 3,10,6,21,52,48,50, </key>
<key name="inform"> 46, </key>
<key name="information"> 9,42,27,36,13,38,3,29,26,14,4,44,10,28,39,19,23,48,11,50, </key>
<key name="inherit"> 12, </key>
<key name="initial"> 14,5,17,18,23,24, </key>
<key name="instal"> 8,0,30,31,36,3,5,39,50,41, </key>
<key name="install"> 10, </key>
<key name="installation"> 27,31,28,33,39, </key>
<key name="instead"> 42,48,50, </key>
<key name="instruct"> 35, </key>
<key name="interest"> 7, </key>
<key name="interfac"> 8,13,7,10,24, </key>
<key name="internal"> 27,29,26,28, </key>
<key name="internet"> 5,18, </key>
<key name="interrupt"> 46, </key>
<key name="ip"> 36,39,34, </key>
<key name="island"> 9, </key>
<key name="isp"> 35, </key>
<key name="issu"> 27, </key>
<key name="item"> 5,46,6,18,24,50, </key>
<key name="itself"> 40, </key>
<key name="jo"> 48, </key>
<key name="joanna"> 48, </key>
<key name="john"> 14, </key>
<key name="joseph"> 48, </key>
<key name="junk"> 12,30,46,50, </key>
<key name="just"> 27, </key>
<key name="kb"> 38, </key>
<key name="keep"> 4, </key>
<key name="keyword"> 50, </key>
<key name="kill"> 30, </key>
<key name="know"> 1,29,22, </key>
<key name="known"> 29, </key>
<key name="label"> 20,24, </key>
<key name="labl"> 20, </key>
<key name="larg"> 14,50, </key>
<key name="last"> 8,27,37,38,29,14,20,22,54, </key>
<key name="latest"> 50, </key>
<key name="launch"> 47, </key>
<key name="ldap"> 8,27,36,29,26,14,28,39,23,41, </key>
<key name="least"> 23, </key>
<key name="left"> 8,2,46, </key>
<key name="legitimat"> 26, </key>
<key name="length"> 12,3,4,5,17, </key>
<key name="let"> 46,24,25, </key>
<key name="level"> 12,3,46,21, </key>
<key name="lifetim"> 12,3,14,4,5,6,52,53, </key>
<key name="like"> 46, </key>
<key name="limit"> 12,4,6, </key>
<key name="lin"> 27,30,36,3,14,7,10,24, </key>
<key name="link"> 8, </key>
<key name="list"> 8,12,42,27,2,32,13,37,3,29,15,43,7,16,45,10,28,19,18,21,20,23,48,40,49,24,50,41, </key>
<key name="lmtp"> 36,38,51,40, </key>
<key name="local"> 51,10,35, </key>
<key name="location"> 7,35,48, </key>
<key name="lock"> 12,13,17,21, </key>
<key name="log"> 8,12,1,13,45,47,17,23,40,24,50,25, </key>
<key name="login"> 36,13,26, </key>
<key name="logon"> 47, </key>
<key name="long"> 12,3,14,53, </key>
<key name="look"> 29,24, </key>
<key name="lookup"> 36,29,28, </key>
<key name="loop"> 35, </key>
<key name="lost"> 50, </key>
<key name="lqprov"> 7, </key>
<key name="machin"> 36,39, </key>
<key name="mail"> 9,42,0,30,31,32,36,13,3,29,14,15,4,5,7,16,46,51,33,34,18,52,35,40,24,50,25, </key>
<key name="mailbox"> 8,12,42,0,31,2,32,36,13,38,3,14,44,46,51,19,47,6,20,22,23,48,40,49,24,50,41,25, </key>
<key name="main"> 1, </key>
<key name="maintenanc"> 32,13, </key>
<key name="mak"> 1,3, </key>
<key name="man"> 13,23, </key>
<key name="manag"> 8,30,3,4,7,10,28,33,39,19,11,24, </key>
<key name="management"> 10,11, </key>
<key name="mapi"> 47,50, </key>
<key name="mark"> 30, </key>
<key name="market"> 48, </key>
<key name="mas"> 30, </key>
<key name="match"> 22,24, </key>
<key name="mateo"> 9, </key>
<key name="maximum"> 12,27,29,5,33,17, </key>
<key name="mb"> 12,38, </key>
<key name="mean"> 12, </key>
<key name="measur"> 53, </key>
<key name="mechanism"> 8,27,26, </key>
<key name="meet"> 46,48, </key>
<key name="meeting"> 24, </key>
<key name="megabyt"> 12, </key>
<key name="memb"> 47,50, </key>
<key name="member"> 32, </key>
<key name="menu"> 15, </key>

</ftswdata>  
