<?xml version='1.0' encoding='windows-1252' ?>
<ftswdata>
<key name="messag"> 8,9,12,0,30,31,32,38,3,14,4,5,45,46,51,33,34,6,18,52,35,24,50, </key>
<key name="method"> 14, </key>
<key name="microsoft"> 47,21,11,50, </key>
<key name="might"> 48, </key>
<key name="migrat"> 43,48,11,50, </key>
<key name="migration"> 8,44,46,47,48,11,50, </key>
<key name="minimum"> 8,12,14,5,17, </key>
<key name="minut"> 36,53, </key>
<key name="mod"> 8,27,13,29,28, </key>
<key name="modify"> 31,3, </key>
<key name="monitor"> 33,11,41, </key>
<key name="month"> 8,37,38, </key>
<key name="mous"> 12,53, </key>
<key name="mov"> 8,2,19,6, </key>
<key name="mta"> 8,31,32,36,13,51,33,39,34,35,40,11,41, </key>
<key name="multipl"> 2,24, </key>
<key name="must"> 12,1,26,14,28,47,34,17,21,35,22,23,50,41, </key>
<key name="nam"> 8,27,2,36,13,38,3,29,26,14,4,43,44,28,20,22,48,40,50, </key>
<key name="navigat"> 8, </key>
<key name="navigation"> 8,37,38,14,4,6,21,40, </key>
<key name="ne"> 27,14,4, </key>
<key name="nev"> 6, </key>
<key name="new"> 8,42,27,31,2,1,13,3,14,15,4,16,28,19,47,17,18,20,23,50, </key>
<key name="next"> 8,42,27,2,1,43,44,46,19,47,21,48,49, </key>
<key name="nod"> 13,37, </key>
<key name="normal"> 13,21, </key>
<key name="not"> 42,27,36,13,14,4,43,46,39,6,48, </key>
<key name="notic"> 9,0, </key>
<key name="notification"> 0,31,18, </key>
<key name="notify"> 0, </key>
<key name="now"> 44,48, </key>
<key name="numb"> 12,27,30,36,38,29,15,4,5,45,46,33,17,18,52,22,49,50, </key>
<key name="number"> 14, </key>
<key name="object"> 3,4,48,24, </key>
<key name="occur"> 12,53, </key>
<key name="off"> 8,30,36,46,41, </key>
<key name="offer"> 9, </key>
<key name="offic"> 47,24, </key>
<key name="ok"> 45,46,23,48, </key>
<key name="old"> 12,46,52,50, </key>
<key name="on"> 8,27,32,36,37,3,29,5,43,28,39,19,47,6,48,50,41, </key>
<key name="onc"> 14,45,46, </key>
<key name="open"> 8,9,30,2,32,14,45,19,47,20,23,50, </key>
<key name="operation"> 46, </key>
<key name="opt"> 20, </key>
<key name="option"> 8,30,31,32,36,3,26,4,5,46,10,28,17,18,23,50, </key>
<key name="ord"> 41, </key>
<key name="organiz"> 9, </key>
<key name="organization"> 29, </key>
<key name="original"> 18, </key>
<key name="outbreak"> 32, </key>
<key name="outlook"> 5,46,24,50, </key>
<key name="output"> 36, </key>
<key name="outsid"> 34, </key>
<key name="overall"> 38, </key>
<key name="overrid"> 12,32,3,14,5,6,18,21, </key>
<key name="overridden"> 3,6,52, </key>
<key name="overview"> 44, </key>
<key name="own"> 5,21,23,24, </key>
<key name="packag"> 39, </key>
<key name="pag"> 8,27,1,3,5,19,18, </key>
<key name="pan"> 8,27,36,13,37,38,14,4,19,6,21,22,23,40,41, </key>
<key name="parameter"> 33, </key>
<key name="part"> 15,22, </key>
<key name="partial"> 22,48, </key>
<key name="particular"> 32,3,4,40, </key>
<key name="partner"> 9, </key>
<key name="party"> 24, </key>
<key name="password"> 12,27,31,1,3,29,26,14,4,5,44,19,6,17,21,23,24,50,25, </key>
<key name="past"> 27,38,17, </key>
<key name="path"> 20, </key>
<key name="pdf"> 8, </key>
<key name="per"> 29,5,6,17,18,21, </key>
<key name="percent"> 30, </key>
<key name="perform"> 29,10,11, </key>
<key name="performanc"> 9,46,11, </key>
<key name="period"> 14,46, </key>
<key name="permission"> 47,50, </key>
<key name="permit"> 24, </key>
<key name="personal"> 8,12,24, </key>
<key name="pick"> 46,48, </key>
<key name="plac"> 6, </key>
<key name="plain"> 18, </key>
<key name="point"> 42,50, </key>
<key name="pool"> 2,3,4,5, </key>
<key name="poor"> 34, </key>
<key name="pop"> 8,36,3,14,33,39,11, </key>
<key name="pop3"> 36,24, </key>
<key name="pops3"> 33, </key>
<key name="port"> 27,36,26,44, </key>
<key name="portion"> 48,50, </key>
<key name="possibl"> 36,5,18, </key>
<key name="post"> 24, </key>
<key name="postfix"> 35, </key>
<key name="postmast"> 0, </key>
<key name="practic"> 23, </key>
<key name="preconfigur"> 48, </key>
<key name="preferenc"> 3,14,4,5,6,18,24, </key>
<key name="prefix"> 30,20, </key>
<key name="prepend"> 20, </key>
<key name="prevent"> 32,21,35,50, </key>
<key name="previou"> 27,17, </key>
<key name="previous"> 46, </key>
<key name="privileg"> 47,50, </key>
<key name="proceed"> 42, </key>
<key name="proces"> 8,27,38,26,44,45,46,28,39,50, </key>
<key name="profil"> 47,50, </key>
<key name="progres"> 45,50, </key>
<key name="prompt"> 47, </key>
<key name="protect"> 31, </key>
<key name="protection"> 8,30,31,34, </key>
<key name="protocol"> 51,33,34,24, </key>
<key name="provid"> 26,34,50, </key>
<key name="provision"> 42,14,10,19,47,49,11,50, </key>
<key name="proxy"> 35, </key>
<key name="purg"> 12,52, </key>
<key name="qualifi"> 34, </key>
<key name="query"> 29,48, </key>
<key name="question"> 38,50, </key>
<key name="queu"> 32,13,40, </key>
<key name="quick"> 8,22,23, </key>
<key name="quota"> 12,3,14,4,6, </key>
<key name="random"> 2,4, </key>
<key name="rath"> 46, </key>
<key name="rbl"> 30, </key>
<key name="re"> 12,17,23, </key>
<key name="reach"> 12, </key>
<key name="read"> 33, </key>
<key name="reassign"> 4, </key>
<key name="receiv"> 0,13,38,14,15,34,52,50, </key>
<key name="recent"> 42,17, </key>
<key name="recipient"> 30,31, </key>
<key name="recommend"> 46,47, </key>
<key name="record"> 8,4,39,24, </key>
<key name="ref"> 30,11, </key>
<key name="refer"> 30, </key>
<key name="referenc"> 0, </key>
<key name="reflect"> 8, </key>
<key name="refresh"> 42,43, </key>
<key name="regard"> 36, </key>
<key name="regardles"> 32, </key>
<key name="register"> 39, </key>
<key name="regular"> 21, </key>
<key name="reject"> 32,3,33, </key>
<key name="relay"> 42,36,35,50, </key>
<key name="reliabl"> 9, </key>
<key name="remain"> 12,52,53, </key>
<key name="remov"> 15,16,28,6,48, </key>
<key name="rep"> 18, </key>
<key name="replicat"> 50, </key>
<key name="request"> 46,24, </key>
<key name="requir"> 12,26,14,44,35,24, </key>
<key name="reserv"> 9, </key>
<key name="reset"> 17,23, </key>
<key name="resid"> 52, </key>
<key name="resolv"> 27, </key>
<key name="restor"> 13,10,19,20, </key>
<key name="restrict"> 3,14,4,34, </key>
<key name="restriction"> 3,14,34,17, </key>
<key name="result"> 27,29,33,22, </key>
<key name="resum"> 32,40, </key>
<key name="retriev"> 17, </key>
<key name="return"> 27,29, </key>
<key name="reus"> 20, </key>
<key name="review"> 30,48, </key>
<key name="rfc"> 34, </key>
<key name="rich"> 24, </key>
<key name="right"> 8,9,2,13,40, </key>
<key name="root"> 48, </key>
<key name="rout"> 24, </key>
<key name="rul"> 30,32,46,33,6,24, </key>
<key name="run"> 8,36,44,39,50,41, </key>
<key name="s"> 8,30,1,3,29,4,44,39,19,34,17,18,20,23,48,50,25, </key>
<key name="said"> 30, </key>
<key name="sam"> 22, </key>
<key name="samantha"> 22, </key>
<key name="sammy"> 22, </key>
<key name="samson"> 22, </key>
<key name="samuel"> 22, </key>
<key name="san"> 9, </key>
<key name="sav"> 2,32,13,14,15,4,16,6,18,21,23,40,24,50, </key>
<key name="scal"> 38, </key>
<key name="schedul"> 46,24, </key>
<key name="scor"> 30, </key>
<key name="se"> 37,38,14,7,44,45,10,39,48,24,41, </key>
<key name="search"> 8,9,12,27,13,29,5,33,18,22,48,24, </key>
<key name="second"> 53, </key>
<key name="security"> 8,11, </key>
<key name="select"> 8,42,27,2,32,13,37,38,29,26,15,4,43,33,19,47,21,20,23,48,24,50,25, </key>
<key name="self"> 10, </key>
<key name="send"> 0,31,7,34,35, </key>
<key name="sender"> 34, </key>
<key name="sent"> 42,0,16,18,52, </key>
<key name="separat"> 37,48, </key>
<key name="sequenc"> 22,50, </key>
<key name="seri"> 14,50, </key>
<key name="serv"> 8,12,42,27,2,32,36,37,38,3,29,26,14,4,5,43,44,46,51,10,28,33,39,47,17,21,35,20,23,48,40,49,11,50,41, </key>
<key name="server"> 8,2,36,38,29,26,46,33,39,40,11,41, </key>
<key name="servic"> 8,9,42,2,32,36,3,29,14,4,5,44,46,10,33,39,6,21,40,11,41, </key>
<key name="session"> 12,3,14,4,53, </key>
<key name="set"> 8,12,30,32,13,3,29,14,4,46,10,33,34,6,17,21,52,35,20,53,23,24,50, </key>
<key name="setting"> 8,27,30,31,32,36,3,29,26,14,5,28,33,39,6,17,18,35,11,41, </key>
<key name="sev"> 26, </key>
<key name="should"> 12,42,1,14,46,6,35,48,50, </key>
<key name="show"> 8,36,13,37,38,3,5,6,18, </key>
<key name="shown"> 42,38,50, </key>
<key name="sid"> 8,46, </key>
<key name="sign"> 10, </key>
<key name="signatur"> 5,18, </key>
<key name="simultaneous"> 46,24,50, </key>
<key name="sinc"> 46, </key>
<key name="singl"> 7,47,48,24,50, </key>
<key name="sit"> 32, </key>
<key name="siz"> 12,33,24, </key>
<key name="smith"> 14,48, </key>
<key name="smtp"> 39,34,35, </key>
<key name="snmp"> 8,36,41, </key>
<key name="so"> 0,31,34, </key>
<key name="soft"> 13, </key>
<key name="softwar"> 0,30,31,3,39, </key>
<key name="sort"> 9, </key>
<key name="sourc"> 9,48,49,50, </key>
<key name="spac"> 12,37,4, </key>
<key name="spam"> 8,12,30,32,36,5,33,34,52,41, </key>
<key name="spamassassin"> 30, </key>
<key name="specifi"> 12,29,15,39,47,50, </key>

</ftswdata>  
