<?xml version='1.0' encoding='windows-1252' ?>
<ftswdata>
<key name="0"> 12,6, </key>
<key name="05"> 54, </key>
<key name="10"> 36, </key>
<key name="100"> 9,27,29, </key>
<key name="12"> 8,37, </key>
<key name="1500"> 9, </key>
<key name="2"> 53, </key>
<key name="2005"> 9, </key>
<key name="24"> 8,37,38, </key>
<key name="25"> 5,54, </key>
<key name="3"> 8,37,38, </key>
<key name="30"> 12,5,52, </key>
<key name="33"> 30, </key>
<key name="389"> 27,26, </key>
<key name="6"> 12,5,17, </key>
<key name="60"> 36, </key>
<key name="64"> 12,5,17, </key>
<key name="7"> 7, </key>
<key name="7025"> 36, </key>
<key name="7071"> 44, </key>
<key name="75"> 30, </key>
<key name="8"> 54, </key>
<key name="94004"> 9, </key>
<key name="ability"> 9, </key>
<key name="abl"> 40, </key>
<key name="abov"> 8,48, </key>
<key name="accept"> 0,34, </key>
<key name="acces"> 8,12,32,26,24,25, </key>
<key name="accommodat"> 34, </key>
<key name="account"> 8,12,42,0,31,2,32,1,13,3,14,15,4,5,43,16,46,10,33,19,47,6,17,18,21,52,20,22,53,23,48,49,11,24,50,25, </key>
<key name="action"> 12,53,24,25, </key>
<key name="activ"> 12,27,13,26,28,21,53,48, </key>
<key name="activity"> 12,53, </key>
<key name="ad"> 42,27,30,3,15,4,16,28,18, </key>
<key name="add"> 27,2,15,16,39,20,48, </key>
<key name="addition"> 8,24, </key>
<key name="additional"> 8,27,36,16,28,24, </key>
<key name="addres"> 8,12,27,0,31,36,13,29,14,15,7,16,28,39,34,18,20,22,48,11,24,50, </key>
<key name="admin"> 0,31,44, </key>
<key name="administration"> 8,12,0,1,15,7,16,10,28,39,19,11,50,54, </key>
<key name="administrator"> 12,30,31,14,44,10,47,17,23,24,50, </key>
<key name="advanc"> 9,12,32,3,14,4,5,6,21,52,53,24, </key>
<key name="advertis"> 36, </key>
<key name="affect"> 32,46, </key>
<key name="ag"> 12,17,52, </key>
<key name="again"> 23, </key>
<key name="aggressive"> 30, </key>
<key name="alert"> 31,46, </key>
<key name="alia"> 31,14,15,16,22, </key>
<key name="alias"> 8,0,14,15, </key>
<key name="allow"> 12,3,29,33,19,24, </key>
<key name="along"> 9, </key>
<key name="alternat"> 14, </key>
<key name="although"> 46, </key>
<key name="alway"> 5,18, </key>
<key name="amount"> 17, </key>
<key name="anoth"> 29,5,6,20, </key>
<key name="anti"> 8,0,30,31,36,33,41, </key>
<key name="antiviru"> 31, </key>
<key name="any"> 12,42,31,32,1,4,45,46,33,6,52,22,53,50,25, </key>
<key name="ap"> 32,33,6,24, </key>
<key name="appear"> 13,14,48,50, </key>
<key name="application"> 3,48,24, </key>
<key name="appointment"> 24, </key>
<key name="archiv"> 31, </key>
<key name="area"> 4, </key>
<key name="ask"> 50, </key>
<key name="assign"> 12,42,2,3,4,5,11, </key>
<key name="assist"> 25, </key>
<key name="associat"> 2,32,4,6, </key>
<key name="assum"> 48, </key>
<key name="attach"> 32, </key>
<key name="attachment"> 12,32,3,14,4,5,33,6,24, </key>
<key name="attempt"> 26, </key>
<key name="attribut"> 3,29,14,4,17,52, </key>
<key name="audit"> 25, </key>
<key name="authenticat"> 44, </key>
<key name="authentication"> 8,12,27,36,26,28,33,21, </key>
<key name="auto"> 18, </key>
<key name="automatical"> 12,30,31,3,4,5,39,52, </key>
<key name="availabl"> 8,2,3,26,10,19,18,11, </key>
<key name="away"> 18, </key>
<key name="back"> 8,19, </key>
<key name="backup"> 10,20, </key>
<key name="bar"> 8, </key>
<key name="bas"> 27,29,26,34,23,48,24, </key>
<key name="basi"> 29,17,21, </key>
<key name="basic"> 8, </key>
<key name="be"> 13,45,46,33,21,52,50, </key>
<key name="becom"> 29,14,20,48, </key>
<key name="befor"> 12,42,32,4,46,34,17,52,24,50, </key>
<key name="begin"> 45,46,48,50, </key>
<key name="behav"> 34, </key>
<key name="behavior"> 34, </key>
<key name="below"> 12,15,24,50, </key>
<key name="beta"> 9, </key>
<key name="bind"> 27,36,29,26, </key>
<key name="blank"> 30, </key>
<key name="block"> 31,32,3,6, </key>
<key name="book"> 8,12,29,11,24, </key>
<key name="both"> 8,27,29,46,28,6, </key>
<key name="boulevard"> 9, </key>
<key name="box"> 42,27,14,45,46,6,17,21,22,48,50, </key>
<key name="brows"> 8,48, </key>
<key name="build"> 48,24, </key>
<key name="built"> 24, </key>
<key name="bulk"> 14,10, </key>
<key name="busy"> 24, </key>
<key name="button"> 8,12,53,23, </key>
<key name="ca"> 9,10, </key>
<key name="cal"> 14, </key>
<key name="calculat"> 52, </key>
<key name="calendar"> 3,46,24,25, </key>
<key name="cancel"> 45,46, </key>
<key name="cannot"> 12,0,4,45,46,39,17,48, </key>
<key name="capabiliti"> 9, </key>
<key name="car"> 46, </key>
<key name="cas"> 46,6,35, </key>
<key name="categori"> 24, </key>
<key name="caution"> 45,46,35, </key>
<key name="ceil"> 33, </key>
<key name="central"> 8, </key>
<key name="certain"> 46, </key>
<key name="certificat"> 10, </key>
<key name="chang"> 8,9,12,42,27,30,2,32,1,13,38,3,15,4,5,16,44,33,19,6,17,18,21,23,48,24,50, </key>
<key name="chapt"> 30,7, </key>
<key name="character"> 12,5, </key>
<key name="chart"> 37, </key>
<key name="check"> 12,42,27,31,32,37,38,14,46,33,34,6,17,21,20,23,48,40,49, </key>
<key name="checkbox"> 46, </key>
<key name="checkmark"> 36, </key>
<key name="choic"> 24, </key>
<key name="choos"> 27,13,38,47,21,40, </key>
<key name="clam"> 31, </key>
<key name="clamav"> 31, </key>
<key name="clas"> 8,42,2,32,3,14,4,5,6,21,11, </key>
<key name="classify"> 24, </key>
<key name="clear"> 36, </key>
<key name="cli"> 10,39, </key>
<key name="click"> 8,12,42,27,2,32,13,37,38,14,15,4,43,16,44,45,46,19,47,6,21,20,22,53,23,48,40,49,50, </key>
<key name="clickabl"> 12,53, </key>
<key name="client"> 12,32,13,3,14,4,34,53,24, </key>
<key name="clos"> 13,26, </key>
<key name="cn"> 48,50, </key>
<key name="co"> 8,12,42,2,32,3,14,4,5,33,6,17,18,21,52,53,11,24, </key>
<key name="collaboration"> 9,0,30,31,26,5, </key>
<key name="colleagu"> 24, </key>
<key name="color"> 24, </key>
<key name="column"> 2, </key>
<key name="com"> 9,0,16,48, </key>
<key name="comma"> 48, </key>
<key name="command"> 14,7,10,39,53, </key>
<key name="commit"> 2,15,16,6,21,23, </key>
<key name="common"> 29,26,7,35,48,50, </key>
<key name="company"> 29, </key>
<key name="complet"> 42,29,45,20,22,48,50, </key>
<key name="component"> 8, </key>
<key name="compos"> 5,18,52,35,24, </key>
<key name="compromis"> 34, </key>
<key name="comput"> 50, </key>
<key name="concurrenc"> 46, </key>
<key name="condition"> 24, </key>
<key name="conduct"> 47, </key>
<key name="configur"> 42,27,30,31,2,32,36,3,29,26,14,5,16,28,33,17,52,11,50, </key>
<key name="configuration"> 12,29,26,14,5,10,24, </key>
<key name="confirm"> 23, </key>
<key name="confus"> 35, </key>
<key name="connect"> 27,36,26,44,47, </key>
<key name="connection"> 36,26,39, </key>
<key name="consid"> 14,4, </key>
<key name="consider"> 30,26, </key>
<key name="consistent"> 46, </key>
<key name="consol"> 8,12,1,15,16,10,28,19,11,50,54, </key>
<key name="consolidat"> 38, </key>
<key name="constraint"> 3,4,6, </key>
<key name="construct"> 48, </key>
<key name="contact"> 9,12,14,5,46,18,23,11,24,50, </key>
<key name="contain"> 4,10,21,48,24, </key>
<key name="content"> 8,12,27,36,13,37,38,4,21,22,53,23,25, </key>
<key name="continu"> 46,48, </key>
<key name="control"> 38,3,19, </key>
<key name="conversation"> 9,5,18,24, </key>
<key name="convert"> 12,50, </key>
<key name="copy"> 16, </key>
<key name="copyright"> 9, </key>
<key name="corporat"> 29, </key>
<key name="correct"> 26, </key>
<key name="correspond"> 6, </key>
<key name="corrupt"> 20, </key>
<key name="cos"> 4, </key>
<key name="could"> 13,22, </key>
<key name="count"> 8,38, </key>
<key name="creat"> 8,42,0,31,2,3,26,14,15,4,5,43,7,16,10,28,19,47,17,21,20,23,48,49,11,24, </key>
<key name="criteria"> 24, </key>
<key name="current"> 8,46, </key>
<key name="dat"> 46,52,24,50, </key>
<key name="data"> 8,38,41, </key>
<key name="databas"> 48, </key>
<key name="day"> 12,5,17,52,53, </key>
<key name="decid"> 50, </key>
<key name="default"> 8,12,27,0,31,1,36,3,29,26,4,5,33,34,17,18,52,20,53,24, </key>
<key name="defin"> 8,9,31,3,4,33,39,11,24,50, </key>
<key name="delet"> 8,13,3,4,46,39,19,52,50, </key>
<key name="deliver"> 12,0,30,31,13,40, </key>
<key name="delivery"> 0,32,36,51,35,22, </key>
<key name="deni"> 3,4, </key>
<key name="department"> 29,7, </key>
<key name="depend"> 38,6, </key>
<key name="describ"> 27,47, </key>
<key name="description"> 8,12,27,36,3,4,28, </key>
<key name="deselect"> 4, </key>
<key name="designat"> 14,35, </key>
<key name="desir"> 32,13, </key>
<key name="destination"> 43,44,48,49,50, </key>
<key name="detail"> 8,27,37,39,11,24, </key>
<key name="determin"> 30,13,3,29,26,14,4,46,6,53,50, </key>
<key name="dialog"> 14,43,44,46,23,48,49,50, </key>
<key name="different"> 0,2,14,4,35,20,11,24, </key>
<key name="directory"> 12,27,29,26,14,28,17,21,20,23,48,50,41, </key>
<key name="disabl"> 12,30,32,13,4,33,6, </key>

</ftswdata>  
