<?xml version='1.0' encoding='windows-1252' ?>
<ftswdata>
<key name="_____parameter"> 25, </key>
<key name="0"> 10,5, </key>
<key name="05"> 8,49, </key>
<key name="0505"> 8, </key>
<key name="100"> 8,25,27, </key>
<key name="12"> 33, </key>
<key name="1500"> 8, </key>
<key name="2"> 29, </key>
<key name="2005"> 8, </key>
<key name="212"> 8, </key>
<key name="24"> 7,33,34, </key>
<key name="25"> 8,30,4, </key>
<key name="26"> 49, </key>
<key name="3"> 33,34, </key>
<key name="30"> 10,4,48, </key>
<key name="33"> 28, </key>
<key name="389"> 25,24, </key>
<key name="6"> 10,4,16, </key>
<key name="64"> 10,4,16, </key>
<key name="650"> 8, </key>
<key name="7"> 8,30,6,49, </key>
<key name="7025"> 32, </key>
<key name="7071"> 40, </key>
<key name="71130"> 32, </key>
<key name="7143"> 32, </key>
<key name="75"> 28, </key>
<key name="7993"> 32, </key>
<key name="7995"> 32, </key>
<key name="ability"> 8, </key>
<key name="abl"> 36, </key>
<key name="abov"> 25,28, </key>
<key name="acces"> 7,10,30,22,27,23, </key>
<key name="account"> 7,10,38,1,30,0,11,2,12,13,3,4,39,14,15,42,9,31,18,5,16,17,19,48,20,21,44,45,22,46,23, </key>
<key name="action"> 10,41,22, </key>
<key name="activ"> 10,25,11,24,26,19,44, </key>
<key name="activity"> 10, </key>
<key name="ad"> 38,25,2,13,3,15,17, </key>
<key name="add"> 25,1,13,15,26,35, </key>
<key name="addition"> 7,32,22, </key>
<key name="additional"> 25,32,15,22, </key>
<key name="addres"> 7,10,25,32,11,13,6,15,26,31,35,18,17,20,22,27,46, </key>
<key name="admin"> 40, </key>
<key name="administration"> 7,10,6,15,40,9,35,46,49, </key>
<key name="administrator"> 10,29,32,12,40,9,21,46, </key>
<key name="advanc"> 8,10,30,2,12,3,4,5,19,48,22, </key>
<key name="advertis"> 32, </key>
<key name="affect"> 30,42, </key>
<key name="ag"> 10,16,48, </key>
<key name="again"> 21,44, </key>
<key name="aggressive"> 28, </key>
<key name="al"> 46, </key>
<key name="alia"> 13,15,18,20, </key>
<key name="alias"> 7,12,13, </key>
<key name="allow"> 10,31,27,23, </key>
<key name="along"> 8, </key>
<key name="alternat"> 12, </key>
<key name="although"> 42, </key>
<key name="alway"> 4,17, </key>
<key name="amount"> 16, </key>
<key name="anoth"> 2,4,41,27, </key>
<key name="anti"> 7,28,29,32,31,37, </key>
<key name="antiviru"> 29, </key>
<key name="any"> 10,38,30,0,3,14,41,42,31,16,48,20,22,46, </key>
<key name="ap"> 30,31,5,22, </key>
<key name="appear"> 11,12,41,21,44,46, </key>
<key name="appointment"> 22,23, </key>
<key name="appropriat"> 41, </key>
<key name="archiv"> 29, </key>
<key name="area"> 30,32,3, </key>
<key name="ask"> 46, </key>
<key name="assign"> 7,10,38,1,2,3,4,14, </key>
<key name="associat"> 1,30,3,5, </key>
<key name="attachment"> 10,30,2,3,4,31,18,5,22, </key>
<key name="attempt"> 24, </key>
<key name="attribut"> 2,3,18,5,16,48, </key>
<key name="august"> 8, </key>
<key name="authenticat"> 40, </key>
<key name="authentication"> 7,10,25,32,24,26,31,19, </key>
<key name="auto"> 17, </key>
<key name="automatical"> 10,28,29,2,4,35,48, </key>
<key name="availabl"> 7,1,2,24,3,9,17, </key>
<key name="away"> 17, </key>
<key name="backup"> 9, </key>
<key name="bas"> 25,30,14,21,44,27, </key>
<key name="basi"> 16,19, </key>
<key name="basic"> 7, </key>
<key name="basical"> 17, </key>
<key name="batch"> 41, </key>
<key name="be"> 11,42,19,48,46, </key>
<key name="becom"> 22,27, </key>
<key name="befor"> 10,38,28,30,11,3,16,48,46, </key>
<key name="begin"> 42,46, </key>
<key name="below"> 10,13,22,46, </key>
<key name="beta"> 8, </key>
<key name="bind"> 25,32,24,27, </key>
<key name="block"> 29,30,2,3,5, </key>
<key name="book"> 7,10,31,22,27, </key>
<key name="both"> 7,25,42,26,5,27, </key>
<key name="boulevard"> 8, </key>
<key name="box"> 38,25,12,16,19,20,44,46, </key>
<key name="brows"> 7,44,27, </key>
<key name="build"> 44,22, </key>
<key name="built"> 22, </key>
<key name="bulk"> 12,9, </key>
<key name="busy"> 22, </key>
<key name="button"> 7,10,27,23, </key>
<key name="ca"> 9, </key>
<key name="cal"> 12, </key>
<key name="calculat"> 48, </key>
<key name="calendar"> 22,23, </key>
<key name="cannot"> 10,35,16,27, </key>
<key name="capabiliti"> 8, </key>
<key name="car"> 42, </key>
<key name="cas"> 42,5, </key>
<key name="categori"> 22, </key>
<key name="caus"> 42, </key>
<key name="ceil"> 31, </key>
<key name="central"> 7, </key>
<key name="certain"> 30,14,42, </key>
<key name="certificat"> 9, </key>
<key name="chang"> 8,10,38,25,28,1,30,0,11,34,2,13,3,4,15,31,5,16,19,21,22,46, </key>
<key name="chapt"> 6, </key>
<key name="character"> 10,4, </key>
<key name="characteristic"> 28, </key>
<key name="chart"> 33, </key>
<key name="check"> 38,25,30,0,33,34,12,42,31,5,16,19,21,44,36,45,37, </key>
<key name="checkbox"> 42, </key>
<key name="checkmark"> 32, </key>
<key name="choic"> 14, </key>
<key name="choos"> 25,11,34,43,19,21,36, </key>
<key name="clam"> 29, </key>
<key name="clas"> 7,38,30,2,12,3,4,14,5,19, </key>
<key name="classify"> 22, </key>
<key name="clear"> 32, </key>
<key name="cli"> 9,35, </key>
<key name="click"> 10,38,25,1,30,11,33,34,12,13,3,39,15,41,42,43,5,19,20,21,44,36,45,27,46, </key>
<key name="clickabl"> 10, </key>
<key name="client"> 10,30,11,22,27, </key>
<key name="clos"> 11,24, </key>
<key name="cn"> 46, </key>
<key name="co"> 7,10,38,1,30,2,12,3,4,14,31,18,5,16,17,19,48,22, </key>
<key name="collaboration"> 8,28,29,24,4, </key>
<key name="colleagu"> 22, </key>
<key name="column"> 41, </key>
<key name="com"> 29,32,15, </key>
<key name="comma"> 44, </key>
<key name="command"> 12,6,9,35, </key>
<key name="commit"> 1,13,15,5,19,21, </key>
<key name="common"> 24,6,27,46, </key>
<key name="company"> 27, </key>
<key name="complet"> 41,20,44,46, </key>
<key name="compos"> 4,17,48,22,27, </key>
<key name="comput"> 22,46, </key>
<key name="concurrenc"> 42, </key>
<key name="conduct"> 43, </key>
<key name="configur"> 7,38,25,28,29,30,32,2,24,12,4,14,15,26,31,16,48,46, </key>
<key name="configuration"> 10,24,4,14,9,18,22, </key>
<key name="confirm"> 21, </key>
<key name="connect"> 25,32,24,40, </key>
<key name="connection"> 32,24,35, </key>
<key name="consid"> 3,18, </key>
<key name="consider"> 24, </key>
<key name="consistent"> 42, </key>
<key name="consol"> 7,10,32,15,9,46,49, </key>
<key name="consolidat"> 34, </key>
<key name="constraint"> 2,3,5, </key>
<key name="construct"> 44, </key>
<key name="contact"> 7,8,10,2,12,4,17,21,22,46, </key>
<key name="contain"> 30,9,19,44, </key>
<key name="content"> 10,23, </key>
<key name="continu"> 42,44, </key>
<key name="contract"> 29, </key>
<key name="control"> 2, </key>
<key name="conversation"> 8,2,4,17,22, </key>
<key name="convert"> 46, </key>
<key name="copyright"> 8, </key>
<key name="corporat"> 27, </key>
<key name="correct"> 30,24, </key>
<key name="correspond"> 12,5,22, </key>
<key name="cos"> 3, </key>
<key name="could"> 11,20, </key>
<key name="count"> 7,34, </key>
<key name="creat"> 7,38,2,24,12,13,3,4,39,6,14,15,9,26,18,43,16,21,44,45,22, </key>
<key name="criteria"> 22, </key>
<key name="current"> 7,42, </key>
<key name="dat"> 42,48,22,46, </key>
<key name="data"> 7,34, </key>
<key name="databas"> 44, </key>
<key name="day"> 10,4,16,48, </key>
<key name="decid"> 46, </key>
<key name="default"> 7,10,25,28,29,32,2,24,3,4,14,31,16,17,48,22,27, </key>
<key name="defin"> 7,8,3,31,35,22,46, </key>
<key name="definition"> 7,29,3, </key>
<key name="delet"> 7,11,3,42,26,35,48,46, </key>
<key name="deliver"> 10,28,30,11,36, </key>
<key name="delivery"> 30,47,20, </key>
<key name="deni"> 2,3, </key>
<key name="department"> 6,27, </key>
<key name="depend"> 34, </key>
<key name="describ"> 25,43, </key>
<key name="description"> 7,10,25,32,2,3,41,26, </key>
<key name="deselect"> 3, </key>
<key name="designat"> 12,18, </key>
<key name="desir"> 30,11, </key>
<key name="destination"> 28,39,40,44,46, </key>
<key name="detail"> 7,25,32,33,6,41,35,22, </key>
<key name="determin"> 28,11,2,24,12,3,42,5,27,46, </key>
<key name="dialog"> 12,41,42,21,44,45,46, </key>
<key name="different"> 1,12,14,41, </key>
<key name="directory"> 10,25,24,12,26,18,16,19,21,44,27,46,37, </key>
<key name="disabl"> 28,29,11,14,31, </key>
<key name="discard"> 42, </key>
<key name="disk"> 7,10,33,34, </key>
<key name="display"> 7,25,32,11,33,34,2,13,4,41,17,19,20,44,45,46, </key>
<key name="distinguish"> 44, </key>
<key name="distribution"> 6,9, </key>
<key name="dn"> 25,32,24,31,44,27, </key>
<key name="do"> 7,10,30,33,12,14, </key>
<key name="document"> 8, </key>
<key name="documentation"> 43, </key>
<key name="domain"> 7,25,32,11,2,24,13,3,39,41,26,31,19,21,44,22,27,46, </key>
<key name="doubl"> 30,13,15,5,19,21, </key>
<key name="down"> 13, </key>
<key name="download"> 7,22,46, </key>
<key name="downtim"> 42, </key>
<key name="drop"> 13, </key>
<key name="du"> 30, </key>

</ftswdata>  
