<?xml version='1.0' encoding='windows-1252' ?>
<indexdata>
<key name="services" >
  <topic name="Changing a Servers Configuration" url="managing_servers/changing_a_servers_configuration.htm" />
</key>
<key name="services, turning off/on" >
  <topic name="View Server Status" url="managing_servers/view_server_status.htm" />
</key>
<key name="session timeout" >
  <topic name="Session Timeout" url="session_timeout.htm" />
</key>
<key name="session token  lifetime" >
  <topic name="Account Advanced Features" url="managing_accounts/account_advanced_features.htm" />
</key>
<key name="setting passwords" >
  <topic name="Setting and Changing Passwords" url="managing_accounts/setting_passwords.htm" />
</key>
<key name="SMTP restrictions" >
  <topic name="MTA SMTP Restrictions" url="managing_global_settings/mta_smtp_restrictions.htm" />
</key>
<key name="spam" >
  <topic name="Anti-Spam Protection" url="managing_global_settings/anti-spam_protection.htm" />
</key>
<key name="spam lifetime" >
  <topic name="Account Advanced Features" url="managing_accounts/account_advanced_features.htm" />
</key>
<key name="starting services" >
  <topic name="Stopping Mailbox Service on a Server" url="managing_servers/stopping_mailbox_service_on_a_server.htm" />
</key>
<key name="statistics" >
  <topic name="Checking Usage Statistics" url="managing_servers/checking_usage_statistics.htm" />
</key>
<key name="statistics, disk usage" >
  <topic name="Checking Disk Space Usage" url="managing_servers/checking_disk_space_usage.htm" />
</key>
<key name="stopping services" >
  <topic name="Stopping Mailbox Service on a Server" url="managing_servers/stopping_mailbox_service_on_a_server.htm" />
</key>
<key name="tag percent" >
  <topic name="Anti-Spam Protection" url="managing_global_settings/anti-spam_protection.htm" />
</key>
<key name="tasks not in console" >
  <topic name="Management Tasks not available from the Console" url="getting_started/management_tasks_not_available_from_the_console.htm" />
</key>
<key name="tasks, administration" >
  <topic name="About the Administration Console" url="getting_started/about_the_administration_console.htm" />
</key>
<key name="trash lifetime" >
  <topic name="Account Advanced Features" url="managing_accounts/account_advanced_features.htm" />
</key>
<key name="usage, disk" >
  <topic name="Checking Usage Statistics" url="managing_servers/checking_usage_statistics.htm" />
</key>
<key name="user features" >
  <topic name="User Interface Features" url="managing_accounts/user_interface_features.htm" />
</key>
<key name="users mail" >
  <topic name="Viewing User's Mailbox Content" url="managing_accounts/viewing_user_s_mailbox_content.htm" />
</key>
<key name="version date" >
  <topic name="Version and Trademarks" url="version_and_trademarks.htm" />
</key>
<key name="viewing mailbox content" >
  <topic name="Viewing User's Mailbox Content" url="managing_accounts/viewing_user_s_mailbox_content.htm" />
</key>
<key name="viewing status" >
  <topic name="View Server Status" url="managing_servers/view_server_status.htm" />
</key>

</indexdata>
