<?xml version='1.0' encoding='windows-1252' ?>
<indexdata>
<key name="account advanced features" >
  <topic name="Account Advanced Features" url="managing_accounts/account_advanced_features.htm" />
</key>
<key name="account quota" >
  <topic name="Account Advanced Features" url="managing_accounts/account_advanced_features.htm" />
</key>
<key name="account status" >
  <topic name="Changing Account Status" url="managing_accounts/changing_account_status.htm" />
</key>
<key name="account, create" >
  <topic name="Create an Account" url="managing_accounts/create_an_account.htm" />
</key>
<key name="accounts" >
  <topic name="Managing User Accounts" url="managing_accounts/provisioning_accounts.htm" />
</key>
<key name="Active directory, password rule" >
  <topic name="Restricting Passwords" url="managing_accounts/restricting_passwords.htm" />
</key>
<key name="active mode" >
  <topic name="Changing Account Status" url="managing_accounts/changing_account_status.htm" />
</key>
<key name="adding a domain" >
  <topic name="Adding a New Domain" url="managing_domains/creating_a_domain.htm" />
</key>
<key name="admin console tasks" >
  <topic name="Tasks Performed from Administration Console" url="getting_started/tasks_performed_from_aministration_console.htm" />
</key>
<key name="administration console" >
  <topic name="About the Administration Console" url="getting_started/about_the_administration_console.htm" />
</key>
<key name="administration tasks" >
  <topic name="About the Administration Console" url="getting_started/about_the_administration_console.htm" />
</key>
<key name="administrator account" >
  <topic name="Account Advanced Features" url="managing_accounts/account_advanced_features.htm" />
</key>
<key name="advanced features" >
  <topic name="Account Advanced Features" url="managing_accounts/account_advanced_features.htm" />
</key>
<key name="aliases" >
  <topic name="Creating a Mail Aliases" url="managing_accounts/creating_a_mail_aliases.htm" />
</key>
<key name="aliases for anti-virus address" >
  <topic name="Administration Email Address Types" url="basic_administration_tasks/administration_email_address_types.htm" />
</key>
<key name="anti-spam" >
  <topic name="Anti-Spam Protection" url="managing_global_settings/anti-spam_protection.htm" />
</key>
<key name="anti-virus" >
  <topic name="Anti-Virus Configuration Options" url="managing_global_settings/anti-virus_configuration_options.htm" />
</key>
<key name="anti-virus address" >
  <topic name="Administration Email Address Types" url="basic_administration_tasks/administration_email_address_types.htm" />
</key>
<key name="attachment blocking" >
  <topic name="Blocking Attachments to Email" url="managing_global_settings/blocking_attachments_to_email.htm" />
</key>
<key name="authentication settings" >
  <topic name="Configuring Authentication Settings" url="managing_domains/authentication_settings.htm" />
</key>
<key name="blocking attachments" >
  <topic name="Blocking Attachments to Email" url="managing_global_settings/blocking_attachments_to_email.htm" />
</key>
<key name="change password" >
  <topic name="Password Options" url="managing_accounts/password_options.htm" />
</key>
<key name="changing password" >
  <topic name="Changing a Password" url="changing_a_password.htm" />
</key>
<key name="changing user passwords" >
  <topic name="Setting and Changing Passwords" url="managing_accounts/setting_passwords.htm" />
</key>
<key name="changing, display name" >
  <topic name="Changing a Servers Configuration" url="managing_servers/changing_a_servers_configuration.htm" />
</key>
<key name="changing, host name" >
  <topic name="Changing a Servers Configuration" url="managing_servers/changing_a_servers_configuration.htm" />
</key>
<key name="class of service, about" >
  <topic name="Class of Service" url="cos/class_of_service.htm" />
</key>
<key name="CLI tool" >
  <topic name="Management Tasks not available from the Console" url="getting_started/management_tasks_not_available_from_the_console.htm" />
</key>
<key name="company directory" >
  <topic name="Using the Global Address List (GAL)" url="managing_domains/using_the_global_address_list_(gal).htm" />
</key>
<key name="configuring advanced features" >
  <topic name="Account Advanced Features" url="managing_accounts/account_advanced_features.htm" />
</key>
<key name="configuring authentication settings" >
  <topic name="Configuring Authentication Settings" url="managing_domains/authentication_settings.htm" />
</key>
<key name="copyright" >
  <topic name="About Zimbra Collaboration Suite" url="getting_started/about_zcs.htm" />
</key>
<key name="COS" >
  <topic name="Class of Service" url="cos/class_of_service.htm" />
</key>
<key name="COS advanced features" >
  <topic name="Account Advanced Features" url="managing_accounts/account_advanced_features.htm" />
</key>
<key name="COS, creating" >
  <topic name="Creating Classes of Service" url="cos/creating_classes_of_service.htm" />
</key>
<key name="COS, default settings" >
  <topic name="Default COS" url="cos/default_cos.htm" />
</key>
<key name="COS, override" >
  <topic name="Override COS Settings" url="cos/override_cos_settings.htm" />
</key>
<key name="COS, server pool" >
  <topic name="Assigning Accounts to Different Servers" url="cos/assigning_accounts_to_different_servers.htm" />
</key>
<key name="create an account" >
  <topic name="Create an Account" url="managing_accounts/create_an_account.htm" />
</key>
<key name="creating accounts" >
  <topic name="Provisioning Accounts" url="managing_accounts/provisioning_accounts.htm" />
</key>
<key name="creating COS" >
  <topic name="Creating Classes of Service" url="cos/creating_classes_of_service.htm" />
</key>
<key name="creating mail aliases" >
  <topic name="Creating a Mail Aliases" url="managing_accounts/creating_a_mail_aliases.htm" />
</key>
<key name="data, status" >
  <topic name="View Server Status" url="managing_servers/view_server_status.htm" />
</key>
<key name="delete COS" >
  <topic name="Creating Classes of Service" url="cos/creating_classes_of_service.htm" />
</key>
<key name="deleting forwarding address" >
  <topic name="Forwarding Mail" url="managing_accounts/forwarding_mail.htm" />
</key>
<key name="deleting mail messages" >
  <topic name="Purging Mail Messages" url="purging_mail_messages.htm" />
</key>
<key name="deleting messages" >
  <topic name="Account Advanced Features" url="managing_accounts/account_advanced_features.htm" />
</key>
<key name="disk space usage" >
  <topic name="Checking Disk Space Usage" url="managing_servers/checking_disk_space_usage.htm" />
</key>
<key name="disk usage" >
  <topic name="Checking Usage Statistics" url="managing_servers/checking_usage_statistics.htm" />
</key>
<key name="distribution lists" >
  <topic name="Distribution Lists" url="distribution_lists.htm" />
</key>
<key name="DNS checks" >
  <topic name="MTA SMTP Restrictions" url="managing_global_settings/mta_smtp_restrictions.htm" />
</key>
<key name="domain, adding" >
  <topic name="Adding a New Domain" url="managing_domains/creating_a_domain.htm" />
</key>
<key name="domains" >
  <topic name="Managing Domains" url="managing_domains/managing_domains.htm" />
</key>
<key name="enforce password history" >
  <topic name="Password Options" url="managing_accounts/password_options.htm" />
</key>
<key name="external active directory" >
  <topic name="Configuring Authentication Settings" url="managing_domains/authentication_settings.htm" />
</key>
<key name="features" >
  <topic name="User Interface Features" url="managing_accounts/user_interface_features.htm" />
</key>
<key name="filter, anti-virus" >
  <topic name="Anti-Virus Protection" url="managing_global_settings/anti-virus_configuration_options.htm" />
</key>
<key name="find" >
  <topic name="Search for Accounts" url="managing_accounts/search.htm" />
</key>
<key name="forwarding mail" >
  <topic name="Forwarding Mail" url="managing_accounts/forwarding_mail.htm" />
</key>
<key name="GAL configuration wizard" >
  <topic name="Using the Global Address List (GAL)" url="managing_domains/using_the_global_address_list_(gal).htm" />
</key>
<key name="GAL, using" >
  <topic name="Using the Global Address List (GAL)" url="managing_domains/using_the_global_address_list_(gal).htm" />
</key>
<key name="Global Access List" >
  <topic name="Using the Global Address List (GAL)" url="managing_domains/using_the_global_address_list_(gal).htm" />
</key>
<key name="global settings" >
  <topic name="Global Settings" url="managing_global_settings/global_settings.htm" />
</key>
<key name="IMAP settings" >
  <topic name="Changing a Servers Configuration" url="managing_servers/changing_a_servers_configuration.htm" />
</key>
<key name="junk" >
  <topic name="Anti-Spam Protection" url="managing_global_settings/anti-spam_protection.htm" />
</key>
<key name="kill percent" >
  <topic name="Anti-Spam Protection" url="managing_global_settings/anti-spam_protection.htm" />
</key>
<key name="ldap" >
  <topic name="Using the Global Address List (GAL)" url="managing_domains/using_the_global_address_list_(gal).htm" />
</key>
<key name="locked account" >
  <topic name="Changing Account Status" url="managing_accounts/changing_account_status.htm" />
</key>
<key name="locked password" >
  <topic name="Password Options" url="managing_accounts/password_options.htm" />
</key>
<key name="locking passwords" >
  <topic name="Restricting Passwords" url="managing_accounts/restricting_passwords.htm" />
</key>
<key name="mail forwarding" >
  <topic name="Forwarding Mail" url="managing_accounts/forwarding_mail.htm" />
</key>
<key name="mail, purging" >
  <topic name="Purging Mail Messages" url="purging_mail_messages.htm" />
</key>
<key name="mailbox, restore" >
  <topic name="Restoring a Mailbox" url="managing_accounts/restoring_a_mailbox.htm" />
</key>
<key name="maintenance mode" >
  <topic name="Changing Account Status" url="managing_accounts/changing_account_status.htm" />
</key>
<key name="managing accounts" >
  <topic name="Managing User Accounts" url="managing_accounts/provisioning_accounts.htm" />
</key>
<key name="managing tasks" >
  <topic name="Management Tasks not available from the Console" url="getting_started/management_tasks_not_available_from_the_console.htm" />
</key>
<key name="message lifetime, deleting" >
  <topic name="Account Advanced Features" url="managing_accounts/account_advanced_features.htm" />
</key>
<key name="migrating from Exchange" >
  <topic name="Using the Migration Wizard" url="migration_wizard/mw_using_the_migration_wizard.htm" />
</key>
<key name="migration wizard" >
  <topic name="Using the Migration Wizard" url="migration_wizard/mw_using_the_migration_wizard.htm" />
</key>
<key name="migration wizard, outlook types imported" >
  <topic name="Import Options" url="migration_wizard/mw_import_options.htm" />
</key>
<key name="monitoring host" >
  <topic name="View Server Status" url="managing_servers/view_server_status.htm" />
</key>
<key name="MTA settings" >
  <topic name="Changing a Servers Configuration" url="managing_servers/changing_a_servers_configuration.htm" />
</key>
<key name="navigation" >
  <topic name="About the Administration Console" url="getting_started/about_the_administration_console.htm" />
</key>
<key name="Outlook types imported" >
  <topic name="Import Options" url="migration_wizard/mw_import_options.htm" />
</key>
<key name="password aging" >
  <topic name="Password Options" url="managing_accounts/password_options.htm" />
</key>
<key name="password configuration" >
  <topic name="Account Advanced Features" url="managing_accounts/account_advanced_features.htm" />
</key>
<key name="password length" >
  <topic name="Password Options" url="managing_accounts/password_options.htm" />
</key>
<key name="password option" >
  <topic name="Password Options" url="managing_accounts/password_options.htm" />
</key>
<key name="password, changing" >
  <topic name="Changing a Password" url="changing_a_password.htm" />
</key>
<key name="password, forget" >
  <topic name="Password Options" url="managing_accounts/password_options.htm" />
</key>
<key name="password, locked" >
  <topic name="Password Options" url="managing_accounts/password_options.htm" />
</key>
<key name="password, restricting" >
  <topic name="Restricting Passwords" url="managing_accounts/restricting_passwords.htm" />
</key>
<key name="passwords and Active Directory" >
  <topic name="Restricting Passwords" url="managing_accounts/restricting_passwords.htm" />
</key>
<key name="passwords, changing" >
  <topic name="Setting and Changing Passwords" url="managing_accounts/setting_passwords.htm" />
</key>
<key name="POP settings" >
  <topic name="Changing a Servers Configuration" url="managing_servers/changing_a_servers_configuration.htm" />
</key>
<key name="postmaster address" >
  <topic name="Administration Email Address Types" url="basic_administration_tasks/administration_email_address_types.htm" />
</key>
<key name="preferences" >
  <topic name="Configuring Preferences" url="managing_accounts/preferences.htm" />
</key>
<key name="protocol checks" >
  <topic name="MTA SMTP Restrictions" url="managing_global_settings/mta_smtp_restrictions.htm" />
</key>
<key name="provision an account" >
  <topic name="Create an Account" url="managing_accounts/create_an_account.htm" />
</key>
<key name="purging mail" >
  <topic name="Purging Mail Messages" url="purging_mail_messages.htm" />
</key>
<key name="quota" >
  <topic name="Account Advanced Features" url="managing_accounts/account_advanced_features.htm" />
</key>
<key name="relay MTA" >
  <topic name="Relay MTA for external delivery" url="managing_global_settings/relay_mta_for_external_delivery.htm" />
</key>
<key name="restoring mailbox" >
  <topic name="Restoring a Mailbox" url="managing_accounts/restoring_a_mailbox.htm" />
</key>
<key name="search" >
  <topic name="Search for Accounts" url="managing_accounts/search.htm" />
</key>
<key name="server IP address" >
  <topic name="Changing a Servers Configuration" url="managing_servers/changing_a_servers_configuration.htm" />
</key>
<key name="server pool" >
  <topic name="Assigning Accounts to Different Servers" url="cos/assigning_accounts_to_different_servers.htm" />
</key>
<key name="server settings" >
  <topic name="Changing a Servers Configuration" url="managing_servers/changing_a_servers_configuration.htm" />
</key>
<key name="server, stopping service" >
  <topic name="Stopping Mailbox Service on a Server" url="managing_servers/stopping_mailbox_service_on_a_server.htm" />
</key>
<key name="servers" >
  <topic name="Managing Servers" url="managing_servers/managing_servers.htm" />
</key>
<key name="service status" >
  <topic name="View Server Status" url="managing_servers/view_server_status.htm" />
</key>
<key name="service, stopping" >
  <topic name="Stopping Mailbox Service on a Server" url="managing_servers/stopping_mailbox_service_on_a_server.htm" />
</key>

</indexdata>
