<?xml version='1.0' encoding='windows-1252' ?>
<ftswdata>
<key name="defin"> 6,7,34,2,32,27,3,36,41,20,9,25,53,44, </key>
<key name="delet"> 6,12,14,3,15,49,41,20,55,21,53,44, </key>
<key name="deliver"> 10,33,34,12,42,44, </key>
<key name="delivery"> 35,54,41,38,23, </key>
<key name="deni"> 2,3, </key>
<key name="department"> 32, </key>
<key name="depend"> 39,21, </key>
<key name="deposit"> 21, </key>
<key name="describ"> 28,16,29,30, </key>
<key name="description"> 6,10,28,2,3,16,31,41, </key>
<key name="deselect"> 3, </key>
<key name="designat"> 13,38, </key>
<key name="desir"> 35,12, </key>
<key name="desk"> 6, </key>
<key name="destination"> 46,47,51,52,53, </key>
<key name="detail"> 6,28,29,30,41,20,9,25, </key>
<key name="determin"> 33,12,2,32,3,49,5,56,53, </key>
<key name="dialog"> 13,14,46,47,49,21,24,51,52,53, </key>
<key name="different"> 1,3,41,5,38,9,25, </key>
<key name="direct"> 29,30, </key>
<key name="directory"> 10,28,32,27,13,29,30,31,18,22,24,51,53,44, </key>
<key name="disabl"> 10,33,35,12,3,36,5, </key>
<key name="disapprov"> 37, </key>
<key name="discard"> 49, </key>
<key name="disk"> 6,10,13,44, </key>
<key name="display"> 6,28,39,2,13,14,16,4,29,30,48,49,41,20,5,19,21,23,51,52,25,53,43,44, </key>
<key name="distinguish"> 32,27,51, </key>
<key name="distribution"> 6,32,16,15,9, </key>
<key name="dn"> 32,27,29,30,36,41,37,51, </key>
<key name="do"> 16,37,21, </key>
<key name="document"> 7, </key>
<key name="documentation"> 6,50, </key>
<key name="domain"> 6,28,35,12,2,32,27,14,3,46,29,30,31,36,50,37,22,51,9,25,53, </key>
<key name="don"> 0,20,24, </key>
<key name="doubl"> 14,17,20,24, </key>
<key name="down"> 32,14,16, </key>
<key name="download"> 6,9,53, </key>
<key name="downtim"> 49, </key>
<key name="driv"> 44, </key>
<key name="drop"> 14, </key>
<key name="du"> 35, </key>
<key name="duplicat"> 49, </key>
<key name="e"> 13,51, </key>
<key name="earli"> 49, </key>
<key name="easi"> 20, </key>
<key name="easy"> 25, </key>
<key name="edit"> 6,35,12,14,3,17,29,30,31,41,20,22,21,24, </key>
<key name="effect"> 41, </key>
<key name="effectiv"> 12, </key>
<key name="eith"> 6,10,28,32,16,29,30,36,19,22,55,56,51,25,53,44, </key>
<key name="elaps"> 10, </key>
<key name="elsewher"> 36, </key>
<key name="email"> 6,10,45,0,33,35,32,13,14,16,49,20,5,55,21,38,23,51,42,9,25,53, </key>
<key name="employe"> 2,32, </key>
<key name="empty"> 44, </key>
<key name="enabl"> 10,33,34,35,11,2,13,16,4,36,41,37,5,18,19,22,25, </key>
<key name="encrypt"> 34,18,24, </key>
<key name="end"> 2,3,16,19,9, </key>
<key name="enforc"> 10,18,22, </key>
<key name="enough"> 35, </key>
<key name="ensur"> 49,18, </key>
<key name="ent"> 28,32,27,13,14,3,16,17,29,30,47,49,20,23,24,51,53,44, </key>
<key name="enter"> 28,33,32,27,29,30,18,23, </key>
<key name="entir"> 32, </key>
<key name="entri"> 10,32,49,51,26, </key>
<key name="entry"> 32, </key>
<key name="environment"> 6,1, </key>
<key name="equal"> 32, </key>
<key name="error"> 27,48,53, </key>
<key name="etc"> 32,44, </key>
<key name="even"> 2, </key>
<key name="every"> 34, </key>
<key name="everyon"> 16, </key>
<key name="ex"> 53, </key>
<key name="exampl"> 2,32,27,13,16,23,51, </key>
<key name="except"> 55, </key>
<key name="exception"> 5, </key>
<key name="exchang"> 45,49,50,51,9,53, </key>
<key name="execut"> 8, </key>
<key name="executabl"> 53, </key>
<key name="executiv"> 2, </key>
<key name="exhibit"> 37, </key>
<key name="exist"> 2,32,14,17,29,21,51,52,53, </key>
<key name="expand"> 6,12,39, </key>
<key name="experienc"> 35, </key>
<key name="expir"> 18, </key>
<key name="explicit"> 2,32,30,36, </key>
<key name="expression"> 29,30, </key>
<key name="extension"> 35, </key>
<key name="external"> 10,28,32,27,29,30,31,41,38, </key>
<key name="fail"> 28,29,30, </key>
<key name="far"> 6, </key>
<key name="fashion"> 7,18, </key>
<key name="featur"> 7,10,11,12,2,32,13,3,4,20,5,55,9,25,26, </key>
<key name="field"> 33,32,27,16,29,30,49,41,22,44, </key>
<key name="fil"> 34,35,48,49,21,53,26,44, </key>
<key name="filt"> 33,34,32,27,29,30,49,51, </key>
<key name="filter"> 7,33,32,38,25, </key>
<key name="final"> 54, </key>
<key name="find"> 12,16,21,23, </key>
<key name="finish"> 28,13,29,30, </key>
<key name="first"> 10,32,16,18,22,21,23,51,25,53,44, </key>
<key name="flag"> 25, </key>
<key name="flander"> 51, </key>
<key name="fold"> 10,33,49,55,56,25,53, </key>
<key name="folder"> 7,49,55,21,51,25,53,26, </key>
<key name="follow"> 6,0,33,35,12,2,32,27,4,47,8,36,41,20,37,19,51,53,44, </key>
<key name="font"> 25, </key>
<key name="forc"> 10,11,22,24, </key>
<key name="forget"> 18,24, </key>
<key name="format"> 39,19, </key>
<key name="forum"> 6, </key>
<key name="forward"> 6,0,13,14,17,20,19, </key>
<key name="fre"> 41,25, </key>
<key name="frequency"> 34, </key>
<key name="fstab"> 44, </key>
<key name="ful"> 37, </key>
<key name="full"> 7,10,50,53,44, </key>
<key name="function"> 6,36,20, </key>
<key name="gal"> 6,28,32,30,31,36,25, </key>
<key name="gb"> 39, </key>
<key name="general"> 35,12,2,3,31,36,41,24, </key>
<key name="generat"> 0, </key>
<key name="given"> 32,44, </key>
<key name="global"> 6,28,33,34,35,2,32,3,30,31,36,41,5,38,9,25, </key>
<key name="gn"> 32, </key>
<key name="go"> 6,35,29,30,52,53,44, </key>
<key name="good"> 24, </key>
<key name="grant"> 27, </key>
<key name="graph"> 39, </key>
<key name="graphical"> 39, </key>
<key name="greet"> 37, </key>
<key name="group"> 2,16,4,50,19,51,25,53, </key>
<key name="guid"> 33,13,8,31,41,9, </key>
<key name="hack"> 12, </key>
<key name="handl"> 33, </key>
<key name="happen"> 49, </key>
<key name="hard"> 44, </key>
<key name="hav"> 32,26, </key>
<key name="head"> 20, </key>
<key name="help"> 6,51,57, </key>
<key name="her"> 6,40,18, </key>
<key name="hierarchy"> 53, </key>
<key name="high"> 7, </key>
<key name="highlight"> 14,17,41,5,24, </key>
<key name="history"> 10,18, </key>
<key name="holidaycommitte"> 16, </key>
<key name="host"> 6,1,35,2,32,27,13,47,36,41,38,53, </key>
<key name="hostnam"> 37, </key>
<key name="hour"> 6,34,39,56, </key>
<key name="hov"> 14, </key>
<key name="how"> 10,33,35,13,3,29,30,19,55,56,25,53, </key>
<key name="html"> 4,19,25, </key>
<key name="i"> 13,51, </key>
<key name="icon"> 53, </key>
<key name="id"> 20,23, </key>
<key name="identifi"> 28,31,41, </key>
<key name="identify"> 33,32,27,16,50,37,51, </key>
<key name="if"> 10,45,28,34,35,11,12,39,2,32,27,13,16,46,29,30,48,49,36,41,20,37,5,18,22,21,38,23,56,24,51,25,53, </key>
<key name="ignor"> 49, </key>
<key name="ill"> 37, </key>
<key name="imap"> 6,2,13,36,41,9,25, </key>
<key name="immediate"> 6,11,12,42, </key>
<key name="implement"> 37, </key>
<key name="import"> 12,46,47,48,49,50,51,9,53, </key>
<key name="important"> 34,2,13,49,41,50,37,5,38,53, </key>
<key name="inaccessibl"> 20, </key>
<key name="inbound"> 6,39, </key>
<key name="inbox"> 4,55, </key>
<key name="inc"> 7, </key>
<key name="includ"> 6,7,10,2,3,16,31,36,41,56,51,43,26, </key>
<key name="incom"> 37,55, </key>
<key name="increas"> 49, </key>
<key name="index"> 4,41,21,44, </key>
<key name="index1"> 44, </key>
<key name="individual"> 35,2,16,8,5,22,55,51,53, </key>
<key name="inform"> 49, </key>
<key name="information"> 7,45,28,12,2,32,27,13,3,29,30,47,8,41,20,24,51,9,53,44, </key>
<key name="inherit"> 10, </key>
<key name="initial"> 13,4,18,19,24,25,44, </key>
<key name="input"> 32, </key>
<key name="instal"> 6,33,34,39,2,4,41,53,43,44, </key>
<key name="install"> 8, </key>
<key name="installation"> 28,34,31,36,41, </key>
<key name="instead"> 45,51,53, </key>
<key name="instruct"> 0,38, </key>
<key name="interfac"> 12,8,25, </key>
<key name="internal"> 28,32,27,29,30,31, </key>
<key name="internet"> 4,19, </key>
<key name="interrupt"> 49, </key>
<key name="ip"> 41,37, </key>
<key name="island"> 7, </key>
<key name="isp"> 38, </key>
<key name="issu"> 28,29,30, </key>
<key name="item"> 4,49,19,25,53, </key>
<key name="itself"> 42, </key>
<key name="jo"> 51, </key>
<key name="joanna"> 51, </key>
<key name="john"> 13, </key>
<key name="joseph"> 51, </key>
<key name="junk"> 10,33,49,53, </key>
<key name="just"> 28, </key>
<key name="kb"> 39, </key>
<key name="keep"> 3, </key>
<key name="key"> 16, </key>
<key name="keyword"> 53, </key>
<key name="kill"> 33, </key>
<key name="know"> 11,32,23, </key>
<key name="known"> 32,16, </key>
<key name="label"> 25, </key>
<key name="larg"> 13,41,53,44, </key>
<key name="last"> 6,39,32,13,23,57,43, </key>
<key name="latest"> 53, </key>
<key name="launch"> 50, </key>
<key name="ldap"> 6,28,32,27,13,29,30,31,41,24,43, </key>
<key name="least"> 24, </key>
<key name="leav"> 32,27,16, </key>
<key name="left"> 6,1,16,29,49, </key>
<key name="legitimat"> 27, </key>
<key name="length"> 10,2,3,4,18, </key>
<key name="let"> 2,49,25,26, </key>
<key name="level"> 10,2,49,22, </key>

</ftswdata>  
