<?xml version='1.0' encoding='windows-1252' ?>
<ftswdata>
<key name="return"> 28,16,30,21, </key>
<key name="review"> 33,51, </key>
<key name="rfc"> 37, </key>
<key name="rich"> 25, </key>
<key name="right"> 6,7,1,12,16,20,21,42, </key>
<key name="root"> 41,51,44, </key>
<key name="rout"> 25, </key>
<key name="rul"> 33,35,32,27,49,36,5,25, </key>
<key name="run"> 6,27,47,21,25,53,43, </key>
<key name="s"> 6,33,11,32,3,47,41,20,37,18,19,21,24,51,53,26,44, </key>
<key name="sam"> 23, </key>
<key name="samantha"> 23, </key>
<key name="sammy"> 23, </key>
<key name="samson"> 23, </key>
<key name="samuel"> 23, </key>
<key name="san"> 7, </key>
<key name="sav"> 1,35,12,13,14,3,16,17,29,30,19,22,24,42,25,53,44, </key>
<key name="scal"> 39, </key>
<key name="schedul"> 49,25, </key>
<key name="schema"> 27, </key>
<key name="scor"> 33, </key>
<key name="scroll"> 16, </key>
<key name="se"> 6,39,13,14,30,47,48,8,41,5,51,25,43, </key>
<key name="search"> 6,7,28,12,32,27,14,16,4,29,30,36,19,21,23,51,25, </key>
<key name="second"> 56, </key>
<key name="section"> 16, </key>
<key name="security"> 6,9, </key>
<key name="select"> 6,45,28,1,35,12,39,32,27,13,14,3,16,15,46,29,30,31,41,20,50,22,21,24,51,25,53,26,44, </key>
<key name="self"> 8, </key>
<key name="send"> 0,34,16,20,37,38, </key>
<key name="sender"> 37, </key>
<key name="sent"> 45,0,35,17,19,55, </key>
<key name="separat"> 6,16,51, </key>
<key name="sequenc"> 23,53, </key>
<key name="seri"> 13,53, </key>
<key name="serv"> 6,10,45,28,1,35,39,2,40,32,27,13,3,4,46,29,30,47,49,54,8,31,36,41,20,50,18,22,38,24,51,42,52,9,53,43,44, </key>
<key name="server"> 6,1,39,32,29,30,49,36,41,42,9,43,44, </key>
<key name="servic"> 6,7,45,1,35,2,32,3,4,47,49,8,36,41,20,5,22,42,9,43, </key>
<key name="session"> 10,2,13,3,56, </key>
<key name="set"> 6,10,0,33,35,12,2,32,13,3,29,30,49,36,41,37,5,18,22,55,38,56,24,25,53, </key>
<key name="setting"> 6,28,33,34,35,2,32,27,13,4,29,30,31,36,5,38,9, </key>
<key name="setup"> 0, </key>
<key name="sev"> 44, </key>
<key name="sever"> 6, </key>
<key name="shift"> 16, </key>
<key name="should"> 10,45,1,11,13,16,30,49,38,51,53, </key>
<key name="show"> 12,39,2,14,4,41,19,44, </key>
<key name="shown"> 45,53, </key>
<key name="sid"> 49, </key>
<key name="sign"> 2,8, </key>
<key name="signatur"> 4,19, </key>
<key name="simultaneous"> 49,25,53, </key>
<key name="sinc"> 49, </key>
<key name="singl"> 50,51,25,53, </key>
<key name="sit"> 35, </key>
<key name="siz"> 10,36,25, </key>
<key name="smith"> 13,51, </key>
<key name="smtp"> 37,38, </key>
<key name="sn"> 32, </key>
<key name="snmp"> 6,41,43, </key>
<key name="so"> 0,34,32,37, </key>
<key name="soft"> 12, </key>
<key name="softwar"> 33,34, </key>
<key name="sort"> 7, </key>
<key name="sourc"> 7,51,52,53, </key>
<key name="spac"> 10,13,3,16, </key>
<key name="spam"> 6,10,33,35,39,4,36,41,37,55,43, </key>
<key name="spamassassin"> 33,39, </key>
<key name="specifi"> 10,32,27,14,50,53, </key>
<key name="specific"> 6,35,39,2,32,27,14,16,20,18,23,51, </key>
<key name="specify"> 3,29,53, </key>
<key name="spell"> 43, </key>
<key name="ssl"> 28,32,27,29,30,41, </key>
<key name="standard"> 7,11,37,19,51, </key>
<key name="start"> 46,47,8,21,53, </key>
<key name="statistic"> 6,39,9, </key>
<key name="statu"> 6,45,35,12,40,36,20,21,52,9,43,44, </key>
<key name="status"> 12, </key>
<key name="stay"> 13, </key>
<key name="step"> 28,13,29,30,31, </key>
<key name="still"> 12,32,21,44, </key>
<key name="stop"> 35,8,21,42, </key>
<key name="stor"> 6,41,18,24,51,44, </key>
<key name="storag"> 44, </key>
<key name="str"> 32,4,19,23, </key>
<key name="styl"> 4,19,25, </key>
<key name="subject"> 7,33,25, </key>
<key name="subtre"> 51, </key>
<key name="succeed"> 27, </key>
<key name="sudden"> 35, </key>
<key name="suit"> 7,33,34,27,4,44, </key>
<key name="summary"> 28,29,30, </key>
<key name="suppli"> 27, </key>
<key name="support"> 0, </key>
<key name="surg"> 35, </key>
<key name="surnam"> 32, </key>
<key name="suspect"> 12, </key>
<key name="suspend"> 42, </key>
<key name="symbol"> 13, </key>
<key name="syntax"> 32, </key>
<key name="system"> 6,33,32,3,31,36,20,37,23,44, </key>
<key name="t"> 0,20,21, </key>
<key name="tab"> 6,33,34,1,35,11,12,2,14,3,17,41,18,19,22,55,56,24,42,25,43,44, </key>
<key name="tag"> 7,33,39,25,53,26, </key>
<key name="tak"> 41,21, </key>
<key name="target"> 52,53, </key>
<key name="task"> 49,8,9, </key>
<key name="templat"> 28, </key>
<key name="temporari"> 35, </key>
<key name="temporary"> 50,53, </key>
<key name="term"> 30, </key>
<key name="test"> 28,29,30, </key>
<key name="text"> 28,40,4,29,30,41,19,51, </key>
<key name="them"> 34,44, </key>
<key name="third"> 25, </key>
<key name="thoroughnes"> 32, </key>
<key name="thos"> 2,49, </key>
<key name="though"> 2, </key>
<key name="thre"> 27, </key>
<key name="thread"> 41,19, </key>
<key name="threshold"> 41,44, </key>
<key name="thunderbird"> 25, </key>
<key name="tim"> 10,11,39,3,16,46,36,18,21,24,25,53,43, </key>
<key name="timeout"> 41,56, </key>
<key name="tip"> 14, </key>
<key name="tl"> 41, </key>
<key name="token"> 10, </key>
<key name="tool"> 6,2,13,14,3,8,31,21,24,53, </key>
<key name="toolbar"> 6,28,13,14,3,29,30,20, </key>
<key name="topic"> 40, </key>
<key name="total"> 39, </key>
<key name="trac"> 8, </key>
<key name="trademark"> 7, </key>
<key name="traffic"> 35,42, </key>
<key name="transf"> 54, </key>
<key name="transfer"> 54, </key>
<key name="trash"> 10,4,55, </key>
<key name="tri"> 27, </key>
<key name="troubl"> 26, </key>
<key name="turn"> 33,41,43, </key>
<key name="two"> 34, </key>
<key name="typ"> 7,0,35,40,32,13,3,16,29,30,49,41,37,23,51,9,44, </key>
<key name="un"> 42, </key>
<key name="unauthoriz"> 35,12, </key>
<key name="unavailabl"> 49, </key>
<key name="unchang"> 10, </key>
<key name="unlimit"> 10,14,25, </key>
<key name="unprovision"> 53, </key>
<key name="unread"> 33, </key>
<key name="unsolicit"> 33, </key>
<key name="up"> 0,32,13,49,36,18,24,25,53, </key>
<key name="updat"> 34,2,46,19,57, </key>
<key name="url"> 6,32,27,29,30, </key>
<key name="us"> 6,7,10,0,1,35,11,12,2,32,27,13,3,16,4,46,29,30,47,49,54,20,50,18,19,22,21,38,23,56,24,51,9,25,53,26,44, </key>
<key name="usag"> 6,39,16, </key>
<key name="user"> 10,45,33,35,11,12,2,32,27,13,3,49,18,19,22,55,21,24,51,42,25,53,26,44, </key>
<key name="usernam"> 28,47, </key>
<key name="usual"> 5, </key>
<key name="utiliti"> 8, </key>
<key name="utiliz"> 53, </key>
<key name="valid"> 27, </key>
<key name="valu"> 32,13,30,36,41,5, </key>
<key name="variou"> 6,32,3, </key>
<key name="verifi"> 32, </key>
<key name="verification"> 52,53, </key>
<key name="version"> 57, </key>
<key name="via"> 41, </key>
<key name="view"> 6,10,33,35,12,39,2,14,3,16,4,20,5,19,56,25,43,26, </key>
<key name="violat"> 37, </key>
<key name="violator"> 37, </key>
<key name="viru"> 6,34,35,39,36,41,43, </key>
<key name="volum"> 6,39,41,44, </key>
<key name="walk"> 28, </key>
<key name="want"> 45,0,32,27,13,3,20,37,22,51, </key>
<key name="warn"> 48, </key>
<key name="warning"> 48,53, </key>
<key name="web"> 35,2,13,3,41,19,38,25, </key>
<key name="webmail"> 38, </key>
<key name="welcom"> 53, </key>
<key name="well"> 7, </key>
<key name="what"> 2,13,3,49,37,5, </key>
<key name="whenev"> 22, </key>
<key name="wheth"> 6,12,2,32,27,49,41,53,44, </key>
<key name="whil"> 12,48,49,21,53, </key>
<key name="whos"> 16, </key>
<key name="wid"> 6,36, </key>
<key name="will"> 45,28,35,13,14,3,17,49,50,55,51,52,53, </key>
<key name="window"> 50,19,51,53, </key>
<key name="with"> 27, </key>
<key name="within"> 6,32,27,29,18,26, </key>
<key name="without"> 7,32,42,26, </key>
<key name="wizard"> 6,28,32,27,13,46,29,30,47,49,31,20,50,24,51,9,53, </key>
<key name="word"> 13, </key>
<key name="work"> 49, </key>
<key name="would"> 32,27,51, </key>
<key name="writh"> 51, </key>
<key name="www"> 7, </key>
<key name="x"> 39, </key>
<key name="your"> 0,34,1,35,27,14,3,4,17,37,22,38,24,51,53,44, </key>
<key name="zero"> 10, </key>
<key name="ziimbra"> 41, </key>
<key name="zimbra"> 6,7,45,33,34,35,39,2,32,27,13,3,4,46,47,49,8,31,41,20,50,19,38,51,52,9,25,53,43,44, </key>
<key name="zimbraaccount"> 32, </key>
<key name="zimbradistributionlist"> 32, </key>
<key name="zimbramailaddres"> 32, </key>
<key name="zimbramailalia"> 32, </key>
<key name="zimbramaildeliveryaddres"> 32, </key>
<key name="zip"> 34, </key>
<key name="zmprov"> 13,41, </key>

</ftswdata>  
