<?xml version='1.0' encoding='windows-1252' ?>
<ftswdata>
<key name="lifetim"> 10,2,13,3,4,5,55,56, </key>
<key name="like"> 49, </key>
<key name="limit"> 10,2,3, </key>
<key name="lin"> 33,2,13,16,8,41,25,44, </key>
<key name="link"> 6,13,41,5, </key>
<key name="list"> 6,10,45,28,1,35,12,2,32,14,16,15,46,17,30,48,31,20,22,24,51,42,52,9,25,53,43,44, </key>
<key name="lmtp"> 54,41,42, </key>
<key name="local"> 54,8,38, </key>
<key name="locat"> 20, </key>
<key name="location"> 38,51, </key>
<key name="lock"> 10,12,20,18,22, </key>
<key name="log"> 6,10,11,12,39,27,48,41,50,18,24,42,25,53,43,26, </key>
<key name="login"> 12, </key>
<key name="logo"> 7, </key>
<key name="logon"> 50, </key>
<key name="long"> 10,2,13,21,56,44, </key>
<key name="look"> 32,25, </key>
<key name="lookup"> 32,31,41, </key>
<key name="loop"> 38, </key>
<key name="lost"> 53, </key>
<key name="machin"> 41, </key>
<key name="mail"> 6,7,45,0,33,34,35,12,2,32,27,13,14,3,16,4,17,49,54,36,41,20,37,19,55,38,42,25,53,26, </key>
<key name="mailbox"> 10,45,0,34,1,35,12,39,2,13,47,49,54,41,20,50,5,19,21,23,24,51,42,52,25,53,43,26,44, </key>
<key name="main"> 11, </key>
<key name="maintain"> 9, </key>
<key name="maintenanc"> 35,12,20, </key>
<key name="mak"> 11,2,13,41, </key>
<key name="man"> 12,24, </key>
<key name="manag"> 6,33,2,14,3,8,31,36,41,20,9,25,44, </key>
<key name="management"> 8,9,44, </key>
<key name="map"> 27, </key>
<key name="mapi"> 50,53, </key>
<key name="mark"> 33,44, </key>
<key name="market"> 51, </key>
<key name="mas"> 33, </key>
<key name="match"> 32,27,23,25, </key>
<key name="mateo"> 7, </key>
<key name="maximum"> 10,28,32,4,30,36,18, </key>
<key name="mb"> 10,39, </key>
<key name="mean"> 10, </key>
<key name="measur"> 56, </key>
<key name="mechanism"> 6,28,27, </key>
<key name="meet"> 49,51, </key>
<key name="meeting"> 16,25, </key>
<key name="megabyt"> 10, </key>
<key name="memb"> 50,53, </key>
<key name="member"> 35,16, </key>
<key name="menu"> 14, </key>
<key name="messag"> 6,7,10,0,33,34,35,39,2,13,3,4,48,49,54,8,36,41,37,5,19,55,21,38,25,53,44, </key>
<key name="message1"> 44, </key>
<key name="method"> 27,13, </key>
<key name="microsoft"> 50,22,9,53, </key>
<key name="might"> 16,51, </key>
<key name="migrat"> 46,51,9,53, </key>
<key name="migration"> 6,47,49,50,51,9,53, </key>
<key name="minimum"> 6,10,13,4,18, </key>
<key name="minut"> 41,56, </key>
<key name="mod"> 6,28,12,32,29,30,31,20, </key>
<key name="modify"> 34,2,31,19, </key>
<key name="monitor"> 6,0,36,9,43, </key>
<key name="mount"> 44, </key>
<key name="mous"> 10,14,56, </key>
<key name="mov"> 6,1,14,16,20,5, </key>
<key name="mta"> 6,0,34,35,12,54,36,41,37,38,42,9,43, </key>
<key name="multipl"> 1,32,27,29,41,25, </key>
<key name="must"> 10,11,27,13,41,50,37,18,22,38,23,24,53,43,44, </key>
<key name="mycompany"> 27, </key>
<key name="nam"> 6,28,1,12,2,32,27,13,14,3,16,46,29,30,47,31,41,20,23,51,42,53,44, </key>
<key name="navigat"> 6, </key>
<key name="navigation"> 6,39,13,14,3,16,15,41,22,42, </key>
<key name="ne"> 13,3,50, </key>
<key name="necessary"> 27, </key>
<key name="new"> 6,45,28,34,1,11,12,2,13,14,3,16,17,29,30,31,20,50,18,19,24,53,44, </key>
<key name="next"> 6,45,28,1,11,32,16,46,29,30,47,49,20,50,22,24,51,52, </key>
<key name="nod"> 12, </key>
<key name="normal"> 12,22, </key>
<key name="not"> 6,45,28,12,32,13,3,16,46,30,49,41,5,51, </key>
<key name="notic"> 7, </key>
<key name="notification"> 34,19, </key>
<key name="now"> 47,51,44, </key>
<key name="numb"> 10,28,33,39,14,3,4,48,49,36,41,18,19,55,21,23,52,53, </key>
<key name="number"> 13, </key>
<key name="object"> 2,3,51,25, </key>
<key name="objectclas"> 32, </key>
<key name="occur"> 10,27,56, </key>
<key name="off"> 6,33,49,41,43, </key>
<key name="offer"> 7,27, </key>
<key name="offic"> 50,25, </key>
<key name="ok"> 14,48,49,21,24,51, </key>
<key name="old"> 10,49,55,53,44, </key>
<key name="on"> 6,28,0,35,2,32,27,14,16,4,46,31,41,20,5,51,53,43,44, </key>
<key name="onc"> 13,48,49, </key>
<key name="open"> 7,33,1,35,27,13,16,48,20,50,21,24,53, </key>
<key name="operation"> 32,27,49, </key>
<key name="opt"> 44, </key>
<key name="option"> 6,33,34,35,2,3,4,49,8,31,41,18,19,24,53, </key>
<key name="ord"> 41,43, </key>
<key name="organiz"> 7, </key>
<key name="organization"> 32, </key>
<key name="original"> 19, </key>
<key name="os"> 44, </key>
<key name="out"> 6, </key>
<key name="outbreak"> 35, </key>
<key name="outlook"> 4,49,25,53, </key>
<key name="output"> 41, </key>
<key name="outsid"> 37, </key>
<key name="overrid"> 10,35,2,13,4,5,22, </key>
<key name="overridden"> 2,55, </key>
<key name="overview"> 47, </key>
<key name="own"> 4,22,24,25, </key>
<key name="owner"> 7, </key>
<key name="ownership"> 44, </key>
<key name="packag"> 39,41,43, </key>
<key name="pag"> 6,28,11,2,4,29,30,20,19, </key>
<key name="pan"> 6,12,39,13,14,3,16,15,41,22,23,24,42,43, </key>
<key name="parameter"> 32,36, </key>
<key name="part"> 23,44, </key>
<key name="partial"> 14,16,21,23,51, </key>
<key name="particular"> 35,2,3,42, </key>
<key name="partner"> 7, </key>
<key name="party"> 25, </key>
<key name="password"> 6,10,28,34,11,2,32,27,13,3,4,29,30,47,20,5,18,22,24,25,53,26, </key>
<key name="past"> 28,29,30,18, </key>
<key name="path"> 41,44, </key>
<key name="per"> 39,32,4,29,30,19,22, </key>
<key name="percent"> 33, </key>
<key name="perform"> 32,8,9, </key>
<key name="performanc"> 7,49,9, </key>
<key name="period"> 13,49, </key>
<key name="permanent"> 44, </key>
<key name="permission"> 50,53, </key>
<key name="permit"> 25, </key>
<key name="personal"> 6,10,25, </key>
<key name="pick"> 49,51, </key>
<key name="pleas"> 30, </key>
<key name="point"> 45,53, </key>
<key name="pool"> 1,2,3,4, </key>
<key name="poor"> 37, </key>
<key name="pop"> 6,2,13,36,41,9, </key>
<key name="pop3"> 41,25, </key>
<key name="pops3"> 36, </key>
<key name="port"> 28,32,27,29,30,47,41, </key>
<key name="portion"> 51,53, </key>
<key name="possibl"> 4,41,19, </key>
<key name="post"> 25, </key>
<key name="postfix"> 0,38, </key>
<key name="postmast"> 0, </key>
<key name="practic"> 24, </key>
<key name="preconfigur"> 51, </key>
<key name="preferenc"> 2,13,3,4,19,25, </key>
<key name="prefix"> 33, </key>
<key name="pres"> 16, </key>
<key name="prevent"> 35,22,38,53, </key>
<key name="previou"> 28,14,29,30,18,44, </key>
<key name="previous"> 49, </key>
<key name="primary"> 41, </key>
<key name="privileg"> 50,53, </key>
<key name="proceed"> 45, </key>
<key name="proces"> 6,28,39,27,47,48,49,31,41,21,53,44, </key>
<key name="profil"> 20,50,53, </key>
<key name="program"> 0, </key>
<key name="progres"> 48,21,53, </key>
<key name="prompt"> 50, </key>
<key name="property"> 7, </key>
<key name="protect"> 34, </key>
<key name="protection"> 6,33,34,37, </key>
<key name="protocol"> 54,36,37,25, </key>
<key name="provid"> 27,30,37,53, </key>
<key name="provision"> 6,45,13,8,20,50,52,9,53, </key>
<key name="proxy"> 38, </key>
<key name="purg"> 10,55, </key>
<key name="qualifi"> 37, </key>
<key name="query"> 51, </key>
<key name="question"> 39,53, </key>
<key name="queu"> 35,12,42, </key>
<key name="quick"> 6,20,23,24,25, </key>
<key name="quota"> 10,2,13,3,20,5, </key>
<key name="random"> 1,3, </key>
<key name="rath"> 49, </key>
<key name="rbl"> 33, </key>
<key name="re"> 10,18,21,24, </key>
<key name="reach"> 10, </key>
<key name="read"> 36,44, </key>
<key name="ready"> 44, </key>
<key name="reassign"> 3, </key>
<key name="reboot"> 44, </key>
<key name="receiv"> 0,12,13,20,37,19,55,53,44, </key>
<key name="recent"> 45,18, </key>
<key name="recipient"> 33,34,16, </key>
<key name="recommend"> 49,50, </key>
<key name="record"> 6,3,41,25, </key>
<key name="ref"> 33,50,9, </key>
<key name="refer"> 33, </key>
<key name="referenc"> 44, </key>
<key name="reflect"> 6, </key>
<key name="refresh"> 45,46, </key>
<key name="regard"> 41, </key>
<key name="regardles"> 35, </key>
<key name="register"> 41, </key>
<key name="regular"> 22, </key>
<key name="reindex"> 21, </key>
<key name="reject"> 35,2,36, </key>
<key name="relay"> 45,41,38,53, </key>
<key name="releas"> 6, </key>
<key name="reliabl"> 7, </key>
<key name="remain"> 10,55,56, </key>
<key name="remov"> 14,17,20,5,51, </key>
<key name="rep"> 19, </key>
<key name="replicat"> 53, </key>
<key name="represent"> 32, </key>
<key name="request"> 49,25, </key>
<key name="requir"> 10,28,32,27,13,47,31,21,38,25, </key>
<key name="reserv"> 7, </key>
<key name="reset"> 13,41,5,18,24, </key>
<key name="resid"> 55, </key>
<key name="resolv"> 28,29,30, </key>
<key name="respectiv"> 7, </key>
<key name="restart"> 41, </key>
<key name="restor"> 12, </key>
<key name="restrict"> 2,13,3,37, </key>
<key name="restriction"> 2,13,37,18, </key>
<key name="result"> 28,32,27,16,29,30,36,21,23, </key>
<key name="resum"> 35,42, </key>
<key name="retriev"> 18,21, </key>

</ftswdata>  
