<?xml version='1.0' encoding='windows-1252' ?>
<ftstdata>
<topic name="Adding new contacts" url="contacts/b_adding_new_contacts.htm" />
<topic name="Your Address Books" url="contacts/b_your_address_books.htm" />
<topic name="Attachment File Types Supported" url="creating_messages/attachment_file_types_supported.htm" />
<topic name="Attaching files to your message" url="creating_messages/b_attaching_files_to_your_message.htm" />
<topic name="Composing new email messages" url="creating_messages/b_composing_email_message.htm" />
<topic name="Forwarding a mail message" url="creating_messages/forwarding_a_mail_message.htm" />
<topic name="Parts of an Email Message" url="creating_messages/parts_of_an_email_message.htm" />
<topic name="Saving a draft message" url="creating_messages/saving_a_draft_message.htm" />
<topic name="Undeliverable mail" url="creating_messages/undeliverable_mail.htm" />
<topic name="Filter Conditions and Actions Supported" url="filters/filter_conditions_and_actions_supported.htm" />
<topic name="Filtering your messages" url="filters/filtering_your_messages.htm" />
<topic name="Getting Start with ZCS Basic Web Client" url="getting_started/b_getting_start_with_zcs_basic_web_client.htm" />
<topic name="Your Junk folder" url="junk_delete/spam_filtering.htm" />
<topic name="About folders" url="navigation_folders_and_tips/about_folders.htm" />
<topic name="How to navigate with Mail" url="navigation_folders_and_tips/b_how_to_navigate_with_mail.htm" />
<topic name="Keyboard Shortcut keys" url="navigation_folders_and_tips/b_keyboard_shortcut_keys.htm" />
<topic name="Managing how email is displayed" url="navigation_folders_and_tips/b_managing_how_email_is_displayed.htm" />
<topic name="Navigating around your mailbox" url="navigation_folders_and_tips/b_navigating_around_your_mailbox.htm" />
<topic name="Subscribe to RSS/Atom feeds" url="navigation_folders_and_tips/b_subscribe_to_rss_atom_feeds.htm" />
<topic name="Categorizing your mail messages" url="navigation_folders_and_tips/categorizing_your_mail_messages.htm" />
<topic name="System Folders" url="navigation_folders_and_tips/inbox_folder.htm" />
<topic name="quotas" url="navigation_folders_and_tips/quotas.htm" />
<topic name="Renaming folders" url="navigation_folders_and_tips/renaming_folders.htm" />
<topic name="Sent folder" url="navigation_folders_and_tips/sent_folder.htm" />
<topic name="Sorting Content Pane List Columns" url="navigation_folders_and_tips/sorting_conversations.htm" />
<topic name="Trash folder" url="navigation_folders_and_tips/trash_folder.htm" />
<topic name="Attachment Blocking" url="reading_mail/attachment_blocking.htm" />
<topic name="How do I know when I receive new messages" url="reading_mail/b_how_do_i_know_when_i_receive_new_messages.htm" />
<topic name="Marking mail as unread" url="reading_mail/b_marking_mail_as_unread.htm" />
<topic name="Printing email messages" url="reading_mail/b_printing_email_messages.htm" />
<topic name="Purging email messages" url="reading_mail/b_purging_email_messages.htm" />
<topic name="Message blocking feature" url="reading_mail/message_blocking_feature.htm" />
<topic name="Opening file attachments" url="reading_mail/opening_file_attachments.htm" />
<topic name="Reading mail" url="reading_mail/reading_mail.htm" />
<topic name="Reading Mail from the Reading Pane" url="reading_mail/reading_mail_from_the_reading_pane.htm" />
<topic name="Recovering deleted mail messages" url="reading_mail/recovering_deleted_mail_messages.htm" />
<topic name="Replying to mail messages" url="reading_mail/replying_to_mail_messages.htm" />
<topic name="Using Search" url="search/b_using_search.htm" />
<topic name="Query language description" url="search/query_language_description.htm" />
<topic name="Assigning Tags to messages and contacts" url="tags_and_flags/b_assigning_tags_to_messages_and_contacts.htm" />
<topic name="Flagging an email message" url="tags_and_flags/b_flagging_an_email_message.htm" />
<topic name="Automatically adding your signature" url="userspecific/b_automatically_adding_your_signature.htm" />
<topic name="Setting your Options" url="userspecific/b_setting_your_options.htm" />
<topic name="Changing your password" url="userspecific/chaning_your_password.htm" />
<topic name="If you forget your password" url="userspecific/if_you_forget_your_password.htm" />
<topic name="If your session expires" url="userspecific/if_your_session_expires.htm" />
<topic name="Logging on and off" url="userspecific/logging_on_and_off.htm" />
<topic name="New mail notifications" url="userspecific/new_mail_notifications.htm" />
<topic name="Setting a Forwarding Address" url="userspecific/setting_a_forwarding_address.htm" />
<topic name="Vacation message" url="userspecific/vacation_message.htm" />
<topic name="version" url="version.htm" />

</ftstdata>  
