<?xml version='1.0' encoding='windows-1252' ?>
<!-- saved from url=(0014)about:internet -->
<ftswdata>
<key name="customiz"> 5, </key>
<key name="d4"> 65, </key>
<key name="dai"> 5, </key>
<key name="dat"> 52,5,20,17,49,6, </key>
<key name="data"> 48, </key>
<key name="day"> 2,0,1,7,5,60,27,33,56,23, </key>
<key name="dd"> 49, </key>
<key name="decid"> 15,16, </key>
<key name="default"> 2,52,11,31,4,8,20,60,61,49,45,35,56,32,12, </key>
<key name="defin"> 24,52,0,34,56, </key>
<key name="delegat"> 22, </key>
<key name="delet"> 24,50,3,8,20,25,42,33,46,18,35,63,56,32,37,12,23, </key>
<key name="deliver"> 20,39,43,19, </key>
<key name="delivery"> 38,43, </key>
<key name="denot"> 51, </key>
<key name="depend"> 14,38,57,21,10,28,17,47, </key>
<key name="descend"> 36, </key>
<key name="describ"> 14,49,56,48, </key>
<key name="description"> 0,17,49,6,56,48, </key>
<key name="design"> 13, </key>
<key name="designat"> 22,64, </key>
<key name="desktop"> 14, </key>
<key name="detail"> 52,49,48,12, </key>
<key name="detect"> 13, </key>
<key name="determin"> 43, </key>
<key name="dialog"> 57,21,60,44,41, </key>
<key name="different"> 2,1,50,55,4,20,61,17,49,6,56, </key>
<key name="direct"> 13,29, </key>
<key name="directiv"> 21, </key>
<key name="disabl"> 56,12, </key>
<key name="discard"> 20,21, </key>
<key name="disk"> 33, </key>
<key name="display"> 2,24,0,11,1,14,7,15,4,53,5,8,21,25,60,27,28,44,17,33,45,47,6,56,29,32,48,12, </key>
<key name="distinguish"> 51, </key>
<key name="division"> 55, </key>
<key name="do"> 13,20,16,49,45,47, </key>
<key name="doc"> 13, </key>
<key name="document"> 14,38,13,44,49,33, </key>
<key name="dog"> 49,48, </key>
<key name="domain"> 60,49,48, </key>
<key name="don"> 14,30,15,5,20,49,63,56,32,23, </key>
<key name="door"> 49,48, </key>
<key name="doubl"> 13,54,27,45,34, </key>
<key name="down"> 0,50,55,15,21,61,40,62,63,56,36,48, </key>
<key name="download"> 13,44, </key>
<key name="draft"> 15,28,49,18,32, </key>
<key name="drop"> 0,55,21,61,48, </key>
<key name="du"> 52,19, </key>
<key name="e"> 38,59,43, </key>
<key name="�"> 57, </key>
<key name="easi"> 45, </key>
<key name="eastern"> 6, </key>
<key name="easy"> 22, </key>
<key name="edit"> 11,1,50,54,4,53,21,34,18,29,48,12, </key>
<key name="editor"> 13, </key>
<key name="eight"> 1, </key>
<key name="eith"> 52,0,31,5,25,27,49,47,6,32,48,23, </key>
<key name="eligibl"> 17, </key>
<key name="els"> 16, </key>
<key name="email"> 52,0,11,50,14,38,13,55,3,30,15,20,51,22,39,25,60,61,27,43,28,62,44,17,41,42,49,33,45,46,6,63,56,36,19,48,64,12,23, </key>
<key name="employe"> 17, </key>
<key name="empty"> 42,33,32,37,23, </key>
<key name="enabl"> 15,4,22,27,62,49,47,35,63,56,64,12, </key>
<key name="enclos"> 49, </key>
<key name="end"> 13,55,5,47,6,56, </key>
<key name="enforc"> 33, </key>
<key name="engineer"> 55, </key>
<key name="english"> 49, </key>
<key name="enough"> 62, </key>
<key name="ent"> 0,11,50,57,15,4,21,16,26,60,62,6,29,48,64, </key>
<key name="enter"> 26,49, </key>
<key name="entri"> 44,12, </key>
<key name="entry"> 48, </key>
<key name="environment"> 13, </key>
<key name="equipment"> 0, </key>
<key name="equivalent"> 49, </key>
<key name="error"> 19, </key>
<key name="etc"> 57,49,48, </key>
<key name="even"> 13,20,59,27,44, </key>
<key name="event"> 2,0,1,3,21,22,6, </key>
<key name="every"> 5,60,19, </key>
<key name="everyon"> 11,47, </key>
<key name="ex"> 13,43, </key>
<key name="exact"> 55,20,43,17,49, </key>
<key name="exampl"> 24,50,38,13,55,30,4,20,21,39,26,60,49,47,6,48, </key>
<key name="excel"> 38,49, </key>
<key name="except"> 8,49,34, </key>
<key name="exchang"> 22,47, </key>
<key name="execut"> 21,56,48, </key>
<key name="executabl"> 38,13,44, </key>
<key name="exist"> 24,20,10,56,19, </key>
<key name="expand"> 13, </key>
<key name="expens"> 13, </key>
<key name="expir"> 59,60, </key>
<key name="explor"> 26, </key>
<key name="export"> 9,22, </key>
<key name="extend"> 64, </key>
<key name="extension"> 13,43, </key>
<key name="external"> 52,61, </key>
<key name="fast"> 31,60,17, </key>
<key name="favorit"> 29, </key>
<key name="fe"> 29, </key>
<key name="featur"> 2,52,11,30,31,22,60,62,44,41,49,56,48,64,12, </key>
<key name="february"> 49, </key>
<key name="feed"> 29, </key>
<key name="few"> 16,10, </key>
<key name="field"> 0,11,55,15,20,21,16,61,28,49,47,6,63,56,29,48,23, </key>
<key name="figur"> 28, </key>
<key name="fil"> 11,14,38,13,15,4,9,20,16,10,43,44,17,41,49,33,46,48, </key>
<key name="filenam"> 13,49, </key>
<key name="filt"> 20,21,45,32,23, </key>
<key name="filter"> 30,21,22,44,17,56,32,23, </key>
<key name="fin"> 32,23, </key>
<key name="finaliz"> 0, </key>
<key name="find"> 0,50,13,15,28,49,56,32,48,23, </key>
<key name="finish"> 52,54,21, </key>
<key name="firefox"> 26, </key>
<key name="first"> 2,0,11,7,21,27,17,49,45,56,48, </key>
<key name="fiv"> 0, </key>
<key name="flag"> 20,51,25,27,49, </key>
<key name="fold"> 24,30,15,20,21,39,25,27,42,49,33,45,46,34,18,35,56,29,32,37,48,23, </key>
<key name="folder"> 24,50,30,20,21,22,39,27,28,42,33,34,56,29,32, </key>
<key name="follow"> 2,52,0,13,7,20,21,22,26,17,49,33,6,32, </key>
<key name="font"> 15, </key>
<key name="forget"> 58, </key>
<key name="format"> 14,13,15,10,49,56, </key>
<key name="forth"> 47, </key>
<key name="forward"> 55,20,21,16,22,61,49,45,34,63,56, </key>
<key name="four"> 5, </key>
<key name="fragment"> 45,56, </key>
<key name="fre"> 0,4,12, </key>
<key name="frequent"> 48, </key>
<key name="friday"> 7,17, </key>
<key name="full"> 2,52,31,60,33,19,48,12, </key>
<key name="function"> 4, </key>
<key name="g"> 38, </key>
<key name="general"> 31,57,43,17,49,56, </key>
<key name="generat"> 20,17,19, </key>
<key name="get"> 22,43,44,56, </key>
<key name="gif"> 14,13, </key>
<key name="giv"> 52,50,55, </key>
<key name="global"> 6, </key>
<key name="go"> 50,55,9,20,21,10,26,27,40,56, </key>
<key name="good"> 31,60, </key>
<key name="grammar"> 49, </key>
<key name="graphic"> 13, </key>
<key name="graphical"> 13, </key>
<key name="great"> 49, </key>
<key name="green"> 1, </key>
<key name="group"> 11,30,21,27,45,56,12, </key>
<key name="guest"> 52, </key>
<key name="hand"> 37, </key>
<key name="handl"> 56,32,23, </key>
<key name="happen"> 59,33, </key>
<key name="haven"> 43, </key>
<key name="head"> 50,53,20,25,61,44,49,45,47,29, </key>
<key name="header"> 20,17, </key>
<key name="health"> 17, </key>
<key name="held"> 6, </key>
<key name="hello"> 49, </key>
<key name="help"> 32,23, </key>
<key name="her"> 0,13,28,56, </key>
<key name="high"> 52, </key>
<key name="highest"> 29, </key>
<key name="highlight"> 36,32, </key>
<key name="hom"> 12, </key>
<key name="hour"> 0,6, </key>
<key name="how"> 11,57,5,39,60,27,17,42,33,47,56,64, </key>
<key name="htm"> 13, </key>
<key name="html"> 14,38,13,31,60,44,56, </key>
<key name="http"> 60, </key>
<key name="i"> 20,39,59,43,56,64, </key>
<key name="ic"> 9,10, </key>
<key name="ical"> 4,9,10, </key>
<key name="icon"> 11,51,45, </key>
<key name="identifiabl"> 55, </key>
<key name="identify"> 63, </key>
<key name="identiti"> 55,61,56, </key>
<key name="identity"> 15,61,47,56, </key>
<key name="if"> 52,0,11,38,13,55,31,57,15,4,5,20,21,39,25,58,59,10,60,61,27,43,62,44,17,49,33,45,47,6,63,56,32,19,48,23, </key>
<key name="ignor"> 20,49, </key>
<key name="iii"> 49, </key>
<key name="imag"> 14,38,13,44,33, </key>
<key name="imap"> 61, </key>
<key name="immediat"> 50, </key>
<key name="immediate"> 15,8,20,39,62,56,64, </key>
<key name="implement"> 44, </key>
<key name="import"> 22,10, </key>
<key name="importanc"> 51, </key>
<key name="important"> 62, </key>
<key name="in"> 13, </key>
<key name="inactiv"> 59, </key>
<key name="inbound"> 30, </key>
<key name="inbox"> 24,20,39,25,28,49,45,56,36,32,23, </key>
<key name="inc"> 55,65, </key>
<key name="includ"> 2,11,13,55,20,16,25,27,28,49,47,56, </key>
<key name="incom"> 13,21,22,44,56, </key>
<key name="increas"> 13, </key>
<key name="indefinite"> 27, </key>
<key name="indicat"> 13,51,39,45,36, </key>
<key name="indicator"> 51, </key>
<key name="individual"> 40,17,45, </key>
<key name="information"> 52,0,11,13,55,54,4,8,20,17,45,6,29,19,48, </key>
<key name="initial"> 57,56, </key>
<key name="input"> 20, </key>
<key name="insensitiv"> 20,49, </key>
<key name="insert"> 17, </key>
<key name="instal"> 13,44, </key>
<key name="install"> 13, </key>
<key name="instanc"> 49, </key>
<key name="instead"> 49,56, </key>
<key name="interfac"> 49,33,56, </key>
<key name="internal"> 52,13, </key>
<key name="internet"> 31,4,26,60,17, </key>
<key name="interpret"> 20,49, </key>
<key name="interval"> 39, </key>
<key name="invit"> 0,8, </key>
<key name="invitation"> 2,0,6, </key>
<key name="isn"> 32, </key>
<key name="issu"> 19, </key>
<key name="item"> 24,50,13,30,51,49,56,32,37,48, </key>
<key name="jo"> 49, </key>
<key name="job"> 11,61,56, </key>
<key name="john"> 55,49, </key>
<key name="jpeg"> 13,44, </key>

</ftswdata>  
