<?xml version='1.0' encoding='windows-1252' ?>
<!-- saved from url=(0014)about:internet -->
<ftswdata>
<key name="0"> 26,65, </key>
<key name="1"> 31,25,26,28,49,64, </key>
<key name="10"> 14,15,56, </key>
<key name="100"> 54,56, </key>
<key name="12"> 49, </key>
<key name="1212"> 55, </key>
<key name="12k"> 49, </key>
<key name="14"> 65, </key>
<key name="2"> 31,25,26,28,49, </key>
<key name="2005"> 65, </key>
<key name="2007"> 17,49,64,65, </key>
<key name="22"> 39, </key>
<key name="25"> 56, </key>
<key name="3"> 31,25,28, </key>
<key name="30"> 27,49, </key>
<key name="303"> 55, </key>
<key name="4"> 28, </key>
<key name="5"> 2,28,56,65, </key>
<key name="50"> 56, </key>
<key name="555"> 55, </key>
<key name="6"> 28, </key>
<key name="7"> 2,1, </key>
<key name="9"> 49,65, </key>
<key name="abl"> 14,38,13,57, </key>
<key name="abov"> 1,55,16,47, </key>
<key name="accent"> 57, </key>
<key name="accept"> 2,1, </key>
<key name="acces"> 52,26,60,29, </key>
<key name="accord"> 30,47, </key>
<key name="account"> 55,22,60,61,62,63,56, </key>
<key name="acm"> 55,49, </key>
<key name="acrobat"> 13, </key>
<key name="action"> 50,20,21,51,25,26,40,28,56, </key>
<key name="activ"> 21,60, </key>
<key name="activat"> 44, </key>
<key name="activiti"> 2,52,1,7,4, </key>
<key name="activity"> 59, </key>
<key name="actual"> 13,17, </key>
<key name="ad"> 52,0,11,1,14,55,15,53,61,6,12, </key>
<key name="add"> 52,0,11,14,55,15,21,51,16,22,10,61,47,6,63,56,29,12, </key>
<key name="addition"> 5,22,42, </key>
<key name="additional"> 55,4,20,6,56,12, </key>
<key name="addres"> 24,0,11,55,15,20,22,60,61,28,62,44,17,49,47,6,63,56,19,48,12, </key>
<key name="addresse"> 16, </key>
<key name="administration"> 13, </key>
<key name="administrator"> 38,13,57,22,58,59,60,43,44,42,33,56,32,37,19,12,23, </key>
<key name="adob"> 13, </key>
<key name="advanc"> 31,5,60,49, </key>
<key name="again"> 59,48, </key>
<key name="aid"> 50, </key>
<key name="ajax"> 31,60, </key>
<key name="aka"> 32,23, </key>
<key name="allow"> 11,14,55,20,61,44,49,56, </key>
<key name="allowabl"> 49, </key>
<key name="almost"> 44, </key>
<key name="alon"> 48, </key>
<key name="along"> 30,4,33, </key>
<key name="already"> 25,59, </key>
<key name="alt"> 26, </key>
<key name="although"> 48, </key>
<key name="alway"> 1,60,61,44,49,56,32, </key>
<key name="am"> 64, </key>
<key name="amb"> 49, </key>
<key name="amount"> 59,33, </key>
<key name="and"> 49, </key>
<key name="angl"> 47, </key>
<key name="animation"> 13, </key>
<key name="anoth"> 24,11,50,13,30,4,28,62,46,56,19,48, </key>
<key name="any"> 24,52,13,7,8,20,21,22,59,28,44,17,42,49,34,47,6,35,56,36,32,48,12,23, </key>
<key name="anywher"> 49,48, </key>
<key name="ap"> 50,55,20,21, </key>
<key name="appear"> 55,57,20,60,44,49,45,48, </key>
<key name="appli"> 21,49,56, </key>
<key name="application"> 13,28,44,17,56, </key>
<key name="apply"> 56, </key>
<key name="appointment"> 2,0,3,4,5,22,6,56, </key>
<key name="appropriat"> 14,15,44, </key>
<key name="area"> 52,0,21,28,48, </key>
<key name="around"> 22,28, </key>
<key name="arriv"> 21,63,32, </key>
<key name="arrow"> 25,36, </key>
<key name="ascend"> 36, </key>
<key name="ask"> 17, </key>
<key name="assign"> 50,55,57,56, </key>
<key name="assistant"> 52, </key>
<key name="associat"> 61,56, </key>
<key name="assum"> 13, </key>
<key name="asterisk"> 49,48, </key>
<key name="atom"> 29, </key>
<key name="attach"> 14,13,15,44, </key>
<key name="attachment"> 14,38,13,15,20,16,22,27,43,44,17,49,33,47,48, </key>
<key name="attack"> 43, </key>
<key name="attende"> 0,3,8,6, </key>
<key name="attribut"> 49, </key>
<key name="august"> 64, </key>
<key name="authenticat"> 60, </key>
<key name="auto"> 56,64,12, </key>
<key name="automat"> 32,23, </key>
<key name="automatic"> 39,33, </key>
<key name="automatical"> 11,13,55,30,15,8,20,21,59,17,42,46,47,63,56,32,37,64,12, </key>
<key name="availabl"> 52,1,4,60,28,56, </key>
<key name="away"> 64, </key>
<key name="back"> 60, </key>
<key name="background"> 56, </key>
<key name="bad"> 19, </key>
<key name="ban"> 33, </key>
<key name="banana"> 20,49, </key>
<key name="bar"> 53,16,25,28,49,33, </key>
<key name="bas"> 31,26,60, </key>
<key name="basi"> 56, </key>
<key name="basic"> 49,65, </key>
<key name="bcc"> 15,16,48, </key>
<key name="be"> 4,20, </key>
<key name="becom"> 0,17,6, </key>
<key name="befor"> 0,20,61,49,47,29,32,23, </key>
<key name="begin"> 27,28, </key>
<key name="below"> 55,15,28,45,56, </key>
<key name="best"> 7, </key>
<key name="beta"> 65, </key>
<key name="big"> 49, </key>
<key name="blank"> 15, </key>
<key name="block"> 38,13,43, </key>
<key name="blu"> 1, </key>
<key name="body"> 15,20,16,17,45,47,48, </key>
<key name="bold"> 39,27,40, </key>
<key name="book"> 24,11,15,22,44,56,48,12, </key>
<key name="both"> 49,48, </key>
<key name="bottom"> 28,44,42, </key>
<key name="bounc"> 33,19, </key>
<key name="box"> 11,50,55,54,15,4,21,25,40,49,56,48,64,23, </key>
<key name="bracket"> 47, </key>
<key name="brows"> 14,13,15,10,26,60,44,41,49,45, </key>
<key name="browser"> 13,31,60, </key>
<key name="build"> 49,48, </key>
<key name="built"> 30, </key>
<key name="busy"> 0,4, </key>
<key name="button"> 13,5,17, </key>
<key name="byt"> 49, </key>
<key name="cal"> 61,49,56,48, </key>
<key name="calendar"> 2,52,0,1,7,3,4,5,8,9,22,10,6,56, </key>
<key name="california"> 6, </key>
<key name="cancel"> 3, </key>
<key name="cannot"> 24,38,57,15,20,42,49,46,32,19,12, </key>
<key name="capitalization"> 20, </key>
<key name="car"> 44,17, </key>
<key name="card"> 12, </key>
<key name="cas"> 20,44,49,46, </key>
<key name="casserol"> 20, </key>
<key name="categori"> 50, </key>
<key name="categoriz"> 30, </key>
<key name="caus"> 49,56, </key>
<key name="cc"> 15,20,16,49,47,48, </key>
<key name="certain"> 50,13,30,20,43,49,33,32,19,23, </key>
<key name="chanc"> 44, </key>
<key name="chang"> 2,1,50,7,54,31,57,15,60,27,40,28,45,6,35,56, </key>
<key name="charact"> 49,34,47, </key>
<key name="character"> 55,57,49,56, </key>
<key name="characteristic"> 30,43, </key>
<key name="check"> 24,50,54,15,4,8,21,22,25,60,40,43,62,49,56,64,12,23, </key>
<key name="checkmark"> 15,40, </key>
<key name="choic"> 21, </key>
<key name="choos"> 31,5,21,44,63,56,29,37, </key>
<key name="chosen"> 1, </key>
<key name="classification"> 50, </key>
<key name="classify"> 50,30, </key>
<key name="clear"> 32, </key>
<key name="click"> 2,0,11,50,14,13,55,3,54,31,57,15,4,53,5,8,9,21,16,39,25,10,26,60,27,40,28,62,44,17,41,42,49,45,47,18,6,63,56,36,29,32,37,48,64,12,23, </key>
<key name="client"> 13,30,31,22,60,44,33,56,65, </key>
<key name="clip"> 38,13,44, </key>
<key name="clos"> 55,60,56, </key>
<key name="cod"> 1,13,49,48, </key>
<key name="collaboration"> 31,22,60,42, </key>
<key name="colon"> 49,34, </key>
<key name="color"> 1,50,4,53,56, </key>
<key name="column"> 7,27,45,56,36, </key>
<key name="com"> 55,60,27,49, </key>
<key name="combin"> 20, </key>
<key name="combination"> 20,26, </key>
<key name="command"> 13, </key>
<key name="common"> 14, </key>
<key name="company"> 11,57,4,17, </key>
<key name="compar"> 21, </key>
<key name="comparison"> 20,21, </key>
<key name="complet"> 52,54,18,6,63, </key>
<key name="completion"> 52, </key>
<key name="complex"> 48, </key>
<key name="component"> 17, </key>
<key name="compos"> 0,14,55,15,22,61,47,18,56,32, </key>
<key name="compres"> 13, </key>
<key name="compression"> 13, </key>
<key name="comput"> 13,60,44,56, </key>
<key name="computer"> 13,44, </key>
<key name="concern"> 17, </key>
<key name="condition"> 20,21, </key>
<key name="configur"> 13,15,59,60,61,62,17,42,56, </key>
<key name="configuration"> 57,5,56, </key>
<key name="confirm"> 57, </key>
<key name="connection"> 31,60, </key>
<key name="consider"> 20,44,49,48, </key>
<key name="consist"> 0,17, </key>
<key name="consum"> 33, </key>
<key name="contact"> 24,52,11,50,38,57,15,20,22,58,28,17,46,6,56,32,19,48,12,23, </key>
<key name="contain"> 11,38,13,57,20,39,27,43,44,17,49,45,35,36,48, </key>
<key name="content"> 52,50,38,54,15,8,25,27,28,44,17,49,45,56,36,29,19,48, </key>
<key name="continu"> 21,59,27, </key>
<key name="control"> 26, </key>
<key name="conversation"> 50,30,51,22,39,25,27,40,28,41,45,47,56, </key>
<key name="convert"> 38, </key>
<key name="copi"> 15,20,35,56, </key>
<key name="copy"> 15,20,63,32, </key>
<key name="copyright"> 65, </key>
<key name="corn"> 28, </key>
<key name="corporat"> 21,19, </key>
<key name="corporation"> 55, </key>
<key name="correct"> 13,19, </key>
<key name="correspond"> 61,44, </key>
<key name="could"> 13,55,20,21,44,17,48, </key>
<key name="creat"> 2,24,52,0,11,1,50,14,13,55,30,4,53,5,8,21,22,25,10,61,28,44,49,18,6,56,29,32,48,64,12, </key>
<key name="criteria"> 49,48, </key>
<key name="criterion"> 49, </key>
<key name="ctrl"> 26, </key>
<key name="current"> 28,44,49,64, </key>
<key name="cursor"> 36, </key>
<key name="custom"> 20,28, </key>

</ftswdata>  
