<?xml version='1.0' encoding='windows-1252' ?>
<!-- saved from url=(0014)about:internet -->
<ftswdata>
<key name="well"> 52,29,44, </key>
<key name="what"> 14,22,29,53, </key>
<key name="wherea"> 16, </key>
<key name="wherev"> 50, </key>
<key name="wheth"> 13,6,51,56,28,53,36, </key>
<key name="whichev"> 1, </key>
<key name="whol"> 48, </key>
<key name="whom"> 15,49, </key>
<key name="whos"> 11,13,43,49, </key>
<key name="why"> 16,19, </key>
<key name="wid"> 13, </key>
<key name="wide"> 13, </key>
<key name="widget"> 52, </key>
<key name="wildcard"> 21,49,48, </key>
<key name="will"> 1,14,38,13,5,22,26,27,57,17,49,7,53,30,32,19,48,60, </key>
<key name="window"> 13,52,57,41,45,47,53, </key>
<key name="winzip"> 13, </key>
<key name="wit"> 53, </key>
<key name="within"> 1,13,22,39,26,57,28,49,45,53, </key>
<key name="without"> 0,21,49,53,48, </key>
<key name="wmv"> 13, </key>
<key name="word"> 38,13,21,22,44,49,53,48, </key>
<key name="wordpad"> 13, </key>
<key name="work"> 3,8,5,56,57,53,12, </key>
<key name="workstation"> 13,44, </key>
<key name="would"> 21,49,53,48, </key>
<key name="writ"> 1, </key>
<key name="written"> 47,53, </key>
<key name="x"> 49,48, </key>
<key name="x111"> 52, </key>
<key name="xl"> 13, </key>
<key name="y"> 49,48, </key>
<key name="year"> 6, </key>
<key name="yellow"> 2, </key>
<key name="yes"> 51, </key>
<key name="york"> 7, </key>
<key name="your"> 3,25,1,11,2,50,14,38,13,52,8,4,31,54,15,9,20,21,22,23,39,26,55,56,10,27,57,28,43,29,58,44,17,42,49,33,45,47,18,7,35,59,53,36,30,32,37,19,48,12,24, </key>
<key name="yyyy"> 49, </key>
<key name="zc"> 23,61, </key>
<key name="zcw"> 53, </key>
<key name="zimbra"> 3,13,23,57,43,58,42,49,33,53,32,37,48,61, </key>
<key name="zip"> 38,13,43,44, </key>
<key name="zon"> 7,53, </key>

</ftswdata>  
