﻿<?xml version='1.0' encoding='utf-8' ?>
<!-- saved from url=(0014)about:internet -->
<ftswdata>
<key name="!"> 22,56, </key>
<key name="%"> 61,56, </key>
<key name="&amp;"> 56, </key>
<key name="'"> 51,56, </key>
<key name="*"> 28,69,56,55, </key>
<key name="-"> 2,30,59,0,1,57,17,63,36,37,20,4,5,28,27,58,29,31,68,69,33,47,22,56,52,64,43,38,44,24,26,55,72,73, </key>
<key name="1"> 37,31,34,56,72, </key>
<key name="10"> 18,64, </key>
<key name="100"> 61,64, </key>
<key name="12"> 56, </key>
<key name="1212"> 63, </key>
<key name="12k"> 56, </key>
<key name="2"> 63,37,31,34,56, </key>
<key name="2005"> 73, </key>
<key name="2007"> 22,56,72, </key>
<key name="2008"> 73, </key>
<key name="22"> 46, </key>
<key name="25"> 64, </key>
<key name="3"> 37,31,34, </key>
<key name="30"> 33,56, </key>
<key name="303"> 63, </key>
<key name="4"> 34,73, </key>
<key name="5"> 2,34, </key>
<key name="5.0.5"> 73, </key>
<key name="50"> 64, </key>
<key name="555"> 63, </key>
<key name="6"> 34, </key>
<key name="7"> 2,1, </key>
<key name="9"> 56,73, </key>
<key name="_"> 56, </key>
<key name="abl"> 18,45,17,66, </key>
<key name="abov"> 1,21,54,64, </key>
<key name="accent"> 66, </key>
<key name="accept"> 2,26, </key>
<key name="acces"> 32,11,15,69,43, </key>
<key name="accessibility"> 64, </key>
<key name="accord"> 36,54, </key>
<key name="account"> 63,29,69,34,70,71,64, </key>
<key name="acm"> 63,56,25, </key>
<key name="acrobat"> 17, </key>
<key name="action"> 57,28,27,58,31,32,47,34,64, </key>
<key name="activ"> 27,69, </key>
<key name="activat"> 51, </key>
<key name="activiti"> 2,59,1,7,65,4, </key>
<key name="activity"> 68, </key>
<key name="actual"> 17,22, </key>
<key name="ad"> 0,12,1,18,63,19,60,6,64,13, </key>
<key name="add"> 59,0,12,18,19,27,58,21,29,54,6,71,64,13, </key>
<key name="addition"> 5,29,49, </key>
<key name="additional"> 18,63,4,28,6,64,13, </key>
<key name="addres"> 30,0,12,63,19,14,28,29,32,11,15,69,34,70,51,22,16,56,54,6,71,64,24,25,55,13, </key>
<key name="addresse"> 21, </key>
<key name="administration"> 17, </key>
<key name="administrator"> 45,17,66,29,67,68,69,50,51,49,39,64,38,44,24,13, </key>
<key name="adob"> 17, </key>
<key name="advanc"> 37,65,5,69,56,64, </key>
<key name="again"> 68,55, </key>
<key name="aid"> 57, </key>
<key name="ajax"> 37,69, </key>
<key name="aka"> 38, </key>
<key name="allow"> 12,18,63,28,51,56,64, </key>
<key name="allowabl"> 56, </key>
<key name="almost"> 51, </key>
<key name="alon"> 55, </key>
<key name="along"> 36,4,39, </key>
<key name="already"> 31,68, </key>
<key name="although"> 55, </key>
<key name="alway"> 1,4,69,51,56,64,38,25, </key>
<key name="am"> 72, </key>
<key name="amb"> 56, </key>
<key name="amount"> 68,39, </key>
<key name="and"> 56, </key>
<key name="angl"> 54, </key>
<key name="animation"> 17, </key>
<key name="anoth"> 30,12,57,17,36,4,35,11,15,34,70,53,64,24,55, </key>
<key name="any"> 30,17,7,28,29,68,34,51,22,49,56,40,54,6,41,64,42,38,55,13, </key>
<key name="anywher"> 56,55, </key>
<key name="ap"> 57,28, </key>
<key name="appear"> 63,20,8,14,9,28,21,29,11,15,69,51,56,52,25,55, </key>
<key name="appli"> 27,56,64, </key>
<key name="application"> 17,34,51,22,64, </key>
<key name="application'"> 34, </key>
<key name="apply"> 64, </key>
<key name="appointment"> 2,0,57,3,8,5,29,32,6,64, </key>
<key name="appropriat"> 18,51, </key>
<key name="area"> 0,27,34,55, </key>
<key name="around"> 29,34, </key>
<key name="arriv"> 27,38, </key>
<key name="arrives:forward"> 71, </key>
<key name="arrow"> 31,42, </key>
<key name="ascend"> 42, </key>
<key name="ask"> 22, </key>
<key name="assign"> 57,63,66,64, </key>
<key name="associat"> 64, </key>
<key name="assum"> 17, </key>
<key name="asterisk"> 56,55, </key>
<key name="atom"> 43, </key>
<key name="attach"> 18,17,51, </key>
<key name="attachment"> 18,45,17,19,28,21,29,33,50,51,22,56,39,54,64,55, </key>
<key name="attachment:word"> 56, </key>
<key name="attack"> 50, </key>
<key name="attende"> 0,3,6, </key>
<key name="attendee'"> 0, </key>
<key name="attribut"> 56, </key>
<key name="august"> 72, </key>
<key name="authenticat"> 69, </key>
<key name="auto"> 64,72,13, </key>
<key name="autocomplet"> 25, </key>
<key name="automat"> 38, </key>
<key name="automatic"> 46,39,25, </key>
<key name="automatical"> 12,17,63,36,19,28,27,29,68,69,22,49,53,54,71,64,38,44,72,13, </key>
<key name="availabl"> 1,4,29,69,34,64,25, </key>
<key name="avoid"> 65, </key>
<key name="away"> 72, </key>
<key name="back"> 69, </key>
<key name="background"> 64,26,13, </key>
<key name="bad"> 24, </key>
<key name="ban"> 39, </key>
<key name="banana"> 28,56, </key>
<key name="bar"> 21,31,15,34,56,39, </key>
<key name="bas"> 37,69, </key>
<key name="basi"> 35, </key>
<key name="basic"> 5,56, </key>
<key name="bcc"> 19,21,25,55, </key>
<key name="be"> 4,28,15, </key>
<key name="becom"> 0,22,6,25, </key>
<key name="befor"> 18,35,28,56,54,43,38, </key>
<key name="begin"> 33,34,25, </key>
<key name="behavior"> 25, </key>
<key name="below"> 19,33,34,52,25, </key>
<key name="best"> 7,64, </key>
<key name="big"> 56, </key>
<key name="billybob"> 25, </key>
<key name="blank"> 19, </key>
<key name="block"> 45,17,50, </key>
<key name="blu"> 1, </key>
<key name="bob"> 25, </key>
<key name="body"> 18,19,28,21,22,52,54,64,55, </key>
<key name="bold"> 46,33,47, </key>
<key name="book"> 30,12,14,29,32,15,51,16,6,64,55,13, </key>
<key name="both"> 56,55, </key>
<key name="bottom"> 34,51, </key>
<key name="bounc"> 39,24, </key>
<key name="box"> 12,57,18,63,61,19,4,5,27,31,47,56,64,25,55,72, </key>
<key name="bracket"> 54, </key>
<key name="brink"> 25, </key>
<key name="brows"> 18,17,10,69,51,52, </key>
<key name="browser"> 17,37,69,64, </key>
<key name="browser'"> 56, </key>
<key name="build"> 27,56,55, </key>
<key name="built"> 36, </key>
<key name="bullet"> 26, </key>
<key name="busy"> 4, </key>
<key name="button"> 17,20,5,22, </key>
<key name="byt"> 56, </key>
<key name="c"> 32, </key>
<key name="cal"> 34,56,55, </key>
<key name="calend"> 11, </key>
<key name="calendar"> 2,0,1,7,3,65,8,4,5,9,29,10,32,11,6,64,55, </key>
<key name="calendar'"> 1,4, </key>
<key name="california"> 6, </key>
<key name="cancel"> 3, </key>
<key name="cannot"> 30,45,66,35,28,49,56,53,38,24,13, </key>
<key name="capitalization"> 28, </key>
<key name="car"> 51,22, </key>
<key name="card"> 13, </key>
<key name="cas"> 4,28,69,51,56,53,25, </key>
<key name="casserol"> 28, </key>
<key name="categori"> 57, </key>
<key name="categoriz"> 36, </key>
<key name="caus"> 56,64,25, </key>
<key name="cc"> 19,28,21,56,54,25,55, </key>
<key name="certain"> 57,17,36,28,50,56,39,38,24,25, </key>
<key name="chanc"> 51, </key>
<key name="chang"> 2,1,7,61,37,65,66,19,4,69,33,47,34,52,40,6,41,64, </key>
<key name="charact"> 28,56,40,54,64, </key>
<key name="character"> 63,66,28,56,64,25, </key>
<key name="characteristic"> 36,50, </key>
<key name="check"> 30,57,61,20,8,19,4,35,28,27,29,31,69,47,50,70,16,56,64,72,13, </key>
<key name="checkbox"> 18,16, </key>
<key name="checkmark"> 47, </key>
<key name="choic"> 27, </key>
<key name="choos"> 37,5,27,51,71,64,44, </key>
<key name="chosen"> 1, </key>
<key name="classification"> 57, </key>
<key name="classify"> 57,36, </key>
<key name="clean"> 8, </key>
<key name="clear"> 38, </key>
<key name="click"> 2,0,12,57,18,17,63,3,61,37,66,8,19,4,60,5,35,14,9,27,21,46,31,10,11,15,69,33,47,34,70,51,22,16,48,49,56,52,40,54,23,6,71,42,62,43,38,44,25,55,72,13, </key>
<key name="client"> 17,36,37,65,29,69,51,39,64,26, </key>
<key name="clip"> 45,17,51, </key>
<key name="clos"> 63,60,69,64, </key>
<key name="cod"> 1,17,4,56,55, </key>
<key name="collaboration"> 37,29,69,49,64, </key>
<key name="colon"> 56,40, </key>
<key name="color"> 1,57,4,60,11,15,64,26,13, </key>
<key name="column"> 7,33,52,64,42, </key>
<key name="com"> 63,69,33,56,25, </key>
<key name="combin"> 28, </key>
<key name="combination"> 28,29,32, </key>
<key name="comma"> 25, </key>
<key name="command"> 17, </key>
<key name="common"> 18, </key>
<key name="company"> 12,66,4,22, </key>
<key name="compar"> 27, </key>
<key name="comparison"> 28,27, </key>
<key name="complet"> 59,61,32,16,23,6,71,62, </key>
<key name="completion"> 59,25, </key>
<key name="complex"> 55, </key>
<key name="component"> 22, </key>
<key name="compos"> 0,18,20,19,21,29,31,32,54,23,41,64,38,26, </key>
<key name="compres"> 17, </key>
<key name="compression"> 17, </key>
<key name="comput"> 17,65,69,51,64, </key>
<key name="computer"> 17,51, </key>
<key name="concern"> 22, </key>
<key name="condition"> 28,27, </key>
<key name="configur"> 17,37,19,29,68,69,70,22,49,64, </key>
<key name="configuration"> 66,5,64, </key>
<key name="confirm"> 66, </key>
<key name="conflict"> 2, </key>
<key name="connection"> 37,69,64, </key>
<key name="consider"> 28,51,56,55, </key>
<key name="consist"> 22, </key>
<key name="consum"> 39, </key>

</ftswdata>  
