<?xml version='1.0' encoding='windows-1252' ?>
<ftswdata>
<key name="0"> 15, </key>
<key name="1"> 14,15,17,38,49, </key>
<key name="10"> 3,4,42, </key>
<key name="100"> 42, </key>
<key name="12"> 38, </key>
<key name="1212"> 41, </key>
<key name="123"> 38, </key>
<key name="12k"> 38, </key>
<key name="14"> 50, </key>
<key name="2"> 14,15,17,38,50, </key>
<key name="20007"> 38, </key>
<key name="2005"> 50, </key>
<key name="2006"> 49, </key>
<key name="2007"> 6,38,50, </key>
<key name="22"> 27, </key>
<key name="25"> 42, </key>
<key name="3"> 14,17,38, </key>
<key name="30"> 16,38, </key>
<key name="303"> 41, </key>
<key name="4"> 14,17,50, </key>
<key name="5"> 14,17,50, </key>
<key name="50"> 42, </key>
<key name="555"> 41, </key>
<key name="6"> 17, </key>
<key name="9"> 38, </key>
<key name="abl"> 3,26,2,43, </key>
<key name="abov"> 41,5,38,36, </key>
<key name="acces"> 11,15,46,18, </key>
<key name="accord"> 19,36, </key>
<key name="account"> 11,46,47,48,42, </key>
<key name="acm"> 41,38, </key>
<key name="acrobat"> 2, </key>
<key name="action"> 39,9,10,40,14,15,28,17,42, </key>
<key name="activ"> 10,46, </key>
<key name="activat"> 32, </key>
<key name="activity"> 45, </key>
<key name="actual"> 2,6, </key>
<key name="ad"> 0,3,41,4,38,42,1, </key>
<key name="add"> 0,3,41,4,10,40,5,11,36,48,42,1, </key>
<key name="addition"> 30, </key>
<key name="additional"> 41,9,1, </key>
<key name="addres"> 13,0,4,9,11,46,17,47,32,6,38,36,48,42,8,37,1, </key>
<key name="addresse"> 5, </key>
<key name="administration"> 2, </key>
<key name="administrator"> 26,2,43,44,45,46,31,32,30,38,21,42,20,25,8,1,12, </key>
<key name="adob"> 2, </key>
<key name="advanc"> 46,38, </key>
<key name="again"> 45,37, </key>
<key name="aid"> 39, </key>
<key name="ajax"> 46, </key>
<key name="aka"> 20,12, </key>
<key name="alia"> 42, </key>
<key name="allow"> 0,3,9,32,38, </key>
<key name="allowabl"> 38, </key>
<key name="almost"> 32, </key>
<key name="alon"> 37, </key>
<key name="along"> 19,21, </key>
<key name="already"> 14,45, </key>
<key name="alt"> 15, </key>
<key name="although"> 37, </key>
<key name="alway"> 41,46,32,38,34,42,20, </key>
<key name="am"> 49, </key>
<key name="amb"> 38, </key>
<key name="amount"> 45,21, </key>
<key name="angl"> 36, </key>
<key name="animation"> 2, </key>
<key name="anoth"> 13,0,39,2,19,47,35,42,8,37, </key>
<key name="any"> 13,2,9,10,11,45,17,32,6,30,38,22,36,23,42,24,20,37,1,12, </key>
<key name="anywher"> 37, </key>
<key name="ap"> 39,9,10, </key>
<key name="appear"> 41,43,9,27,46,32,38,33,42,37, </key>
<key name="appli"> 10,38,42, </key>
<key name="application"> 2,17,32,6,42, </key>
<key name="apply"> 42, </key>
<key name="appropriat"> 3,4,32, </key>
<key name="area"> 10,17,37, </key>
<key name="around"> 11,17,38, </key>
<key name="arriv"> 10,20, </key>
<key name="arrow"> 14,24, </key>
<key name="ascend"> 24, </key>
<key name="ask"> 6, </key>
<key name="assign"> 39,43, </key>
<key name="associat"> 42, </key>
<key name="assum"> 2, </key>
<key name="asterisk"> 37, </key>
<key name="atom"> 18, </key>
<key name="attach"> 3,2,4,32, </key>
<key name="attachment"> 3,26,2,4,9,5,11,16,31,32,6,38,21,36,37, </key>
<key name="attack"> 31, </key>
<key name="attribut"> 38, </key>
<key name="august"> 49, </key>
<key name="authenticat"> 46, </key>
<key name="auto"> 42,49,1, </key>
<key name="automat"> 20,12, </key>
<key name="automatic"> 27,21, </key>
<key name="automatical"> 0,2,41,19,4,9,10,45,6,30,35,36,48,42,20,25,49,1, </key>
<key name="availabl"> 41,46,17,42, </key>
<key name="away"> 49, </key>
<key name="back"> 46, </key>
<key name="background"> 42, </key>
<key name="bad"> 8, </key>
<key name="ban"> 21, </key>
<key name="banana"> 9,38, </key>
<key name="bar"> 5,14,17,21, </key>
<key name="bas"> 15,46, </key>
<key name="basic"> 11,46,50, </key>
<key name="bcc"> 4,5,37, </key>
<key name="be"> 9, </key>
<key name="becom"> 6, </key>
<key name="befor"> 9,46,38,36,18,20,12, </key>
<key name="begin"> 16, </key>
<key name="below"> 41,4,15,17,33,34,42, </key>
<key name="beta"> 50, </key>
<key name="blank"> 4, </key>
<key name="block"> 26,2,31, </key>
<key name="body"> 41,4,9,5,6,38,33,36,37, </key>
<key name="bold"> 27,16,28, </key>
<key name="book"> 13,0,4,11,32,42,37,1, </key>
<key name="both"> 37, </key>
<key name="bottom"> 17,32,30, </key>
<key name="bounc"> 21,8, </key>
<key name="box"> 0,39,41,4,10,14,28,42,37,49,12, </key>
<key name="bracket"> 36, </key>
<key name="brows"> 3,2,4,15,46,32,29,33, </key>
<key name="browser"> 2,46, </key>
<key name="build"> 37, </key>
<key name="built"> 19, </key>
<key name="busines"> 41, </key>
<key name="button"> 2,6, </key>
<key name="byt"> 38, </key>
<key name="cal"> 38,37, </key>
<key name="cannot"> 13,26,4,9,30,38,35,20,8,1, </key>
<key name="capitalization"> 9, </key>
<key name="car"> 32,6, </key>
<key name="card"> 1, </key>
<key name="cas"> 9,32,38,35, </key>
<key name="casserol"> 9, </key>
<key name="categori"> 39, </key>
<key name="categoriz"> 19, </key>
<key name="caus"> 42, </key>
<key name="cc"> 4,9,5,38,36,37, </key>
<key name="certain"> 39,2,19,9,31,38,21,20,8,12, </key>
<key name="chanc"> 32, </key>
<key name="chang"> 39,43,4,16,28,17,33,23,42, </key>
<key name="charact"> 22,36, </key>
<key name="character"> 43,38, </key>
<key name="characteristic"> 19,31, </key>
<key name="check"> 13,39,41,4,10,14,46,28,31,47,42,49,1,12, </key>
<key name="checkmark"> 4,28, </key>
<key name="choic"> 10, </key>
<key name="choos"> 10,32,48,42,18,25, </key>
<key name="classification"> 39, </key>
<key name="classify"> 39,19, </key>
<key name="clear"> 20, </key>
<key name="click"> 0,39,3,2,41,43,4,10,5,27,14,15,46,16,28,17,47,32,6,29,30,38,33,34,36,7,48,24,18,20,25,37,49,1,12, </key>
<key name="client"> 2,19,11,46,32,21,42,50, </key>
<key name="clip"> 26,2,32, </key>
<key name="clos"> 46, </key>
<key name="cod"> 2,37, </key>
<key name="collaboration"> 11,46,30, </key>
<key name="colon"> 38,22, </key>
<key name="color"> 39,42, </key>
<key name="column"> 16,33,42,24, </key>
<key name="com"> 41,46,16,38,42, </key>
<key name="combin"> 9, </key>
<key name="combination"> 9,15, </key>
<key name="command"> 2, </key>
<key name="common"> 3, </key>
<key name="company"> 0,43,6, </key>
<key name="compar"> 10, </key>
<key name="comparison"> 9,10, </key>
<key name="complet"> 7,48, </key>
<key name="complex"> 37, </key>
<key name="component"> 6, </key>
<key name="compos"> 3,41,4,11,36,7,42,20, </key>
<key name="compound"> 38, </key>
<key name="compres"> 2, </key>
<key name="compression"> 2, </key>
<key name="comput"> 2,46,32, </key>
<key name="computer"> 2,32, </key>
<key name="concern"> 6, </key>
<key name="condition"> 9,10, </key>
<key name="configur"> 2,4,45,46,47,6,30,42, </key>
<key name="configuration"> 43, </key>
<key name="confirm"> 43, </key>
<key name="connection"> 46, </key>
<key name="consider"> 9,32,37, </key>
<key name="consist"> 6, </key>
<key name="constrain"> 38, </key>
<key name="consum"> 21, </key>
<key name="contact"> 13,0,39,26,41,43,4,9,11,44,17,6,35,42,20,8,37,1,12, </key>
<key name="contain"> 0,26,2,9,27,16,31,32,6,38,33,23,24,37, </key>
<key name="content"> 39,26,4,14,16,17,32,6,38,33,42,24,18,8,37, </key>
<key name="continu"> 10,45,16, </key>
<key name="control"> 15, </key>
<key name="conv"> 38, </key>
<key name="conversation"> 39,19,40,11,27,14,16,28,17,29,38,33,36,42, </key>
<key name="convert"> 26, </key>
<key name="copi"> 4,9,23,42, </key>
<key name="copy"> 4,9,48,20, </key>
<key name="copyright"> 50, </key>
<key name="corn"> 17, </key>
<key name="corporat"> 10,8, </key>
<key name="corporation"> 41, </key>
<key name="correct"> 2,8, </key>
<key name="correspond"> 32, </key>
<key name="correspondenc"> 42, </key>
<key name="could"> 2,41,9,10,32,6,37, </key>
<key name="count"> 38, </key>
<key name="creat"> 13,0,39,3,2,41,19,10,11,14,17,32,7,42,18,20,37,49,1, </key>
<key name="criteria"> 38,37, </key>
<key name="criterion"> 38, </key>
<key name="ctrl"> 15, </key>
<key name="current"> 17,32,38,49, </key>
<key name="cursor"> 24, </key>
<key name="custom"> 9,17, </key>
<key name="dat"> 9,6,38, </key>
<key name="data"> 37, </key>
<key name="day"> 46,16,38,21,12, </key>
<key name="db"> 38, </key>
<key name="dd"> 38, </key>
<key name="decid"> 4,5, </key>
<key name="default"> 0,9,17,33,34,23,42,20,1, </key>
<key name="defin"> 13,22,42, </key>
<key name="delet"> 13,39,9,14,30,21,35,7,23,48,42,20,25,1,12, </key>
<key name="deliver"> 9,27,31,8, </key>
<key name="delivery"> 26,31, </key>
<key name="denot"> 40, </key>
<key name="depend"> 3,26,43,10,17,6,36, </key>
<key name="descend"> 24, </key>
<key name="describ"> 3,38,42,37, </key>
<key name="description"> 6,38,42,37, </key>
<key name="design"> 2, </key>
<key name="designat"> 49, </key>
<key name="desktop"> 3, </key>
<key name="detail"> 38,37,1, </key>
<key name="detect"> 2, </key>

</ftswdata>  
