<?xml version='1.0' encoding='windows-1252' ?>
<!-- saved from url=(0014)about:internet -->
<ftswdata>
<key name="user"> 13,12,31,61,44, </key>
<key name="usual"> 12,16,6, </key>
<key name="vacation"> 49,64, </key>
<key name="valid"> 4,18, </key>
<key name="valu"> 49,48, </key>
<key name="variety"> 13,12, </key>
<key name="variou"> 2,12, </key>
<key name="vary"> 16, </key>
<key name="verifi"> 10, </key>
<key name="verify"> 18, </key>
<key name="version"> 31,61,65, </key>
<key name="via"> 12, </key>
<key name="vic"> 56, </key>
<key name="view"> 2,0,1,38,7,4,21,24,26,27,44,49,45,6,57,55,28,32, </key>
<key name="viewabl"> 38, </key>
<key name="viru"> 43,44, </key>
<key name="virus"> 38,12,43,44, </key>
<key name="visibl"> 57, </key>
<key name="voic"> 64, </key>
<key name="want"> 10,56,54,31,14,4,5,29,24,9,61,16,33,45,47,63,57,48, </key>
<key name="way"> 50,13,6, </key>
<key name="web"> 12,30,31,21,61,33,57,28,65, </key>
<key name="week"> 2,7,5,57, </key>
<key name="weight"> 16, </key>
<key name="well"> 44, </key>
<key name="what"> 13,19,27,6,57, </key>
<key name="wherea"> 15, </key>
<key name="wherev"> 50, </key>
<key name="wheth"> 10,12,14,5,51,21,60,26,57,36, </key>
<key name="whichev"> 0, </key>
<key name="whol"> 48, </key>
<key name="whom"> 14,49, </key>
<key name="whos"> 10,12,43,49, </key>
<key name="why"> 15,18, </key>
<key name="wid"> 12, </key>
<key name="wide"> 12, </key>
<key name="widget"> 56, </key>
<key name="wildcard"> 20,49,48, </key>
<key name="will"> 0,13,38,12,31,4,19,24,61,16,49,6,28,32,18,48,64, </key>
<key name="window"> 12,61,26,45,47, </key>
<key name="winzip"> 12, </key>
<key name="within"> 0,12,31,19,21,39,24,61,26,49,45, </key>
<key name="without"> 20,49,57,48, </key>
<key name="wmv"> 12, </key>
<key name="word"> 38,12,20,19,44,49,57,48, </key>
<key name="wordpad"> 12, </key>
<key name="work"> 2,52,7,31,4,21,60,61,57,11, </key>
<key name="workstation"> 12,44, </key>
<key name="would"> 20,49,57,48, </key>
<key name="writ"> 0, </key>
<key name="written"> 47, </key>
<key name="x"> 49,48, </key>
<key name="x111"> 56, </key>
<key name="xl"> 12, </key>
<key name="y"> 49,48, </key>
<key name="year"> 5, </key>
<key name="yellow"> 1, </key>
<key name="yes"> 51, </key>
<key name="york"> 6, </key>
<key name="your"> 2,23,52,0,10,1,50,13,38,12,56,7,3,30,54,31,58,14,4,5,29,8,20,19,21,39,24,59,60,9,25,61,26,43,27,62,44,16,42,49,33,45,34,47,17,6,35,63,57,36,28,32,37,18,48,11,22, </key>
<key name="yyyy"> 49, </key>
<key name="zc"> 52,21,65, </key>
<key name="zimbra"> 2,12,21,61,43,62,42,49,33,57,32,37,48,65, </key>
<key name="zip"> 38,12,43,44, </key>
<key name="zon"> 6,57, </key>

</ftswdata>  
