<?xml version='1.0' encoding='windows-1252' ?>
<!-- saved from url=(0014)about:internet -->
<ftswdata>
<key name="label"> 31, </key>
<key name="languag"> 49,53,48, </key>
<key name="larg"> 21,51,43,49,33,32,24, </key>
<key name="last"> 0,11,28,17,48,61, </key>
<key name="launch"> 13, </key>
<key name="leaf"> 21, </key>
<key name="learn"> 23,48, </key>
<key name="least"> 19, </key>
<key name="leav"> 57, </key>
<key name="left"> 46,37, </key>
<key name="length"> 56, </key>
<key name="lenient"> 17, </key>
<key name="les"> 51,49, </key>
<key name="let"> 3,13,6,23,27,53, </key>
<key name="letter"> 54, </key>
<key name="level"> 25,33,30, </key>
<key name="lik"> 17,53, </key>
<key name="limit"> 33,12, </key>
<key name="lin"> 11,13,31,15,21,16,28,17,45,53,48, </key>
<key name="link"> 38,13,5,57,29,44,30, </key>
<key name="list"> 25,1,11,50,54,15,9,22,51,26,27,29,17,45,7,53,32,19,12, </key>
<key name="load"> 30, </key>
<key name="local"> 49,33,59, </key>
<key name="locat"> 14,31,10, </key>
<key name="location"> 1,44,7, </key>
<key name="log"> 39,56,57,29,33,53,32, </key>
<key name="login"> 57, </key>
<key name="long"> 57,42,49,33, </key>
<key name="look"> 2,15,21,39,33, </key>
<key name="los"> 17, </key>
<key name="lot"> 58, </key>
<key name="low"> 45, </key>
<key name="m"> 21,27, </key>
<key name="mac"> 27, </key>
<key name="mail"> 25,11,50,14,13,52,31,15,21,22,51,16,23,39,26,27,57,28,40,29,58,44,17,49,33,45,46,47,35,59,53,32,37,19,48,60,24, </key>
<key name="mailbox"> 2,38,23,39,26,57,29,58,33,59,53,30,19, </key>
<key name="main"> 41, </key>
<key name="majority"> 44, </key>
<key name="mak"> 0,49, </key>
<key name="malform"> 21, </key>
<key name="manag"> 23,28, </key>
<key name="manageabl"> 33, </key>
<key name="management"> 22, </key>
<key name="manual"> 32,37, </key>
<key name="mark"> 21,26,40,49, </key>
<key name="markup"> 53, </key>
<key name="match"> 13,15,21,22,49,7,53,48, </key>
<key name="maximum"> 56,12, </key>
<key name="mean"> 15,21,22,49,19, </key>
<key name="media"> 13, </key>
<key name="medium"> 50, </key>
<key name="meet"> 0,1,4,6,49,7,48, </key>
<key name="meeting"> 3,0,1,6,9,23,7, </key>
<key name="megabyt"> 49, </key>
<key name="member"> 11, </key>
<key name="menu"> 50,40,41, </key>
<key name="messag"> 25,1,11,50,14,38,13,52,31,15,21,22,51,16,23,39,26,57,28,40,43,29,44,17,41,42,49,33,45,46,47,18,35,59,53,36,32,19,48,60,24, </key>
<key name="met"> 22, </key>
<key name="method"> 31,22,40, </key>
<key name="microsoft"> 14,13,44,49, </key>
<key name="might"> 50,43,49,47,32,24, </key>
<key name="minu"> 49, </key>
<key name="minut"> 10,53, </key>
<key name="mission"> 17, </key>
<key name="mm"> 49, </key>
<key name="monday"> 8, </key>
<key name="month"> 3,8,6, </key>
<key name="mous"> 53,36, </key>
<key name="mov"> 25,11,31,21,26,28,44,46,32,24, </key>
<key name="movi"> 13, </key>
<key name="mpeg"> 13, </key>
<key name="mpg"> 13, </key>
<key name="much"> 15,33, </key>
<key name="multipl"> 1,11,50,21,22,49,48,12, </key>
<key name="must"> 25,14,54,21,22,57,44,49,48, </key>
<key name="my"> 21, </key>
<key name="myra"> 57, </key>
<key name="myra123"> 57, </key>
<key name="�"> 54, </key>
<key name="nam"> 25,11,50,4,15,5,21,22,39,57,29,17,49,33,45,34,47,7,53,30,48,12, </key>
<key name="navigat"> 23,26,57,29, </key>
<key name="navigation"> 5,9,29, </key>
<key name="ne"> 13,57,7, </key>
<key name="nearest"> 21, </key>
<key name="necessary"> 22,49, </key>
<key name="need"> 51,33, </key>
<key name="network"> 44, </key>
<key name="nev"> 19, </key>
<key name="new"> 11,50,14,13,52,54,15,5,6,22,16,23,39,26,10,57,28,58,17,41,49,45,47,7,53,32,48,12, </key>
<key name="next"> 21,22,39,26,44,17,45,7,53,24, </key>
<key name="non"> 21, </key>
<key name="normal"> 21,18, </key>
<key name="not"> 11,14,13,54,15,57,43,7,30,12, </key>
<key name="notab"> 13, </key>
<key name="notebook"> 33, </key>
<key name="notepad"> 13, </key>
<key name="notifi"> 58, </key>
<key name="notification"> 13,43,58,33,53, </key>
<key name="notify"> 4, </key>
<key name="novemb"> 2, </key>
<key name="numb"> 13,6,51,39,26,28,49,33,45,47,53,32,48,12,24, </key>
<key name="number"> 26,12, </key>
<key name="�"> 54, </key>
<key name="object"> 49, </key>
<key name="occur"> 1,56,47, </key>
<key name="off"> 51,56,57,29,53,60, </key>
<key name="offer"> 23,57, </key>
<key name="offic"> 14,53,60, </key>
<key name="often"> 13,54,6,53, </key>
<key name="ok"> 54,20,22,10,41,7, </key>
<key name="old"> 54,28,42,33,47, </key>
<key name="omit"> 21, </key>
<key name="on"> 3,25,2,50,13,8,31,5,21,22,29,17,49,7,53,36,19,48,12, </key>
<key name="onc"> 2,50,28,60, </key>
<key name="ongo"> 47, </key>
<key name="open"> 3,11,50,14,38,13,52,8,4,15,5,6,22,16,23,26,57,40,29,44,41,42,49,45,46,47,18,53,30,32,48,12, </key>
<key name="operat"> 27, </key>
<key name="operator"> 21,49, </key>
<key name="opt"> 13, </key>
<key name="option"> 3,50,38,52,8,31,54,15,20,21,22,23,10,27,57,28,58,49,47,7,35,59,53,48,60,12, </key>
<key name="optional"> 16,17,53, </key>
<key name="ord"> 50,22,57,49,33,36,48, </key>
<key name="organiz"> 25,31,23, </key>
<key name="organization"> 43, </key>
<key name="original"> 1,9,45,47,53,19, </key>
<key name="originator"> 4, </key>
<key name="other"> 21,57,44, </key>
<key name="otherwis"> 51, </key>
<key name="out"> 31,21,56,57,53,60,24, </key>
<key name="outgo"> 53, </key>
<key name="outsid"> 44, </key>
<key name="overview"> 25,50,29,34,30,48,12,24, </key>
<key name="pacific"> 7, </key>
<key name="packag"> 14, </key>
<key name="pag"> 1,13,15,6,26,57,33,47,7,53, </key>
<key name="paint"> 13, </key>
<key name="pan"> 25,50,14,15,5,9,26,28,29,42,49,45,34,53,36,30,37,48,12,24, </key>
<key name="panel"> 48, </key>
<key name="pap"> 38,44, </key>
<key name="paramet"> 49, </key>
<key name="parameter"> 1, </key>
<key name="parenthes"> 39,28,49,45, </key>
<key name="parenthesi"> 49, </key>
<key name="part"> 13,22,17,47,19, </key>
<key name="particular"> 36, </key>
<key name="partner"> 23, </key>
<key name="pas"> 36, </key>
<key name="password"> 54,55,57,53, </key>
<key name="pattern"> 6, </key>
<key name="pdf"> 38,13,49, </key>
<key name="peopl"> 0,49,60, </key>
<key name="per"> 53, </key>
<key name="perform"> 22,26,49, </key>
<key name="period"> 13,56,57,42,32,37,60, </key>
<key name="periodical"> 56, </key>
<key name="permanent"> 9,42, </key>
<key name="permit"> 13, </key>
<key name="person"> 15,47,53,60, </key>
<key name="personal"> 3,50,5,23,44,48,12, </key>
<key name="phon"> 49,48,12, </key>
<key name="photoshop"> 13, </key>
<key name="phras"> 22, </key>
<key name="pictur"> 14, </key>
<key name="plac"> 38,52,21,43,45,47,32,37,24, </key>
<key name="placement"> 53, </key>
<key name="plain"> 15,53, </key>
<key name="plan"> 1, </key>
<key name="play"> 13, </key>
<key name="playabl"> 13, </key>
<key name="plu"> 27,19, </key>
<key name="plug"> 13, </key>
<key name="podcast"> 30, </key>
<key name="point"> 38,44, </key>
<key name="polici"> 13,42, </key>
<key name="policy"> 38,43,49,33, </key>
<key name="populat"> 47,12, </key>
<key name="portion"> 21, </key>
<key name="possib"> 32,24, </key>
<key name="powerful"> 48, </key>
<key name="powerpoint"> 38, </key>
<key name="practic"> 44, </key>
<key name="preced"> 21, </key>
<key name="pref"> 57,53, </key>
<key name="preferenc"> 52,22,23,47,53, </key>
<key name="prefix"> 49,47,53,48, </key>
<key name="prepar"> 45, </key>
<key name="pres"> 7, </key>
<key name="presenc"> 21, </key>
<key name="preserv"> 16,33,47, </key>
<key name="president"> 52, </key>
<key name="presum"> 17, </key>
<key name="prevent"> 57, </key>
<key name="previou"> 22,47,53, </key>
<key name="print"> 41,45, </key>
<key name="priority"> 50, </key>
<key name="privacy"> 57, </key>
<key name="problem"> 54,19, </key>
<key name="proce"> 22, </key>
<key name="proceed"> 30, </key>
<key name="proces"> 44, </key>
<key name="produc"> 49,53, </key>
<key name="program"> 14,13,17, </key>
<key name="prompt"> 13, </key>
<key name="properti"> 2, </key>
<key name="protect"> 57, </key>
<key name="provid"> 50,13,31,57,17,30,19, </key>
<key name="pull"> 50,15,40,53, </key>
<key name="punctuation"> 49, </key>
<key name="purg"> 42,33,46,32,37,24, </key>
<key name="put"> 32, </key>
<key name="queri"> 48, </key>
<key name="query"> 49,53,48, </key>
<key name="quick"> 1,31,27,48, </key>
<key name="quot"> 49,34,47,53, </key>
<key name="quota"> 29,33, </key>
<key name="quotation"> 49, </key>
<key name="radial"> 6, </key>
<key name="rath"> 52,53, </key>
<key name="re"> 19, </key>
<key name="reach"> 32,12,24, </key>
<key name="read"> 14,13,52,21,26,40,44,49,45,53, </key>
<key name="ready"> 14, </key>
<key name="real"> 30,32, </key>
<key name="reason"> 43,19, </key>
<key name="receiv"> 38,13,31,39,28,43,58,44,17,49,33,53,36,32,19,24, </key>
<key name="recent"> 28,53, </key>
<key name="recipient"> 14,31,15,16,17,49,47,53,19,60, </key>
<key name="recogniz"> 13, </key>
<key name="recommend"> 44, </key>
<key name="recov"> 46, </key>
<key name="recover"> 42,46, </key>

</ftswdata>  
