<?xml version='1.0' encoding='windows-1252' ?>
<!-- saved from url=(0014)about:internet -->
<ftswdata>
<key name="purg"> 42,33,46,32,37,23, </key>
<key name="put"> 32, </key>
<key name="queri"> 48, </key>
<key name="query"> 49,56,48, </key>
<key name="quick"> 52,0,30,54,26,48, </key>
<key name="quot"> 49,34,47, </key>
<key name="quota"> 28,33, </key>
<key name="quotation"> 49, </key>
<key name="radial"> 5, </key>
<key name="rath"> 56, </key>
<key name="re"> 19, </key>
<key name="reach"> 32,12,23, </key>
<key name="read"> 52,14,13,55,20,22,25,40,44,49,45,56, </key>
<key name="ready"> 14, </key>
<key name="real"> 29,32, </key>
<key name="reason"> 43,19, </key>
<key name="receiv"> 38,13,30,39,27,43,62,44,17,49,33,63,56,36,32,19,64,23, </key>
<key name="recent"> 27, </key>
<key name="recipient"> 14,30,15,16,22,17,49,47,56,19,64, </key>
<key name="recogniz"> 13, </key>
<key name="recommend"> 44, </key>
<key name="recov"> 46, </key>
<key name="recover"> 42,46, </key>
<key name="recur"> 0,5,6, </key>
<key name="reduc"> 33, </key>
<key name="refer"> 28,56, </key>
<key name="referenc"> 13,45, </key>
<key name="reflect"> 6, </key>
<key name="refresh"> 39,25,6, </key>
<key name="regard"> 42, </key>
<key name="regardles"> 38,59,43,64, </key>
<key name="regular"> 40, </key>
<key name="reject"> 2,38,19, </key>
<key name="relat"> 27,48, </key>
<key name="relevant"> 32, </key>
<key name="remain"> 60,42,32,37, </key>
<key name="rememb"> 60,64, </key>
<key name="remember"> 60, </key>
<key name="remot"> 4,49, </key>
<key name="remov"> 50,3,15,51,40,18,12, </key>
<key name="renam"> 24,50,34,32, </key>
<key name="rep"> 20,16,22,61,17,45,47,56,64, </key>
<key name="repeat"> 5,21,6, </key>
<key name="repli"> 55,49,47,64, </key>
<key name="reply"> 47, </key>
<key name="report"> 32,23, </key>
<key name="request"> 0, </key>
<key name="requir"> 60,62,6,12, </key>
<key name="reserv"> 0, </key>
<key name="reset"> 58, </key>
<key name="resid"> 44, </key>
<key name="resolv"> 19, </key>
<key name="resourc"> 0,33, </key>
<key name="respons"> 62,47, </key>
<key name="restart"> 60, </key>
<key name="result"> 20,49,56,48, </key>
<key name="retain"> 63, </key>
<key name="retriev"> 30,25,61,18, </key>
<key name="return"> 5,20,49,33,48,64, </key>
<key name="retyp"> 57, </key>
<key name="reus"> 57, </key>
<key name="review"> 27,32,23, </key>
<key name="right"> 13,20,25,28,45,37, </key>
<key name="rol"> 61,56, </key>
<key name="room"> 0, </key>
<key name="root"> 29,48, </key>
<key name="rout"> 22, </key>
<key name="row"> 25, </key>
<key name="rs"> 29, </key>
<key name="rul"> 30,57,20,21,49,45,56, </key>
<key name="run"> 13,48, </key>
<key name="s"> 0,1,50,7,15,8,20,28,62,44,17,41,49,19, </key>
<key name="safari"> 26, </key>
<key name="safety"> 44, </key>
<key name="sam"> 24,38,30,57,20,27,40,44,17,49,48, </key>
<key name="sav"> 0,11,55,54,31,15,9,20,10,27,28,62,44,33,18,6,35,63,56,32,48,64, </key>
<key name="saw"> 47, </key>
<key name="say"> 56, </key>
<key name="scan"> 44, </key>
<key name="schedul"> 2,0,7,4,5,6, </key>
<key name="screen"> 52,59,60,28,6, </key>
<key name="scroll"> 62,63, </key>
<key name="se"> 2,0,38,55,4,22,59,26,27,28,49,45,47,6,56, </key>
<key name="search"> 30,15,22,28,49,56,48, </key>
<key name="second"> 20, </key>
<key name="section"> 50,55,31,5,34,63,48, </key>
<key name="security"> 38,43, </key>
<key name="select"> 2,24,52,0,11,1,50,14,38,55,7,54,31,57,15,4,53,5,9,20,21,51,25,10,26,60,61,40,41,49,46,6,63,56,29,48,23, </key>
<key name="selection"> 31,49, </key>
<key name="semicolon"> 0,6, </key>
<key name="send"> 14,13,30,15,20,16,22,61,44,17,41,49,47,18,35,56,29,32,19,64,12, </key>
<key name="sender"> 43,44,17, </key>
<key name="sent"> 24,0,14,3,30,15,20,27,28,17,49,33,47,18,6,35,56,32,19,64, </key>
<key name="separat"> 0,11,7,17,49,6, </key>
<key name="sequenc"> 5,26, </key>
<key name="serv"> 49, </key>
<key name="session"> 2,7,59,60,28,56, </key>
<key name="set"> 52,38,31,21,22,59,60,61,62,44,42,49,33,47,6,63,56,64,12, </key>
<key name="setting"> 61,56, </key>
<key name="seven"> 7, </key>
<key name="shar"> 52,1,4,22,49,6, </key>
<key name="shift"> 26, </key>
<key name="shortcut"> 26,56,48, </key>
<key name="shot"> 52, </key>
<key name="should"> 52,50,55,60,43,17,49,56,23, </key>
<key name="show"> 52,0,11,1,50,14,30,27,28,44,49,33,45,47,56,36, </key>
<key name="shown"> 21,27,47, </key>
<key name="sid"> 4,25,45, </key>
<key name="sign"> 49, </key>
<key name="signatur"> 55,15,61,17,47,56, </key>
<key name="signifi"> 1, </key>
<key name="similar"> 28,49,48, </key>
<key name="simp"> 59,48, </key>
<key name="simpl"> 52,49,29, </key>
<key name="simultaneous"> 50, </key>
<key name="sinc"> 47, </key>
<key name="singl"> 0,50,30,21,25,61,49,6,56, </key>
<key name="sit"> 38,43,42,29,32,23, </key>
<key name="siz"> 20,10,27,43,49,33, </key>
<key name="slash"> 34, </key>
<key name="slid"> 14, </key>
<key name="slow"> 31,60,56, </key>
<key name="smal"> 20,49, </key>
<key name="smith"> 55,49, </key>
<key name="so"> 0,1,16,61,49,47, </key>
<key name="softwar"> 14,13, </key>
<key name="someon"> 13,16,49, </key>
<key name="someth"> 44,17, </key>
<key name="sometim"> 20,56,32,19, </key>
<key name="sort"> 13,5,21,36, </key>
<key name="sortabl"> 36, </key>
<key name="sourc"> 22, </key>
<key name="spac"> 49,33,12, </key>
<key name="spam"> 20,43,17,32,23, </key>
<key name="special"> 13,49, </key>
<key name="specifi"> 20,21,42,49,56,32,37,48,23, </key>
<key name="specific"> 52,57,5,49,56,48,23, </key>
<key name="specify"> 20,21,49,56, </key>
<key name="spelling"> 49,48, </key>
<key name="spot"> 39, </key>
<key name="spread"> 13,43,44, </key>
<key name="spreadsheet"> 14,13,44, </key>
<key name="standard"> 31,20,22,60,44, </key>
<key name="start"> 52,22,6,56,19, </key>
<key name="statement"> 17, </key>
<key name="statu"> 52,49, </key>
<key name="step"> 21, </key>
<key name="stor"> 24,20,27,12, </key>
<key name="str"> 49,56, </key>
<key name="structur"> 49, </key>
<key name="styl"> 15, </key>
<key name="subject"> 0,30,15,20,27,44,17,49,6,56,36,48, </key>
<key name="subscrib"> 4,29, </key>
<key name="substr"> 20, </key>
<key name="suit"> 22,42, </key>
<key name="supervisor"> 21,17, </key>
<key name="support"> 13,20,33, </key>
<key name="switch"> 22,26,17, </key>
<key name="symbol"> 49, </key>
<key name="synchroniz"> 4, </key>
<key name="syndication"> 29, </key>
<key name="synonym"> 49, </key>
<key name="syntax"> 56, </key>
<key name="system"> 24,50,14,38,13,57,22,59,26,60,28,44,17,32,19, </key>
<key name="t"> 20,43,63,56,32,23, </key>
<key name="tab"> 2,0,55,7,31,57,15,4,53,21,25,26,61,27,28,62,6,35,63,56,64,12, </key>
<key name="tag"> 50,30,20,21,25,27,28,49,56, </key>
<key name="tak"> 30,20,10, </key>
<key name="task"> 52,54,53,22,25, </key>
<key name="temporari"> 43, </key>
<key name="tentativ"> 2, </key>
<key name="term"> 49, </key>
<key name="test"> 20, </key>
<key name="text"> 52,0,14,38,13,55,15,20,21,16,40,44,17,49,47,6,56,48,64, </key>
<key name="them"> 0,14,55,3,21,44,49,33,46,18,56,36,32,48,23, </key>
<key name="themselv"> 44,56, </key>
<key name="therefor"> 13,59,44, </key>
<key name="thing"> 33, </key>
<key name="think"> 43, </key>
<key name="thoma"> 49, </key>
<key name="thos"> 50,61,49,33,32,23, </key>
<key name="thre"> 52,11,13,6, </key>
<key name="tim"> 2,0,7,31,59,60,17,42,49,18,6,35,56,36,32,37,48,64, </key>
<key name="time"> 62, </key>
<key name="tip"> 49, </key>
<key name="titl"> 11,36, </key>
<key name="togeth"> 49, </key>
<key name="toggl"> 56, </key>
<key name="too"> 20,43,17,56, </key>
<key name="tool"> 53,48, </key>
<key name="toolbar"> 2,0,11,7,3,54,15,4,5,39,28,41,49,45,6,56,32, </key>
<key name="top"> 24,16,27,28,32, </key>
<key name="topic"> 17,49, </key>
<key name="total"> 39,25,49, </key>
<key name="track"> 2,52,4,22, </key>
<key name="traditional"> 22, </key>
<key name="trash"> 24,20,25,28,42,33,46,56,32,37, </key>
<key name="travel"> 56, </key>
<key name="troubl"> 56, </key>
<key name="tru"> 49, </key>
<key name="try"> 19, </key>
<key name="tun"> 32,23, </key>
<key name="turn"> 21,51,56,64, </key>
<key name="turnaround"> 50, </key>
<key name="two"> 24,4,5,25,60,45, </key>
<key name="txt"> 13,49, </key>
<key name="typ"> 24,52,0,11,14,38,13,55,31,4,53,21,60,43,44,49,47,6,29,48,12, </key>
<key name="typical"> 14,38,13,25, </key>
<key name="ui"> 4,56, </key>
<key name="unacceptabl"> 38, </key>
<key name="uncheck"> 4, </key>
<key name="undeliverabl"> 19, </key>
<key name="undo"> 8, </key>
<key name="unflag"> 25,49, </key>
<key name="unforward"> 49, </key>
<key name="uniqu"> 24, </key>
<key name="unit"> 49, </key>
<key name="unknown"> 19, </key>
<key name="unles"> 61,17,49,56, </key>
<key name="unread"> 39,25,27,40,49,45, </key>
<key name="unrepli"> 49, </key>
<key name="unsolicit"> 32,23, </key>
<key name="untag"> 25, </key>
<key name="unus"> 12, </key>
<key name="unwant"> 32,23, </key>
<key name="up"> 11,14,15,21,61,6,56,36,12, </key>
<key name="updat"> 54,49,29,65, </key>

</ftswdata>  
