<?xml version='1.0' encoding='windows-1252' ?>
<!-- saved from url=(0014)about:internet -->
<ftswdata>
<key name="0"> 27,61, </key>
<key name="1"> 26,27,29,49,60, </key>
<key name="10"> 14,15,53, </key>
<key name="100"> 53, </key>
<key name="12"> 49, </key>
<key name="1212"> 52, </key>
<key name="12k"> 49, </key>
<key name="19"> 61, </key>
<key name="2"> 26,27,29,49, </key>
<key name="2005"> 61, </key>
<key name="2006"> 60, </key>
<key name="2007"> 17,49,61, </key>
<key name="22"> 39, </key>
<key name="25"> 53, </key>
<key name="3"> 26,29, </key>
<key name="30"> 28,49, </key>
<key name="303"> 52, </key>
<key name="4"> 26,29, </key>
<key name="5"> 3,26,29,53,61, </key>
<key name="50"> 53, </key>
<key name="555"> 52, </key>
<key name="6"> 29,61, </key>
<key name="7"> 3,2, </key>
<key name="9"> 49, </key>
<key name="abl"> 14,38,13,54, </key>
<key name="abov"> 2,52,16,47, </key>
<key name="accent"> 54, </key>
<key name="accept"> 3,2, </key>
<key name="acces"> 23,27,57,30, </key>
<key name="accord"> 31,47, </key>
<key name="account"> 23,57,58,59,53, </key>
<key name="acm"> 52,49, </key>
<key name="acrobat"> 13, </key>
<key name="action"> 50,21,22,51,26,27,40,29,53, </key>
<key name="activ"> 22,57, </key>
<key name="activat"> 44, </key>
<key name="activiti"> 3,0,2,8,5, </key>
<key name="activity"> 0,56, </key>
<key name="actual"> 13,17, </key>
<key name="ad"> 1,11,2,14,52,15,7,53,12, </key>
<key name="add"> 1,11,14,52,15,22,51,16,23,10,47,7,59,53,12, </key>
<key name="addition"> 6,42, </key>
<key name="additional"> 52,5,21,7,12, </key>
<key name="addres"> 25,1,11,15,21,23,57,29,58,44,17,49,47,7,59,53,19,48,12, </key>
<key name="addresse"> 16, </key>
<key name="administration"> 13, </key>
<key name="administrator"> 38,13,54,55,56,57,43,44,42,33,53,32,37,19,12,24, </key>
<key name="adob"> 13, </key>
<key name="advanc"> 6,57,49, </key>
<key name="again"> 56,48, </key>
<key name="aid"> 50, </key>
<key name="ajax"> 57, </key>
<key name="aka"> 32,24, </key>
<key name="alia"> 53, </key>
<key name="allow"> 11,14,21,44,49, </key>
<key name="allowabl"> 49, </key>
<key name="almost"> 44, </key>
<key name="alon"> 48, </key>
<key name="along"> 31,5,33, </key>
<key name="already"> 26,56, </key>
<key name="alt"> 27, </key>
<key name="although"> 48, </key>
<key name="alway"> 2,52,57,44,49,53,32, </key>
<key name="am"> 60, </key>
<key name="amb"> 49, </key>
<key name="amount"> 56,33, </key>
<key name="and"> 49, </key>
<key name="angl"> 47, </key>
<key name="animation"> 13, </key>
<key name="anoth"> 25,11,50,13,31,5,58,46,53,19,48, </key>
<key name="any"> 25,13,8,9,21,22,23,56,29,44,17,42,49,34,47,7,35,53,36,32,48,12,24, </key>
<key name="anywher"> 49,48, </key>
<key name="ap"> 50,21,22, </key>
<key name="appear"> 0,52,54,21,39,57,44,49,45,53,48, </key>
<key name="appli"> 22,49,53, </key>
<key name="application"> 13,29,44,17,53, </key>
<key name="apply"> 53, </key>
<key name="appointment"> 3,0,1,4,5,6,23,7,53, </key>
<key name="appropriat"> 14,15,44, </key>
<key name="area"> 1,22,29,48, </key>
<key name="around"> 23,29, </key>
<key name="arriv"> 22,32, </key>
<key name="arrow"> 26,36, </key>
<key name="ascend"> 36, </key>
<key name="ask"> 17, </key>
<key name="assign"> 50,54, </key>
<key name="associat"> 53, </key>
<key name="assum"> 13, </key>
<key name="asterisk"> 49,48, </key>
<key name="atom"> 30, </key>
<key name="attach"> 14,13,15,44, </key>
<key name="attachment"> 14,38,13,15,21,16,23,28,43,44,17,49,33,47,53,48, </key>
<key name="attack"> 43, </key>
<key name="attende"> 0,1,4,9,7, </key>
<key name="attribut"> 49, </key>
<key name="august"> 60, </key>
<key name="authenticat"> 57, </key>
<key name="auto"> 53,60,12, </key>
<key name="automat"> 32,24, </key>
<key name="automatic"> 39,33, </key>
<key name="automatical"> 11,13,52,31,15,9,21,22,56,17,42,46,47,59,53,32,37,60,12, </key>
<key name="availabl"> 2,52,5,57,29,53, </key>
<key name="away"> 60, </key>
<key name="back"> 57, </key>
<key name="background"> 53, </key>
<key name="bad"> 19, </key>
<key name="ban"> 0,33, </key>
<key name="banana"> 21,49, </key>
<key name="bar"> 16,26,29,49,33, </key>
<key name="bas"> 27,57, </key>
<key name="basi"> 53, </key>
<key name="basic"> 57,49,61, </key>
<key name="bcc"> 15,16,48, </key>
<key name="be"> 5,21, </key>
<key name="becom"> 1,17,7, </key>
<key name="befor"> 1,21,57,49,47,30,32,24, </key>
<key name="begin"> 28, </key>
<key name="below"> 52,15,27,29,45,53, </key>
<key name="best"> 8, </key>
<key name="beta"> 61, </key>
<key name="big"> 49, </key>
<key name="blank"> 15, </key>
<key name="block"> 38,13,43, </key>
<key name="blu"> 2, </key>
<key name="body"> 52,15,21,16,17,45,47,53,48, </key>
<key name="bold"> 39,28,40, </key>
<key name="book"> 25,11,15,23,44,53,48,12, </key>
<key name="both"> 49,48, </key>
<key name="bottom"> 29,44,42, </key>
<key name="bounc"> 33,19, </key>
<key name="box"> 11,50,52,15,5,22,26,40,49,53,48,60,24, </key>
<key name="bracket"> 47, </key>
<key name="brows"> 14,13,15,10,27,57,44,41,49,45, </key>
<key name="browser"> 13,57, </key>
<key name="build"> 49,48, </key>
<key name="built"> 31, </key>
<key name="busines"> 52, </key>
<key name="busy"> 1,5, </key>
<key name="button"> 13,6,17, </key>
<key name="byt"> 49, </key>
<key name="cal"> 49,48, </key>
<key name="calendar"> 3,0,1,2,8,4,5,6,9,20,23,10,7,53, </key>
<key name="california"> 7, </key>
<key name="cancel"> 4, </key>
<key name="cannot"> 25,38,54,15,21,42,49,46,32,19,12, </key>
<key name="capitalization"> 21, </key>
<key name="car"> 44,17, </key>
<key name="card"> 12, </key>
<key name="cas"> 21,44,49,46, </key>
<key name="casserol"> 21, </key>
<key name="categori"> 50, </key>
<key name="categoriz"> 31, </key>
<key name="caus"> 49,53, </key>
<key name="cc"> 15,21,16,49,47,48, </key>
<key name="certain"> 50,13,31,21,43,49,33,32,19,24, </key>
<key name="chanc"> 44, </key>
<key name="chang"> 3,2,50,8,54,15,28,40,29,45,7,35,53, </key>
<key name="charact"> 49,34,47, </key>
<key name="character"> 54,49, </key>
<key name="characteristic"> 31,43, </key>
<key name="check"> 25,50,52,15,5,9,22,26,57,40,43,58,49,53,60,12,24, </key>
<key name="checkmark"> 15,40, </key>
<key name="choic"> 22, </key>
<key name="choos"> 6,22,44,59,53,30,37, </key>
<key name="chos"> 53, </key>
<key name="chosen"> 2, </key>
<key name="classification"> 50, </key>
<key name="classify"> 50,31, </key>
<key name="clear"> 32, </key>
<key name="click"> 3,1,11,50,14,13,52,4,54,15,5,6,9,20,22,16,39,26,10,27,57,28,40,29,58,44,17,41,42,49,45,47,18,7,59,53,36,30,32,37,48,60,12,24, </key>
<key name="client"> 13,31,23,57,44,33,53,61, </key>
<key name="clip"> 38,13,44, </key>
<key name="clos"> 57, </key>
<key name="cod"> 2,13,49,48, </key>
<key name="collaboration"> 23,57,42, </key>
<key name="colon"> 49,34, </key>
<key name="color"> 2,50,5,53, </key>
<key name="column"> 8,28,45,53,36, </key>
<key name="com"> 52,57,28,49,53, </key>
<key name="combin"> 21, </key>
<key name="combination"> 21,27, </key>
<key name="command"> 13, </key>
<key name="common"> 14, </key>
<key name="company"> 11,54,5,17, </key>
<key name="compar"> 22, </key>
<key name="comparison"> 21,22, </key>
<key name="complet"> 18,7,59, </key>
<key name="complex"> 48, </key>
<key name="component"> 17, </key>
<key name="compos"> 1,14,52,15,23,47,18,53,32, </key>
<key name="compres"> 13, </key>
<key name="compression"> 13, </key>
<key name="comput"> 13,57,44,53, </key>
<key name="computer"> 13,44, </key>
<key name="concern"> 17, </key>
<key name="condition"> 21,22, </key>
<key name="configur"> 13,15,56,57,58,17,42,53, </key>
<key name="configuration"> 54,6,53, </key>
<key name="confirm"> 0,54, </key>
<key name="connection"> 57, </key>
<key name="consider"> 21,44,49,48, </key>
<key name="consist"> 1,17, </key>
<key name="consum"> 33, </key>
<key name="contact"> 25,11,50,38,52,54,15,21,23,55,29,17,46,7,53,32,19,48,12,24, </key>
<key name="contain"> 11,38,13,54,21,39,28,43,44,17,49,45,35,36,48, </key>
<key name="content"> 50,38,15,9,26,28,29,44,17,49,45,53,36,30,19,48, </key>
<key name="continu"> 22,56,28, </key>
<key name="control"> 27, </key>
<key name="conversation"> 50,31,51,23,39,26,28,40,29,41,45,47,53, </key>
<key name="convert"> 38, </key>
<key name="copi"> 15,21,35,53, </key>
<key name="copy"> 15,21,59,32, </key>
<key name="copyright"> 61, </key>
<key name="corn"> 29, </key>
<key name="corporat"> 22,19, </key>
<key name="corporation"> 52, </key>
<key name="correct"> 13,19, </key>
<key name="correspond"> 44, </key>
<key name="correspondenc"> 53, </key>
<key name="could"> 13,52,21,22,44,17,48, </key>
<key name="creat"> 3,25,0,1,11,2,50,14,13,52,31,5,6,9,22,23,26,10,29,44,49,18,7,53,30,32,48,60,12, </key>
<key name="criteria"> 49,48, </key>
<key name="criterion"> 49, </key>
<key name="ctrl"> 27, </key>
<key name="current"> 29,44,49,60, </key>
<key name="cursor"> 36, </key>
<key name="custom"> 21,29, </key>
<key name="customiz"> 6, </key>
<key name="d2"> 61, </key>
<key name="dai"> 6, </key>

</ftswdata>  
