<?xml version='1.0' encoding='windows-1252' ?>
<!-- saved from url=(0014)about:internet -->
<ftswdata>
<key name="detect"> 2, </key>
<key name="determin"> 31, </key>
<key name="dialog"> 43,10,46,32, </key>
<key name="did"> 42, </key>
<key name="different"> 39,9,6,42, </key>
<key name="direct"> 2,18, </key>
<key name="directiv"> 10, </key>
<key name="disabl"> 1, </key>
<key name="discard"> 9,10, </key>
<key name="disk"> 21, </key>
<key name="display"> 13,0,3,4,10,14,46,16,17,32,6,21,33,34,36,42,18,20,37,1, </key>
<key name="distinguish"> 40, </key>
<key name="division"> 41, </key>
<key name="do"> 2,9,5,33,36, </key>
<key name="doc"> 2, </key>
<key name="document"> 3,26,2,32,38,21, </key>
<key name="dog"> 37, </key>
<key name="domain"> 46,38,37, </key>
<key name="don"> 3,19,4,9,48,20,12, </key>
<key name="door"> 37, </key>
<key name="doubl"> 2,16,33,22, </key>
<key name="down"> 39,4,10,28,47,48,24,37, </key>
<key name="download"> 2,32, </key>
<key name="draft"> 4,17,7,20, </key>
<key name="drop"> 10,37, </key>
<key name="du"> 8, </key>
<key name="e"> 26,45,31, </key>
<key name="�"> 43, </key>
<key name="easi"> 33, </key>
<key name="easy"> 11, </key>
<key name="edit"> 0,39,10,22,7,18,37,1, </key>
<key name="editor"> 2, </key>
<key name="eith"> 14,16,38,36,42,20,37,12, </key>
<key name="eligibl"> 6, </key>
<key name="els"> 5, </key>
<key name="email"> 0,39,3,26,2,41,19,4,9,40,11,27,14,46,16,31,17,47,32,6,29,30,38,21,33,34,35,48,42,24,8,37,49,1,12, </key>
<key name="employe"> 6, </key>
<key name="empty"> 30,21,20,25,12, </key>
<key name="enabl"> 41,4,16,47,34,36,23,48,42,49,1, </key>
<key name="end"> 2,41,38,36,42, </key>
<key name="enforc"> 21, </key>
<key name="engineer"> 41, </key>
<key name="enough"> 47, </key>
<key name="ent"> 0,39,43,4,10,5,15,46,47,42,18,37,49, </key>
<key name="enter"> 15, </key>
<key name="entri"> 32,1, </key>
<key name="entry"> 37, </key>
<key name="environment"> 2, </key>
<key name="error"> 8, </key>
<key name="etc"> 43,37, </key>
<key name="even"> 2,9,45,16,32, </key>
<key name="event"> 10, </key>
<key name="every"> 41,46,8, </key>
<key name="everyon"> 0,36, </key>
<key name="ex"> 2,31, </key>
<key name="exact"> 41,9,31,6,38, </key>
<key name="exampl"> 13,39,26,2,41,19,9,10,27,15,46,38,36,42,37, </key>
<key name="excel"> 26,38, </key>
<key name="except"> 38,22, </key>
<key name="exception"> 38, </key>
<key name="exchang"> 36, </key>
<key name="execut"> 10,38,42,37, </key>
<key name="executabl"> 26,2,32, </key>
<key name="exist"> 13,9,42,8, </key>
<key name="expand"> 2, </key>
<key name="expens"> 2, </key>
<key name="expir"> 45,46, </key>
<key name="explor"> 15, </key>
<key name="extend"> 49, </key>
<key name="extension"> 2,31, </key>
<key name="fast"> 46,6, </key>
<key name="favorit"> 18, </key>
<key name="fe"> 18, </key>
<key name="featur"> 0,41,19,46,47,32,38,42,37,49,1, </key>
<key name="february"> 38, </key>
<key name="feed"> 18, </key>
<key name="few"> 5, </key>
<key name="field"> 0,43,4,9,10,5,17,36,48,42,18,37,12, </key>
<key name="figur"> 17, </key>
<key name="fil"> 0,3,26,2,4,9,5,31,32,6,29,38,21,35,37, </key>
<key name="filenam"> 2,38, </key>
<key name="fill"> 33, </key>
<key name="filt"> 9,10,33,20,12, </key>
<key name="filter"> 19,10,11,32,6,42,20,12, </key>
<key name="fin"> 20,12, </key>
<key name="find"> 39,2,4,17,38,42,20,37,12, </key>
<key name="finish"> 10, </key>
<key name="firefox"> 15, </key>
<key name="first"> 0,10,16,6,38,33,42,37, </key>
<key name="flag"> 9,40,14,16,38, </key>
<key name="fold"> 13,19,4,9,10,27,14,16,30,38,21,33,35,22,7,23,42,18,20,25,37,12, </key>
<key name="folder"> 13,39,19,9,10,11,27,16,17,30,21,22,42,18,20, </key>
<key name="follow"> 2,9,10,15,6,38,21,20, </key>
<key name="font"> 4, </key>
<key name="forget"> 44, </key>
<key name="format"> 3,2,4,38,42, </key>
<key name="forth"> 36, </key>
<key name="forward"> 41,9,10,5,11,33,22,48,42, </key>
<key name="fragment"> 33,42, </key>
<key name="fre"> 1, </key>
<key name="frequent"> 37, </key>
<key name="friday"> 6, </key>
<key name="friend"> 42, </key>
<key name="full"> 46,21,8,37,1, </key>
<key name="g"> 26, </key>
<key name="general"> 43,31,6,38,42, </key>
<key name="generat"> 9,6,8, </key>
<key name="get"> 11,31,32, </key>
<key name="gif"> 3,2, </key>
<key name="giv"> 39, </key>
<key name="go"> 39,9,10,15,16,28,42, </key>
<key name="good"> 46, </key>
<key name="grammar"> 38, </key>
<key name="graphic"> 2, </key>
<key name="graphical"> 2, </key>
<key name="great"> 38, </key>
<key name="group"> 0,19,10,16,33,42,1, </key>
<key name="hand"> 25, </key>
<key name="handl"> 42,20,12, </key>
<key name="happen"> 45,21, </key>
<key name="haven"> 31, </key>
<key name="head"> 39,9,14,32,38,33,34,36,18, </key>
<key name="header"> 9,6, </key>
<key name="health"> 6, </key>
<key name="hello"> 38, </key>
<key name="help"> 20,12, </key>
<key name="her"> 2,46,17,42, </key>
<key name="hierarchy"> 18, </key>
<key name="highest"> 18, </key>
<key name="highlight"> 24,20, </key>
<key name="hom"> 1, </key>
<key name="how"> 0,43,27,46,16,6,30,21,36,42,49, </key>
<key name="htm"> 2, </key>
<key name="html"> 3,26,2,46,32,42, </key>
<key name="http"> 46, </key>
<key name="i"> 9,27,45,31,42,49, </key>
<key name="icon"> 0,40, </key>
<key name="id"> 38, </key>
<key name="identify"> 48, </key>
<key name="identity"> 41,4,36,42, </key>
<key name="if"> 0,26,2,41,43,4,9,10,27,14,44,45,46,16,31,47,32,6,38,21,33,34,36,48,42,20,8,37,12, </key>
<key name="ignor"> 9, </key>
<key name="iii"> 38, </key>
<key name="imag"> 3,26,2,32,21, </key>
<key name="immediat"> 39, </key>
<key name="immediate"> 41,4,9,27,47,49, </key>
<key name="implement"> 32, </key>
<key name="importanc"> 40, </key>
<key name="important"> 47, </key>
<key name="in"> 2, </key>
<key name="inactiv"> 45, </key>
<key name="inbound"> 19, </key>
<key name="inbox"> 13,9,27,14,17,38,33,42,24,20,12, </key>
<key name="inc"> 41,50, </key>
<key name="includ"> 0,2,41,9,5,16,17,38,36,42, </key>
<key name="incom"> 2,10,32,42, </key>
<key name="increas"> 2, </key>
<key name="indefinite"> 16, </key>
<key name="indicat"> 2,40,27,33,24, </key>
<key name="indicator"> 40, </key>
<key name="individual"> 28,6,33, </key>
<key name="information"> 0,2,41,9,11,6,33,34,18,8,37, </key>
<key name="initial"> 43,42, </key>
<key name="input"> 9, </key>
<key name="insensitiv"> 9,38, </key>
<key name="insert"> 6, </key>
<key name="instal"> 2,32, </key>
<key name="install"> 2, </key>
<key name="interfac"> 38,21,42, </key>
<key name="internal"> 2,38, </key>
<key name="internet"> 15,46,6, </key>
<key name="interpret"> 9, </key>
<key name="interval"> 27, </key>
<key name="isn"> 20, </key>
<key name="issu"> 8, </key>
<key name="item"> 13,39,2,19,40,38,42,20,25,37, </key>
<key name="jo"> 38, </key>
<key name="job"> 0, </key>
<key name="john"> 41,38,42, </key>
<key name="jpeg"> 2,32, </key>
<key name="jpg"> 3,2, </key>
<key name="junk"> 14,17,42,20,12, </key>
<key name="just"> 37, </key>
<key name="kb"> 38, </key>
<key name="keep"> 9,21,48, </key>
<key name="key"> 15,42, </key>
<key name="keyboard"> 11,15,42, </key>
<key name="keyword"> 38,37, </key>
<key name="kilobyt"> 38, </key>
<key name="know"> 4,5,27,18, </key>
<key name="known"> 32,49, </key>
<key name="label"> 19, </key>
<key name="languag"> 38,42,37, </key>
<key name="larg"> 9,40,31,38,21,42,20,12, </key>
<key name="last"> 0,16,6,38,37,50, </key>
<key name="launch"> 2, </key>
<key name="leaf"> 9, </key>
<key name="learn"> 11,37, </key>
<key name="least"> 38,8, </key>
<key name="leav"> 46, </key>
<key name="left"> 35,25, </key>
<key name="length"> 45, </key>
<key name="lenient"> 6, </key>
<key name="les"> 40, </key>
<key name="let"> 2,11,15,42, </key>
<key name="letter"> 43, </key>
<key name="level"> 13,21,18, </key>
<key name="lick"> 33, </key>
<key name="lik"> 6, </key>
<key name="limit"> 21,1, </key>
<key name="lin"> 0,2,19,4,9,5,16,6,33,37, </key>
<key name="link"> 26,2,46,17,32,18, </key>
<key name="list"> 13,0,39,43,4,10,40,14,15,17,6,33,42,20,8,1, </key>
<key name="load"> 18, </key>
<key name="local"> 21,48, </key>
<key name="locat"> 3,19, </key>
<key name="location"> 32, </key>
<key name="log"> 27,45,46,17,21,42,20, </key>
<key name="login"> 46, </key>
<key name="long"> 46,30,21, </key>
<key name="look"> 4,9,27,21, </key>
<key name="los"> 6, </key>
<key name="lot"> 47, </key>
<key name="low"> 33, </key>
<key name="m"> 9,15, </key>
<key name="mac"> 15, </key>
<key name="mail"> 13,0,39,3,2,41,19,4,9,10,40,5,11,27,14,15,46,16,28,17,47,32,6,38,21,33,34,35,36,23,48,42,20,25,8,37,49,12, </key>
<key name="mailbox"> 26,11,27,14,46,17,47,21,48,42,18,8, </key>
<key name="main"> 29, </key>
<key name="majority"> 32, </key>
<key name="mak"> 38, </key>
<key name="malform"> 9, </key>
<key name="manag"> 11,16, </key>
<key name="manageabl"> 21, </key>
<key name="management"> 10, </key>
<key name="manual"> 20,25, </key>

</ftswdata>  
