<?xml version='1.0' encoding='windows-1252' ?>
<!-- saved from url=(0014)about:internet -->
<ftswdata>
<key name="0"> 65, </key>
<key name="1"> 31,24,27,49,64, </key>
<key name="10"> 13,14,57,65, </key>
<key name="100"> 54,57, </key>
<key name="12"> 49, </key>
<key name="1212"> 56, </key>
<key name="12k"> 49, </key>
<key name="2"> 56,31,24,27,49, </key>
<key name="2005"> 65, </key>
<key name="2007"> 16,49,64,65, </key>
<key name="22"> 39, </key>
<key name="25"> 57,65, </key>
<key name="3"> 31,24,27, </key>
<key name="30"> 26,49, </key>
<key name="303"> 56, </key>
<key name="4"> 27, </key>
<key name="5"> 2,27,65, </key>
<key name="50"> 57, </key>
<key name="555"> 56, </key>
<key name="6"> 27, </key>
<key name="7"> 2,1, </key>
<key name="9"> 49, </key>
<key name="abl"> 13,38,12,58, </key>
<key name="abov"> 1,15,47, </key>
<key name="accent"> 58, </key>
<key name="accept"> 2,1, </key>
<key name="acces"> 25,61,28, </key>
<key name="accessibility"> 57, </key>
<key name="accord"> 30,47, </key>
<key name="account"> 56,21,61,27,62,63,57, </key>
<key name="acm"> 56,49, </key>
<key name="acrobat"> 12, </key>
<key name="action"> 50,20,19,51,24,25,40,27,57, </key>
<key name="activ"> 19,61, </key>
<key name="activat"> 44, </key>
<key name="activiti"> 2,52,1,7,4, </key>
<key name="activity"> 60, </key>
<key name="actual"> 12,16, </key>
<key name="ad"> 0,10,1,13,56,14,53,6,57,11, </key>
<key name="add"> 52,0,10,13,14,19,51,15,21,9,47,6,63,57,28,11, </key>
<key name="addition"> 5,21,42, </key>
<key name="additional"> 13,56,4,20,6,57,11, </key>
<key name="addres"> 23,0,10,56,14,20,21,25,61,27,62,44,16,49,47,6,63,57,18,48,11, </key>
<key name="addresse"> 15, </key>
<key name="administration"> 12, </key>
<key name="administrator"> 38,12,58,21,59,60,61,43,44,42,33,57,32,37,18,11,22, </key>
<key name="adob"> 12, </key>
<key name="advanc"> 31,5,61,49,57, </key>
<key name="again"> 60,48, </key>
<key name="aid"> 50, </key>
<key name="ajax"> 31,61, </key>
<key name="aka"> 32,22, </key>
<key name="allow"> 10,13,56,20,44,49,57, </key>
<key name="allowabl"> 49, </key>
<key name="almost"> 44, </key>
<key name="alon"> 48, </key>
<key name="along"> 30,4,33, </key>
<key name="already"> 24,60, </key>
<key name="although"> 48, </key>
<key name="alway"> 1,61,44,49,57,32, </key>
<key name="am"> 64, </key>
<key name="amb"> 49, </key>
<key name="amount"> 60,33, </key>
<key name="and"> 49, </key>
<key name="angl"> 47, </key>
<key name="animation"> 12, </key>
<key name="anoth"> 23,10,50,12,30,4,29,27,62,46,57,18,48, </key>
<key name="any"> 23,12,7,20,21,60,27,44,16,42,49,34,47,6,35,57,36,32,48,11,22, </key>
<key name="anywher"> 49,48, </key>
<key name="ap"> 50,20, </key>
<key name="appear"> 56,20,21,61,44,49,45,48, </key>
<key name="appli"> 19,49,57, </key>
<key name="application"> 12,27,44,16,57, </key>
<key name="apply"> 57, </key>
<key name="appointment"> 2,0,3,5,21,25,6,57, </key>
<key name="appropriat"> 13,44, </key>
<key name="area"> 0,19,27,48, </key>
<key name="around"> 21,27, </key>
<key name="arriv"> 19,63,32, </key>
<key name="arrow"> 24,36, </key>
<key name="ascend"> 36, </key>
<key name="ask"> 16, </key>
<key name="assign"> 50,56,58,57, </key>
<key name="associat"> 57, </key>
<key name="assum"> 12, </key>
<key name="asterisk"> 49,48, </key>
<key name="atom"> 28, </key>
<key name="attach"> 13,12,14,44, </key>
<key name="attachment"> 13,38,12,14,20,15,21,26,43,44,16,49,33,47,57,48, </key>
<key name="attack"> 43, </key>
<key name="attende"> 0,3,6, </key>
<key name="attribut"> 49, </key>
<key name="august"> 64, </key>
<key name="authenticat"> 61, </key>
<key name="auto"> 57,64,11, </key>
<key name="automat"> 32,22, </key>
<key name="automatic"> 39,33, </key>
<key name="automatical"> 10,12,56,30,14,20,19,21,60,61,16,42,46,47,63,57,32,37,64,11, </key>
<key name="availabl"> 1,4,21,61,27,57, </key>
<key name="away"> 64, </key>
<key name="back"> 61, </key>
<key name="background"> 57,11, </key>
<key name="bad"> 18, </key>
<key name="ban"> 33, </key>
<key name="banana"> 20,49, </key>
<key name="bar"> 15,24,27,49,33, </key>
<key name="bas"> 31,61, </key>
<key name="basi"> 29, </key>
<key name="basic"> 49,65, </key>
<key name="bcc"> 14,15,48, </key>
<key name="be"> 4,20, </key>
<key name="becom"> 0,16,6, </key>
<key name="befor"> 13,29,20,49,47,28,32,22, </key>
<key name="begin"> 26,27, </key>
<key name="below"> 14,26,27,45, </key>
<key name="best"> 7,57, </key>
<key name="big"> 49, </key>
<key name="blank"> 14, </key>
<key name="block"> 38,12,43, </key>
<key name="blu"> 1, </key>
<key name="body"> 13,14,20,15,16,45,47,57,48, </key>
<key name="bold"> 39,26,40, </key>
<key name="book"> 23,10,21,25,44,57,48,11, </key>
<key name="both"> 49,48, </key>
<key name="bottom"> 27,44, </key>
<key name="bounc"> 33,18, </key>
<key name="box"> 10,50,13,56,54,14,4,19,24,40,49,57,48,64,22, </key>
<key name="bracket"> 47, </key>
<key name="brows"> 13,12,14,9,61,44,49,45, </key>
<key name="browser"> 12,31,61,57, </key>
<key name="build"> 19,49,48, </key>
<key name="built"> 30, </key>
<key name="busy"> 4, </key>
<key name="button"> 12,5,16, </key>
<key name="byt"> 49, </key>
<key name="c"> 25, </key>
<key name="cal"> 27,49,48, </key>
<key name="calendar"> 2,0,1,7,3,4,5,8,21,9,25,6,57,48, </key>
<key name="california"> 6, </key>
<key name="cancel"> 3, </key>
<key name="cannot"> 23,38,58,29,20,42,49,46,32,18,11, </key>
<key name="capitalization"> 20, </key>
<key name="car"> 44,16, </key>
<key name="card"> 11, </key>
<key name="cas"> 4,20,61,44,49,46, </key>
<key name="casserol"> 20, </key>
<key name="categori"> 50, </key>
<key name="categoriz"> 30, </key>
<key name="caus"> 49,57, </key>
<key name="cc"> 14,20,15,49,47,48, </key>
<key name="certain"> 50,12,30,20,43,49,33,32,18,22, </key>
<key name="chanc"> 44, </key>
<key name="chang"> 2,1,7,54,31,58,61,26,40,27,45,34,6,35,57, </key>
<key name="charact"> 49,34,47,57, </key>
<key name="character"> 56,58,49,57, </key>
<key name="characteristic"> 30,43, </key>
<key name="check"> 23,50,54,14,4,29,19,21,24,61,40,43,62,49,57,64,11,22, </key>
<key name="checkbox"> 13, </key>
<key name="checkmark"> 14,40, </key>
<key name="choic"> 19, </key>
<key name="choos"> 31,5,19,44,63,57,28,37, </key>
<key name="chosen"> 1, </key>
<key name="classification"> 50, </key>
<key name="classify"> 50,30, </key>
<key name="clear"> 32, </key>
<key name="click"> 2,0,10,50,13,12,56,3,54,31,58,14,4,53,5,29,8,19,15,39,24,9,61,26,40,27,62,44,16,41,42,49,45,34,47,17,6,63,36,55,28,32,37,48,64,11,22, </key>
<key name="client"> 12,30,31,21,61,44,33,57,65, </key>
<key name="clip"> 38,12,44, </key>
<key name="clos"> 56,53,61,57, </key>
<key name="cod"> 1,12,49,48, </key>
<key name="collaboration"> 31,21,61,42,57, </key>
<key name="colon"> 49,34, </key>
<key name="color"> 1,50,4,53,57,11, </key>
<key name="column"> 7,26,45,57,36, </key>
<key name="com"> 56,61,26,49, </key>
<key name="combin"> 20, </key>
<key name="combination"> 20,21,25, </key>
<key name="command"> 12, </key>
<key name="common"> 13, </key>
<key name="company"> 10,58,4,16, </key>
<key name="compar"> 19, </key>
<key name="comparison"> 20,19, </key>
<key name="complet"> 52,54,25,17,6,63,55, </key>
<key name="completion"> 52, </key>
<key name="complex"> 48, </key>
<key name="component"> 16, </key>
<key name="compos"> 0,13,14,21,24,25,47,17,35,57,32, </key>
<key name="compres"> 12, </key>
<key name="compression"> 12, </key>
<key name="comput"> 12,61,44,57, </key>
<key name="computer"> 12,44, </key>
<key name="concern"> 16, </key>
<key name="condition"> 20,19, </key>
<key name="configur"> 12,31,14,21,60,61,62,16,42,57, </key>
<key name="configuration"> 58,5,57, </key>
<key name="confirm"> 58, </key>
<key name="connection"> 31,61,57, </key>
<key name="consider"> 20,44,49,48, </key>
<key name="consist"> 16, </key>
<key name="consum"> 33, </key>
<key name="contact"> 23,10,50,38,58,14,20,21,59,25,27,16,46,6,57,32,18,48,11,22, </key>
<key name="contain"> 10,38,12,58,20,39,26,43,44,16,49,45,35,36,48, </key>
<key name="content"> 52,50,38,54,29,24,26,27,44,16,42,49,45,36,55,28,18,48, </key>
<key name="continu"> 19,60,26, </key>
<key name="conversation"> 50,30,51,21,39,24,26,40,27,41,45,47,57, </key>
<key name="convert"> 38, </key>
<key name="copi"> 14,20,35, </key>
<key name="copy"> 14,20,63,57,32, </key>
<key name="copyright"> 65, </key>
<key name="corn"> 27, </key>
<key name="corporat"> 19,18, </key>
<key name="corporation"> 56, </key>
<key name="correct"> 12,57,18, </key>
<key name="correspond"> 44, </key>
<key name="could"> 12,56,20,19,44,16,48, </key>
<key name="creat"> 2,23,52,0,10,1,50,13,12,56,30,4,53,5,19,21,24,9,27,44,49,17,6,57,28,32,48,64,11, </key>
<key name="criteria"> 49,48, </key>
<key name="criterion"> 49, </key>
<key name="current"> 25,27,44,49,64, </key>
<key name="cursor"> 36, </key>
<key name="custom"> 29,20,27, </key>
<key name="customiz"> 5, </key>
<key name="d"> 25, </key>
<key name="dai"> 5, </key>

</ftswdata>  
