<?xml version='1.0' encoding='windows-1252' ?>
<!-- saved from url=(0014)about:internet -->
<ftswdata>
<key name="recur"> 0,1,6,7, </key>
<key name="reduc"> 33, </key>
<key name="refer"> 29,53, </key>
<key name="referenc"> 13,45, </key>
<key name="reflect"> 7, </key>
<key name="refresh"> 39,26,7, </key>
<key name="regard"> 42, </key>
<key name="regardles"> 38,56,43,60, </key>
<key name="regular"> 40, </key>
<key name="reject"> 3,38,19, </key>
<key name="relat"> 52,28,48, </key>
<key name="relevant"> 32, </key>
<key name="remain"> 57,42,32,37, </key>
<key name="rememb"> 57,60, </key>
<key name="remot"> 5,49, </key>
<key name="remov"> 50,4,15,51,40,18,12, </key>
<key name="renam"> 25,50,34,32, </key>
<key name="rep"> 21,16,23,17,45,47,53,60, </key>
<key name="repeat"> 6,22,7, </key>
<key name="repli"> 52,49,47,53,60, </key>
<key name="reply"> 47, </key>
<key name="report"> 32,24, </key>
<key name="request"> 1, </key>
<key name="requir"> 57,58,7,12, </key>
<key name="reschedul"> 0, </key>
<key name="reserv"> 1, </key>
<key name="reset"> 55, </key>
<key name="resid"> 44, </key>
<key name="resolv"> 19, </key>
<key name="resourc"> 1,33, </key>
<key name="respons"> 58,47, </key>
<key name="restart"> 57, </key>
<key name="result"> 21,49,53,48, </key>
<key name="retain"> 59, </key>
<key name="retriev"> 31,26,18, </key>
<key name="return"> 6,21,49,33,48,60, </key>
<key name="retyp"> 54, </key>
<key name="reus"> 54, </key>
<key name="review"> 28,32,24, </key>
<key name="right"> 13,21,26,29,37, </key>
<key name="room"> 1, </key>
<key name="root"> 30,48, </key>
<key name="rs"> 30, </key>
<key name="rul"> 31,54,21,22,49,45,53, </key>
<key name="run"> 13,48, </key>
<key name="s"> 1,2,50,8,15,9,21,29,58,44,17,49,19, </key>
<key name="safari"> 27, </key>
<key name="safety"> 44, </key>
<key name="sam"> 25,38,31,54,21,28,40,44,17,49,48, </key>
<key name="sav"> 1,11,52,15,20,21,10,28,29,58,44,33,18,7,35,59,53,32,48,60, </key>
<key name="saw"> 47, </key>
<key name="say"> 53, </key>
<key name="scan"> 44, </key>
<key name="schedul"> 3,0,1,8,5,6,23,7, </key>
<key name="screen"> 56,57,29,7, </key>
<key name="scroll"> 58,59, </key>
<key name="se"> 3,1,38,5,23,56,27,28,29,49,45,47,7,53, </key>
<key name="search"> 31,15,23,29,49,53,48, </key>
<key name="second"> 21,53, </key>
<key name="section"> 50,6,34,30,48, </key>
<key name="security"> 38,43, </key>
<key name="select"> 3,25,0,1,11,2,50,14,38,52,8,54,15,5,6,20,21,22,51,26,10,27,40,41,49,46,7,53,30,48,24, </key>
<key name="selection"> 49, </key>
<key name="semicolon"> 1,7, </key>
<key name="send"> 0,14,13,31,15,21,16,23,44,17,41,49,47,18,35,53,30,32,19,60,12, </key>
<key name="sender"> 43,44,17, </key>
<key name="sent"> 25,0,1,14,4,31,15,21,28,29,17,49,33,47,18,7,35,53,32,19,60, </key>
<key name="sentenc"> 57, </key>
<key name="separat"> 1,11,8,17,49,7, </key>
<key name="sequenc"> 6,27, </key>
<key name="serv"> 49, </key>
<key name="session"> 3,8,56,57,53, </key>
<key name="set"> 0,38,22,56,57,58,44,42,49,33,47,7,59,53,60,12, </key>
<key name="setting"> 53, </key>
<key name="seven"> 8, </key>
<key name="shar"> 2,5,49,7, </key>
<key name="shift"> 27, </key>
<key name="shortcut"> 23,27,53,48, </key>
<key name="should"> 50,52,57,43,17,49,53,24, </key>
<key name="show"> 1,11,2,50,14,31,28,29,44,49,33,45,47,53,36, </key>
<key name="shown"> 22,28,47, </key>
<key name="sid"> 5,26, </key>
<key name="sign"> 52,49, </key>
<key name="signatur"> 52,15,17,47,53, </key>
<key name="signifi"> 2, </key>
<key name="similar"> 29,49,48, </key>
<key name="simp"> 56,48, </key>
<key name="simpl"> 49,30, </key>
<key name="simultaneous"> 50, </key>
<key name="sinc"> 47, </key>
<key name="singl"> 1,50,31,22,26,49,7, </key>
<key name="sit"> 38,43,42,30,32,24, </key>
<key name="siz"> 21,10,28,43,49,33, </key>
<key name="slash"> 34, </key>
<key name="slid"> 14, </key>
<key name="slow"> 57,53, </key>
<key name="smal"> 21,49, </key>
<key name="smith"> 52,49, </key>
<key name="so"> 1,2,16,49,47, </key>
<key name="softwar"> 14,13,27, </key>
<key name="someon"> 13,16,49, </key>
<key name="someth"> 44,17, </key>
<key name="sometim"> 21,53,32,19, </key>
<key name="sort"> 13,6,22,36, </key>
<key name="sortabl"> 36, </key>
<key name="sourc"> 23, </key>
<key name="spac"> 49,33,12, </key>
<key name="spam"> 21,43,17,32,24, </key>
<key name="special"> 13,49, </key>
<key name="specifi"> 21,22,42,49,53,32,37,48,24, </key>
<key name="specific"> 54,6,49,53,48,24, </key>
<key name="specify"> 21,22,49,53, </key>
<key name="spelling"> 49,48, </key>
<key name="spot"> 39, </key>
<key name="spread"> 13,43,44, </key>
<key name="spreadsheet"> 14,13,44, </key>
<key name="standard"> 21,23,57,44, </key>
<key name="start"> 23,7,53,19, </key>
<key name="statement"> 17, </key>
<key name="statu"> 49, </key>
<key name="step"> 22, </key>
<key name="stor"> 25,21,28,12, </key>
<key name="str"> 49,53, </key>
<key name="structur"> 49, </key>
<key name="styl"> 15, </key>
<key name="subject"> 1,31,15,21,28,44,17,49,7,53,36,48, </key>
<key name="subscrib"> 5,30, </key>
<key name="substr"> 21, </key>
<key name="suit"> 23,42, </key>
<key name="supervisor"> 22,17, </key>
<key name="support"> 13,21,33, </key>
<key name="switch"> 27,57,17, </key>
<key name="symbol"> 49, </key>
<key name="synchroniz"> 5, </key>
<key name="syndication"> 30, </key>
<key name="synonym"> 49, </key>
<key name="syntax"> 53, </key>
<key name="system"> 25,50,14,38,13,54,56,27,57,29,44,17,32,19, </key>
<key name="t"> 21,43,59,53,32,24, </key>
<key name="tab"> 3,1,52,8,54,15,5,22,26,27,28,29,58,7,35,59,53,60,12, </key>
<key name="tag"> 50,31,21,22,23,26,28,29,49,53, </key>
<key name="tak"> 31,21,10, </key>
<key name="task"> 26, </key>
<key name="team"> 53, </key>
<key name="temporari"> 43, </key>
<key name="tentativ"> 3, </key>
<key name="term"> 49, </key>
<key name="test"> 21, </key>
<key name="text"> 1,14,38,13,52,15,21,22,16,40,44,17,49,47,7,53,48,60, </key>
<key name="them"> 0,1,14,4,22,44,49,33,46,18,53,36,32,48,24, </key>
<key name="themselv"> 44,53, </key>
<key name="therefor"> 13,56,44, </key>
<key name="thing"> 33, </key>
<key name="think"> 43, </key>
<key name="thoma"> 49, </key>
<key name="thos"> 50,49,33,32,24, </key>
<key name="thre"> 11,13,7, </key>
<key name="tim"> 3,0,1,52,8,56,57,17,42,49,18,7,35,53,36,32,37,48,60, </key>
<key name="time"> 58, </key>
<key name="tip"> 49, </key>
<key name="titl"> 11,36, </key>
<key name="togeth"> 49, </key>
<key name="toggl"> 53, </key>
<key name="too"> 21,43,17,53, </key>
<key name="tool"> 48, </key>
<key name="toolbar"> 3,1,11,8,4,15,5,6,39,29,49,7,53,32, </key>
<key name="top"> 25,0,16,28,29,32, </key>
<key name="topic"> 17,49, </key>
<key name="total"> 39,26,49, </key>
<key name="track"> 3,5, </key>
<key name="train"> 53, </key>
<key name="trash"> 25,21,26,29,42,33,46,53,32,37, </key>
<key name="travel"> 53, </key>
<key name="troubl"> 53, </key>
<key name="tru"> 49, </key>
<key name="try"> 19, </key>
<key name="tun"> 32,24, </key>
<key name="turn"> 22,51,53,60, </key>
<key name="turnaround"> 50, </key>
<key name="two"> 25,6,57, </key>
<key name="txt"> 13,49, </key>
<key name="typ"> 25,1,11,14,38,13,52,5,22,57,43,44,49,47,7,53,30,48,12, </key>
<key name="typical"> 14,38,13,26, </key>
<key name="ui"> 5,53, </key>
<key name="unacceptabl"> 38, </key>
<key name="uncheck"> 5, </key>
<key name="undeliverabl"> 19, </key>
<key name="unflag"> 26,49, </key>
<key name="unforward"> 49, </key>
<key name="uniqu"> 25, </key>
<key name="unit"> 49, </key>
<key name="unknown"> 19, </key>
<key name="unles"> 17,49, </key>
<key name="unread"> 39,26,28,40,49,45, </key>
<key name="unrepli"> 49, </key>
<key name="unsolicit"> 32,24, </key>
<key name="untag"> 26, </key>
<key name="unus"> 12, </key>
<key name="unwant"> 32,24, </key>
<key name="up"> 0,11,14,15,22,7,36,12, </key>
<key name="updat"> 49,30,61, </key>
<key name="upload"> 14, </key>
<key name="url"> 5,57,49,30, </key>
<key name="us"> 25,14,13,15,51,16,27,57,43,29,44,49,33,45,34,47,53,19,48,24, </key>
<key name="usag"> 33, </key>
<key name="useful"> 58, </key>
<key name="user"> 14,13,57,44, </key>
<key name="usual"> 13,17,7, </key>
<key name="vacation"> 49,53,60, </key>
<key name="valid"> 5,19, </key>
<key name="valu"> 49,48, </key>
<key name="variety"> 14,13, </key>
<key name="variou"> 3,13, </key>
<key name="vary"> 17, </key>
<key name="verifi"> 11, </key>
<key name="verify"> 19, </key>
<key name="version"> 57,61, </key>
<key name="via"> 13, </key>
<key name="vic"> 52, </key>
<key name="view"> 3,1,2,38,8,5,23,26,28,29,44,49,45,7,53,30,32, </key>
<key name="viewabl"> 38, </key>
<key name="viru"> 43,44, </key>
<key name="virus"> 38,13,43,44, </key>
<key name="visibl"> 53, </key>
<key name="voic"> 60, </key>
<key name="want"> 11,52,15,5,6,26,10,57,17,33,45,47,59,53,30,48, </key>
<key name="way"> 50,7, </key>
<key name="web"> 13,31,23,57,33,53,30,61, </key>
<key name="week"> 3,8,6,53, </key>
<key name="weight"> 17, </key>

</ftswdata>  
