﻿<?xml version='1.0' encoding='utf-8' ?>
<!-- saved from url=(0014)about:internet -->
<ftswdata>
<key name="icon"> 12,58,33,52, </key>
<key name="identifiabl"> 63, </key>
<key name="identify"> 71, </key>
<key name="identiti"> 63,64, </key>
<key name="identity"> 64, </key>
<key name="if"> 59,12,45,17,63,37,66,19,4,5,35,28,27,46,31,67,68,11,15,69,33,50,70,51,22,56,39,52,54,6,71,64,38,24,25,55, </key>
<key name="ignor"> 28,56, </key>
<key name="iii"> 56, </key>
<key name="imag"> 18,45,17,51,39, </key>
<key name="immediat"> 57, </key>
<key name="immediate"> 19,35,28,70,72, </key>
<key name="implement"> 51, </key>
<key name="import"> 2,29,10,64, </key>
<key name="importanc"> 58, </key>
<key name="important"> 70, </key>
<key name="in"> 17, </key>
<key name="in:inbox"> 56, </key>
<key name="in:sent"> 56, </key>
<key name="inactiv"> 68, </key>
<key name="inbound"> 36, </key>
<key name="inbox"> 30,28,46,31,34,56,52,64,42,38, </key>
<key name="inc"> 63,73, </key>
<key name="includ"> 2,12,17,28,21,29,31,33,34,56,54,64,26, </key>
<key name="incom"> 17,27,29,51,64, </key>
<key name="increas"> 17, </key>
<key name="indefinite"> 33, </key>
<key name="indicat"> 17,58,46,52,42, </key>
<key name="indicator"> 58, </key>
<key name="individual"> 47,22,52, </key>
<key name="information"> 0,12,17,63,61,4,28,27,10,22,16,52,6,43,24,55, </key>
<key name="initial"> 66, </key>
<key name="inlin"> 64, </key>
<key name="input"> 28, </key>
<key name="insensitiv"> 28,56, </key>
<key name="insert"> 22, </key>
<key name="instal"> 17,51, </key>
<key name="install"> 17, </key>
<key name="instanc"> 56, </key>
<key name="instead"> 56, </key>
<key name="interfac"> 56,39,64, </key>
<key name="internal"> 17, </key>
<key name="internet"> 37,4,10,69,22,64, </key>
<key name="interpret"> 28,56, </key>
<key name="interval"> 46, </key>
<key name="invit"> 0, </key>
<key name="invitation"> 2,0,6, </key>
<key name="isn't"> 38, </key>
<key name="issu"> 24, </key>
<key name="it'"> 70, </key>
<key name="item"> 30,57,17,36,35,58,32,56,64,38,44,55, </key>
<key name="jo"> 56, </key>
<key name="job"> 12, </key>
<key name="john"> 63,56, </key>
<key name="jpeg"> 17,51, </key>
<key name="jpg"> 18,17, </key>
<key name="junk"> 31,34,64,38, </key>
<key name="just"> 16,56,55, </key>
<key name="kb"> 56, </key>
<key name="keep"> 59,4,28,39,71, </key>
<key name="key"> 29,32,64,25, </key>
<key name="keyboard"> 32,64, </key>
<key name="keyword"> 56,55, </key>
<key name="kilobyt"> 56, </key>
<key name="know"> 21,46,11,15,6,43,25, </key>
<key name="known"> 51,72, </key>
<key name="label"> 36, </key>
<key name="languag"> 56,64,55, </key>
<key name="larg"> 28,58,50,56,39,38, </key>
<key name="last"> 12,33,22,25,55,73, </key>
<key name="launch"> 17, </key>
<key name="leaf"> 28, </key>
<key name="learn"> 55, </key>
<key name="least"> 24, </key>
<key name="leav"> 28,69, </key>
<key name="left"> 53,44, </key>
<key name="length"> 68, </key>
<key name="lenient"> 22, </key>
<key name="les"> 58,56, </key>
<key name="let"> 2,59,0,17,4,5,32,52,64, </key>
<key name="letter"> 66, </key>
<key name="level"> 30,39, </key>
<key name="lik"> 22,64, </key>
<key name="limit"> 39,13, </key>
<key name="lin"> 12,18,17,36,19,28,21,33,22,52,64,55, </key>
<key name="link"> 2,45,17,4,14,9,11,15,69,34,51,64,43,26, </key>
<key name="list"> 30,59,0,12,57,18,61,66,19,60,14,27,58,29,31,32,11,15,34,22,52,6,64,62,38,24,25,55,13, </key>
<key name="local"> 56,39,71, </key>
<key name="localiz"> 65, </key>
<key name="locat"> 18,36,10, </key>
<key name="location"> 0,51,6,43, </key>
<key name="log"> 37,46,68,69,34,39,64,38, </key>
<key name="login"> 37,66,69, </key>
<key name="long"> 69,49,56,39, </key>
<key name="look"> 1,19,28,46,39, </key>
<key name="los"> 22, </key>
<key name="lot"> 70, </key>
<key name="low"> 59,52, </key>
<key name="mail"> 30,12,57,18,17,63,36,28,27,58,21,29,46,31,32,69,33,47,34,70,51,22,56,39,52,53,54,41,71,64,38,44,24,55,72, </key>
<key name="mailbox"> 1,45,37,4,29,31,32,69,34,70,39,71,64,43,24, </key>
<key name="majority"> 51, </key>
<key name="mak"> 61,56,26, </key>
<key name="malform"> 28, </key>
<key name="manag"> 59,29,33,64, </key>
<key name="manageabl"> 39, </key>
<key name="management"> 27, </key>
<key name="manual"> 38,44, </key>
<key name="mark"> 0,61,28,31,47,16,56, </key>
<key name="marking"> 64, </key>
<key name="markup"> 64, </key>
<key name="match"> 17,28,27,56,6,64,25,55, </key>
<key name="maximum"> 63,68,64,13, </key>
<key name="mean"> 28,56,24, </key>
<key name="media"> 17, </key>
<key name="medium"> 57, </key>
<key name="meet"> 0,3,5,56,6,55, </key>
<key name="meeting"> 2,0,5,29,6, </key>
<key name="megabyt"> 56, </key>
<key name="member"> 12, </key>
<key name="mention"> 29, </key>
<key name="menu"> 57,31,47,6, </key>
<key name="messag"> 30,0,12,57,18,45,17,63,36,37,65,20,19,35,28,27,58,21,29,46,31,32,69,33,47,50,34,70,51,22,48,49,56,39,52,53,54,23,41,71,64,42,38,24,25,26,55,72, </key>
<key name="message'"> 28, </key>
<key name="met"> 27, </key>
<key name="method"> 36,27,47, </key>
<key name="microsoft"> 18,17,51,56, </key>
<key name="might"> 57,50,56,54,38,25, </key>
<key name="minu"> 56, </key>
<key name="mission"> 22, </key>
<key name="mm"> 56, </key>
<key name="monday"> 7, </key>
<key name="month"> 2,7,5, </key>
<key name="month'"> 7, </key>
<key name="mous"> 64,42,25, </key>
<key name="mov"> 30,12,36,35,28,31,32,33,51,53,38, </key>
<key name="movi"> 17, </key>
<key name="mpeg"> 17, </key>
<key name="mpg"> 17, </key>
<key name="much"> 39, </key>
<key name="multipl"> 2,0,12,57,63,28,27,29,56,64,55,13, </key>
<key name="must"> 30,18,66,28,69,51,56,55, </key>
<key name="my"> 37,28, </key>
<key name="myra"> 69, </key>
<key name="myra123"> 69, </key>
<key name="na"> 32, </key>
<key name="nam"> 30,12,57,63,3,19,4,60,14,9,28,27,46,11,15,69,34,22,16,56,39,52,40,54,6,64,43,25,55,13, </key>
<key name="navigat"> 37,29,31,69,34, </key>
<key name="navigation"> 29,34, </key>
<key name="nc"> 32, </key>
<key name="ne"> 59,17,11,15,69,6, </key>
<key name="nearest"> 28, </key>
<key name="necessary"> 27,56, </key>
<key name="need"> 59,58,39, </key>
<key name="network"> 51, </key>
<key name="nev"> 24, </key>
<key name="new"> 12,57,18,17,37,66,19,4,60,5,27,21,29,46,31,10,32,11,69,33,70,22,56,52,54,6,64,43,38,25,55,13, </key>
<key name="next"> 18,61,37,28,27,46,31,51,22,16,52,64, </key>
<key name="ng"> 32, </key>
<key name="nm"> 32, </key>
<key name="non"> 28, </key>
<key name="normal"> 59,28,23, </key>
<key name="not"> 12,18,17,66,69,50,6,13, </key>
<key name="notab"> 17, </key>
<key name="notebook"> 39, </key>
<key name="notepad"> 17, </key>
<key name="notic"> 65,11,15, </key>
<key name="notifi"> 70, </key>
<key name="notification"> 17,50,70,39,64, </key>
<key name="notify"> 3, </key>
<key name="novemb"> 1, </key>
<key name="now"> 27, </key>
<key name="numb"> 17,63,5,58,46,31,33,56,39,52,54,64,38,55,13, </key>
<key name="number"> 31,26,13, </key>
<key name="o"> 32, </key>
<key name="object"> 56, </key>
<key name="occur"> 0,68,54, </key>
<key name="off"> 58,34,64, </key>
<key name="offer"> 37,29,69,64, </key>
<key name="offic"> 18,64,72, </key>
<key name="often"> 17,66,5, </key>
<key name="ok"> 14,9,27,10,48,43, </key>
<key name="old"> 66,33,49,39,54,64, </key>
<key name="omit"> 28, </key>
<key name="on"> 2,30,1,57,17,7,36,65,4,35,28,27,29,34,22,56,6,64,42,24,25,55,13, </key>
<key name="onc"> 1,57,33,25,72, </key>
<key name="ongo"> 54, </key>
<key name="open"> 2,12,18,45,17,63,7,3,61,4,5,14,9,27,21,29,31,32,69,47,34,51,48,49,56,52,53,54,23,6,71,64,43,38,55,13, </key>
<key name="operation"> 8, </key>
<key name="operator"> 28,56, </key>
<key name="opt"> 17, </key>
<key name="option"> 45,7,37,66,28,27,32,69,70,56,54,64,55, </key>
<key name="optional"> 21,29,22, </key>
<key name="ord"> 57,69,56,39,42,55, </key>
<key name="organiz"> 30,59,36,29, </key>
<key name="organization"> 50, </key>
<key name="original"> 0,52,54,64,24, </key>
<key name="originator"> 3, </key>
<key name="other"> 4,28,69,51, </key>
<key name="otherwis"> 58, </key>
<key name="out"> 36,28,68,69,64,72, </key>
<key name="outsid"> 51, </key>
<key name="overview"> 30,57,4,60,14,9,10,34,40,43,55,13, </key>
<key name="own"> 29, </key>
<key name="owner'"> 11,15, </key>
<key name="pacific"> 6, </key>
<key name="packag"> 18, </key>
<key name="pag"> 0,17,3,61,8,5,31,39,54,6,64, </key>
<key name="paint"> 17, </key>
<key name="pan"> 30,59,57,18,61,19,4,60,14,9,31,10,11,15,33,34,49,56,52,40,42,62,43,44,55,13, </key>
<key name="panel"> 55, </key>
<key name="pap"> 45,51, </key>
<key name="paramet"> 56, </key>
<key name="parameter"> 0, </key>
<key name="parenthes"> 46,33,56,52, </key>
<key name="parenthesi"> 56, </key>
<key name="part"> 17,27,22,54,24,25, </key>
<key name="particular"> 42, </key>
<key name="partner"> 29, </key>
<key name="pas"> 42, </key>
<key name="password"> 66,67,69,64, </key>
<key name="past"> 8, </key>
<key name="pattern"> 5, </key>

</ftswdata>  
