<?xml version='1.0' encoding='windows-1252' ?>
<!-- saved from url=(0014)about:internet -->
<ftswdata>
<key name="dat"> 52,5,20,16,49,6,57,55, </key>
<key name="data"> 48, </key>
<key name="day"> 2,0,1,7,5,61,26,33,57,22, </key>
<key name="dd"> 49, </key>
<key name="decid"> 14,15, </key>
<key name="default"> 2,52,10,31,4,20,61,49,45,35,57,32,11, </key>
<key name="defin"> 23,52,0,34,57, </key>
<key name="delegat"> 21, </key>
<key name="delet"> 23,13,3,29,20,24,25,42,33,46,17,35,63,57,32,37,11,22, </key>
<key name="deliver"> 20,43,18, </key>
<key name="delivery"> 38,43, </key>
<key name="denot"> 51, </key>
<key name="depend"> 13,38,58,19,9,27,16,47, </key>
<key name="descend"> 36, </key>
<key name="describ"> 13,49,57,48, </key>
<key name="description"> 0,16,49,6,57,48, </key>
<key name="design"> 12, </key>
<key name="designat"> 21,64, </key>
<key name="desktop"> 13, </key>
<key name="detail"> 52,49,57,48,11, </key>
<key name="detect"> 12, </key>
<key name="determin"> 43, </key>
<key name="dialog"> 61,44, </key>
<key name="different"> 1,50,56,4,20,16,49,6,57, </key>
<key name="direct"> 12,28, </key>
<key name="directiv"> 19, </key>
<key name="disabl"> 11, </key>
<key name="discard"> 20,19, </key>
<key name="disk"> 33, </key>
<key name="display"> 2,23,0,10,1,13,56,7,14,4,53,5,39,24,61,26,27,44,16,33,45,47,6,57,28,32,48,11, </key>
<key name="distinguish"> 51, </key>
<key name="division"> 56, </key>
<key name="do"> 12,20,15,49,45,47,57, </key>
<key name="doc"> 12, </key>
<key name="document"> 13,38,12,44,49,33, </key>
<key name="dog"> 49,48, </key>
<key name="domain"> 61,49,48, </key>
<key name="don"> 30,14,5,20,49,63,32,22, </key>
<key name="door"> 49,48, </key>
<key name="doubl"> 12,26,45,34, </key>
<key name="down"> 0,50,19,40,63,36,48, </key>
<key name="download"> 12,44, </key>
<key name="draft"> 14,27,49,17,32, </key>
<key name="drag"> 29, </key>
<key name="drop"> 0,29,19,48, </key>
<key name="du"> 52,55,18, </key>
<key name="e"> 38,60,43, </key>
<key name="�"> 58, </key>
<key name="easi"> 45,57, </key>
<key name="eastern"> 6, </key>
<key name="easy"> 21, </key>
<key name="edit"> 10,1,50,4,53,29,19,34,17,57,28,48,11, </key>
<key name="editor"> 12, </key>
<key name="eight"> 1, </key>
<key name="eith"> 0,31,5,24,26,49,47,6,57,32,48,22, </key>
<key name="eligibl"> 16, </key>
<key name="els"> 15, </key>
<key name="email"> 0,10,50,13,38,12,56,3,30,14,20,51,21,24,25,61,26,43,27,62,44,16,41,42,49,33,45,46,6,63,57,36,18,48,64,11,22, </key>
<key name="employe"> 16, </key>
<key name="empty"> 33,32,37,22, </key>
<key name="enabl"> 13,14,4,21,26,62,49,47,35,63,57,64,11, </key>
<key name="enclos"> 49, </key>
<key name="end"> 12,5,47,6,57, </key>
<key name="enforc"> 33, </key>
<key name="engineer"> 56, </key>
<key name="english"> 49, </key>
<key name="enough"> 62, </key>
<key name="ent"> 0,10,50,58,14,4,19,15,61,62,6,28,48,64,11, </key>
<key name="enter"> 25,49, </key>
<key name="entri"> 44,11, </key>
<key name="entry"> 48, </key>
<key name="environment"> 12, </key>
<key name="equivalent"> 49, </key>
<key name="error"> 18, </key>
<key name="etc"> 58,49,48, </key>
<key name="even"> 12,20,60,26,44, </key>
<key name="event"> 2,0,1,3,19,21,6, </key>
<key name="every"> 5,61,57,18, </key>
<key name="everyon"> 10,47, </key>
<key name="everyth"> 29, </key>
<key name="ex"> 12,43, </key>
<key name="exact"> 56,20,43,16,49, </key>
<key name="exampl"> 23,50,38,12,56,30,4,20,19,39,61,49,47,6,48, </key>
<key name="excel"> 38,49, </key>
<key name="except"> 49,34, </key>
<key name="exchang"> 21,47, </key>
<key name="exclud"> 4, </key>
<key name="execut"> 19,57,48, </key>
<key name="executabl"> 38,12,44, </key>
<key name="exist"> 23,20,9,57,18, </key>
<key name="expand"> 12, </key>
<key name="expens"> 12, </key>
<key name="expir"> 60,61, </key>
<key name="export"> 8,21,57, </key>
<key name="extend"> 64, </key>
<key name="extension"> 12,43, </key>
<key name="f"> 25, </key>
<key name="fast"> 31,61,16,57, </key>
<key name="favorit"> 25,28, </key>
<key name="fe"> 28, </key>
<key name="featur"> 2,52,10,30,31,21,61,62,44,49,57,48,64,11, </key>
<key name="february"> 49, </key>
<key name="feed"> 28, </key>
<key name="few"> 15,9, </key>
<key name="field"> 0,10,56,14,20,19,15,21,27,49,47,6,57,28,48,22, </key>
<key name="figur"> 27, </key>
<key name="fil"> 10,13,38,12,14,4,8,20,15,9,43,44,16,49,33,46,48, </key>
<key name="filenam"> 12,49, </key>
<key name="filt"> 20,19,45,32,22, </key>
<key name="filter"> 30,19,21,44,16,57,32,22, </key>
<key name="fin"> 32,22, </key>
<key name="find"> 10,50,12,14,27,49,32,48,22, </key>
<key name="finish"> 52,54,19, </key>
<key name="first"> 2,0,10,7,19,26,16,49,45,57,48, </key>
<key name="flag"> 20,51,24,26,49, </key>
<key name="fold"> 23,30,14,29,20,19,39,24,26,42,49,33,45,46,34,17,35,57,28,32,37,48,22, </key>
<key name="folder"> 23,50,30,29,20,19,21,39,26,27,42,33,34,57,28,32, </key>
<key name="follow"> 2,52,0,12,7,20,19,21,25,16,49,33,6,32, </key>
<key name="forev"> 29, </key>
<key name="forget"> 59, </key>
<key name="format"> 13,12,9,49,57, </key>
<key name="forth"> 47, </key>
<key name="forward"> 20,19,15,21,25,49,45,34,63,57, </key>
<key name="four"> 5, </key>
<key name="fragment"> 45, </key>
<key name="fre"> 4,11, </key>
<key name="frequent"> 48, </key>
<key name="friday"> 7,16, </key>
<key name="friend"> 57, </key>
<key name="full"> 2,31,61,33,57,18,48,11, </key>
<key name="function"> 4, </key>
<key name="g"> 38, </key>
<key name="ga"> 25, </key>
<key name="gc"> 25, </key>
<key name="general"> 31,58,61,43,16,49,57, </key>
<key name="generat"> 20,16,18, </key>
<key name="get"> 21,43,44, </key>
<key name="gif"> 13,12, </key>
<key name="giv"> 56, </key>
<key name="global"> 10,6, </key>
<key name="gm"> 25, </key>
<key name="go"> 50,56,8,20,19,9,25,26,40,57, </key>
<key name="good"> 31,61, </key>
<key name="grammar"> 49, </key>
<key name="graphic"> 12, </key>
<key name="graphical"> 12, </key>
<key name="great"> 49, </key>
<key name="green"> 1, </key>
<key name="group"> 10,30,25,26,45,57,11, </key>
<key name="hand"> 37, </key>
<key name="handl"> 57,32,22, </key>
<key name="happen"> 60,33, </key>
<key name="hard"> 29, </key>
<key name="haven"> 43, </key>
<key name="head"> 50,53,29,20,24,44,49,45,34,47,55,28, </key>
<key name="header"> 20,16, </key>
<key name="health"> 16, </key>
<key name="held"> 6, </key>
<key name="hello"> 49, </key>
<key name="help"> 32,22, </key>
<key name="her"> 0,12,27,57, </key>
<key name="high"> 52, </key>
<key name="highest"> 28, </key>
<key name="highlight"> 36,32, </key>
<key name="hom"> 11, </key>
<key name="hour"> 0,6, </key>
<key name="how"> 10,58,5,21,39,61,26,16,42,33,47,57,64, </key>
<key name="htm"> 12, </key>
<key name="html"> 13,38,12,31,61,44,57, </key>
<key name="http"> 61, </key>
<key name="i"> 20,39,60,43,64, </key>
<key name="ic"> 8,9, </key>
<key name="ical"> 4,8,9, </key>
<key name="icon"> 10,51,26,45, </key>
<key name="identifiabl"> 56, </key>
<key name="identify"> 63, </key>
<key name="identiti"> 56,57, </key>
<key name="identity"> 14,47,57, </key>
<key name="if"> 52,10,38,12,56,31,58,14,4,5,29,20,19,39,24,59,60,9,61,26,43,62,44,16,49,33,45,47,6,63,57,32,18,48,22, </key>
<key name="ignor"> 20,49, </key>
<key name="iii"> 49, </key>
<key name="imag"> 13,38,12,44,33, </key>
<key name="immediat"> 50, </key>
<key name="immediate"> 14,29,20,62,64, </key>
<key name="implement"> 44, </key>
<key name="import"> 21,9,57, </key>
<key name="importanc"> 51, </key>
<key name="important"> 62, </key>
<key name="in"> 12, </key>
<key name="inactiv"> 60, </key>
<key name="inbound"> 30, </key>
<key name="inbox"> 23,20,39,24,27,49,45,57,36,28,32,22, </key>
<key name="inc"> 56,65, </key>
<key name="includ"> 2,10,12,20,15,21,24,26,27,49,47,57, </key>
<key name="incom"> 12,19,21,44,57, </key>
<key name="increas"> 12, </key>
<key name="indefinite"> 26, </key>
<key name="indicat"> 12,51,39,45,36, </key>
<key name="indicator"> 51, </key>
<key name="individual"> 40,16,45, </key>
<key name="information"> 0,10,12,56,54,4,20,19,16,45,6,28,18,48, </key>
<key name="initial"> 58, </key>
<key name="inlin"> 57, </key>
<key name="input"> 20, </key>
<key name="insensitiv"> 20,49, </key>
<key name="insert"> 16, </key>
<key name="instal"> 12,44, </key>
<key name="install"> 12, </key>
<key name="instanc"> 49, </key>
<key name="instead"> 49, </key>
<key name="interfac"> 49,33,57, </key>
<key name="internal"> 12, </key>
<key name="internet"> 31,4,61,16,57, </key>
<key name="interpret"> 20,49, </key>
<key name="interval"> 39, </key>
<key name="invit"> 0, </key>
<key name="invitation"> 2,0,6, </key>
<key name="isn"> 32, </key>
<key name="issu"> 18, </key>
<key name="item"> 23,50,12,30,29,51,25,49,57,32,37,48, </key>
<key name="jo"> 49, </key>
<key name="job"> 10, </key>
<key name="john"> 56,49, </key>
<key name="jpeg"> 12,44, </key>
<key name="jpg"> 13,12, </key>
<key name="junk"> 24,27,57,32,22, </key>
<key name="just"> 49,48, </key>
<key name="kb"> 49, </key>

</ftswdata>  
