<?xml version='1.0' encoding='windows-1252' ?>
<!-- saved from url=(0014)about:internet -->
<ftswdata>
<key name="upload"> 14, </key>
<key name="url"> 4,60,49,29, </key>
<key name="us"> 24,14,13,55,15,51,16,22,26,60,61,43,28,44,49,33,45,34,47,56,19,48,23, </key>
<key name="usag"> 33, </key>
<key name="useful"> 62, </key>
<key name="user"> 52,14,13,31,60,44, </key>
<key name="usual"> 13,17,6, </key>
<key name="vacation"> 49,56,64, </key>
<key name="valid"> 4,19, </key>
<key name="valu"> 49,48, </key>
<key name="variety"> 14,13, </key>
<key name="variou"> 2,13, </key>
<key name="vary"> 17, </key>
<key name="verifi"> 11, </key>
<key name="verify"> 19, </key>
<key name="version"> 31,60,65, </key>
<key name="via"> 13, </key>
<key name="vic"> 55, </key>
<key name="view"> 2,52,0,1,38,7,4,22,25,27,28,44,49,45,6,56,29,32, </key>
<key name="viewabl"> 38, </key>
<key name="viru"> 43,44, </key>
<key name="virus"> 38,13,43,44, </key>
<key name="visibl"> 56, </key>
<key name="voic"> 64, </key>
<key name="want"> 11,55,54,31,15,4,5,25,10,60,61,17,33,45,47,63,56,48, </key>
<key name="way"> 50,6, </key>
<key name="web"> 13,30,31,22,60,33,56,29,65, </key>
<key name="week"> 2,7,5,56, </key>
<key name="weight"> 17, </key>
<key name="well"> 28,44, </key>
<key name="what"> 14,21,28,6,56, </key>
<key name="wherea"> 16, </key>
<key name="wherev"> 50, </key>
<key name="wheth"> 13,5,51,59,27,56,36, </key>
<key name="whichev"> 0, </key>
<key name="whil"> 52, </key>
<key name="whol"> 48, </key>
<key name="whom"> 15,49, </key>
<key name="whos"> 11,13,43,49, </key>
<key name="why"> 16,19, </key>
<key name="wid"> 13, </key>
<key name="wide"> 13, </key>
<key name="widget"> 55, </key>
<key name="wildcard"> 20,49,48, </key>
<key name="will"> 0,14,38,13,31,4,21,25,26,60,17,49,6,56,29,32,19,48,64, </key>
<key name="window"> 13,60,61,41,45,47,56, </key>
<key name="winzip"> 13, </key>
<key name="within"> 52,0,13,31,21,39,25,60,61,27,49,45,56, </key>
<key name="without"> 20,49,56,48, </key>
<key name="wmv"> 13, </key>
<key name="word"> 38,13,20,21,44,49,56,48, </key>
<key name="wordpad"> 13, </key>
<key name="work"> 2,52,7,31,4,59,60,56,12, </key>
<key name="workstation"> 13,44, </key>
<key name="would"> 20,49,56,48, </key>
<key name="writ"> 0, </key>
<key name="written"> 47, </key>
<key name="x"> 49,48, </key>
<key name="x111"> 55, </key>
<key name="xl"> 13, </key>
<key name="y"> 49,48, </key>
<key name="year"> 5, </key>
<key name="yellow"> 1, </key>
<key name="yes"> 51, </key>
<key name="york"> 6, </key>
<key name="your"> 2,24,52,0,11,1,50,14,38,13,55,7,3,30,54,31,57,15,4,5,8,9,20,21,22,39,25,58,59,10,26,60,61,27,43,28,62,44,17,42,49,33,45,47,18,6,35,63,56,36,29,32,37,19,48,12,23, </key>
<key name="yyyy"> 49, </key>
<key name="zc"> 52,22,65, </key>
<key name="zcw"> 56, </key>
<key name="zimbra"> 2,52,13,22,60,43,62,42,49,33,56,32,37,48,65, </key>
<key name="zip"> 38,13,43,44, </key>
<key name="zon"> 6,56, </key>

</ftswdata>  
