﻿<?xml version='1.0' encoding='utf-8' ?>
<!-- saved from url=(0014)about:internet -->
<ftswdata>
<key name="supervisor"> 27,22, </key>
<key name="support"> 17,28,27,39, </key>
<key name="suppos"> 25, </key>
<key name="switch"> 29,22, </key>
<key name="symbol"> 56, </key>
<key name="syndication"> 43, </key>
<key name="synonym"> 56, </key>
<key name="syntax"> 64, </key>
<key name="system"> 30,57,18,45,17,66,35,29,68,69,34,51,22,38,24, </key>
<key name="tab"> 2,63,7,36,37,65,66,20,19,4,60,14,9,27,31,10,32,11,69,33,34,70,56,6,41,71,64,25,26,72,13, </key>
<key name="tabl"> 26, </key>
<key name="tag"> 57,36,28,27,31,33,34,56,64, </key>
<key name="tag:amb"> 56, </key>
<key name="tak"> 36,28,64, </key>
<key name="task"> 59,61,60,29,31,62,55, </key>
<key name="temporari"> 50, </key>
<key name="tentativ"> 2, </key>
<key name="term"> 56, </key>
<key name="test"> 28, </key>
<key name="text"> 0,18,45,17,63,19,28,27,21,47,51,22,56,54,6,64,25,26,55,72, </key>
<key name="them"> 18,63,3,35,27,46,51,56,39,53,23,64,42,38,55, </key>
<key name="themselv"> 51,64, </key>
<key name="therefor"> 17,68,51, </key>
<key name="thing"> 39, </key>
<key name="think"> 50, </key>
<key name="thoma"> 56, </key>
<key name="thos"> 57,56,39,38,25, </key>
<key name="thre"> 59,12,17,6, </key>
<key name="tim"> 2,0,7,37,65,4,68,69,22,49,56,23,6,41,64,42,38,44,55,72, </key>
<key name="time"> 70, </key>
<key name="timezon"> 64, </key>
<key name="tip"> 56, </key>
<key name="titl"> 12,42, </key>
<key name="togeth"> 56, </key>
<key name="too"> 28,50,22, </key>
<key name="tool"> 15,55, </key>
<key name="toolbar"> 2,0,12,7,3,20,19,4,5,11,33,34,48,56,52,6,62,43,38, </key>
<key name="top"> 30,21,33,34,38, </key>
<key name="topic"> 22,56, </key>
<key name="total"> 46,31,56, </key>
<key name="track"> 2,59,4,29, </key>
<key name="traditional"> 29, </key>
<key name="trash"> 30,35,28,31,32,34,49,39,53,64,38,44, </key>
<key name="travel"> 64, </key>
<key name="trig"> 25, </key>
<key name="troubl"> 64, </key>
<key name="tru"> 56, </key>
<key name="truck"> 28, </key>
<key name="try"> 24, </key>
<key name="tun"> 38, </key>
<key name="turn"> 27,58,64, </key>
<key name="turnaround"> 57, </key>
<key name="two"> 30,4,5,31,69,52, </key>
<key name="txt"> 17,56, </key>
<key name="typ"> 30,0,12,18,45,17,63,37,4,60,27,69,50,51,56,54,6,64,43,25,55, </key>
<key name="type:word"> 56, </key>
<key name="typical"> 18,45,17,31, </key>
<key name="ui"> 4, </key>
<key name="unacceptabl"> 45, </key>
<key name="uncheck"> 18,4, </key>
<key name="undeliverabl"> 24, </key>
<key name="undo"> 35, </key>
<key name="undon"> 8, </key>
<key name="unflag"> 31,56, </key>
<key name="unforward"> 56, </key>
<key name="uniqu"> 30, </key>
<key name="unit"> 56, </key>
<key name="unknown"> 24, </key>
<key name="unles"> 22,56, </key>
<key name="unread"> 46,31,33,47,56,52, </key>
<key name="unrepli"> 56, </key>
<key name="unsolicit"> 38, </key>
<key name="untag"> 31, </key>
<key name="unus"> 13, </key>
<key name="unwant"> 38, </key>
<key name="up"> 12,18,8,19,28,27,6,42,13, </key>
<key name="updat"> 61,56,43,73, </key>
<key name="upload"> 18, </key>
<key name="url"> 4,69,56,43, </key>
<key name="us"> 30,18,17,65,19,28,58,21,29,32,69,50,34,51,56,39,52,40,54,64,24,25,26,55,72, </key>
<key name="usag"> 39, </key>
<key name="useful"> 70, </key>
<key name="user"> 18,17,37,69,51, </key>
<key name="usual"> 17,22,6, </key>
<key name="vacation"> 56,72, </key>
<key name="valid"> 4,24, </key>
<key name="valu"> 56,55, </key>
<key name="variety"> 18,17, </key>
<key name="variou"> 2,17, </key>
<key name="vary"> 22, </key>
<key name="verifi"> 12, </key>
<key name="verify"> 24, </key>
<key name="version"> 37,69,73, </key>
<key name="via"> 17, </key>
<key name="vic"> 63, </key>
<key name="view"> 2,0,1,45,7,4,29,31,33,34,51,56,52,6,64,62,38, </key>
<key name="viewabl"> 45, </key>
<key name="viru"> 50,51, </key>
<key name="virus"> 45,17,50,51, </key>
<key name="visibl"> 64, </key>
<key name="voic"> 72, </key>
<key name="want"> 12,63,61,37,8,19,4,5,35,31,11,15,69,22,39,52,54,71,64,25,55, </key>
<key name="way"> 57,18,6, </key>
<key name="web"> 17,36,37,65,29,69,39,64,43,26, </key>
<key name="week"> 2,7,5,64, </key>
<key name="weight"> 22, </key>
<key name="well"> 51, </key>
<key name="what"> 18,27,34,6,64, </key>
<key name="wherea"> 21, </key>
<key name="wherev"> 57, </key>
<key name="wheth"> 12,17,19,5,58,29,68,33,64,42, </key>
<key name="whichev"> 0, </key>
<key name="whol"> 55, </key>
<key name="whom"> 19,56, </key>
<key name="whos"> 12,17,50,56,25, </key>
<key name="why"> 21,24, </key>
<key name="wid"> 17, </key>
<key name="wide"> 17, </key>
<key name="widget"> 63, </key>
<key name="wildcard"> 28,56,55, </key>
<key name="will"> 0,18,45,17,37,4,27,31,11,15,69,22,56,6,38,24,25,55,72, </key>
<key name="window"> 17,21,69,33,52,54, </key>
<key name="winzip"> 17, </key>
<key name="within"> 0,17,37,27,29,46,31,69,33,56,52, </key>
<key name="without"> 28,56,64,55, </key>
<key name="wmv"> 17, </key>
<key name="word"> 45,17,28,27,51,56,64,55, </key>
<key name="wordpad"> 17, </key>
<key name="work"> 2,59,7,37,4,29,68,69,64,13, </key>
<key name="workstation"> 17,51, </key>
<key name="would"> 28,56,64,55, </key>
<key name="writ"> 0, </key>
<key name="written"> 54, </key>
<key name="x"> 56,55, </key>
<key name="x111"> 63, </key>
<key name="xl"> 17, </key>
<key name="xyz"> 25, </key>
<key name="y"> 56,55, </key>
<key name="year"> 5, </key>
<key name="yellow"> 1, </key>
<key name="yes"> 58, </key>
<key name="yet"> 56, </key>
<key name="york"> 6, </key>
<key name="your"> 2,30,59,0,12,1,57,18,45,17,63,7,3,36,61,37,65,66,20,8,19,4,5,35,28,27,29,46,31,67,68,10,32,11,15,69,33,50,34,70,51,22,49,56,39,52,40,54,23,6,41,71,64,42,43,38,44,24,25,26,55,13, </key>
<key name="yyyy"> 56, </key>
<key name="zc"> 59,29,73, </key>
<key name="zimbra"> 2,17,29,69,70,49,56,39,64,43,38,44,55,73, </key>
<key name="zimbra'"> 56, </key>
<key name="zip"> 45,17,50,51, </key>
<key name="zon"> 65,6,64, </key>
<key name="|"> 64, </key>
<key name="é"> 66, </key>
<key name="ñ"> 66, </key>
<key name="ó"> 66, </key>

</ftswdata>  
