﻿<?xml version='1.0' encoding='utf-8' ?>
<!-- saved from url=(0014)about:internet -->
<ftswdata>
<key name="contact"> 30,12,57,45,66,19,14,28,29,67,32,15,34,22,16,53,6,64,38,24,25,55,13, </key>
<key name="contact'"> 25, </key>
<key name="contain"> 12,45,17,66,28,46,33,50,51,22,56,52,41,42,55, </key>
<key name="content"> 59,57,45,61,35,31,33,34,51,22,49,56,52,42,62,43,24,55, </key>
<key name="content:banana"> 56, </key>
<key name="continu"> 27,68,33,25, </key>
<key name="conversation"> 57,36,58,29,46,31,33,47,34,48,52,54,64, </key>
<key name="convert"> 45, </key>
<key name="copi"> 19,28,41, </key>
<key name="copy"> 19,28,71,64,38, </key>
<key name="copyright"> 73, </key>
<key name="corn"> 34, </key>
<key name="corporat"> 27,24, </key>
<key name="corporation"> 63, </key>
<key name="correct"> 17,64,24, </key>
<key name="correspond"> 51,25, </key>
<key name="could"> 17,63,28,27,51,22,55, </key>
<key name="creat"> 2,30,59,0,12,1,57,18,17,63,36,4,60,5,28,27,29,31,10,11,15,34,51,56,23,6,64,43,38,26,55,72,13, </key>
<key name="criteria"> 56,55, </key>
<key name="criterion"> 56, </key>
<key name="csv"> 14, </key>
<key name="current"> 32,34,51,56,25,72, </key>
<key name="cursor"> 42, </key>
<key name="custom"> 35,28,34, </key>
<key name="customiz"> 5, </key>
<key name="d"> 32,25, </key>
<key name="dai"> 5, </key>
<key name="dal"> 25, </key>
<key name="dat"> 59,5,28,22,56,6,64,62,72, </key>
<key name="data"> 10,55, </key>
<key name="david"> 25, </key>
<key name="day"> 2,0,1,7,5,69,33,39,64, </key>
<key name="day'"> 7, </key>
<key name="db"> 25, </key>
<key name="dbrink"> 25, </key>
<key name="dd"> 56, </key>
<key name="decid"> 21, </key>
<key name="ded"> 25, </key>
<key name="default"> 2,59,12,37,65,4,28,69,56,52,41,64,38,25,26,13, </key>
<key name="defin"> 30,59,0,40,64, </key>
<key name="delegat"> 29, </key>
<key name="delet"> 30,18,3,8,35,28,31,32,49,39,53,23,41,71,64,38,44,13, </key>
<key name="deliver"> 28,50,24, </key>
<key name="delivery"> 45,50, </key>
<key name="denot"> 58, </key>
<key name="depend"> 18,45,66,27,34,22,54, </key>
<key name="descend"> 42, </key>
<key name="describ"> 18,56,64,55, </key>
<key name="description"> 0,22,56,6,64,55, </key>
<key name="design"> 17, </key>
<key name="designat"> 29,72, </key>
<key name="desktop"> 18, </key>
<key name="detail"> 59,56,64,55,13, </key>
<key name="detect"> 17, </key>
<key name="determin"> 50, </key>
<key name="dialog"> 14,9,69,51, </key>
<key name="different"> 2,1,57,63,65,4,28,22,56,6,64, </key>
<key name="direct"> 17,43,25, </key>
<key name="directiv"> 27, </key>
<key name="disabl"> 13, </key>
<key name="disappear"> 25, </key>
<key name="discard"> 28,27, </key>
<key name="disk"> 14,9,39, </key>
<key name="display"> 2,30,0,12,1,18,63,7,65,19,4,60,5,46,31,69,33,34,51,22,39,52,54,6,64,38,25,55,13, </key>
<key name="distinguish"> 58, </key>
<key name="division"> 63, </key>
<key name="do"> 17,28,21,56,52,54,64, </key>
<key name="doc"> 17, </key>
<key name="document"> 18,45,17,51,56,39, </key>
<key name="dodd"> 25, </key>
<key name="dog"> 56,55, </key>
<key name="domain"> 69,56,55, </key>
<key name="don"> 36,5,56,6,25, </key>
<key name="don't"> 28,71,38, </key>
<key name="door"> 56,55, </key>
<key name="doubl"> 17,33,52,40, </key>
<key name="down"> 0,57,27,47,71,42,55, </key>
<key name="download"> 17,51, </key>
<key name="draft"> 19,34,56,23,38, </key>
<key name="drag"> 35, </key>
<key name="drop"> 0,35,27,55, </key>
<key name="du"> 59,62,24, </key>
<key name="e"> 45,68,50, </key>
<key name="easi"> 52,64,26, </key>
<key name="eastern"> 6, </key>
<key name="easy"> 29, </key>
<key name="edit"> 12,1,57,4,60,35,14,9,27,10,11,15,40,23,64,43,25,55,13, </key>
<key name="editor"> 17,19,26, </key>
<key name="edward"> 25, </key>
<key name="eight"> 1, </key>
<key name="eith"> 0,37,5,31,33,56,54,6,64,38,55, </key>
<key name="eligibl"> 22, </key>
<key name="els"> 21, </key>
<key name="email"> 0,12,57,18,45,17,63,3,36,19,28,58,29,31,32,11,15,69,33,50,34,70,51,22,48,49,56,39,52,53,6,71,64,42,24,25,26,55,72,13, </key>
<key name="employe"> 22, </key>
<key name="empty"> 39,38,44, </key>
<key name="enabl"> 18,20,19,4,28,29,33,70,56,54,41,71,64,72,13, </key>
<key name="enclos"> 56, </key>
<key name="end"> 17,5,54,6,64,72, </key>
<key name="enforc"> 39, </key>
<key name="engineer"> 63, </key>
<key name="english"> 56, </key>
<key name="enough"> 70, </key>
<key name="ent"> 0,12,57,66,19,4,27,21,11,15,69,70,6,43,25,55,72,13, </key>
<key name="enter"> 32,56, </key>
<key name="entri"> 51,13, </key>
<key name="entry"> 55, </key>
<key name="environment"> 17, </key>
<key name="equivalent"> 56, </key>
<key name="erica"> 25, </key>
<key name="erica878"> 25, </key>
<key name="error"> 24, </key>
<key name="esc"> 25, </key>
<key name="etc"> 66,56,55, </key>
<key name="even"> 17,28,68,33,51, </key>
<key name="event"> 2,0,1,3,27,29,6, </key>
<key name="every"> 5,69,64,24, </key>
<key name="everyon"> 12,54, </key>
<key name="everyth"> 35, </key>
<key name="ex"> 17,50, </key>
<key name="exact"> 63,28,11,15,50,22,56, </key>
<key name="exampl"> 30,57,45,17,63,36,4,28,27,46,69,56,54,6,25,55, </key>
<key name="excel"> 45,56, </key>
<key name="except"> 56,40, </key>
<key name="exchang"> 29,10,54, </key>
<key name="exclud"> 4, </key>
<key name="execut"> 27,64,55, </key>
<key name="executabl"> 45,17,51, </key>
<key name="exist"> 30,28,10,64,24, </key>
<key name="expand"> 17, </key>
<key name="expens"> 17, </key>
<key name="expir"> 68,69, </key>
<key name="export"> 2,14,9,29,64, </key>
<key name="extend"> 72, </key>
<key name="extension"> 17,50, </key>
<key name="f"> 32, </key>
<key name="fact"> 25, </key>
<key name="fast"> 37,69,22,64, </key>
<key name="favorit"> 32,43, </key>
<key name="fe"> 43, </key>
<key name="featur"> 2,59,12,36,37,20,29,69,70,51,56,64,25,55,72,13, </key>
<key name="february"> 56, </key>
<key name="feed"> 43, </key>
<key name="few"> 21,25, </key>
<key name="field"> 0,12,63,19,14,9,28,27,21,29,10,34,56,54,6,64,43,25,55, </key>
<key name="figur"> 34, </key>
<key name="fil"> 12,18,45,17,4,14,9,28,21,10,50,51,22,56,39,53,55, </key>
<key name="filenam"> 17,56, </key>
<key name="filename:query"> 56, </key>
<key name="filt"> 28,27,52,38, </key>
<key name="filter"> 36,28,27,29,51,22,64,38, </key>
<key name="fin"> 38, </key>
<key name="find"> 12,57,17,34,56,38,55, </key>
<key name="finish"> 59,61,27, </key>
<key name="first"> 2,0,12,7,27,33,22,56,52,64,25,55, </key>
<key name="flag"> 19,28,58,31,33,56, </key>
<key name="fold"> 30,36,19,35,28,27,46,31,33,49,56,39,52,53,40,23,41,64,43,38,44,55, </key>
<key name="folder"> 30,57,36,35,28,27,29,46,33,34,49,39,40,64,43,38, </key>
<key name="follow"> 2,59,0,45,17,7,28,27,29,32,22,56,39,6,38,25, </key>
<key name="font"> 26, </key>
<key name="forev"> 35, </key>
<key name="forget"> 67, </key>
<key name="format"> 18,17,14,9,10,56,64,26, </key>
<key name="forth"> 54, </key>
<key name="forward"> 28,27,21,29,32,56,52,40,71,64, </key>
<key name="four"> 5, </key>
<key name="fragment"> 52, </key>
<key name="fre"> 4,13, </key>
<key name="frequent"> 55, </key>
<key name="friday"> 7,22, </key>
<key name="friend"> 64, </key>
<key name="from:john"> 56, </key>
<key name="from:someon"> 56, </key>
<key name="from:thoma"> 56, </key>
<key name="full"> 2,37,28,11,15,69,39,64,24,25,55,13, </key>
<key name="function"> 4, </key>
<key name="futur"> 8, </key>
<key name="g"> 45, </key>
<key name="ga"> 32, </key>
<key name="gc"> 32, </key>
<key name="general"> 37,65,66,69,50,22,56,64, </key>
<key name="generat"> 28,22,24, </key>
<key name="get"> 29,50,51, </key>
<key name="gif"> 18,17, </key>
<key name="giv"> 63,11,15, </key>
<key name="global"> 12,6, </key>
<key name="gm"> 32, </key>
<key name="go"> 57,63,28,27,32,33,47,64, </key>
<key name="good"> 37,69, </key>
<key name="grammar"> 56, </key>
<key name="grant"> 11,15, </key>
<key name="graphic"> 17, </key>
<key name="graphical"> 17, </key>
<key name="great"> 56, </key>
<key name="green"> 1, </key>
<key name="group"> 12,36,32,33,52,64,13, </key>
<key name="grow"> 25, </key>
<key name="hand"> 44, </key>
<key name="handl"> 64,38, </key>
<key name="happen"> 68,39,25, </key>
<key name="hard"> 35, </key>
<key name="has:attachment"> 56, </key>
<key name="hav"> 65, </key>
<key name="haven't"> 50, </key>
<key name="head"> 57,60,35,28,31,51,56,52,40,54,62, </key>
<key name="header"> 28,22, </key>
<key name="health"> 22, </key>
<key name="held"> 6, </key>
<key name="hello"> 56, </key>
<key name="help"> 38, </key>
<key name="her"> 0,17,34,64, </key>
<key name="hid"> 25, </key>
<key name="high"> 59,19, </key>
<key name="highlight"> 42,38,25, </key>
<key name="hom"> 13, </key>
<key name="hour"> 0,6, </key>
<key name="how"> 12,66,5,29,46,69,33,22,49,39,54,64,72, </key>
<key name="htm"> 17, </key>
<key name="html"> 18,45,17,37,20,69,51,64,26, </key>
<key name="http"> 69, </key>
<key name="i"> 46,68,50,25,72, </key>
<key name="i'm"> 28, </key>
<key name="ic"> 9,10, </key>
<key name="ical"> 4,9,10, </key>
<key name="icalendar"> 9,10, </key>

</ftswdata>  
