<?xml version='1.0' encoding='windows-1252' ?>
<!-- saved from url=(0014)about:internet -->
<ftswdata>
<key name="dat"> 6,21,17,49,7, </key>
<key name="data"> 48, </key>
<key name="day"> 3,0,1,2,8,6,57,28,33,53,24, </key>
<key name="dd"> 49, </key>
<key name="decid"> 15,16, </key>
<key name="default"> 3,11,5,6,21,29,49,45,35,53,32,12, </key>
<key name="defin"> 25,1,34,53, </key>
<key name="delet"> 25,50,4,9,21,26,42,33,46,18,35,59,53,32,37,12,24, </key>
<key name="deliver"> 21,39,43,19, </key>
<key name="delivery"> 38,43, </key>
<key name="denot"> 51, </key>
<key name="depend"> 14,38,54,22,10,29,17,47, </key>
<key name="descend"> 36, </key>
<key name="describ"> 14,49,53,48, </key>
<key name="description"> 1,17,49,7,53,48, </key>
<key name="design"> 13, </key>
<key name="designat"> 60, </key>
<key name="desktop"> 14, </key>
<key name="detail"> 49,48,12, </key>
<key name="detect"> 13, </key>
<key name="determin"> 43, </key>
<key name="dialog"> 54,22,57,44, </key>
<key name="did"> 53, </key>
<key name="different"> 3,2,50,5,21,23,17,49,7,53, </key>
<key name="direct"> 13,30, </key>
<key name="directiv"> 22, </key>
<key name="disabl"> 53,12, </key>
<key name="discard"> 21,22, </key>
<key name="disk"> 33, </key>
<key name="display"> 3,25,0,1,11,2,14,8,15,5,6,9,22,26,57,28,29,44,17,33,45,47,7,53,30,32,48,12, </key>
<key name="distinguish"> 51, </key>
<key name="division"> 52, </key>
<key name="do"> 13,21,16,49,45,47, </key>
<key name="doc"> 13, </key>
<key name="document"> 14,38,13,44,49,33, </key>
<key name="dog"> 49,48, </key>
<key name="domain"> 57,49,48, </key>
<key name="don"> 14,31,15,6,21,49,59,53,32,24, </key>
<key name="door"> 49,48, </key>
<key name="doubl"> 13,28,45,34, </key>
<key name="down"> 1,50,15,22,40,58,7,59,53,36,48, </key>
<key name="download"> 13,44, </key>
<key name="draft"> 15,29,49,18,32, </key>
<key name="drop"> 1,22,7,48, </key>
<key name="du"> 19, </key>
<key name="e"> 38,56,43, </key>
<key name="�"> 54, </key>
<key name="easi"> 45, </key>
<key name="eastern"> 7, </key>
<key name="easy"> 23, </key>
<key name="edit"> 11,2,50,5,22,34,18,30,48,12, </key>
<key name="editor"> 13, </key>
<key name="eight"> 2, </key>
<key name="eith"> 0,1,6,26,28,49,47,7,53,32,48,24, </key>
<key name="eligibl"> 17, </key>
<key name="els"> 16, </key>
<key name="email"> 0,1,11,50,14,38,13,52,4,31,15,21,51,23,39,26,57,28,43,29,58,44,17,41,42,49,33,45,46,7,59,53,36,19,48,60,12,24, </key>
<key name="employe"> 17, </key>
<key name="empty"> 42,33,32,37,24, </key>
<key name="enabl"> 52,15,5,28,58,49,47,35,59,53,60,12, </key>
<key name="enclos"> 49, </key>
<key name="end"> 13,52,6,47,7,53, </key>
<key name="enforc"> 33, </key>
<key name="engineer"> 52, </key>
<key name="english"> 49, </key>
<key name="enough"> 58, </key>
<key name="ent"> 1,11,50,54,15,5,22,16,27,57,58,7,53,30,48,60, </key>
<key name="enter"> 27,49, </key>
<key name="entri"> 44,12, </key>
<key name="entry"> 48, </key>
<key name="environment"> 13, </key>
<key name="equipment"> 1, </key>
<key name="equivalent"> 49, </key>
<key name="error"> 19, </key>
<key name="etc"> 54,49,48, </key>
<key name="even"> 13,21,56,28,44, </key>
<key name="event"> 3,0,1,2,4,22,7, </key>
<key name="every"> 52,6,57,19, </key>
<key name="everyon"> 11,47, </key>
<key name="ex"> 13,43, </key>
<key name="exact"> 52,21,43,17,49, </key>
<key name="exampl"> 25,50,38,13,52,31,5,21,22,39,27,57,49,47,7,53,48, </key>
<key name="excel"> 38,49, </key>
<key name="except"> 9,49,34, </key>
<key name="exchang"> 47, </key>
<key name="execut"> 22,53,48, </key>
<key name="executabl"> 38,13,44, </key>
<key name="exist"> 25,21,10,53,19, </key>
<key name="expand"> 13, </key>
<key name="expens"> 13, </key>
<key name="expir"> 56,57, </key>
<key name="explor"> 27, </key>
<key name="export"> 20, </key>
<key name="extend"> 60, </key>
<key name="extension"> 13,43, </key>
<key name="fast"> 57,17, </key>
<key name="favorit"> 30, </key>
<key name="fe"> 30, </key>
<key name="featur"> 3,11,52,31,57,58,44,49,53,48,60,12, </key>
<key name="february"> 49, </key>
<key name="feed"> 30, </key>
<key name="few"> 16,10, </key>
<key name="field"> 1,11,54,15,21,22,16,29,49,47,7,59,53,30,48,24, </key>
<key name="figur"> 29, </key>
<key name="fil"> 11,14,38,13,15,5,20,21,16,10,43,44,17,41,49,33,46,48, </key>
<key name="filenam"> 13,49, </key>
<key name="filt"> 21,22,45,32,24, </key>
<key name="filter"> 31,22,23,44,17,53,32,24, </key>
<key name="fin"> 32,24, </key>
<key name="finaliz"> 1, </key>
<key name="find"> 1,50,13,15,29,49,53,32,48,24, </key>
<key name="finish"> 22, </key>
<key name="firefox"> 27, </key>
<key name="first"> 3,1,11,8,22,28,17,49,45,53,48, </key>
<key name="fiv"> 1, </key>
<key name="flag"> 21,51,26,28,49, </key>
<key name="fold"> 25,31,15,21,22,39,26,28,42,49,33,45,46,34,18,35,53,30,32,37,48,24, </key>
<key name="folder"> 25,50,31,21,22,23,39,28,29,42,33,34,53,30,32, </key>
<key name="follow"> 3,1,13,8,21,22,27,17,49,33,7,32, </key>
<key name="font"> 15, </key>
<key name="forget"> 55, </key>
<key name="format"> 14,13,15,10,49,53, </key>
<key name="forth"> 47, </key>
<key name="forward"> 52,21,22,16,23,49,45,34,59,53, </key>
<key name="four"> 6, </key>
<key name="fragment"> 45,53, </key>
<key name="fre"> 1,5,12, </key>
<key name="frequent"> 48, </key>
<key name="friday"> 8,17, </key>
<key name="friend"> 53, </key>
<key name="full"> 3,57,33,19,48,12, </key>
<key name="function"> 5, </key>
<key name="g"> 38, </key>
<key name="general"> 54,43,17,49,53, </key>
<key name="generat"> 21,17,19, </key>
<key name="get"> 23,43,44,53, </key>
<key name="gif"> 14,13, </key>
<key name="giv"> 50, </key>
<key name="global"> 7, </key>
<key name="go"> 50,20,21,22,10,27,28,40,53, </key>
<key name="good"> 57, </key>
<key name="grammar"> 49, </key>
<key name="graphic"> 13, </key>
<key name="graphical"> 13, </key>
<key name="great"> 49, </key>
<key name="green"> 2, </key>
<key name="group"> 11,31,22,28,45,53,12, </key>
<key name="hand"> 37, </key>
<key name="handl"> 53,32,24, </key>
<key name="happen"> 56,33, </key>
<key name="haven"> 43, </key>
<key name="head"> 50,21,26,44,49,45,47,30, </key>
<key name="header"> 21,17, </key>
<key name="health"> 17, </key>
<key name="held"> 7, </key>
<key name="hello"> 49, </key>
<key name="help"> 32,24, </key>
<key name="her"> 1,13,57,29,53, </key>
<key name="hierarchy"> 30, </key>
<key name="highest"> 30, </key>
<key name="highlight"> 36,32, </key>
<key name="hom"> 12, </key>
<key name="hour"> 1,7, </key>
<key name="how"> 11,54,6,39,57,28,17,42,33,47,53,60, </key>
<key name="htm"> 13, </key>
<key name="html"> 14,38,13,57,44,53, </key>
<key name="http"> 57, </key>
<key name="i"> 21,39,56,43,53,60, </key>
<key name="ic"> 20,10, </key>
<key name="ical"> 5,20,10, </key>
<key name="icon"> 11,51, </key>
<key name="identify"> 59, </key>
<key name="identity"> 52,15,47,53, </key>
<key name="if"> 1,11,38,13,52,54,15,5,21,22,39,26,55,56,10,57,28,43,58,44,17,49,33,45,47,7,59,53,32,19,48,24, </key>
<key name="ignor"> 21,49, </key>
<key name="iii"> 49, </key>
<key name="imag"> 14,38,13,44,33, </key>
<key name="immediat"> 50, </key>
<key name="immediate"> 52,15,21,39,58,53,60, </key>
<key name="implement"> 44, </key>
<key name="import"> 10, </key>
<key name="importanc"> 51, </key>
<key name="important"> 58, </key>
<key name="in"> 13, </key>
<key name="inactiv"> 56, </key>
<key name="inbound"> 31, </key>
<key name="inbox"> 25,21,39,26,29,49,45,53,36,32,24, </key>
<key name="inc"> 52,61, </key>
<key name="includ"> 3,11,13,52,21,16,28,29,49,47,53, </key>
<key name="incom"> 13,22,44,53, </key>
<key name="increas"> 13, </key>
<key name="indefinite"> 28, </key>
<key name="indicat"> 13,51,39,45,36, </key>
<key name="indicator"> 51, </key>
<key name="individual"> 40,17,45, </key>
<key name="information"> 1,11,13,52,5,9,21,23,17,45,7,30,19,48, </key>
<key name="initial"> 54,53, </key>
<key name="input"> 21, </key>
<key name="insensitiv"> 21,49, </key>
<key name="insert"> 17, </key>
<key name="instal"> 13,44, </key>
<key name="install"> 13, </key>
<key name="instanc"> 49, </key>
<key name="instead"> 49,53, </key>
<key name="interfac"> 49,33,53, </key>
<key name="internal"> 13, </key>
<key name="internet"> 5,27,57,17, </key>
<key name="interpret"> 21,49, </key>
<key name="interval"> 39, </key>
<key name="invit"> 1,9, </key>
<key name="invitation"> 3,0,1,7, </key>
<key name="isn"> 32, </key>
<key name="issu"> 19, </key>
<key name="item"> 25,50,13,31,51,49,53,32,37,48, </key>
<key name="jo"> 49, </key>
<key name="job"> 11, </key>
<key name="john"> 52,49,53, </key>
<key name="jpeg"> 13,44, </key>
<key name="jpg"> 14,13, </key>
<key name="junk"> 26,29,53,32,24, </key>
<key name="just"> 49,48, </key>
<key name="kb"> 49, </key>
<key name="keep"> 5,21,33,59, </key>
<key name="key"> 27,53, </key>
<key name="keyboard"> 23,27,53, </key>
<key name="keyword"> 49,48, </key>
<key name="kilobyt"> 49, </key>
<key name="know"> 15,16,39,7,30, </key>
<key name="known"> 44,60, </key>

</ftswdata>  
