﻿<?xml version='1.0' encoding='utf-8' ?>
<!-- saved from url=(0014)about:internet -->
<ftswdata>
<key name="initial"> 58, </key>
<key name="inlin"> 57, </key>
<key name="input"> 20, </key>
<key name="insensitiv"> 20,49, </key>
<key name="insert"> 16, </key>
<key name="instal"> 12,44, </key>
<key name="install"> 12, </key>
<key name="instanc"> 49, </key>
<key name="instead"> 49, </key>
<key name="interfac"> 49,32,57, </key>
<key name="internal"> 12, </key>
<key name="internet"> 30,4,61,16,57, </key>
<key name="interpret"> 20,49, </key>
<key name="interval"> 39, </key>
<key name="invit"> 0, </key>
<key name="invitation"> 2,0,6, </key>
<key name="isn't"> 31, </key>
<key name="issu"> 18, </key>
<key name="it'"> 62, </key>
<key name="item"> 23,50,12,29,28,51,25,49,57,31,37,48, </key>
<key name="jo"> 49, </key>
<key name="job"> 10, </key>
<key name="john"> 56,49, </key>
<key name="jpeg"> 12,44, </key>
<key name="jpg"> 13,12, </key>
<key name="junk"> 24,27,57,31,22, </key>
<key name="just"> 49,48, </key>
<key name="kb"> 49, </key>
<key name="keep"> 52,4,20,32,63, </key>
<key name="key"> 21,25,57, </key>
<key name="keyboard"> 25,57, </key>
<key name="keyword"> 49,48, </key>
<key name="kilobyt"> 49, </key>
<key name="know"> 15,39,6,36, </key>
<key name="known"> 44,64, </key>
<key name="label"> 29, </key>
<key name="languag"> 49,57,48, </key>
<key name="larg"> 20,51,43,49,32,31,22, </key>
<key name="last"> 10,26,16,48,65, </key>
<key name="launch"> 12, </key>
<key name="leaf"> 20, </key>
<key name="learn"> 48, </key>
<key name="least"> 18, </key>
<key name="leav"> 61, </key>
<key name="left"> 46,37, </key>
<key name="length"> 60, </key>
<key name="lenient"> 16, </key>
<key name="les"> 51,49, </key>
<key name="let"> 2,52,0,12,5,25,45,57, </key>
<key name="letter"> 58, </key>
<key name="level"> 23,32, </key>
<key name="lik"> 16,57, </key>
<key name="limit"> 32,11, </key>
<key name="lin"> 10,13,12,29,14,20,15,26,16,45,57,48, </key>
<key name="link"> 2,38,12,4,61,27,44,57,36, </key>
<key name="list"> 23,52,0,10,50,13,54,58,14,53,19,51,21,24,25,27,16,45,6,57,55,31,18,48,11, </key>
<key name="local"> 49,32,63, </key>
<key name="locat"> 13,29,9, </key>
<key name="location"> 0,44,6,36, </key>
<key name="log"> 30,39,60,61,27,32,57,31, </key>
<key name="login"> 30,58,61, </key>
<key name="long"> 61,42,49,32, </key>
<key name="look"> 1,14,20,39,32, </key>
<key name="los"> 16, </key>
<key name="lot"> 62, </key>
<key name="low"> 52,45, </key>
<key name="mail"> 23,10,50,13,12,56,29,20,19,51,15,21,39,24,25,61,26,40,27,62,44,16,49,32,45,46,47,34,63,57,31,37,18,48,64,22, </key>
<key name="mailbox"> 1,38,30,21,24,25,61,27,62,32,63,57,36,18, </key>
<key name="majority"> 44, </key>
<key name="mak"> 54,49, </key>
<key name="malform"> 20, </key>
<key name="manag"> 52,21,26,57, </key>
<key name="manageabl"> 32, </key>
<key name="management"> 19, </key>
<key name="manual"> 31,37, </key>
<key name="mark"> 0,54,20,24,40,49, </key>
<key name="marking"> 57, </key>
<key name="markup"> 57, </key>
<key name="match"> 12,20,19,49,6,57,48, </key>
<key name="maximum"> 56,60,57,11, </key>
<key name="mean"> 20,49,18, </key>
<key name="media"> 12, </key>
<key name="medium"> 50, </key>
<key name="meet"> 0,3,5,49,6,48, </key>
<key name="meeting"> 2,0,5,21,6, </key>
<key name="megabyt"> 49, </key>
<key name="member"> 10, </key>
<key name="mention"> 21, </key>
<key name="menu"> 50,24,40,6, </key>
<key name="messag"> 23,0,10,50,13,38,12,56,29,30,14,28,20,19,51,15,21,39,24,25,61,26,40,43,27,62,44,16,41,42,49,32,45,46,47,17,34,63,57,35,31,18,48,64,22, </key>
<key name="message'"> 20, </key>
<key name="met"> 19, </key>
<key name="method"> 29,19,40, </key>
<key name="microsoft"> 13,12,44,49, </key>
<key name="might"> 50,43,49,47,31,22, </key>
<key name="minu"> 49, </key>
<key name="minut"> 9, </key>
<key name="mission"> 16, </key>
<key name="mm"> 49, </key>
<key name="monday"> 7, </key>
<key name="month"> 2,7,5, </key>
<key name="month'"> 7, </key>
<key name="mous"> 57,35, </key>
<key name="mov"> 23,10,29,28,20,24,25,26,44,46,31,22, </key>
<key name="movi"> 12, </key>
<key name="mpeg"> 12, </key>
<key name="mpg"> 12, </key>
<key name="much"> 32, </key>
<key name="multipl"> 0,10,50,56,20,19,21,49,57,48,11, </key>
<key name="must"> 23,13,58,20,61,44,49,48, </key>
<key name="my"> 30,20, </key>
<key name="myra"> 61, </key>
<key name="myra123"> 61, </key>
<key name="na"> 25, </key>
<key name="nam"> 23,10,50,56,3,14,4,53,20,19,39,61,27,16,49,32,45,33,47,6,57,36,48,11, </key>
<key name="navigat"> 30,21,24,61,27, </key>
<key name="navigation"> 21,27,22, </key>
<key name="nc"> 25, </key>
<key name="ne"> 52,12,61,6, </key>
<key name="nearest"> 20, </key>
<key name="necessary"> 19,49, </key>
<key name="need"> 52,51,32, </key>
<key name="network"> 44, </key>
<key name="nev"> 18, </key>
<key name="new"> 2,10,50,13,12,30,58,14,4,53,5,19,15,21,39,24,9,25,61,26,62,16,49,45,47,6,57,36,31,48,11, </key>
<key name="next"> 13,54,30,20,19,39,24,44,16,45,57,22, </key>
<key name="ng"> 25, </key>
<key name="nm"> 25, </key>
<key name="non"> 20, </key>
<key name="normal"> 52,20,17, </key>
<key name="not"> 10,13,12,58,14,61,43,6,11, </key>
<key name="notab"> 12, </key>
<key name="notebook"> 32, </key>
<key name="notepad"> 12, </key>
<key name="notifi"> 62, </key>
<key name="notification"> 12,43,62,32,57, </key>
<key name="notify"> 3, </key>
<key name="novemb"> 1, </key>
<key name="now"> 19, </key>
<key name="numb"> 12,56,5,51,39,24,26,49,32,45,47,57,31,48,11,22, </key>
<key name="number"> 24,11, </key>
<key name="o"> 25, </key>
<key name="object"> 49, </key>
<key name="occur"> 0,60,47, </key>
<key name="off"> 51,27,57,64, </key>
<key name="offer"> 30,21,61,57, </key>
<key name="offic"> 13,57,64, </key>
<key name="often"> 12,58,5, </key>
<key name="ok"> 8,19,9,41,6,36, </key>
<key name="old"> 58,26,42,32,47,57, </key>
<key name="omit"> 20, </key>
<key name="on"> 2,23,1,50,12,7,29,4,28,20,19,21,27,16,49,6,57,35,18,48,11, </key>
<key name="onc"> 1,50,26,64, </key>
<key name="ongo"> 47, </key>
<key name="open"> 2,10,13,38,12,56,7,3,54,14,4,5,19,15,21,24,25,61,40,27,44,41,42,49,45,46,47,17,6,63,57,36,31,48,11, </key>
<key name="operator"> 20,49, </key>
<key name="opt"> 12, </key>
<key name="option"> 38,7,30,58,20,19,25,61,62,49,47,48, </key>
<key name="optional"> 15,21,16, </key>
<key name="ord"> 50,61,49,32,35,48, </key>
<key name="organiz"> 23,52,29,21, </key>
<key name="organization"> 43, </key>
<key name="organizer'"> 0, </key>
<key name="original"> 0,45,47,57,18, </key>
<key name="originator"> 3, </key>
<key name="other"> 4,20,61,44, </key>
<key name="otherwis"> 51, </key>
<key name="out"> 29,20,60,61,57,64,22, </key>
<key name="outsid"> 44, </key>
<key name="overview"> 23,50,4,53,27,33,36,48,11, </key>
<key name="own"> 21, </key>
<key name="pacific"> 6, </key>
<key name="packag"> 13, </key>
<key name="pag"> 0,12,3,54,5,24,32,47,6,57, </key>
<key name="paint"> 12, </key>
<key name="pan"> 23,52,50,13,54,14,4,53,24,26,27,42,49,45,33,35,55,36,37,48,11,22, </key>
<key name="panel"> 48, </key>
<key name="pap"> 38,44, </key>
<key name="paramet"> 49, </key>
<key name="parameter"> 0, </key>
<key name="parenthes"> 39,26,49,45, </key>
<key name="parenthesi"> 49, </key>
<key name="part"> 12,19,16,47,18, </key>
<key name="particular"> 35, </key>
<key name="partner"> 21, </key>
<key name="pas"> 35, </key>
<key name="password"> 58,59,61,57, </key>
<key name="pattern"> 5,20, </key>
<key name="pdf"> 38,12,49, </key>
<key name="peopl"> 49,64, </key>
<key name="per"> 57, </key>
<key name="percentag"> 52,55, </key>
<key name="perform"> 19,24,49,57, </key>
<key name="period"> 12,60,61,42,31,37,64, </key>
<key name="periodical"> 60, </key>
<key name="permanent"> 28,42, </key>
<key name="permission"> 21, </key>
<key name="permit"> 12, </key>
<key name="person"> 14,47,64, </key>
<key name="person'"> 14, </key>
<key name="personal"> 52,50,4,21,44,48,11, </key>
<key name="phon"> 49,48,11, </key>
<key name="photoshop"> 12, </key>
<key name="phras"> 19, </key>
<key name="pictur"> 13, </key>
<key name="plac"> 38,20,43,45,47,31,37,22, </key>
<key name="plain"> 57, </key>
<key name="plan"> 0, </key>
<key name="play"> 12, </key>
<key name="playabl"> 12, </key>
<key name="plu"> 18, </key>
<key name="plug"> 12, </key>
<key name="podcast"> 36, </key>
<key name="point"> 38,44, </key>
<key name="polici"> 12,42, </key>
<key name="policy"> 38,43,49,32, </key>
<key name="populat"> 47,11, </key>
<key name="portion"> 20, </key>
<key name="possib"> 31,22, </key>
<key name="powerful"> 48, </key>
<key name="powerpoint"> 38, </key>
<key name="practic"> 44, </key>
<key name="preced"> 20, </key>
<key name="pref"> 30,61, </key>
<key name="prefer"> 30, </key>
<key name="preferenc"> 2,56,7,29,30,58,8,19,21,9,61,26,62,49,47,6,34,63,57,64,11, </key>
<key name="prefix"> 49,47,57,48, </key>
<key name="prepar"> 45, </key>
<key name="pres"> 6, </key>
<key name="presenc"> 20, </key>
<key name="preserv"> 15,32,47, </key>

</ftswdata>  
