<?xml version='1.0' encoding='windows-1252' ?>
<!-- saved from url=(0014)about:internet -->
<ftswdata>
<key name="jpg"> 14,13, </key>
<key name="junk"> 25,28,56,32,23, </key>
<key name="just"> 49,48, </key>
<key name="kb"> 49, </key>
<key name="keep"> 52,4,20,33,63, </key>
<key name="key"> 26,56, </key>
<key name="keyboard"> 26,56, </key>
<key name="keyword"> 49,48, </key>
<key name="kilobyt"> 49, </key>
<key name="know"> 15,16,39,6,29, </key>
<key name="known"> 44,64, </key>
<key name="label"> 30, </key>
<key name="languag"> 49,56,48, </key>
<key name="larg"> 20,51,43,49,33,32,23, </key>
<key name="last"> 11,27,17,48,65, </key>
<key name="launch"> 13, </key>
<key name="leaf"> 20, </key>
<key name="learn"> 48, </key>
<key name="least"> 19, </key>
<key name="leav"> 60, </key>
<key name="left"> 46,37, </key>
<key name="length"> 59, </key>
<key name="lenient"> 17, </key>
<key name="les"> 51,49, </key>
<key name="let"> 2,52,13,5,26,45,56, </key>
<key name="letter"> 57, </key>
<key name="level"> 24,33,29, </key>
<key name="lif"> 61,56, </key>
<key name="lik"> 17,56, </key>
<key name="limit"> 33,12, </key>
<key name="lin"> 11,13,30,15,20,16,27,17,45,48, </key>
<key name="link"> 38,13,4,60,28,44,29, </key>
<key name="list"> 24,52,0,11,50,54,57,15,53,8,21,51,22,25,26,61,28,17,45,6,56,32,19,12, </key>
<key name="load"> 29, </key>
<key name="local"> 49,33,63, </key>
<key name="locat"> 14,30,10, </key>
<key name="location"> 0,44,6, </key>
<key name="log"> 31,39,59,60,28,33,56,32, </key>
<key name="login"> 31,57,60, </key>
<key name="long"> 60,42,49,33, </key>
<key name="look"> 1,15,20,39,33, </key>
<key name="los"> 17, </key>
<key name="lot"> 62, </key>
<key name="low"> 52,45, </key>
<key name="m"> 20,26, </key>
<key name="mac"> 26, </key>
<key name="mail"> 24,11,50,14,13,55,30,15,20,21,51,16,22,39,25,26,60,27,40,28,62,44,17,49,33,45,46,47,35,63,56,32,37,19,48,64,23, </key>
<key name="mailbox"> 1,38,31,22,25,60,61,28,62,33,63,56,29,19, </key>
<key name="majority"> 44, </key>
<key name="mak"> 54,49, </key>
<key name="malform"> 20, </key>
<key name="manag"> 52,22,61,27,56, </key>
<key name="manageabl"> 33, </key>
<key name="management"> 21, </key>
<key name="manual"> 32,37, </key>
<key name="mark"> 54,20,25,40,49, </key>
<key name="markup"> 56, </key>
<key name="match"> 13,15,20,21,49,6,56,48, </key>
<key name="maximum"> 55,59,56,12, </key>
<key name="mean"> 15,20,21,49,19, </key>
<key name="media"> 13, </key>
<key name="medium"> 50, </key>
<key name="meet"> 52,0,3,5,49,6,48, </key>
<key name="meeting"> 2,0,5,8,22,6, </key>
<key name="megabyt"> 49, </key>
<key name="member"> 11, </key>
<key name="mention"> 22, </key>
<key name="menu"> 50,25,40,6,29, </key>
<key name="messag"> 24,52,0,11,50,14,38,13,55,30,31,15,20,21,51,16,22,39,25,60,61,27,40,43,28,44,17,41,42,49,33,45,46,47,18,35,63,56,36,32,19,48,64,23, </key>
<key name="met"> 21, </key>
<key name="method"> 30,21,40, </key>
<key name="microsoft"> 14,13,44,49, </key>
<key name="might"> 50,61,43,49,47,56,32,23, </key>
<key name="minu"> 49, </key>
<key name="minut"> 10,56, </key>
<key name="mission"> 17, </key>
<key name="mm"> 49, </key>
<key name="modify"> 52, </key>
<key name="monday"> 7, </key>
<key name="month"> 2,7,5, </key>
<key name="mous"> 56,36, </key>
<key name="mov"> 24,11,30,20,25,27,44,46,32,23, </key>
<key name="movi"> 13, </key>
<key name="mpeg"> 13, </key>
<key name="mpg"> 13, </key>
<key name="much"> 15,33, </key>
<key name="multipl"> 0,11,50,55,20,21,22,61,49,56,48,12, </key>
<key name="must"> 24,14,57,20,21,60,44,49,48, </key>
<key name="my"> 31,20, </key>
<key name="myra"> 60, </key>
<key name="myra123"> 60, </key>
<key name="�"> 57, </key>
<key name="nam"> 24,11,50,55,3,15,4,53,20,21,39,60,61,28,17,49,33,45,34,47,6,56,29,48,12, </key>
<key name="navigat"> 31,22,25,60,28, </key>
<key name="navigation"> 4,53,8,28, </key>
<key name="ne"> 52,13,60,6, </key>
<key name="nearest"> 20, </key>
<key name="necessary"> 21,49, </key>
<key name="need"> 52,51,33, </key>
<key name="network"> 44, </key>
<key name="nev"> 19, </key>
<key name="new"> 11,50,14,13,31,57,15,4,53,5,21,16,22,39,25,10,60,61,27,62,17,41,49,45,47,6,56,29,32,48,12, </key>
<key name="next"> 54,31,20,21,39,25,44,17,45,56,23, </key>
<key name="non"> 20, </key>
<key name="normal"> 52,20,18, </key>
<key name="not"> 11,14,13,57,15,60,43,6,12, </key>
<key name="notab"> 13, </key>
<key name="notebook"> 33, </key>
<key name="notepad"> 13, </key>
<key name="notifi"> 62, </key>
<key name="notification"> 13,43,62,33,56, </key>
<key name="notify"> 3, </key>
<key name="novemb"> 1, </key>
<key name="numb"> 13,55,5,51,39,25,27,49,33,45,47,56,32,48,12,23, </key>
<key name="number"> 25,12, </key>
<key name="�"> 57, </key>
<key name="object"> 49, </key>
<key name="occur"> 0,59,47, </key>
<key name="off"> 51,28,56,64, </key>
<key name="offer"> 31,22,60, </key>
<key name="offic"> 52,14,56,64, </key>
<key name="often"> 13,57,5,56, </key>
<key name="ok"> 57,9,21,10,41,6, </key>
<key name="old"> 57,27,42,33,47, </key>
<key name="omit"> 20, </key>
<key name="on"> 2,24,1,50,13,55,7,30,4,20,21,22,61,28,17,49,6,56,36,19,48,12, </key>
<key name="onc"> 1,50,27,64, </key>
<key name="ongo"> 47, </key>
<key name="open"> 2,11,50,14,38,13,55,7,3,54,15,4,53,5,21,16,22,25,60,61,40,28,44,41,42,49,45,46,47,18,63,56,29,32,48,12, </key>
<key name="operat"> 26, </key>
<key name="operator"> 20,49, </key>
<key name="opt"> 13, </key>
<key name="option"> 50,38,55,7,30,31,57,15,9,20,21,10,26,60,27,62,49,47,35,56,48,12, </key>
<key name="optional"> 16,22,17, </key>
<key name="ord"> 50,21,60,49,33,36,48, </key>
<key name="organiz"> 24,52,30,22, </key>
<key name="organization"> 43, </key>
<key name="original"> 0,45,47,56,19, </key>
<key name="originator"> 3, </key>
<key name="other"> 20,60,44, </key>
<key name="otherwis"> 51, </key>
<key name="out"> 30,20,59,60,56,64,23, </key>
<key name="outsid"> 44, </key>
<key name="overview"> 24,50,28,34,29,48,12,23, </key>
<key name="own"> 22, </key>
<key name="pacific"> 6, </key>
<key name="packag"> 14, </key>
<key name="pag"> 0,13,54,15,5,25,33,47,6,56, </key>
<key name="paint"> 13, </key>
<key name="pan"> 24,52,50,14,54,15,4,53,8,25,27,28,42,49,45,34,56,36,29,37,48,12,23, </key>
<key name="panel"> 48, </key>
<key name="pap"> 38,44, </key>
<key name="paramet"> 49, </key>
<key name="parameter"> 0, </key>
<key name="parent"> 29, </key>
<key name="parenthes"> 39,27,49,45, </key>
<key name="parenthesi"> 49, </key>
<key name="part"> 13,21,17,47,19, </key>
<key name="particular"> 36, </key>
<key name="partner"> 22, </key>
<key name="pas"> 36, </key>
<key name="password"> 57,58,60,56, </key>
<key name="pattern"> 5, </key>
<key name="pdf"> 38,13,49, </key>
<key name="peopl"> 52,49,64, </key>
<key name="per"> 56, </key>
<key name="percentag"> 52, </key>
<key name="perform"> 21,25,49, </key>
<key name="period"> 13,59,60,42,32,37,64, </key>
<key name="periodical"> 59, </key>
<key name="permanent"> 8,42, </key>
<key name="permission"> 22, </key>
<key name="permit"> 13, </key>
<key name="person"> 15,47,64, </key>
<key name="persona"> 61,56, </key>
<key name="personal"> 2,52,50,4,22,61,44,56,48,12, </key>
<key name="phon"> 49,48,12, </key>
<key name="photoshop"> 13, </key>
<key name="phras"> 21, </key>
<key name="pictur"> 14, </key>
<key name="plac"> 38,55,20,43,45,47,32,37,23, </key>
<key name="plain"> 15,56, </key>
<key name="plan"> 0, </key>
<key name="play"> 13, </key>
<key name="playabl"> 13, </key>
<key name="plu"> 26,19, </key>
<key name="plug"> 13, </key>
<key name="podcast"> 29, </key>
<key name="point"> 38,44, </key>
<key name="polici"> 13,42, </key>
<key name="policy"> 38,43,49,33, </key>
<key name="pop"> 61, </key>
<key name="populat"> 47,12, </key>
<key name="portion"> 20, </key>
<key name="possib"> 32,23, </key>
<key name="powerful"> 48, </key>
<key name="powerpoint"> 38, </key>
<key name="practic"> 44, </key>
<key name="preced"> 20, </key>
<key name="pref"> 31,60,56, </key>
<key name="prefer"> 31, </key>
<key name="preferenc"> 2,7,31,57,21,61,47,6,63,56,64, </key>
<key name="prefix"> 49,47,48, </key>
<key name="prepar"> 45, </key>
<key name="pres"> 6, </key>
<key name="presenc"> 20, </key>
<key name="preserv"> 16,33,47, </key>
<key name="president"> 55, </key>
<key name="presum"> 17, </key>
<key name="prevent"> 60, </key>
<key name="previou"> 21,47, </key>
<key name="print"> 41,45, </key>
<key name="priority"> 52,50,22, </key>
<key name="privacy"> 60, </key>
<key name="problem"> 57,19, </key>
<key name="proce"> 21, </key>
<key name="proceed"> 29, </key>
<key name="proces"> 44, </key>
<key name="produc"> 49,56, </key>
<key name="program"> 14,13,22,17, </key>
<key name="progres"> 52,22, </key>
<key name="project"> 52, </key>
<key name="prompt"> 13, </key>
<key name="properti"> 1, </key>
<key name="protect"> 60, </key>
<key name="provid"> 50,13,30,60,17,29,19, </key>
<key name="public"> 52, </key>
<key name="pull"> 50,15,40,56, </key>
<key name="punctuation"> 49, </key>

</ftswdata>  
