﻿<?xml version='1.0' encoding='utf-8' ?>
<!-- saved from url=(0014)about:internet -->
<ftswdata>
<key name="president"> 56, </key>
<key name="presum"> 16, </key>
<key name="prevent"> 61, </key>
<key name="preview"> 57, </key>
<key name="previou"> 19,47,57, </key>
<key name="primary"> 56, </key>
<key name="print"> 24,41,45, </key>
<key name="priority"> 52,50,21, </key>
<key name="privacy"> 61, </key>
<key name="privat"> 0, </key>
<key name="problem"> 58,18, </key>
<key name="proce"> 19, </key>
<key name="proceed"> 36, </key>
<key name="proces"> 44, </key>
<key name="produc"> 49, </key>
<key name="program"> 13,12,21,16, </key>
<key name="progres"> 52,21, </key>
<key name="project"> 52, </key>
<key name="prompt"> 12, </key>
<key name="properti"> 1, </key>
<key name="protect"> 61, </key>
<key name="provid"> 50,12,29,61,16,36,18, </key>
<key name="public"> 0, </key>
<key name="pull"> 50,40, </key>
<key name="punctuation"> 49, </key>
<key name="purg"> 28,42,32,46,31,37,22, </key>
<key name="put"> 31, </key>
<key name="queri"> 48, </key>
<key name="query"> 49,57,48, </key>
<key name="quick"> 29,54,21,25,48, </key>
<key name="quot"> 49,33,47, </key>
<key name="quota"> 27,32, </key>
<key name="quotation"> 49, </key>
<key name="r"> 25, </key>
<key name="radial"> 5, </key>
<key name="rath"> 57, </key>
<key name="re"> 18, </key>
<key name="reach"> 31,11,22, </key>
<key name="read"> 13,12,56,20,21,24,26,40,44,49,45, </key>
<key name="ready"> 13, </key>
<key name="real"> 36,31, </key>
<key name="reason"> 43,18, </key>
<key name="receiv"> 38,12,29,39,26,43,62,44,16,49,32,63,57,35,31,18,64,22, </key>
<key name="recent"> 26, </key>
<key name="recipient"> 13,29,15,21,25,16,49,47,57,18,64, </key>
<key name="recipient'"> 18, </key>
<key name="recogniz"> 12, </key>
<key name="recommend"> 44,57, </key>
<key name="recov"> 28,46, </key>
<key name="recover"> 42,46, </key>
<key name="recur"> 0,5,6, </key>
<key name="reduc"> 32, </key>
<key name="referenc"> 12,45, </key>
<key name="reflect"> 6, </key>
<key name="refresh"> 24,6, </key>
<key name="regard"> 42, </key>
<key name="regardles"> 38,60,43,64, </key>
<key name="regular"> 28,40, </key>
<key name="reject"> 2,38,18, </key>
<key name="relat"> 26,48, </key>
<key name="relevant"> 31, </key>
<key name="reload"> 36, </key>
<key name="remain"> 61,42,31,37, </key>
<key name="rememb"> 61,64, </key>
<key name="remember"> 61, </key>
<key name="remot"> 4,49, </key>
<key name="remov"> 50,3,14,51,40,17,11, </key>
<key name="renam"> 23,33,31, </key>
<key name="rend"> 57, </key>
<key name="reoccurrenc"> 0, </key>
<key name="rep"> 20,15,21,25,16,45,47,57,64, </key>
<key name="repeat"> 5,19,6, </key>
<key name="repli"> 49,47,64, </key>
<key name="reply"> 47, </key>
<key name="report"> 4,31,22, </key>
<key name="represent"> 20, </key>
<key name="request"> 0, </key>
<key name="requir"> 61,62,6,11, </key>
<key name="reserv"> 0, </key>
<key name="reset"> 59, </key>
<key name="resid"> 44, </key>
<key name="resolv"> 18, </key>
<key name="resourc"> 0,32, </key>
<key name="respons"> 62,47, </key>
<key name="restart"> 61, </key>
<key name="result"> 20,49,57,48, </key>
<key name="retain"> 63, </key>
<key name="retriev"> 29,24,17, </key>
<key name="return"> 5,20,49,32,48,64, </key>
<key name="retyp"> 58, </key>
<key name="reus"> 58, </key>
<key name="review"> 26,31,22, </key>
<key name="right"> 10,12,20,24,27,45,36,37, </key>
<key name="root"> 48, </key>
<key name="rout"> 21, </key>
<key name="row"> 24, </key>
<key name="rs"> 36, </key>
<key name="rul"> 29,58,20,19,49,45,57, </key>
<key name="run"> 12,48, </key>
<key name="safety"> 44, </key>
<key name="sam"> 23,13,38,29,58,20,26,40,44,16,49,48, </key>
<key name="sav"> 0,10,56,54,30,14,28,8,20,9,26,27,62,44,32,33,17,6,34,63,57,31,48,64, </key>
<key name="saw"> 47, </key>
<key name="say"> 57, </key>
<key name="scan"> 44, </key>
<key name="schedul"> 2,7,4,5,6, </key>
<key name="screen"> 52,60,61,27,6, </key>
<key name="scroll"> 63, </key>
<key name="se"> 2,38,56,4,19,21,60,25,26,27,49,45,47,6,57, </key>
<key name="search"> 10,29,14,21,27,49,57,48, </key>
<key name="second"> 20, </key>
<key name="section"> 50,30,5,62,33,63,57,36,48,64, </key>
<key name="security"> 38,43, </key>
<key name="select"> 2,23,0,10,1,50,13,38,56,7,30,58,14,4,53,5,28,8,20,19,51,24,9,25,61,40,49,46,33,6,63,57,55,36,48,11,22, </key>
<key name="selection"> 30,49, </key>
<key name="semicolon"> 0,6, </key>
<key name="send"> 13,12,29,14,20,15,21,25,62,16,41,49,47,17,34,57,36,31,18,64,11, </key>
<key name="sender"> 43,44,16, </key>
<key name="sender'"> 44,16, </key>
<key name="sent"> 23,0,13,3,29,14,20,26,27,16,49,32,47,17,6,34,57,31,18,64, </key>
<key name="separat"> 0,10,7,16,49,6, </key>
<key name="sequenc"> 5,25, </key>
<key name="serv"> 49, </key>
<key name="session"> 2,7,60,61,27, </key>
<key name="set"> 52,38,30,19,21,60,61,62,44,42,49,32,47,6,63,57,64,11, </key>
<key name="setting"> 56,21,57, </key>
<key name="seven"> 7, </key>
<key name="shar"> 2,0,1,4,21,49,6,57, </key>
<key name="shortcut"> 21,25,57,48, </key>
<key name="shot"> 52, </key>
<key name="should"> 52,50,14,61,43,16,49,57,22, </key>
<key name="show"> 52,0,10,1,50,13,29,26,27,44,49,32,45,47,57,35, </key>
<key name="shown"> 0,19,26,47, </key>
<key name="sid"> 4,24,45, </key>
<key name="sign"> 49, </key>
<key name="signatur"> 56,14,21,16,47,57, </key>
<key name="signifi"> 1, </key>
<key name="similar"> 27,49,48, </key>
<key name="simp"> 60,48, </key>
<key name="simpl"> 52,49,36, </key>
<key name="simultaneous"> 50, </key>
<key name="sinc"> 47, </key>
<key name="singl"> 0,50,29,19,24,49,6, </key>
<key name="sit"> 38,43,42,36,31,22, </key>
<key name="siz"> 20,9,26,43,49,32, </key>
<key name="slash"> 33, </key>
<key name="slid"> 13, </key>
<key name="slow"> 30,61,57, </key>
<key name="smal"> 20,49, </key>
<key name="smith"> 56,49, </key>
<key name="so"> 1,28,15,49,47, </key>
<key name="softwar"> 13,12, </key>
<key name="someon"> 12,15,49, </key>
<key name="someth"> 44,16, </key>
<key name="sometim"> 20,27,31,18, </key>
<key name="sort"> 12,5,19,35,55, </key>
<key name="sortabl"> 35, </key>
<key name="sourc"> 21, </key>
<key name="spac"> 49,32,11, </key>
<key name="spam"> 20,43,16,31,22, </key>
<key name="special"> 12,49,57, </key>
<key name="specifi"> 20,19,42,49,57,31,37,48,22, </key>
<key name="specific"> 52,58,14,5,49,57,48,22, </key>
<key name="specify"> 20,19,49,57, </key>
<key name="spelling"> 49,48, </key>
<key name="spot"> 39, </key>
<key name="spread"> 12,43,44, </key>
<key name="spreadsheet"> 13,12,44, </key>
<key name="standard"> 30,20,21,61,44,57, </key>
<key name="start"> 52,0,21,24,6,57,18, </key>
<key name="statement"> 16, </key>
<key name="statu"> 52,49,55, </key>
<key name="stay"> 28, </key>
<key name="step"> 56,19, </key>
<key name="stor"> 23,20,26,11, </key>
<key name="str"> 49,57, </key>
<key name="structur"> 49, </key>
<key name="subject"> 0,13,29,14,20,26,44,16,49,6,57,35,55,48, </key>
<key name="subscrib"> 2,4,57,36, </key>
<key name="substr"> 20, </key>
<key name="suit"> 21,42, </key>
<key name="supervisor"> 19,16, </key>
<key name="support"> 12,20,19,32, </key>
<key name="switch"> 21,16, </key>
<key name="symbol"> 49, </key>
<key name="syndication"> 36, </key>
<key name="synonym"> 49, </key>
<key name="syntax"> 57, </key>
<key name="system"> 23,50,13,38,12,58,28,21,60,61,27,44,16,31,18, </key>
<key name="tab"> 2,56,7,29,30,58,14,4,53,19,24,25,61,26,27,62,49,6,34,63,57,64,11, </key>
<key name="tag"> 50,29,20,19,24,26,27,49,57, </key>
<key name="tag:amb"> 49, </key>
<key name="tak"> 29,20,9,57, </key>
<key name="task"> 52,54,53,21,24,55,48, </key>
<key name="temporari"> 43, </key>
<key name="tentativ"> 2, </key>
<key name="term"> 49, </key>
<key name="test"> 20, </key>
<key name="text"> 0,13,38,12,56,14,20,19,15,40,44,16,49,47,6,57,48,64, </key>
<key name="them"> 13,56,3,28,19,39,44,49,32,46,17,57,35,31,48,22, </key>
<key name="themselv"> 44,57, </key>
<key name="therefor"> 12,60,44, </key>
<key name="thing"> 32, </key>
<key name="think"> 43, </key>
<key name="thoma"> 49, </key>
<key name="thos"> 50,49,32,31,22, </key>
<key name="thre"> 52,10,12,6, </key>
<key name="tim"> 2,0,7,30,4,60,61,16,42,49,17,6,34,57,35,31,37,48,64, </key>
<key name="time"> 62, </key>
<key name="timezon"> 57, </key>
<key name="tip"> 49, </key>
<key name="titl"> 10,35, </key>
<key name="togeth"> 49, </key>
<key name="too"> 20,43,16, </key>
<key name="tool"> 48, </key>
<key name="toolbar"> 2,0,10,7,3,14,4,5,26,27,41,49,45,6,55,36,31,22, </key>
<key name="top"> 23,15,26,27,31, </key>
<key name="topic"> 16,49, </key>
<key name="total"> 39,24,49, </key>
<key name="track"> 2,52,4,21, </key>
<key name="traditional"> 21, </key>
<key name="trash"> 23,28,20,24,25,27,42,32,46,57,31,37, </key>
<key name="travel"> 57, </key>
<key name="troubl"> 57, </key>
<key name="tru"> 49, </key>
<key name="try"> 18, </key>
<key name="tun"> 31,22, </key>
<key name="turn"> 19,51,57,64, </key>

</ftswdata>  
