﻿<?xml version='1.0' encoding='utf-8' ?>
<!-- saved from url=(0014)about:internet -->
<ftswdata>
<key name="pdf"> 45,17,56, </key>
<key name="peopl"> 56,72, </key>
<key name="per"> 64, </key>
<key name="percentag"> 59,62, </key>
<key name="perform"> 27,31,56,64, </key>
<key name="period"> 17,68,69,49,38,44,72, </key>
<key name="periodical"> 68, </key>
<key name="permanent"> 8,35,49, </key>
<key name="permission"> 29, </key>
<key name="permit"> 17, </key>
<key name="person"> 19,54,72, </key>
<key name="person'"> 19,11,15, </key>
<key name="personal"> 59,57,4,29,51,6,55,13, </key>
<key name="phon"> 56,55,13, </key>
<key name="photoshop"> 17, </key>
<key name="phras"> 27, </key>
<key name="pictur"> 18, </key>
<key name="plac"> 45,28,50,52,54,38,44, </key>
<key name="placement"> 64, </key>
<key name="plain"> 64, </key>
<key name="plan"> 0, </key>
<key name="play"> 17, </key>
<key name="playabl"> 17, </key>
<key name="plu"> 24, </key>
<key name="plug"> 17, </key>
<key name="podcast"> 43, </key>
<key name="point"> 45,51, </key>
<key name="polici"> 17,49, </key>
<key name="policy"> 45,50,56,39, </key>
<key name="populat"> 54,13, </key>
<key name="portion"> 28,25, </key>
<key name="possib"> 38, </key>
<key name="possibl"> 25, </key>
<key name="potential"> 2, </key>
<key name="powerful"> 55, </key>
<key name="powerpoint"> 45, </key>
<key name="practic"> 51, </key>
<key name="preced"> 28, </key>
<key name="pref"> 37,69, </key>
<key name="prefer"> 37, </key>
<key name="preferenc"> 2,63,7,36,37,65,66,20,27,29,32,69,33,70,56,54,6,41,71,64,26,72,13, </key>
<key name="prefix"> 56,54,64,55, </key>
<key name="prepar"> 52, </key>
<key name="pres"> 6, </key>
<key name="presenc"> 28, </key>
<key name="preserv"> 21,39,54, </key>
<key name="president"> 63, </key>
<key name="presum"> 22, </key>
<key name="prevent"> 69, </key>
<key name="preview"> 64, </key>
<key name="previou"> 27,54,64, </key>
<key name="primary"> 63, </key>
<key name="print"> 31,16,48,52, </key>
<key name="priority"> 59,57,19,29, </key>
<key name="privacy"> 69, </key>
<key name="privat"> 0, </key>
<key name="problem"> 66,24, </key>
<key name="proce"> 27, </key>
<key name="proceed"> 43, </key>
<key name="proces"> 28,51, </key>
<key name="produc"> 56, </key>
<key name="program"> 18,17,29,22, </key>
<key name="progres"> 59,29, </key>
<key name="project"> 59, </key>
<key name="prompt"> 17, </key>
<key name="properti"> 1, </key>
<key name="protect"> 69, </key>
<key name="provid"> 57,17,36,69,22,43,24, </key>
<key name="public"> 0, </key>
<key name="pull"> 57,47, </key>
<key name="punctuation"> 56, </key>
<key name="purg"> 35,49,39,53,38,44, </key>
<key name="put"> 38, </key>
<key name="queri"> 55, </key>
<key name="query"> 56,64,55, </key>
<key name="quick"> 36,61,29,32,25,55, </key>
<key name="quot"> 56,40,54, </key>
<key name="quota"> 34,39, </key>
<key name="quotation"> 56, </key>
<key name="r"> 32,25, </key>
<key name="radial"> 5, </key>
<key name="rath"> 64, </key>
<key name="re"> 24, </key>
<key name="reach"> 38,13, </key>
<key name="read"> 18,17,63,28,29,31,33,47,51,56,52,26, </key>
<key name="ready"> 18, </key>
<key name="real"> 43,38, </key>
<key name="reason"> 50,24, </key>
<key name="receiv"> 45,17,36,65,46,10,11,15,33,50,70,51,22,56,39,71,64,42,38,24,72, </key>
<key name="recent"> 33, </key>
<key name="recipient"> 18,36,21,29,32,22,56,54,64,24,72, </key>
<key name="recipient'"> 24, </key>
<key name="recogniz"> 17, </key>
<key name="recommend"> 51,64, </key>
<key name="recov"> 35,53, </key>
<key name="recover"> 49,53, </key>
<key name="recur"> 0,5,6, </key>
<key name="reduc"> 39, </key>
<key name="referenc"> 17,52, </key>
<key name="reflect"> 6, </key>
<key name="refresh"> 31,6, </key>
<key name="regard"> 49, </key>
<key name="regardles"> 45,68,50,72, </key>
<key name="regular"> 35,47, </key>
<key name="reject"> 2,45,24, </key>
<key name="relat"> 33,55, </key>
<key name="relevant"> 38, </key>
<key name="reload"> 43, </key>
<key name="remain"> 69,49,38,44, </key>
<key name="rememb"> 69, </key>
<key name="remember"> 69, </key>
<key name="remot"> 4,56, </key>
<key name="remov"> 57,3,8,58,47,23,13, </key>
<key name="renam"> 30,40,38, </key>
<key name="rend"> 65,64, </key>
<key name="rep"> 28,21,29,32,22,56,52,54,64,72, </key>
<key name="repeat"> 5,27,6, </key>
<key name="replac"> 25, </key>
<key name="repli"> 56,54,64,72, </key>
<key name="reply"> 54, </key>
<key name="report"> 4,38, </key>
<key name="represent"> 28, </key>
<key name="request"> 0, </key>
<key name="requir"> 69,70,6,13, </key>
<key name="reserv"> 0, </key>
<key name="reset"> 67, </key>
<key name="resid"> 51, </key>
<key name="resolv"> 24, </key>
<key name="resourc"> 0,39, </key>
<key name="respons"> 70,54, </key>
<key name="restart"> 69, </key>
<key name="result"> 28,56,64,25,55, </key>
<key name="retain"> 71, </key>
<key name="retriev"> 36,31,23, </key>
<key name="return"> 5,28,56,39,25,55,72, </key>
<key name="retyp"> 66, </key>
<key name="reus"> 66, </key>
<key name="review"> 33,38, </key>
<key name="rich"> 19,26, </key>
<key name="right"> 12,17,19,28,31,34,52,43,44, </key>
<key name="root"> 55, </key>
<key name="rout"> 29, </key>
<key name="row"> 31,16, </key>
<key name="rs"> 43, </key>
<key name="rul"> 36,66,28,27,56,52,64, </key>
<key name="run"> 17,55, </key>
<key name="safety"> 51, </key>
<key name="sam"> 30,18,45,36,65,66,28,33,47,51,22,56,55, </key>
<key name="sav"> 0,12,63,61,37,19,4,35,14,9,28,10,33,34,70,51,39,40,23,6,41,71,64,38,55,72, </key>
<key name="saw"> 54, </key>
<key name="say"> 64, </key>
<key name="scan"> 51, </key>
<key name="schedul"> 2,7,4,5,6, </key>
<key name="screen"> 59,68,69,34,6, </key>
<key name="scroll"> 71, </key>
<key name="se"> 2,45,63,19,4,27,29,68,32,33,34,56,52,54,6,64, </key>
<key name="search"> 12,36,19,29,34,56,6,64,55, </key>
<key name="second"> 28, </key>
<key name="section"> 57,37,5,70,40,71,64,43,55,72, </key>
<key name="security"> 45,50, </key>
<key name="select"> 2,30,0,12,1,57,18,45,63,7,37,66,8,19,4,60,5,35,14,9,28,27,58,31,10,32,11,15,69,47,16,56,53,40,6,71,64,62,43,25,55,13, </key>
<key name="selection"> 37,56, </key>
<key name="semicolon"> 0,6,25, </key>
<key name="send"> 18,17,36,19,28,21,29,32,70,22,48,56,54,23,41,64,43,38,24,25,72,13, </key>
<key name="sender"> 50,51,22, </key>
<key name="sender'"> 51,22, </key>
<key name="sent"> 30,0,18,3,36,19,28,33,34,22,56,39,54,23,6,41,64,38,24,72, </key>
<key name="separat"> 0,12,7,22,56,6, </key>
<key name="sequenc"> 5,32, </key>
<key name="serv"> 56, </key>
<key name="session"> 2,7,68,69,34, </key>
<key name="set"> 59,45,37,65,27,29,68,69,70,51,49,56,39,54,6,71,64,26,72,13, </key>
<key name="setting"> 63,29,64,26, </key>
<key name="seven"> 7, </key>
<key name="shar"> 2,4,29,11,15,56,6,64, </key>
<key name="shortcut"> 29,32,64,55, </key>
<key name="shot"> 59, </key>
<key name="should"> 59,57,19,69,50,22,56,64, </key>
<key name="show"> 59,0,12,1,57,18,36,33,34,51,56,39,52,54,64,42,25, </key>
<key name="shown"> 27,33,54, </key>
<key name="sid"> 4,31,52, </key>
<key name="sign"> 56, </key>
<key name="signatur"> 63,19,29,22,54,64, </key>
<key name="signifi"> 1, </key>
<key name="similar"> 34,56,55, </key>
<key name="simp"> 68,55, </key>
<key name="simpl"> 59,56,43, </key>
<key name="simultaneous"> 57, </key>
<key name="sinc"> 54, </key>
<key name="singl"> 0,57,36,27,31,56,6,25, </key>
<key name="sit"> 45,50,49,43,38, </key>
<key name="siz"> 28,33,50,56,39,26, </key>
<key name="slash"> 40, </key>
<key name="slid"> 18, </key>
<key name="slow"> 37,69,64, </key>
<key name="smal"> 28,56,25, </key>
<key name="smith"> 63,56,25, </key>
<key name="so"> 1,4,35,21,56,54, </key>
<key name="softwar"> 18,17, </key>
<key name="solo"> 56, </key>
<key name="someon"> 17,21,56, </key>
<key name="someth"> 51,22, </key>
<key name="sometim"> 28,34,38,24, </key>
<key name="soon"> 25, </key>
<key name="sort"> 17,5,27,42,62, </key>
<key name="sortabl"> 42, </key>
<key name="sourc"> 65,29, </key>
<key name="spac"> 56,39,13, </key>
<key name="spam"> 28,50,22,38, </key>
<key name="special"> 17,56,64,25, </key>
<key name="specifi"> 28,27,49,56,64,38,44,55, </key>
<key name="specific"> 59,66,19,5,56,64,55, </key>
<key name="specify"> 28,27,56,64, </key>
<key name="spel"> 20, </key>
<key name="spell"> 20, </key>
<key name="spelling"> 56,55, </key>
<key name="spot"> 46, </key>
<key name="spread"> 17,50,51, </key>
<key name="spreadsheet"> 18,17,51, </key>
<key name="stamp"> 65, </key>
<key name="standard"> 37,65,28,29,10,69,51,64, </key>
<key name="start"> 59,29,31,6,64,24,25,72, </key>
<key name="statement"> 22, </key>
<key name="statu"> 59,56,62, </key>
<key name="stay"> 35, </key>
<key name="step"> 63,27, </key>
<key name="stor"> 30,28,33,13, </key>
<key name="str"> 56,64, </key>
<key name="structur"> 56, </key>
<key name="styl"> 26, </key>
<key name="subject"> 0,18,36,19,28,33,51,22,56,6,64,42,62,55, </key>
<key name="subscrib"> 2,4,64,43, </key>
<key name="substr"> 28, </key>
<key name="suggest"> 25, </key>
<key name="suit"> 29,49, </key>

</ftswdata>  
