﻿<?xml version='1.0' encoding='utf-8' ?>
<!-- saved from url=(0014)about:internet -->
<ftswdata>
<key name="turnaround"> 50, </key>
<key name="two"> 23,4,5,24,61,45, </key>
<key name="txt"> 12,49, </key>
<key name="typ"> 23,0,10,13,38,12,56,30,4,53,19,61,43,44,49,47,6,57,36,48, </key>
<key name="type:word"> 49, </key>
<key name="typical"> 13,38,12,24, </key>
<key name="ui"> 4, </key>
<key name="unacceptabl"> 38, </key>
<key name="uncheck"> 13,4, </key>
<key name="undeliverabl"> 18, </key>
<key name="undo"> 28, </key>
<key name="unflag"> 24,49, </key>
<key name="unforward"> 49, </key>
<key name="uniqu"> 23, </key>
<key name="unit"> 49, </key>
<key name="unknown"> 18, </key>
<key name="unles"> 16,49, </key>
<key name="unread"> 39,24,26,40,49,45, </key>
<key name="unrepli"> 49, </key>
<key name="unsolicit"> 31,22, </key>
<key name="untag"> 24, </key>
<key name="unus"> 11, </key>
<key name="unwant"> 31,22, </key>
<key name="up"> 10,13,14,19,6,35,11, </key>
<key name="updat"> 54,49,36,65, </key>
<key name="upload"> 13, </key>
<key name="url"> 4,61,49,36, </key>
<key name="us"> 23,13,12,20,51,15,21,25,61,43,27,44,49,32,45,33,47,57,18,48,22, </key>
<key name="usag"> 32, </key>
<key name="useful"> 62, </key>
<key name="user"> 13,12,30,61,44, </key>
<key name="usual"> 12,16,6, </key>
<key name="vacation"> 49,64, </key>
<key name="valid"> 4,18, </key>
<key name="valu"> 49,48, </key>
<key name="variety"> 13,12, </key>
<key name="variou"> 2,12, </key>
<key name="vary"> 16, </key>
<key name="verifi"> 10, </key>
<key name="verify"> 18, </key>
<key name="version"> 30,61,65, </key>
<key name="via"> 12, </key>
<key name="vic"> 56, </key>
<key name="view"> 2,0,1,38,7,4,21,24,26,27,44,49,45,6,57,55,31, </key>
<key name="viewabl"> 38, </key>
<key name="viru"> 43,44, </key>
<key name="virus"> 38,12,43,44, </key>
<key name="visibl"> 57, </key>
<key name="voic"> 64, </key>
<key name="want"> 10,56,54,30,14,4,5,28,24,9,61,16,32,45,47,63,57,48, </key>
<key name="way"> 50,13,6, </key>
<key name="web"> 12,29,30,21,61,32,57,36,65, </key>
<key name="week"> 2,7,5,57, </key>
<key name="weight"> 16, </key>
<key name="well"> 44, </key>
<key name="what"> 13,19,27,6,57, </key>
<key name="wherea"> 15, </key>
<key name="wherev"> 50, </key>
<key name="wheth"> 10,12,14,5,51,21,60,26,57,35, </key>
<key name="whichev"> 0, </key>
<key name="whol"> 48, </key>
<key name="whom"> 14,49, </key>
<key name="whos"> 10,12,43,49, </key>
<key name="why"> 15,18, </key>
<key name="wid"> 12, </key>
<key name="wide"> 12, </key>
<key name="widget"> 56, </key>
<key name="wildcard"> 20,49,48, </key>
<key name="will"> 0,13,38,12,30,4,19,24,61,16,49,6,31,18,48,64, </key>
<key name="window"> 12,15,61,26,45,47, </key>
<key name="winzip"> 12, </key>
<key name="within"> 0,12,30,19,21,39,24,61,26,49,45, </key>
<key name="without"> 20,49,57,48, </key>
<key name="wmv"> 12, </key>
<key name="word"> 38,12,20,19,44,49,57,48, </key>
<key name="wordpad"> 12, </key>
<key name="work"> 2,52,7,30,4,21,60,61,57,11, </key>
<key name="workstation"> 12,44, </key>
<key name="would"> 20,49,57,48, </key>
<key name="writ"> 0, </key>
<key name="written"> 47, </key>
<key name="x"> 49,48, </key>
<key name="x111"> 56, </key>
<key name="xl"> 12, </key>
<key name="y"> 49,48, </key>
<key name="year"> 5, </key>
<key name="yellow"> 1, </key>
<key name="yes"> 51, </key>
<key name="york"> 6, </key>
<key name="your"> 2,23,52,0,10,1,50,13,38,12,56,7,3,29,54,30,58,14,4,5,28,8,20,19,21,39,24,59,60,9,25,61,26,43,27,62,44,16,42,49,32,45,33,47,17,6,34,63,57,35,36,31,37,18,48,11,22, </key>
<key name="yyyy"> 49, </key>
<key name="zc"> 52,21,65, </key>
<key name="zimbra"> 2,12,21,61,62,42,49,32,57,36,31,37,48,65, </key>
<key name="zimbra'"> 49, </key>
<key name="zip"> 38,12,43,44, </key>
<key name="zon"> 6,57, </key>
<key name="|"> 57, </key>
<key name="é"> 58, </key>
<key name="ñ"> 58, </key>
<key name="ó"> 58, </key>

</ftswdata>  
