﻿<?xml version='1.0' encoding='utf-8' ?>
<!-- saved from url=(0014)about:internet -->
<indexdata>
<key name="adding address books" >
  <topic name="Your Address Books" url="Contacts/b_Your_Address_Books.htm" />
</key>
<key name="adding group contact list" >
  <topic name="Adding new contacts" url="Contacts/b_Adding_new_contacts.htm" />
</key>
<key name="adding signatures" >
  <topic name="Automatically adding your signature" url="Userspecific/b_Automatically_adding_your_signature.htm" />
</key>
<key name="address book, adding new contacts" >
  <topic name="Adding new contacts" url="Contacts/b_Adding_new_contacts.htm" />
</key>
<key name="address books, creating" >
  <topic name="Your Address Books" url="Contacts/b_Your_Address_Books.htm" />
</key>
<key name="address completion in mail" >
  <topic name="Using address lookup" url="Creating_Messages/Using_address_lookup.htm" />
</key>
<key name="Attachment Blocking" >
  <topic name="Attachment Blocking" url="reading_mail/attachment_blocking.htm" />
  <topic name="Message blocking feature" url="reading_mail/Message_blocking_feature.htm" />
</key>
<key name="Attachment File Types Supported" >
  <topic name="Attachment File Types Supported" url="Creating_Messages/Attachment_File_Types_Supported.htm" />
</key>
<key name="attachments" >
  <topic name="Opening file attachments" url="reading_mail/opening_file_attachments.htm" />
</key>
<key name="auto-complete addresses" >
  <topic name="Using address lookup" url="Creating_Messages/Using_address_lookup.htm" />
</key>
<key name="blocking attachments" >
  <topic name="Attachment Blocking" url="reading_mail/attachment_blocking.htm" />
</key>
<key name="calendar, exclude from free/busy" >
  <topic name="Create New Calendar" url="Calendar/b_Create_New_Calendar.htm" />
</key>
<key name="calendar, remote" >
  <topic name="Create New Calendar" url="Calendar/b_Create_New_Calendar.htm" />
</key>
<key name="contacts, adding to address book" >
  <topic name="Adding new contacts" url="Contacts/b_Adding_new_contacts.htm" />
</key>
<key name="conversation view" >
  <topic name="Managing how email is displayed" url="Navigation_folders_and_tips/b_Managing_how_email_is_displayed.htm" />
</key>
<key name="Conversations" >
  <key name="Sorting" >
    <topic name="Sorting conversations" url="Navigation_folders_and_tips/sorting_conversations.htm" />
  </key>
</key>
<key name="creating a search query" >
  <topic name="Using Search" url="Search/b_Using_Search.htm" />
</key>
<key name="draft message" >
  <topic name="Saving a draft message" url="Creating_Messages/saving_a_draft_message.htm" />
</key>
<key name="Email Message" >
  <topic name="Parts of an Email Message" url="Creating_Messages/parts_of_an_email_message.htm" />
</key>
<key name="Empty Trash" >
  <topic name="Quotas" url="Navigation_folders_and_tips/quotas.htm" />
</key>
<key name="Filter Conditions" >
  <topic name="Filter Conditions and Actions Supported" url="filters/filter_conditions_and_actions_supported.htm" />
</key>
<key name="filtering messages" >
  <topic name="Filtering your messages" url="filters/bc_Filtering_your_messages.htm" />
</key>
<key name="folder, RSS feed" >
  <topic name="Subscribe to RSS/ATOM feed " url="Navigation_folders_and_tips/Subscribe_to_RSS_ATOM_feed_.htm" />
</key>
<key name="folders" >
  <topic name="Renaming folders" url="Navigation_folders_and_tips/renaming_folders.htm" />
  <topic name="About folders" url="Navigation_folders_and_tips/about_folders.htm" />
</key>
<key name="fonts" >
  <topic name="Using HTML Editor" url="Creating_Messages/Using_HTML_Editor.htm" />
</key>
<key name="formatting with HTML" >
  <topic name="Using HTML Editor" url="Creating_Messages/Using_HTML_Editor.htm" />
</key>
<key name="Forwarding" >
  <topic name="Forwarding a mail message" url="Creating_Messages/forwarding_a_mail_message.htm" />
</key>
<key name="forwarding your email" >
  <topic name="Setting a Forwarding Address" url="Userspecific/Setting_a_Forwarding_Address.htm" />
</key>
<key name="free/busy, exclude calendar" >
  <topic name="Create New Calendar" url="Calendar/b_Create_New_Calendar.htm" />
</key>
<key name="full mailbox" >
  <topic name="Quotas" url="Navigation_folders_and_tips/quotas.htm" />
</key>
<key name="group contacts, adding" >
  <topic name="Adding new contacts" url="Contacts/b_Adding_new_contacts.htm" />
</key>
<key name="HTML" >
  <topic name="Using HTML Editor" url="Creating_Messages/Using_HTML_Editor.htm" />
</key>
<key name="keyboard shortcuts" >
  <topic name="Keyboard Shortcut keys" url="Navigation_folders_and_tips/b_Keyboard_Shortcut_keys.htm" />
</key>
<key name="logging off" >
  <topic name="Logging on and off" url="Userspecific/logging_on_and_off.htm" />
</key>
<key name="mail" >
  <topic name="Reading mail" url="reading_mail/reading_mail.htm" />
  <key name="Reading" >
    <topic name="Reading mail" url="reading_mail/reading_mail.htm" />
  </key>
</key>
<key name="mail notification" >
  <topic name="New mail notifications" url="Userspecific/New_mail_notifications.htm" />
</key>
<key name="mark appointment as private" >
  <topic name="About_the_Appointment_Page" url="Calendar/About_the_Appointment_Page.htm" />
</key>
<key name="meetings" >
  <topic name="About the Appointment Page" url="Calendar/About_the_Appointment_Page.htm" />
</key>
<key name="messages, setting up filter rules" >
  <topic name="Filtering your messages" url="filters/bc_Filtering_your_messages.htm" />
</key>
<key name="messages, vacation" >
  <topic name="Vacation message" url="Userspecific/vacation_message.htm" />
</key>
<key name="new window, viewing messages" >
  <topic name="Managing how email is displayed" url="Navigation_folders_and_tips/b_Managing_how_email_is_displayed.htm" />
</key>
<key name="option, vacation message" >
  <topic name="Vacation message" url="Userspecific/vacation_message.htm" />
</key>
<key name="options" >
  <topic name="Setting your Options" url="Userspecific/b_Setting_your_Options.htm" />
</key>
<key name="options, new mail notification" >
  <topic name="New mail notifications" url="Userspecific/New_mail_notifications.htm" />
</key>
<key name="password" >
  <topic name="If you forget your password" url="Userspecific/if_you_forget_your_password.htm" />
  <topic name="Changing your password" url="Userspecific/chaning_your_password.htm" />
</key>
<key name="planning a meeting" >
  <topic name="About the Appointment Page" url="Calendar/About_the_Appointment_Page.htm" />
</key>
<key name="preferences" >
  <topic name="Setting your Options" url="Userspecific/b_Setting_your_Options.htm" />
</key>
<key name="private appointments" >
  <topic name="About_the_Appointment_Page" url="Calendar/About_the_Appointment_Page.htm" />
</key>
<key name="Query language description" >
  <topic name="Query language description" url="Search/query_language_description.htm" />
</key>
<key name="Quotas" >
  <topic name="Quotas" url="Navigation_folders_and_tips/quotas.htm" />
</key>
<key name="Recovering" >
  <topic name="Recovering deleted mail messages" url="reading_mail/recovering_deleted_mail_messages.htm" />
  <key name="deleted mail messages" >
    <topic name="Recovering deleted mail messages" url="reading_mail/recovering_deleted_mail_messages.htm" />
  </key>
</key>
<key name="remember me on this computer" >
  <topic name="Logging on and off" url="Userspecific/logging_on_and_off.htm" />
</key>
<key name="remote calendar" >
  <topic name="Create New Calendar" url="Calendar/b_Create_New_Calendar.htm" />
</key>
<key name="Replying" >
  <topic name="Replying to mail messages" url="reading_mail/replying_to_mail_messages.htm" />
  <key name="mail messages" >
    <topic name="Replying to mail messages" url="reading_mail/replying_to_mail_messages.htm" />
  </key>
</key>
<key name="RSS feed" >
  <topic name="Subscribe to RSS/ATOM feed " url="Navigation_folders_and_tips/Subscribe_to_RSS_ATOM_feed_.htm" />
</key>
<key name="scheduling a meeting" >
  <topic name="About the Appointment Page" url="Calendar/About_the_Appointment_Page.htm" />
</key>
<key name="search" >
  <topic name="Using Search" url="Search/b_Using_Search.htm" />
</key>
<key name="search, creating a search" >
  <topic name="Using Search" url="Search/b_Using_Search.htm" />
</key>
<key name="search, saving" >
  <topic name="Using Search" url="Search/b_Using_Search.htm" />
</key>
<key name="Sent folder" >
  <topic name="Sent folder" url="Navigation_folders_and_tips/sent_folder.htm" />
</key>
<key name="session expires" >
  <topic name="If your session expires" url="Userspecific/if_your_session_expires.htm" />
</key>
<key name="setting a forwarding address" >
  <topic name="Setting a Forwarding Address" url="Userspecific/Setting_a_Forwarding_Address.htm" />
</key>
<key name="shortcut keys" >
  <topic name="Keyboard Shortcut keys" url="Navigation_folders_and_tips/b_Keyboard_Shortcut_keys.htm" />
</key>
<key name="signature, automatically add" >
  <topic name="Automatically adding your signature" url="Userspecific/b_Automatically_adding_your_signature.htm" />
</key>
<key name="sorting contents pane columns" >
  <topic name="Sorting conversations" url="Navigation_folders_and_tips/sorting_conversations.htm" />
</key>
<key name="sorting tasks" >
  <topic name="Sorting tasks " url="Tasks/Sorting_tasks_.htm" />
</key>
<key name="sync to another calendar" >
  <topic name="Create New Calendar" url="Calendar/b_Create_New_Calendar.htm" />
</key>
<key name="tags" >
  <topic name="Assigning Tags to messages and contacts" url="Tags_and_flags/b_Assigning_Tags_to_messages_and_contacts.htm" />
</key>
<key name="Trash folder" >
  <topic name="Trash folder" url="Navigation_folders_and_tips/trash_folder.htm" />
</key>
<key name="Undeliverable mail" >
  <topic name="Undeliverable mail" url="Creating_Messages/undeliverable_mail.htm" />
</key>
<key name="Vacation message" >
  <topic name="Vacation message" url="Userspecific/vacation_message.htm" />
</key>
<key name="view as HTML" >
  <topic name="Opening file attachments" url="reading_mail/opening_file_attachments.htm" />
</key>
<key name="viewing messages" >
  <topic name="Managing how email is displayed" url="Navigation_folders_and_tips/b_Managing_how_email_is_displayed.htm" />
</key>

</indexdata>
