<?xml version='1.0' encoding='windows-1252' ?>
<tocdata>
<book name="Getting Started" >
  <item name="Getting Start with ZCS Basic Web Client" url="getting_started/b_getting_start_with_zcs_basic_web_client.htm" />
  <item name="Logging in and off" url="userspecific/logging_on_and_off.htm" />
  <item name="Keyboard Shortcut keys" url="navigation_folders_and_tips/b_keyboard_shortcut_keys.htm" />
  <item name="Changing your password" url="userspecific/chaning_your_password.htm" />
  <item name="Forget your password?" url="userspecific/if_you_forget_your_password.htm" />
  <item name="If your session expires" url="userspecific/if_your_session_expires.htm" />
</book>
<book name="Navigating Your Mailbox" >
  <item name="Navigating around your mailbox" url="navigation_folders_and_tips/b_navigating_around_your_mailbox.htm" />
  <item name="Navigating within Mail" url="navigation_folders_and_tips/b_how_to_navigate_with_mail.htm" />
  <item name="Mail system folders" url="navigation_folders_and_tips/inbox_folder.htm" />
</book>
<book name="Managing Your Email " >
  <item name="Managing how email is displayed" url="navigation_folders_and_tips/b_managing_how_email_is_displayed.htm" />
  <item name="How do I know when I receive new messages" url="reading_mail/b_how_do_i_know_when_i_receive_new_messages.htm" />
  <item name="Categorizing your email messages" url="navigation_folders_and_tips/categorizing_your_mail_messages.htm" />
  <item name="Sorting messages in Content Pane" url="navigation_folders_and_tips/sorting_conversations.htm" />
  <item name="Printing email messages" url="reading_mail/b_printing_email_messages.htm" />
  <item name="Setting a forwarding address" url="userspecific/setting_a_forwarding_address.htm" />
  <item name="Subscribe to RSS/Atom feeds" url="navigation_folders_and_tips/b_subscribe_to_rss_atom_feeds.htm" />
  <item name="Recovering deleted mail messages" url="reading_mail/recovering_deleted_mail_messages.htm" />
  <item name="Purging email messages" url="reading_mail/b_purging_email_messages.htm" />
  <item name="Using Junk folder for spam" url="junk_delete/spam_filtering.htm" />
  <book name="Reading Messages" >
    <item name="Reading mail" url="reading_mail/reading_mail.htm" />
    <item name="Reading Mail from the Reading Pane" url="reading_mail/reading_mail_from_the_reading_pane.htm" />
    <item name="Marking mail as unread" url="reading_mail/b_marking_mail_as_unread.htm" />
    <item name="Opening file attachments" url="reading_mail/opening_file_attachments.htm" />
    <item name="Attachment blocking" url="reading_mail/attachment_blocking.htm" />
    <item name="Message blocking feature" url="reading_mail/message_blocking_feature.htm" />
    <item name="Undeliverable mail" url="creating_messages/undeliverable_mail.htm" />
  </book>
</book>
<book name="Composing Email" >
  <item name="Composing new email messages" url="creating_messages/b_composing_email_message.htm" />
  <item name="Parts of an email message" url="creating_messages/parts_of_an_email_message.htm" />
  <item name="Adding your signature automatically" url="userspecific/b_automatically_adding_your_signature.htm" />
  <item name="Attaching files to your message" url="creating_messages/b_attaching_files_to_your_message.htm" />
  <item name="Attachment file types" url="creating_messages/attachment_file_types_supported.htm" />
  <item name="Saving messages as drafts" url="creating_messages/saving_a_draft_message.htm" />
</book>
<book name="Reply to and Forward Messages" >
  <item name="Replying to mail messages" url="reading_mail/replying_to_mail_messages.htm" />
  <item name="Forwarding a mail message" url="creating_messages/forwarding_a_mail_message.htm" />
</book>
<book name="Using Tags and Folders to Organize Email" >
  <item name="Assigning Tags to messages and contacts" url="tags_and_flags/b_assigning_tags_to_messages_and_contacts.htm" />
  <item name="Flagging an email message" url="tags_and_flags/b_flagging_an_email_message.htm" />
  <item name="Using folders" url="navigation_folders_and_tips/about_folders.htm" />
  <item name="Renaming folders" url="navigation_folders_and_tips/renaming_folders.htm" />
</book>
<book name="Searching for Items" >
  <item name="Using Search" url="search/b_using_search.htm" />
  <item name="Query language description" url="search/query_language_description.htm" />
</book>
<book name="Creating Filters " >
  <item name="Filtering your messages" url="filters/filtering_your_messages.htm" />
  <item name="Filter conditions and actions supported" url="filters/filter_conditions_and_actions_supported.htm" />
</book>
<book name="Managing Your Address Books" >
  <item name="Your Address Books" url="contacts/b_your_address_books.htm" />
  <item name="Adding new contacts" url="contacts/b_adding_new_contacts.htm" />
</book>
<book name="Setting Your Preferences" >
  <item name="Setting your Options" url="userspecific/b_setting_your_options.htm" />
  <item name="New mail notifications" url="userspecific/new_mail_notifications.htm" />
  <item name="Creating Away messages" url="userspecific/vacation_message.htm" />
  <item name="Saving messages you send" url="navigation_folders_and_tips/sent_folder.htm" />
  <item name="Mailbox quota" url="navigation_folders_and_tips/quotas.htm" />
</book>

</tocdata>
