<?xml version='1.0' encoding='windows-1252' ?>
<ftstdata>
<topic name="Saving search queries" url="search/saving_search_queries.htm" />
<topic name="Search examples" url="search/search_examples.htm" />
<topic name="Using the search feature" url="search/using_the_search_feature.htm" />
<topic name="Using * as a wildcard in Search" url="search/using_wildcard_in_search.htm" />
<topic name="Sharing With Others" url="sharing/sharing_with_others.htm" />
<topic name="Assigning tags to messages" url="tags_and_flags/assigning_tags_to_messages.htm" />
<topic name="Deleting tags" url="tags_and_flags/deleting_tags.htm" />
<topic name="Flagging an email message" url="tags_and_flags/flagging_an_email_message.htm" />
<topic name="Using tags to classify mail messages" url="tags_and_flags/using_tags_to_classify_mail_messages.htm" />
<topic name="Undeliverable mail" url="undeliverable_mail.htm" />
<topic name="Adding POP accounts" url="userspecific/adding_pop_accounts.htm" />
<topic name="Saving my work" url="userspecific/browser_session_handling.htm" />
<topic name="Changing Your User Options" url="userspecific/changing_your_user_options.htm" />
<topic name="Changing your password" url="userspecific/chaning_your_password.htm" />
<topic name="Creating Mail Identities" url="userspecific/configuring_mail_identities.htm" />
<topic name="If you forget your password" url="userspecific/if_you_forget_your_password.htm" />
<topic name="If your session expires" url="userspecific/if_your_session_expires.htm" />
<topic name="Logging on and off" url="userspecific/logging_on_and_off.htm" />
<topic name="Mail Identities" url="userspecific/mail_identities.htm" />
<topic name="Managing your POP Accounts" url="userspecific/managing_your_pop_accounts.htm" />
<topic name="New mail notifications" url="userspecific/new_mail_notifications.htm" />
<topic name="Setting a Forwarding Address" url="userspecific/setting_a_forwarding_address.htm" />
<topic name="Setting your user preferences" url="userspecific/setting_your_user_preferences.htm" />
<topic name="Restore Default Options" url="userspecific/the__restore_defaults__button.htm" />
<topic name="Using a signature" url="userspecific/using_a_signature.htm" />
<topic name="Vacation message" url="userspecific/vacation_message.htm" />
<topic name="version" url="version.htm" />
<topic name="About Zimlets" url="zimlets/about_zimlets.htm" />

</ftstdata>  
