<?xml version='1.0' encoding='windows-1252' ?>
<fts>
<chunkinfo url="whfwdata0.xml" first="06" last="classify"/>
<chunkinfo url="whfwdata1.xml" first="clear" last="environment"/>
<chunkinfo url="whfwdata2.xml" first="equipment" last="leav"/>
<chunkinfo url="whfwdata3.xml" first="left" last="plac"/>
<chunkinfo url="whfwdata4.xml" first="placehold" last="softphon"/>
<chunkinfo url="whfwdata5.xml" first="softwar" last="writ"/>
<chunkinfo url="whfwdata6.xml" first="written" last="zon"/>

<tchunkinfo first="0" last="105" url="whftdata0.xml" />
<tchunkinfo first="106" last="109" url="whftdata1.xml" />

</fts>
