<?xml version='1.0' encoding='windows-1252' ?>
<fts>
<chunkinfo url="whfwdata0.xml" first="1" last="cc"/>
<chunkinfo url="whfwdata1.xml" first="cel" last="door"/>
<chunkinfo url="whfwdata2.xml" first="doubl" last="if"/>
<chunkinfo url="whfwdata3.xml" first="ignor" last="newest"/>
<chunkinfo url="whfwdata4.xml" first="next" last="remot"/>
<chunkinfo url="whfwdata5.xml" first="remov" last="text"/>
<chunkinfo url="whfwdata6.xml" first="th" last="zwc"/>

<tchunkinfo first="0" last="102" url="whftdata0.xml" />
<tchunkinfo first="103" last="130" url="whftdata1.xml" />

</fts>
