<?xml version='1.0' encoding='windows-1252' ?>
<fts>
<chunkinfo url="whfwdata0.xml" first="06" last="classification"/>
<chunkinfo url="whfwdata1.xml" first="classify" last="entri"/>
<chunkinfo url="whfwdata2.xml" first="entry" last="learn"/>
<chunkinfo url="whfwdata3.xml" first="least" last="phras"/>
<chunkinfo url="whfwdata4.xml" first="pick" last="small"/>
<chunkinfo url="whfwdata5.xml" first="smart" last="wordpad"/>
<chunkinfo url="whfwdata6.xml" first="work" last="zon"/>

<tchunkinfo first="0" last="105" url="whftdata0.xml" />
<tchunkinfo first="106" last="111" url="whftdata1.xml" />

</fts>
