﻿<?xml version='1.0' encoding='utf-8' ?>
<!-- saved from url=(0014)about:internet -->
<fts>
<chunkinfo url="whfwdata0.xml" first="!" last="box"/>
<chunkinfo url="whfwdata1.xml" first="boxman" last="deliver"/>
<chunkinfo url="whfwdata2.xml" first="deliverabl" last="friend"/>
<chunkinfo url="whfwdata3.xml" first="from:john" last="macintosh"/>
<chunkinfo url="whfwdata4.xml" first="mail" last="permanent"/>
<chunkinfo url="whfwdata5.xml" first="permission" last="security"/>
<chunkinfo url="whfwdata6.xml" first="select" last="txt"/>
<chunkinfo url="whfwdata7.xml" first="typ" last="™"/>

<tchunkinfo first="0" last="99" url="whftdata0.xml" />
<tchunkinfo first="100" last="151" url="whftdata1.xml" />

</fts>
