<?xml version='1.0' encoding='windows-1252' ?>
<fts>
<chunkinfo url="whfwdata0.xml" first="06" last="chanc"/>
<chunkinfo url="whfwdata1.xml" first="chang" last="ed"/>
<chunkinfo url="whfwdata2.xml" first="edit" last="informational"/>
<chunkinfo url="whfwdata3.xml" first="initial" last="omit"/>
<chunkinfo url="whfwdata4.xml" first="on" last="row"/>
<chunkinfo url="whfwdata5.xml" first="rs" last="tun"/>
<chunkinfo url="whfwdata6.xml" first="turn" last="zwc"/>

<tchunkinfo first="0" last="105" url="whftdata0.xml" />
<tchunkinfo first="106" last="122" url="whftdata1.xml" />

</fts>
