<?xml version='1.0' encoding='windows-1252' ?>
<fts>
<chunkinfo url="whfwdata0.xml" first="1" last="central"/>
<chunkinfo url="whfwdata1.xml" first="certain" last="draft"/>
<chunkinfo url="whfwdata2.xml" first="drag" last="implement"/>
<chunkinfo url="whfwdata3.xml" first="import" last="notebook"/>
<chunkinfo url="whfwdata4.xml" first="notepad" last="repli"/>
<chunkinfo url="whfwdata5.xml" first="reply" last="them"/>
<chunkinfo url="whfwdata6.xml" first="themselv" last="zwc"/>

<tchunkinfo first="0" last="102" url="whftdata0.xml" />
<tchunkinfo first="103" last="129" url="whftdata1.xml" />

</fts>
