﻿<?xml version='1.0' encoding='utf-8' ?>
<!-- saved from url=(0014)about:internet -->
<fts>
<chunkinfo url="whfwdata0.xml" first="!" last="bounc"/>
<chunkinfo url="whfwdata1.xml" first="box" last="delegat"/>
<chunkinfo url="whfwdata2.xml" first="delet" last="four"/>
<chunkinfo url="whfwdata3.xml" first="fragment" last="login"/>
<chunkinfo url="whfwdata4.xml" first="long" last="path"/>
<chunkinfo url="whfwdata5.xml" first="pattern" last="scroll"/>
<chunkinfo url="whfwdata6.xml" first="se" last="track"/>
<chunkinfo url="whfwdata7.xml" first="traditional" last="™"/>

<tchunkinfo first="0" last="99" url="whftdata0.xml" />
<tchunkinfo first="100" last="149" url="whftdata1.xml" />

</fts>
