<?xml version='1.0' encoding='windows-1252' ?>
<fts>
<chunkinfo url="whfwdata0.xml" first="0" last="central"/>
<chunkinfo url="whfwdata1.xml" first="certain" last="drag"/>
<chunkinfo url="whfwdata2.xml" first="drop" last="incom"/>
<chunkinfo url="whfwdata3.xml" first="increas" last="often"/>
<chunkinfo url="whfwdata4.xml" first="ok" last="rich"/>
<chunkinfo url="whfwdata5.xml" first="right" last="tre"/>
<chunkinfo url="whfwdata6.xml" first="trig" last="zwc"/>

<tchunkinfo first="0" last="103" url="whftdata0.xml" />
<tchunkinfo first="104" last="124" url="whftdata1.xml" />

</fts>
