<?xml version='1.0' encoding='windows-1252' ?>
<!-- saved from url=(0014)about:internet -->
<fts>
<chunkinfo url="whfwdata0.xml" first="0" last="cancel"/>
<chunkinfo url="whfwdata1.xml" first="cannot" last="disk"/>
<chunkinfo url="whfwdata2.xml" first="display" last="hierarchy"/>
<chunkinfo url="whfwdata3.xml" first="high" last="monday"/>
<chunkinfo url="whfwdata4.xml" first="money" last="project1"/>
<chunkinfo url="whfwdata5.xml" first="prompt" last="someth"/>
<chunkinfo url="whfwdata6.xml" first="sometim" last="well"/>
<chunkinfo url="whfwdata7.xml" first="what" last="zwc"/>

<tchunkinfo first="0" last="100" url="whftdata0.xml" />
<tchunkinfo first="101" last="147" url="whftdata1.xml" />

</fts>
