<?xml version='1.0' encoding='windows-1252' ?>
<fts>
<chunkinfo url="whfwdata0.xml" first="0" last="chanc"/>
<chunkinfo url="whfwdata1.xml" first="chang" last="ed"/>
<chunkinfo url="whfwdata2.xml" first="edit" last="initial"/>
<chunkinfo url="whfwdata3.xml" first="inlin" last="onc"/>
<chunkinfo url="whfwdata4.xml" first="ongo" last="rul"/>
<chunkinfo url="whfwdata5.xml" first="run" last="txt"/>
<chunkinfo url="whfwdata6.xml" first="typ" last="zwc"/>

<tchunkinfo first="0" last="103" url="whftdata0.xml" />
<tchunkinfo first="104" last="123" url="whftdata1.xml" />

</fts>
