<?xml version='1.0' encoding='windows-1252' ?>
<fts>
<chunkinfo url="whfwdata0.xml" first="1" last="cc"/>
<chunkinfo url="whfwdata1.xml" first="cel" last="doubl"/>
<chunkinfo url="whfwdata2.xml" first="down" last="imag"/>
<chunkinfo url="whfwdata3.xml" first="immediat" last="normal"/>
<chunkinfo url="whfwdata4.xml" first="not" last="repli"/>
<chunkinfo url="whfwdata5.xml" first="reply" last="third"/>
<chunkinfo url="whfwdata6.xml" first="thos" last="zwc"/>

<tchunkinfo first="0" last="102" url="whftdata0.xml" />
<tchunkinfo first="103" last="130" url="whftdata1.xml" />

</fts>
