<?xml version='1.0' encoding='windows-1252' ?>
<fts>
<chunkinfo url="whfwdata0.xml" first="0" last="chanc"/>
<chunkinfo url="whfwdata1.xml" first="chang" last="ed"/>
<chunkinfo url="whfwdata2.xml" first="edit" last="information"/>
<chunkinfo url="whfwdata3.xml" first="informational" last="omit"/>
<chunkinfo url="whfwdata4.xml" first="on" last="rs"/>
<chunkinfo url="whfwdata5.xml" first="rul" last="turnaround"/>
<chunkinfo url="whfwdata6.xml" first="two" last="zwc"/>

<tchunkinfo first="0" last="103" url="whftdata0.xml" />
<tchunkinfo first="104" last="122" url="whftdata1.xml" />

</fts>
