<?xml version='1.0' encoding='windows-1252' ?>
<ftstdata>
<topic name="Changing Your User Options" url="Userspecific/Changing_Your_User_Options.htm" />
<topic name="Changing your password" url="Userspecific/chaning_your_password.htm" />
<topic name="If you forget your password" url="Userspecific/if_you_forget_your_password.htm" />
<topic name="If your session expires" url="Userspecific/if_your_session_expires.htm" />
<topic name="Logging on and off" url="Userspecific/logging_on_and_off.htm" />
<topic name="New mail notifications" url="Userspecific/New_mail_notifications.htm" />
<topic name="Setting your user preferences" url="Userspecific/Setting_your_user_preferences.htm" />
<topic name="Restore Default Options" url="Userspecific/the__restore_defaults__button.htm" />
<topic name="Using a signature" url="Userspecific/using_a_signature.htm" />
<topic name="Vacation message" url="Userspecific/vacation_message.htm" />
<topic name="version" url="version.htm" />
<topic name="Zimbra Assistant" url="Zimbra_Assistant.htm" />
<topic name="About Zimlets" url="Zimlets/About_Zimlets.htm" />
<topic name="Using the Amazon Zimlet" url="Zimlets/Using_the_Amazon_Zimlet.htm" />
<topic name="Using the Maps Zimlet" url="Zimlets/Using_the_Maps_Zimlet.htm" />
<topic name="Using Wikipedia" url="Zimlets/Using_Wikipedia.htm" />
<topic name="Zimlet Search" url="Zimlets/Using_Zimlet_Search.htm" />

</ftstdata>  
