<?xml version='1.0' encoding='windows-1252' ?>
<!-- saved from url=(0014)about:internet -->
<fts>
<chunkinfo url="whfwdata0.xml" first="0" last="cal"/>
<chunkinfo url="whfwdata1.xml" first="calendar" last="dialog"/>
<chunkinfo url="whfwdata2.xml" first="different" last="great"/>
<chunkinfo url="whfwdata3.xml" first="green" last="merg"/>
<chunkinfo url="whfwdata4.xml" first="messag" last="pres"/>
<chunkinfo url="whfwdata5.xml" first="presenc" last="shown"/>
<chunkinfo url="whfwdata6.xml" first="sid" last="variou"/>
<chunkinfo url="whfwdata7.xml" first="various" last="zwc"/>

<tchunkinfo first="0" last="99" url="whftdata0.xml" />
<tchunkinfo first="100" last="150" url="whftdata1.xml" />

</fts>
