<?xml version='1.0' encoding='windows-1252' ?>
<fts>
<chunkinfo url="whfwdata0.xml" first="0" last="classify"/>
<chunkinfo url="whfwdata1.xml" first="clear" last="erica878"/>
<chunkinfo url="whfwdata2.xml" first="error" last="les"/>
<chunkinfo url="whfwdata3.xml" first="let" last="plu"/>
<chunkinfo url="whfwdata4.xml" first="plug" last="sort"/>
<chunkinfo url="whfwdata5.xml" first="sortabl" last="york"/>
<chunkinfo url="whfwdata6.xml" first="your" last="zon"/>

<tchunkinfo first="0" last="105" url="whftdata0.xml" />
<tchunkinfo first="106" last="108" url="whftdata1.xml" />

</fts>
