<?xml version='1.0' encoding='windows-1252' ?>
<ftstdata>
<topic name="About Appointments, Meetings and Events" url="calendar/about_appointments,_meetings_and_events.htm" />
<topic name="About Zimbra Calendar" url="calendar/about_calendar.htm" />
<topic name="About the Appointment Page" url="calendar/about_the_appointment_page.htm" />
<topic name="Accepting Access to Shared Calendar" url="calendar/accepting_access_to_shared_calendar.htm" />
<topic name="Adding color to calendars" url="calendar/adding_background_color_to_calendars.htm" />
<topic name="Viewing Mutlple Calendars" url="calendar/best_view_to_see_all_your_shared_calendars.htm" />
<topic name="Calendar Views" url="calendar/calendar_views.htm" />
<topic name="Create Calendars" url="calendar/create_calendars.htm" />
<topic name="Creating recurring appointments" url="calendar/creating_recurring_appointments.htm" />
<topic name="Declining a Calendar Share Request" url="calendar/declining_a_calendar_share_request.htm" />
<topic name="Delegating Calendar Access" url="calendar/delegating_calendar_access.htm" />
<topic name="Deleting an appointment" url="calendar/deleting_an_appointment.htm" />
<topic name="Deleting Calendars" url="calendar/deleting_calendars.htm" />
<topic name="Changing recurring appointments" url="calendar/deleting_recurring_appointments.htm" />
<topic name="Printing a calendar" url="calendar/printing_a_calendar.htm" />
<topic name="Responding to an invitation" url="calendar/responding_to_an_invitation.htm" />
<topic name="Scheduling All Day events" url="calendar/scheduling_all_day_events.htm" />
<topic name="Creating an appointment" url="calendar/scheduling_meetings.htm" />
<topic name="Scheduling Resources" url="calendar/scheduling_resources.htm" />
<topic name="Seeing free/busy times" url="calendar/seeing_free_busy_times.htm" />
<topic name="Turning a message into a meeting request" url="calendar/turning_a_message_into_a_meeting_request.htm" />
<topic name="Using QuickAdd to Create an Appointment" url="calendar/using_quickadd_to_create_an_appointment.htm" />
<topic name="Your Address Book" url="contacts/contacts.htm" />
<topic name="Creating a new contact" url="contacts/creating_a_new_contact.htm" />
<topic name="Creating Group Contact Lists" url="contacts/creating_group_contact_lists.htm" />
<topic name="Deleting a contact" url="contacts/deleting_a_contact.htm" />
<topic name="Editing a contact" url="contacts/editing_a_contact.htm" />
<topic name="Exporting Address Books" url="contacts/exporting_address_books.htm" />
<topic name="GAL vs Contacts" url="contacts/gal_vs_contacts.htm" />
<topic name="Adding a contactAutomatically" url="contacts/importing_a_contact_from_the_company_directory.htm" />
<topic name="Importing Contacts" url="contacts/importing_contacts.htm" />
<topic name="Printing Contacts" url="contacts/printing_contacts.htm" />
<topic name="Sharing your Address Book" url="contacts/sharing_your_address_book.htm" />
<topic name="Using the corporate address book" url="contacts/using_the_corporate_address_book.htm" />
<topic name="Managing your email message view" url="conversations/conversation_list_view.htm" />
<topic name="How Conversations work" url="conversations/conversations_can_span_folders.htm" />
<topic name="Printing a conversation" url="conversations/printing_a_conversation.htm" />
<topic name="Attaching files to a mail message" url="creating_messages/attaching_files_to_a_mail_message.htm" />
<topic name="Attachment File Types Supported" url="creating_messages/attachment_file_types_supported.htm" />
<topic name="Creating a new mail message" url="creating_messages/creating_a_new_mail_message.htm" />
<topic name="Forwarding a mail message" url="creating_messages/forwarding_a_mail_message.htm" />
<topic name="Parts of an Email Message" url="creating_messages/parts_of_an_email_message.htm" />
<topic name="Saving a draft message" url="creating_messages/saving_a_draft_message.htm" />
<topic name="Using address lookup" url="creating_messages/using_address_lookup.htm" />
<topic name="Using cc: and bcc: addresses" url="creating_messages/using_cc__and_bcc__addresses.htm" />
<topic name="Using Spell Check" url="creating_messages/using_spell_check.htm" />
<topic name="Accepting access to a Documents notebook" url="documents/accepting_access_to_a_documents_notebook.htm" />
<topic name="Adding a table to a notebook page" url="documents/adding_a_table_to_a_wiki_notebook_page.htm" />
<topic name="Cancelling access to your Documents wiki folder" url="documents/cancelling_access_to_your_documents_wiki_folder.htm" />
<topic name="Create a new page" url="documents/create_a_new_page.htm" />
<topic name="Create new notebooks" url="documents/create_multiple_notebooks.htm" />
<topic name="Linking to a shared notebook" url="documents/linking_to_a_shared_wiki_folder.htm" />
<topic name="Sharing Documents notebooks" url="documents/sharing_notebooks.htm" />
<topic name="Using HTML for format pages" url="documents/using_html_for_format_pages.htm" />
<topic name="Using keywords" url="documents/using_keywords.htm" />
<topic name="Using the rich text editor" url="documents/using_the_rich_text_editor.htm" />
<topic name="Working in Zimbra Documents" url="documents/working_in_notebooks.htm" />
<topic name="Filter Conditions and Actions Supported" url="filters/filter_conditions_and_actions_supported.htm" />
<topic name="Filtering your messages" url="filters/filtering_your_messages.htm" />
<topic name="How Filtering Works" url="filters/how_filtering_works.htm" />
<topic name="wildcards" url="filters/wildcards.htm" />
<topic name="About Zimbra Collaboration Suite" url="getting_started/about_liquid_mail.htm" />
<topic name="User Interface Features and Shortcuts" url="getting_started/user_interface_features_and_shortcuts.htm" />
<topic name="Your Junk folder" url="junk_delete/spam_filtering.htm" />
<topic name="Message blocking feature" url="message_blocking_feature.htm" />
<topic name="Zimbra Assistant" url="miscellaneous_one_off_topics/zimbra_assistant.htm" />
<topic name="About folders" url="navigation_folders_and_tips/about_folders.htm" />
<topic name="Applying actions to multiple selections" url="navigation_folders_and_tips/applying_actions_to_multiple_selections.htm" />
<topic name="Browser use with Zimbra" url="navigation_folders_and_tips/browser_use_with_liquid_mail.htm" />
<topic name="Categorizing your mail messages" url="navigation_folders_and_tips/categorizing_your_mail_messages.htm" />
<topic name="Creating custom folders" url="navigation_folders_and_tips/creating_custom_folders.htm" />
<topic name="Customizing your initial email page" url="navigation_folders_and_tips/customizing_your_initial_email_page.htm" />
<topic name="Deleting folders" url="navigation_folders_and_tips/deleting_folders.htm" />
<topic name="Folders area" url="navigation_folders_and_tips/folders_area.htm" />
<topic name="System Folders" url="navigation_folders_and_tips/inbox_folder.htm" />
<topic name="Moving mail messages between folders" url="navigation_folders_and_tips/moving_mail_messages_between_folders.htm" />
<topic name="Zimbra Web Client Workspace" url="navigation_folders_and_tips/navigating_through_the_user_interface.htm" />
<topic name="quotas" url="navigation_folders_and_tips/quotas.htm" />
<topic name="Renaming folders" url="navigation_folders_and_tips/renaming_folders.htm" />
<topic name="Right-click menus" url="navigation_folders_and_tips/right-click_menus.htm" />
<topic name="Sent folder" url="navigation_folders_and_tips/sent_folder.htm" />
<topic name="Sorting Content Pane List Columns" url="navigation_folders_and_tips/sorting_conversations.htm" />
<topic name="Subscribe to RSS/ATOM feed" url="navigation_folders_and_tips/subscribe_to_rss_atom_feed_.htm" />
<topic name="Traditional View" url="navigation_folders_and_tips/traditional_view.htm" />
<topic name="Trash folder" url="navigation_folders_and_tips/trash_folder.htm" />
<topic name="ZWC Keyboard Shortcut Keys" url="navigation_folders_and_tips/zwc_keyboard_shortcut_keys.htm" />
<topic name="purging messages" url="reading_mail/archiving_old_messages.htm" />
<topic name="Attachment Blocking" url="reading_mail/attachment_blocking.htm" />
<topic name="Displaying HTML in email messages" url="reading_mail/displaying_html_in_email_messages.htm" />
<topic name="How to tell when you've got new mail" url="reading_mail/how_to_tell_when_you_ve_got_new_mail.htm" />
<topic name="Marking mail as unread" url="reading_mail/marking_mail_as_unread.htm" />
<topic name="Opening file attachments" url="reading_mail/opening_file_attachments.htm" />
<topic name="Printing a mail message" url="reading_mail/printing_a_mail_message.htm" />
<topic name="Reading mail" url="reading_mail/reading_mail.htm" />
<topic name="Reading Mail from the Reading Pane" url="reading_mail/reading_mail_from_the_reading_pane.htm" />
<topic name="Replying to mail messages" url="reading_mail/replying_to_mail_messages.htm" />
<topic name="Recovering deleted mail messages" url="recovering_deleted_mail_messages.htm" />
<topic name="Searching for messsages" url="search/_search__vs.__search_for_.htm" />
<topic name="AND vs OR Searches" url="search/and_vs_or_searches.htm" />
<topic name="Building search queries" url="search/building_search_queries.htm" />
<topic name="Contains vs Matches" url="search/contains_vs_matches.htm" />
<topic name="Query language description" url="search/query_language_description.htm" />
<topic name="Quick search" url="search/quick_search.htm" />

</ftstdata>  
