<?xml version='1.0' encoding='windows-1252' ?>
<!-- saved from url=(0014)about:internet -->
<fts>
<chunkinfo url="whfwdata0.xml" first="0" last="cannot"/>
<chunkinfo url="whfwdata1.xml" first="capabiliti" last="disk"/>
<chunkinfo url="whfwdata2.xml" first="display" last="high"/>
<chunkinfo url="whfwdata3.xml" first="highlight" last="mous"/>
<chunkinfo url="whfwdata4.xml" first="mov" last="punctuation"/>
<chunkinfo url="whfwdata5.xml" first="purg" last="specifi"/>
<chunkinfo url="whfwdata6.xml" first="specific" last="width"/>
<chunkinfo url="whfwdata7.xml" first="wildcard" last="zwc"/>

<tchunkinfo first="0" last="100" url="whftdata0.xml" />
<tchunkinfo first="101" last="144" url="whftdata1.xml" />

</fts>
