<?xml version='1.0' encoding='windows-1252' ?>
<fts>
<chunkinfo url="whfwdata0.xml" first="1" last="cell"/>
<chunkinfo url="whfwdata1.xml" first="central" last="doubl"/>
<chunkinfo url="whfwdata2.xml" first="down" last="iii"/>
<chunkinfo url="whfwdata3.xml" first="imag" last="normal"/>
<chunkinfo url="whfwdata4.xml" first="not" last="rep"/>
<chunkinfo url="whfwdata5.xml" first="repeat" last="th"/>
<chunkinfo url="whfwdata6.xml" first="them" last="zwc"/>

<tchunkinfo first="0" last="102" url="whftdata0.xml" />
<tchunkinfo first="103" last="129" url="whftdata1.xml" />

</fts>
