﻿<?xml version='1.0' encoding='utf-8' ?>
<!-- saved from url=(0014)about:internet -->
<ftstdata>
<topic name="About_Appointments,_Meetings_and_Events" url="Calendar/About_Appointments,_Meetings_and_Events.htm" />
<topic name="About_Calendar" url="Calendar/About_Calendar.htm" />
<topic name="About_the_Appointment_Page" url="Calendar/About_the_Appointment_Page.htm" />
<topic name="Accepting_Access_to_Shared_Calendar" url="Calendar/Accepting_Access_to_Shared_Calendar.htm" />
<topic name="Adding_background_color_to_calendars" url="Calendar/Adding_background_color_to_calendars.htm" />
<topic name="Best_View_to_See_All_Your_Shared_Calendars" url="Calendar/Best_View_to_See_All_Your_Shared_Calendars.htm" />
<topic name="Calendar_Views" url="Calendar/Calendar_Views.htm" />
<topic name="Create_Calendars" url="Calendar/Create_Calendars.htm" />
<topic name="Creating_recurring_appointments" url="Calendar/Creating_recurring_appointments.htm" />
<topic name="Declining_a_Calendar_Share_Request" url="Calendar/Declining_a_Calendar_Share_Request.htm" />
<topic name="Delegating_Calendar_Access" url="Calendar/Delegating_Calendar_Access.htm" />
<topic name="Deleting_an_appointment" url="Calendar/Deleting_an_appointment.htm" />
<topic name="Deleting_Calendars" url="Calendar/Deleting_Calendars.htm" />
<topic name="Deleting_recurring_appointments" url="Calendar/Deleting_recurring_appointments.htm" />
<topic name="Exporting your iCal calendar" url="Calendar/Exporting_your_iCal_calendar.htm" />
<topic name="Importing your iCal calendar" url="Calendar/Importing_your_iCal_calendar.htm" />
<topic name="Printing_a_calendar" url="Calendar/Printing_a_calendar.htm" />
<topic name="Responding_to_an_invitation" url="Calendar/Responding_to_an_invitation.htm" />
<topic name="Scheduling_All_Day_events" url="Calendar/Scheduling_All_Day_events.htm" />
<topic name="Scheduling_meetings" url="Calendar/Scheduling_meetings.htm" />
<topic name="Scheduling_Resources" url="Calendar/Scheduling_Resources.htm" />
<topic name="Seeing_free_busy_times" url="Calendar/Seeing_free_busy_times.htm" />
<topic name="Turning_a_message_into_a_meeting_request" url="Calendar/Turning_a_message_into_a_meeting_request.htm" />
<topic name="Using_QuickAdd_to_Create_an_Appointment" url="Calendar/Using_QuickAdd_to_Create_an_Appointment.htm" />
<topic name="Your Address Book" url="Contacts/contacts.htm" />
<topic name="Creating a new contact" url="Contacts/creating_a_new_contact.htm" />
<topic name="Creating Group Contact Lists" url="Contacts/Creating_Group_Contact_Lists.htm" />
<topic name="Deleting a contact" url="Contacts/deleting_a_contact.htm" />
<topic name="Editing a contact" url="Contacts/editing_a_contact.htm" />
<topic name="Exporting Address Books" url="Contacts/Exporting_Address_Books.htm" />
<topic name="GAL vs Contacts" url="Contacts/gal_vs_contacts.htm" />
<topic name="Adding a contactAutomatically" url="Contacts/importing_a_contact_from_the_company_directory.htm" />
<topic name="Importing Contacts" url="Contacts/Importing_Contacts.htm" />
<topic name="Printing Contacts" url="Contacts/Printing_Contacts.htm" />
<topic name="Sharing your Address Book" url="Contacts/Sharing_your_Address_Book.htm" />
<topic name="Using the corporate address book" url="Contacts/using_the_corporate_address_book.htm" />
<topic name="Managing your email message view" url="conversations/conversation_list_view.htm" />
<topic name="How Conversations work" url="conversations/conversations_can_span_folders.htm" />
<topic name="Printing a conversation" url="conversations/printing_a_conversation.htm" />
<topic name="Attaching files to a mail message" url="Creating_Messages/attaching_files_to_a_mail_message.htm" />
<topic name="Attachment File Types Supported" url="Creating_Messages/Attachment_File_Types_Supported.htm" />
<topic name="Creating a new mail message" url="Creating_Messages/Creating_a_new_mail_message.htm" />
<topic name="Forwarding a mail message" url="Creating_Messages/forwarding_a_mail_message.htm" />
<topic name="Parts of an Email Message" url="Creating_Messages/parts_of_an_email_message.htm" />
<topic name="Saving a draft message" url="Creating_Messages/saving_a_draft_message.htm" />
<topic name="Undeliverable mail" url="Creating_Messages/undeliverable_mail.htm" />
<topic name="Using address lookup" url="Creating_Messages/Using_address_lookup.htm" />
<topic name="Using cc: and bcc: addresses" url="Creating_Messages/using_cc__and_bcc__addresses.htm" />
<topic name="Using HTML Editor" url="Creating_Messages/Using_HTML_Editor.htm" />
<topic name="Using Spell Check" url="Creating_Messages/Using_Spell_Check.htm" />
<topic name="Accepting access to the shared mailbox folder" url="Delegated_mailboxes/Accepting_access_to_the_shared_mailbox_folder.htm" />
<topic name="Sharing mail folders" url="Delegated_mailboxes/How_sharing_your_mailbox_works.htm" />
<topic name="Revoking a access to a shared folder" url="Delegated_mailboxes/Revoking_a_access_to_a_shared_folder.htm" />
<topic name="Sharing your mailbox" url="Delegated_mailboxes/Sharing_your_mailbox.htm" />
<topic name="Working within a shared mail folder" url="Delegated_mailboxes/Working_within_a_shared_mail_folder.htm" />
<topic name="Accepting access to a Documents notebook" url="Documents/Accepting_Access_to_a_Documents_Notebook.htm" />
<topic name="Adding a table to a notebook page" url="Documents/Adding_a_table_to_a_Wiki_Notebook_Page.htm" />
<topic name="Cancelling access to your Document notebook" url="Documents/Cancelling_access_to_your_Documents_wiki_folder.htm" />
<topic name="Create a new page" url="Documents/Create_a_new_page.htm" />
<topic name="Create new notebooks" url="Documents/Create_multiple_notebooks.htm" />
<topic name="Linking to a shared notebook" url="Documents/Linking_to_a_shared_wiki_folder.htm" />
<topic name="Sharing Documents notebooks" url="Documents/Sharing_Notebooks.htm" />
<topic name="Using HTML for format pages" url="Documents/Using_HTML_for_format_pages.htm" />
<topic name="Using the rich text editor" url="Documents/Using_the_rich_text_editor.htm" />
<topic name="Working in Zimbra Documents" url="Documents/Working_in_Notebooks.htm" />
<topic name="Filter Conditions and Actions Supported" url="filters/filter_conditions_and_actions_supported.htm" />
<topic name="Filtering your messages" url="filters/filtering_your_messages.htm" />
<topic name="How Filtering Works" url="filters/how_filtering_works.htm" />
<topic name="wildcards" url="filters/wildcards.htm" />
<topic name="About Zimbra Collaboration Suite" url="Getting_Started/about_liquid_mail.htm" />
<topic name="User Interface Features and Shortcuts" url="Getting_Started/user_interface_features_and_shortcuts.htm" />
<topic name="Instant Messaging Basics" url="instant_messaging/Instant_Messaging_Basics.htm" />
<topic name="Sharing your Briefcase" url="Miscellaneous_one_off_topics/Sharing_your_Briefcase.htm" />
<topic name="Working in Briefcase" url="Miscellaneous_one_off_topics/Working_in_Briefcase.htm" />
<topic name="Zimbra Assistant" url="Miscellaneous_one_off_topics/Zimbra_Assistant.htm" />
<topic name="About folders" url="Navigation_folders_and_tips/about_folders.htm" />
<topic name="Applying actions to multiple selections" url="Navigation_folders_and_tips/applying_actions_to_multiple_selections.htm" />
<topic name="Subscribe to RSS/Atom feeds" url="Navigation_folders_and_tips/b_Subscribe_to_RSS_Atom_feeds.htm" />
<topic name="Browser use with Zimbra" url="Navigation_folders_and_tips/browser_use_with_liquid_mail.htm" />
<topic name="Categorizing your mail messages" url="Navigation_folders_and_tips/categorizing_your_mail_messages.htm" />
<topic name="Changing my default client type for log in" url="Navigation_folders_and_tips/Changing_my_default_client_type_for_log_in.htm" />
<topic name="Creating custom folders" url="Navigation_folders_and_tips/creating_custom_folders.htm" />
<topic name="Customizing your initial email page" url="Navigation_folders_and_tips/Customizing_your_initial_email_page.htm" />
<topic name="Deleting folders" url="Navigation_folders_and_tips/deleting_folders.htm" />
<topic name="Folders area" url="Navigation_folders_and_tips/Folders_area.htm" />
<topic name="System Folders" url="Navigation_folders_and_tips/inbox_folder.htm" />
<topic name="Moving mail messages between folders" url="Navigation_folders_and_tips/moving_mail_messages_between_folders.htm" />
<topic name="Zimbra Web Client Workspace" url="Navigation_folders_and_tips/navigating_through_the_user_interface.htm" />
<topic name="quotas" url="Navigation_folders_and_tips/quotas.htm" />
<topic name="Renaming folders" url="Navigation_folders_and_tips/renaming_folders.htm" />
<topic name="Right-click menus" url="Navigation_folders_and_tips/right-click_menus.htm" />
<topic name="Sent folder" url="Navigation_folders_and_tips/sent_folder.htm" />
<topic name="Sorting Content Pane List Columns" url="Navigation_folders_and_tips/sorting_conversations.htm" />
<topic name="Traditional View" url="Navigation_folders_and_tips/Traditional_View.htm" />
<topic name="Trash folder" url="Navigation_folders_and_tips/trash_folder.htm" />
<topic name="ZWC Keyboard Shortcut Keys" url="Navigation_folders_and_tips/ZWC_Keyboard_Shortcut_Keys.htm" />
<topic name="purging messages" url="reading_mail/archiving_old_messages.htm" />
<topic name="Attachment Blocking" url="reading_mail/attachment_blocking.htm" />
<topic name="Displaying HTML in email messages" url="reading_mail/displaying_html_in_email_messages.htm" />
<topic name="How to tell when you've got new mail" url="reading_mail/how_to_tell_when_you_ve_got_new_mail.htm" />

</ftstdata>  
