﻿<?xml version='1.0' encoding='utf-8' ?>
<!-- saved from url=(0014)about:internet -->
<ftswdata>
<key name="pattern"> 111,8,68, </key>
<key name="pdf"> 109,97,40,112,115,73, </key>
<key name="peopl"> 122,0,1,112,147, </key>
<key name="per"> 16,20,144, </key>
<key name="percentag"> 122,123,130, </key>
<key name="perform"> 109,76,110,66,112,90,144,70,116, </key>
<key name="performanc"> 69, </key>
<key name="perhap"> 67,108, </key>
<key name="period"> 40,5,138,139,96,85,94,116,147, </key>
<key name="periodical"> 138, </key>
<key name="permanent"> 96, </key>
<key name="permission"> 69,55,57,10,52,129,61,51,34,72,53,64,54, </key>
<key name="permit"> 40, </key>
<key name="person"> 41,71,107,90,144,147, </key>
<key name="person'"> 55,128,50,3,41, </key>
<key name="persona"> 141,131,41,136,140,144, </key>
<key name="personal"> 122,69,1,7,25,26,136,30,140,102,113,90,144,121,35,73, </key>
<key name="phon"> 149,110,71,112,113,24, </key>
<key name="photo"> 25, </key>
<key name="photoshop"> 40, </key>
<key name="phras"> 66,115,116, </key>
<key name="pick"> 8,19, </key>
<key name="pictur"> 39,144, </key>
<key name="plac"> 97,59,81,65,84,101,86,104,107,85,94,146,73,64, </key>
<key name="placehold"> 68, </key>
<key name="placement"> 144, </key>
<key name="plain"> 41,98,144, </key>
<key name="plan"> 2, </key>
<key name="play"> 40, </key>
<key name="playabl"> 40, </key>
<key name="plu"> 45,116, </key>
<key name="plug"> 40, </key>
<key name="podcast"> 77, </key>
<key name="point"> 97,102,144,87, </key>
<key name="pol"> 99,144, </key>
<key name="polici"> 40,96, </key>
<key name="policy"> 97,101,96,112,88, </key>
<key name="pop"> 141,131,140,90,144,49, </key>
<key name="pop3"> 69, </key>
<key name="popular"> 78, </key>
<key name="populat"> 25,107,22,24, </key>
<key name="port"> 141,131, </key>
<key name="portion"> 65,90,132,46,35, </key>
<key name="possib"> 85, </key>
<key name="possibl"> 98,132,115,46, </key>
<key name="post"> 10, </key>
<key name="powerful"> 113, </key>
<key name="powerpoint"> 97,116, </key>
<key name="pr"> 110,25,81, </key>
<key name="practic"> 102, </key>
<key name="preced"> 65, </key>
<key name="predefin"> 63, </key>
<key name="pref"> 80,58,139,144,23,74, </key>
<key name="prefer"> 80, </key>
<key name="preferenc"> 69,0,1,31,131,6,79,80,133,135,134,41,136,8,82,98,29,14,66,42,99,32,15,139,140,36,142,96,112,105,107,145,18,19,108,91,143,144,85,93,146,48,147,24,74,87,95, </key>
<key name="prefix"> 112,107,144,117,116, </key>
<key name="preformat"> 63, </key>
<key name="pres"> 123,8,18,19, </key>
<key name="presenc"> 65,67,36, </key>
<key name="present"> 16, </key>
<key name="presentation"> 73, </key>
<key name="preserv"> 42,88,107, </key>
<key name="president"> 146, </key>
<key name="presum"> 43, </key>
<key name="prevent"> 67,139, </key>
<key name="preview"> 149,144, </key>
<key name="previou"> 76,78,66,84,16,107,144, </key>
<key name="previous"> 110,115, </key>
<key name="primary"> 144,47, </key>
<key name="print"> 1,38,103,33,16,90,144, </key>
<key name="priority"> 122,69,123,36,115,121, </key>
<key name="privacy"> 139, </key>
<key name="privat"> 1,2,19, </key>
<key name="privileg"> 57,10,60,129,61,34,72,53,24, </key>
<key name="probab"> 78,67, </key>
<key name="problem"> 135,45, </key>
<key name="proce"> 58,66, </key>
<key name="procedur"> 115, </key>
<key name="proceed"> 77, </key>
<key name="proces"> 56,65,67,102,63,116, </key>
<key name="produc"> 41,112, </key>
<key name="product"> 51, </key>
<key name="program"> 69,149,39,40,43,144,73, </key>
<key name="progres"> 122,69,123, </key>
<key name="project"> 122,123,37,60, </key>
<key name="project1"> 60, </key>
<key name="prompt"> 40,132, </key>
<key name="properti"> 56,4,57,10,52,129,61,34,72,53,63, </key>
<key name="protect"> 139, </key>
<key name="provid"> 141,131,40,79,139,43,77,45,74, </key>
<key name="public"> 122,69,1,2,10,60,19,129,61,51,34,72,53, </key>
<key name="pull"> 28, </key>
<key name="punctuation"> 112, </key>
<key name="purg"> 83,96,88,106,85,94, </key>
<key name="purpl"> 118, </key>
<key name="put"> 10,37,51,34,72,85, </key>
<key name="queri"> 84,113,114,116, </key>
<key name="query"> 109,118,110,112,113,114,108,144,116, </key>
<key name="quest"> 61,34,53, </key>
<key name="quest'"> 61,53, </key>
<key name="question"> 78,68, </key>
<key name="quick"> 122,69,0,1,2,123,31,118,79,124,58,41,84,71,113,17,108,144,22,46,63,116,23,73,64,74, </key>
<key name="quickadd"> 0,1,144,23, </key>
<key name="quot"> 82,112,89,107,144,121,74, </key>
<key name="quota"> 88,73,87, </key>
<key name="quotation"> 112, </key>
<key name="r"> 46, </key>
<key name="radio"> 115,108, </key>
<key name="rang"> 115, </key>
<key name="rath"> 144,68, </key>
<key name="re"> 37,145,45,116, </key>
<key name="reach"> 67,85,24, </key>
<key name="read"> 122,69,123,39,40,110,57,41,98,65,37,67,36,100,102,103,112,104,105,17,90,144,129,61,34,53,93,146,47,48,116,73, </key>
<key name="readabl"> 116, </key>
<key name="ready"> 39, </key>
<key name="real"> 69,71,77,85, </key>
<key name="reason"> 101,45, </key>
<key name="receiv"> 69,55,128,50,3,141,131,97,40,110,79,133,136,30,37,99,71,36,101,142,102,43,112,88,17,20,115,143,144,92,85,93,45,147, </key>
<key name="recent"> 36,144,22, </key>
<key name="recipient"> 69,39,79,42,43,112,107,144,45,47,35,147,73, </key>
<key name="recipient'"> 71,45, </key>
<key name="recogniz"> 40, </key>
<key name="recommend"> 102,144, </key>
<key name="record"> 28, </key>
<key name="recov"> 83,106, </key>
<key name="recover"> 96,106, </key>
<key name="recur"> 0,1,2,8,11,13,17,20,22, </key>
<key name="recurrenc"> 8,22, </key>
<key name="red"> 5, </key>
<key name="reduc"> 88, </key>
<key name="referenc"> 40, </key>
<key name="reflect"> 8,19, </key>
<key name="refresh"> 141,78,19,108, </key>
<key name="regard"> 96, </key>
<key name="regardles"> 97,138,101,147, </key>
<key name="regular"> 83, </key>
<key name="reject"> 1,55,3,97,45, </key>
<key name="relat"> 69,37,36,113, </key>
<key name="relativ"> 70, </key>
<key name="relevant"> 123,85, </key>
<key name="reliabl"> 69, </key>
<key name="reload"> 78,132, </key>
<key name="remain"> 78,139,96,85,94, </key>
<key name="rememb"> 139,115,61,53, </key>
<key name="remember"> 139, </key>
<key name="remind"> 8,17,144,23, </key>
<key name="remot"> 7,112, </key>
<key name="remov"> 118,57,10,126,27,119,17,52,44,129,61,34,72,35,24, </key>
<key name="renam"> 75,89,90,85, </key>
<key name="rend"> 133, </key>
<key name="reoccurrenc"> 2, </key>
<key name="rep"> 69,141,131,136,9,65,42,37,140,43,112,107,17,90,144,51,147,54, </key>
<key name="repeat"> 8,66,144,35,23, </key>
<key name="replac"> 46,63,73, </key>
<key name="replacement"> 63, </key>
<key name="repli"> 131,110,136,37,36,112,107,144,146,147, </key>
<key name="reply"> 136,107, </key>
<key name="report"> 85, </key>
<key name="represent"> 65,84,70, </key>
<key name="request"> 2,9,10,71,17,51,22, </key>
<key name="requir"> 8,10,139,142,18,19,129,34,72,24, </key>
<key name="reschedul"> 0, </key>
<key name="reserv"> 2,8,18,19,20, </key>
<key name="reset"> 137,145, </key>
<key name="resid"> 102, </key>
<key name="resolv"> 45, </key>
<key name="resourc"> 2,8,88,18,19,20,21, </key>
<key name="respective"> 47, </key>
<key name="respond"> 17,51, </key>
<key name="respons"> 142,107,17, </key>
<key name="restart"> 139, </key>
<key name="restor"> 145, </key>
<key name="result"> 109,65,37,112,114,108,144,46, </key>
<key name="resum"> 49, </key>
<key name="retain"> 143,54, </key>
<key name="retriev"> 141,79,140,44,144, </key>
<key name="return"> 58,26,8,65,112,88,18,19,117,46,116,147, </key>
<key name="retyp"> 135, </key>
<key name="reus"> 135, </key>
<key name="review"> 85,22, </key>
<key name="revok"> 57,10,52,129,34,72,53, </key>
<key name="rich"> 58,48,62,63,64, </key>
<key name="right"> 75,149,0,31,56,76,118,40,57,59,125,7,25,41,81,10,126,27,83,119,11,12,13,28,65,66,60,100,86,127,38,96,89,17,52,90,18,108,129,61,34,72,53,85,94,70,62,121,35,73,87, </key>
<key name="rivendell"> 115, </key>
<key name="rol"> 69,55,128,50,3,57,136,10,140,129,61,34,72,53,24, </key>
<key name="room"> 2, </key>
<key name="root"> 77, </key>
<key name="rout"> 69, </key>
<key name="row"> 56,63, </key>
<key name="rs"> 81,77, </key>
<key name="rul"> 109,79,135,65,66,37,67,112,104,132,144, </key>
<key name="run"> 40,144, </key>
<key name="s"> 56,39,58,136,51, </key>
<key name="s3"> 144, </key>
<key name="safar"> 74, </key>
<key name="safari"> 78, </key>
<key name="safety"> 102, </key>
<key name="sal"> 51,35, </key>
<key name="sam"> 75,109,76,97,5,79,133,135,59,81,65,37,67,100,102,43,112,132,144,77,46,121,63,116,73, </key>
<key name="sash"> 70, </key>
<key name="sav"> 69,2,55,141,123,31,131,110,79,124,80,134,58,25,41,26,136,8,83,28,29,14,65,84,32,15,142,102,88,145,44,132,114,18,19,91,143,144,85,146,63,116,147,73,54,87,95, </key>
<key name="saw"> 107, </key>
<key name="say"> 144, </key>
<key name="scan"> 102, </key>
<key name="scenario"> 51, </key>
<key name="schedul"> 69,149,0,1,2,5,6,7,8,13,16,18,19,20,21,63, </key>
<key name="screen"> 122,138,139,132,19,70,87, </key>
<key name="scrol"> 38, </key>
<key name="scroll"> 115,143, </key>

</ftswdata>  
