<?xml version='1.0' encoding='windows-1252' ?>
<ftswdata>
<key name="rs"> 53,65, </key>
<key name="rul"> 90,52,107,106,41,42,30,43,85,113,105,112, </key>
<key name="run"> 33,74,75, </key>
<key name="s"> 45,3,26,4,51,6,34,17,8,10,12,41,30,82,111,69,83,36,14,84,93,105,16,96,89,72,19,104,38,39,74,119,76,122,68, </key>
<key name="safari"> 51, </key>
<key name="safety"> 83, </key>
<key name="sal"> 28, </key>
<key name="sam"> 90,50,79,52,107,71,53,41,30,43,82,69,83,36,93,105,112,38,74,103,75,97,5, </key>
<key name="sash"> 46, </key>
<key name="sav"> 2,91,106,21,70,22,34,17,8,55,24,41,56,27,111,83,93,60,113,37,105,95,16,63,98,112,57,114,97,115,59, </key>
<key name="saw"> 86, </key>
<key name="say"> 112, </key>
<key name="scan"> 83, </key>
<key name="schedul"> 0,2,1,45,118,6,13,7,17,8,14,16,88,18,75,5, </key>
<key name="screen"> 17,109,110,105,46,59, </key>
<key name="scrol"> 31, </key>
<key name="scroll"> 111,96,98, </key>
<key name="se"> 0,2,1,45,118,79,7,17,8,54,10,80,56,81,109,82,93,85,86,15,16,18,112,99,57,39,120,5,59, </key>
<key name="search"> 2,45,90,100,91,52,21,34,17,8,54,23,24,56,30,43,93,94,62,95,16,96,89,112,119,28,120,97,121,44,76,59,122, </key>
<key name="second"> 32,41, </key>
<key name="section"> 71,34,10,69,83,113,95,72,76, </key>
<key name="security"> 79,48, </key>
<key name="select"> 0,2,3,4,90,50,100,32,79,91,6,13,70,7,71,22,34,17,53,8,10,23,11,12,80,24,41,42,58,69,31,84,77,78,94,87,86,15,95,16,96,89,18,112,72,65,66,38,39,73,20,40,103,119,28,120,75,97,5,122,68, </key>
<key name="selection"> 90,50,89,38,39,28, </key>
<key name="semicolon"> 17,8,93,16,38, </key>
<key name="send"> 0,45,3,32,33,52,21,34,9,10,41,35,43,69,83,36,31,84,93,86,15,37,96,89,63,112,57,19,104,38,39,115,76,68, </key>
<key name="sender"> 48,83,36, </key>
<key name="sensitiv"> 97, </key>
<key name="sent"> 0,49,2,32,52,13,17,53,8,11,80,41,56,25,30,36,93,60,86,15,62,37,16,96,63,112,72,65,57,104,39,115,59,68, </key>
<key name="separat"> 91,6,22,34,17,8,27,36,31,84,16,112,46,76, </key>
<key name="sequenc"> 50,8,46,74, </key>
<key name="seri"> 13,11,15, </key>
<key name="servic"> 45, </key>
<key name="session"> 1,51,6,21,109,110,29,105,66, </key>
<key name="set"> 0,79,91,21,17,80,42,43,81,109,110,111,83,78,93,60,86,113,16,88,96,18,98,112,57,19,75,115, </key>
<key name="setting"> 106,113,89,112,97,59, </key>
<key name="seven"> 6, </key>
<key name="shar"> 1,3,4,51,21,17,9,10,110,69,72,99,5,76, </key>
<key name="sheet"> 75, </key>
<key name="shift"> 50,100,68, </key>
<key name="shop"> 53, </key>
<key name="shortcut"> 69,94,46,117,68, </key>
<key name="should"> 43,110,48,36,86,112,114,75, </key>
<key name="show"> 2,45,4,90,100,32,52,21,70,56,27,29,58,83,31,93,60,85,86,62,88,89,18,112,64,38,39,103,28,120,5,59, </key>
<key name="shown"> 22,42,29,82,86,5,59, </key>
<key name="sid"> 7,56,5,44, </key>
<key name="sign"> 114, </key>
<key name="signatur"> 34,36,86,112,114, </key>
<key name="signifi"> 4, </key>
<key name="silent"> 43, </key>
<key name="similar"> 100,43,93,59, </key>
<key name="simp"> 109,94,19, </key>
<key name="simultaneous"> 100, </key>
<key name="sinc"> 86, </key>
<key name="singl"> 2,90,100,52,17,42,82,31,93,46,38, </key>
<key name="sit"> 118,79,51,48,78,105,65,57,76,47, </key>
<key name="six"> 75, </key>
<key name="siz"> 91,41,27,29,48,93,60,112,46,75,97, </key>
<key name="skip"> 16, </key>
<key name="skyp"> 118, </key>
<key name="slash"> 61,103,44, </key>
<key name="slid"> 32, </key>
<key name="slight"> 97, </key>
<key name="smal"> 91,41,93,38, </key>
<key name="small"> 118,46,120, </key>
<key name="smart"> 112, </key>
<key name="smith"> 24,43,93,114,38,28, </key>
<key name="smith23"> 43, </key>
<key name="so"> 2,4,51,55,35,86,96, </key>
<key name="softphon"> 118, </key>
<key name="softwar"> 32,33,105,59, </key>
<key name="someon"> 33,35,96,39, </key>
<key name="someth"> 24,83,36,105, </key>
<key name="sometim"> 41,25,112,57,104,28, </key>
<key name="somewher"> 92, </key>
<key name="soon"> 89,38, </key>
<key name="sort"> 33,8,42,64, </key>
<key name="sortabl"> 64, </key>
<key name="sourc"> 45,70,73,75, </key>
<key name="south"> 97, </key>
<key name="spac"> 21,60,44, </key>
<key name="spacebar"> 68, </key>
<key name="spam"> 41,56,48,36,57,47,68, </key>
<key name="span"> 30, </key>
<key name="special"> 45,33,38,97, </key>
<key name="specifi"> 45,90,91,92,8,41,42,43,78,93,57,67,120,44,47, </key>
<key name="specific"> 91,107,21,8,43,69,77,93,96,99,19,97,117, </key>
<key name="specify"> 90,92,41,42,43,14,93,96,89,112,44, </key>
<key name="spel"> 70,34,40,97, </key>
<key name="spell"> 34,40, </key>
<key name="split"> 46,75, </key>
<key name="spot"> 81, </key>
<key name="spread"> 33,48,83,75, </key>
<key name="spreadsheet"> 32,33,70,83,96,75,76, </key>
<key name="stand"> 39, </key>
<key name="standard"> 45,70,10,41,83,31,84,86,112,46,59, </key>
<key name="star"> 120, </key>
<key name="start"> 0,2,45,51,17,8,93,16,96,104,38,20,119,120,121,122, </key>
<key name="stat"> 120, </key>
<key name="statement"> 36,93, </key>
<key name="statu"> 1,91,10,27,82,93,59, </key>
<key name="stay"> 55, </key>
<key name="step"> 34,42,16, </key>
<key name="still"> 10,83, </key>
<key name="stop"> 41,43, </key>
<key name="stor"> 49,41,30,29, </key>
<key name="str"> 92,93,89,112,97,44, </key>
<key name="street"> 120, </key>
<key name="string"> 43, </key>
<key name="structur"> 72, </key>
<key name="styl"> 70,34,69,86,112,75,76, </key>
<key name="subject"> 2,32,91,52,92,34,17,8,41,42,30,43,29,83,36,93,94,86,16,64,19,20,44, </key>
<key name="subscrib"> 53,65, </key>
<key name="subsequent"> 41,43,105, </key>
<key name="substitution"> 92,44, </key>
<key name="substr"> 41, </key>
<key name="successful"> 27, </key>
<key name="suggest"> 38,40, </key>
<key name="suit"> 45,51,78, </key>
<key name="sup"> 34,44, </key>
<key name="supervisor"> 42,43,36, </key>
<key name="support"> 33,51,41,25,60,97, </key>
<key name="suppos"> 90,38, </key>
<key name="sur"> 94, </key>
<key name="surround"> 44, </key>
<key name="switch"> 45,36,75, </key>
<key name="synchroniz"> 7, </key>
<key name="syntax"> 70,112,74,97, </key>
<key name="system"> 49,118,32,79,33,107,17,53,8,55,56,43,109,69,83,36,113,62,16,112,57,104,103,97,47,59, </key>
<key name="t"> 51,34,41,48,60,96,98,112,57,114,47,68, </key>
<key name="tab"> 2,1,6,107,106,34,17,8,80,42,43,81,29,111,69,113,16,18,63,98,112,66,114,38,115, </key>
<key name="tabl"> 70,34,75,76, </key>
<key name="tag"> 45,50,100,91,52,21,70,54,101,80,41,42,56,43,29,93,62,96,112,73,103,75,97,59,68, </key>
<key name="tak"> 51,52,41,27,75, </key>
<key name="taken"> 19, </key>
<key name="task"> 75, </key>
<key name="taught"> 47, </key>
<key name="team"> 69,76, </key>
<key name="technology"> 105, </key>
<key name="tell"> 82,85, </key>
<key name="templat"> 76, </key>
<key name="temporari"> 10,48, </key>
<key name="tentativ"> 2,1,15,18, </key>
<key name="term"> 43,122, </key>
<key name="test"> 41,43, </key>
<key name="text"> 0,2,45,90,32,79,33,13,70,34,17,8,80,41,42,35,27,69,83,36,93,94,86,105,95,16,89,112,19,46,114,38,73,74,75,97,115,76, </key>
<key name="th"> 97, </key>
<key name="them"> 0,2,118,90,50,32,55,42,30,69,83,93,60,87,37,88,112,72,64,57,46,97,47, </key>
<key name="themselv"> 101,83,112, </key>
<key name="therefor"> 33,109,83, </key>
<key name="thing"> 60, </key>
<key name="think"> 48,95,96, </key>
<key name="third"> 118,56,59, </key>
<key name="thos"> 90,30,93,60,57,38,103,47, </key>
<key name="though"> 34, </key>
<key name="thre"> 0,33,51,92,22,17,8,23,30,93,119,75,97,44,68, </key>
<key name="thread"> 19, </key>
<key name="ti"> 53, </key>
<key name="tim"> 0,2,1,50,51,91,6,17,8,43,109,110,29,36,78,93,94,15,37,16,88,18,63,112,72,99,64,57,67,19,20,97,115,5,44,47,59, </key>
<key name="time"> 111, </key>
<key name="tip"> 26,21,23,85,46, </key>
<key name="titl"> 22,30,64,119,122, </key>
<key name="toc"> 70, </key>
<key name="today"> 0, </key>
<key name="todo"> 54, </key>
<key name="togeth"> 30,93,74,75, </key>
<key name="toggl"> 66,73,68, </key>
<key name="tomorrow"> 0, </key>
<key name="too"> 41,48,36,87,46, </key>
<key name="tool"> 26,21,70,17,8,23,94,85,46,75,97, </key>
<key name="toolbar"> 0,1,6,70,7,22,34,17,53,8,23,80,81,14,93,86,16,89,65,57,114,39,73,40,103,75,47,59, </key>
<key name="top"> 0,71,22,53,35,16,112,57,20,40, </key>
<key name="topic"> 45,93,97, </key>
<key name="total"> 81,93, </key>
<key name="track"> 1,45,7,75, </key>
<key name="traditional"> 45,29,85,105,66, </key>
<key name="train"> 47, </key>
<key name="transf"> 58, </key>
<key name="trash"> 49,3,53,23,55,41,56,43,78,60,87,15,62,112,57,67,59,68, </key>
<key name="travel"> 112, </key>
<key name="tre"> 92, </key>
<key name="trig"> 38, </key>
<key name="trigger"> 0, </key>
<key name="troubl"> 112, </key>
<key name="truck"> 41, </key>
<key name="try"> 104, </key>
<key name="tun"> 57,47, </key>

</ftswdata>  
