<?xml version='1.0' encoding='windows-1252' ?>
<!-- saved from url=(0014)about:internet -->
<ftswdata>
<key name="green"> 4, </key>
<key name="group"> 69,1,79,25,26,10,28,66,37,67,36,33,105,145,131,61,34,73,53,24, </key>
<key name="grow"> 46, </key>
<key name="guest"> 123,10,131,61,51,34,73,53, </key>
<key name="gui"> 134, </key>
<key name="guidelin"> 78, </key>
<key name="hand"> 119,84,86,85,95,70, </key>
<key name="handl"> 145,85,72, </key>
<key name="happen"> 37,139,88,46, </key>
<key name="hav"> 124,67,101, </key>
<key name="haven"> 102, </key>
<key name="head"> 31,5,111,58,125,127,25,65,67,60,141,103,113,106,108,90,132,68,74, </key>
<key name="header"> 111,65,43,90,70, </key>
<key name="heading"> 63, </key>
<key name="health"> 43, </key>
<key name="hello"> 113, </key>
<key name="help"> 69,135,85,72,75,87, </key>
<key name="her"> 2,124,40,84,106,19,116,145, </key>
<key name="hid"> 46, </key>
<key name="hierarchy"> 59,74, </key>
<key name="high"> 123,69,50,116, </key>
<key name="highlight"> 0,77,37,92,85,46,49,72, </key>
<key name="history"> 145, </key>
<key name="hold"> 129, </key>
<key name="holiday"> 59,74, </key>
<key name="hom"> 24,87, </key>
<key name="horizontal"> 8,18,19,21,74, </key>
<key name="host"> 133, </key>
<key name="hour"> 2,111,8,19, </key>
<key name="hov"> 150,0,84,85, </key>
<key name="how"> 69,56,136,25,37,100,71,140,36,101,43,16,97,88,105,108,19,145,63,117,148,74, </key>
<key name="htm"> 40, </key>
<key name="html"> 69,39,98,40,80,58,41,99,140,103,145,48,62,63,117,74,64, </key>
<key name="http"> 140, </key>
<key name="i"> 65,100,139,102,134,46,148, </key>
<key name="ic"> 14,15, </key>
<key name="ical"> 7,14,15, </key>
<key name="icon"> 56,26,137,128,121,33,114,109,70,63, </key>
<key name="identifiabl"> 147, </key>
<key name="identify"> 133,137,67,144,145,51,70,63, </key>
<key name="identiti"> 69,41,137,141,108,145,147, </key>
<key name="identity"> 133,41,137,141,145, </key>
<key name="idl"> 145, </key>
<key name="if"> 123,150,0,2,55,130,50,3,142,124,31,133,110,119,98,40,78,111,80,136,58,59,41,26,137,8,82,27,83,11,13,99,65,66,84,37,67,138,139,15,71,60,140,141,36,102,86,143,103,43,33,16,113,88,105,106,108,17,90,134,115,18,19,20,109,21,144,145,61,53,85,94,22,45,70,147,46,47,62,63,117,23,74,54,24,72,75, </key>
<key name="ignor"> 65,113, </key>
<key name="iii"> 113, </key>
<key name="im"> 69,71,145, </key>
<key name="imag"> 110,39,98,40,103,88,116,145,63,117,74,64, </key>
<key name="imap"> 69,142,133,141,145, </key>
<key name="immediat"> 67,122, </key>
<key name="immediate"> 41,12,65,71,143,115,51,148,68, </key>
<key name="impact"> 74, </key>
<key name="implement"> 103, </key>
<key name="import"> 69,30,32,15,145,24, </key>
<key name="importanc"> 121, </key>
<key name="important"> 67,143, </key>
<key name="in"> 40, </key>
<key name="inactiv"> 67,139, </key>
<key name="inbound"> 79, </key>
<key name="inbox"> 76,142,133,81,82,65,84,37,67,100,113,105,106,17,90,145,51,92,85,72,87, </key>
<key name="inc"> 147,149, </key>
<key name="includ"> 1,142,124,56,40,5,25,81,26,10,65,42,37,36,16,113,114,108,134,18,116,145,61,51,34,73,53,70,147,48,63,117,68,74,87,96, </key>
<key name="incom"> 69,40,66,67,103,145, </key>
<key name="increas"> 40,70, </key>
<key name="indefinite"> 37, </key>
<key name="indicat"> 40,121,100,71,105,92, </key>
<key name="indicator"> 5,121, </key>
<key name="individual"> 69,43,104,16,105,94,64, </key>
<key name="information"> 123,150,2,142,124,31,133,40,111,126,25,8,10,27,28,65,66,84,30,60,36,43,33,106,90,18,19,109,21,131,61,51,34,73,53,93,22,45,70,147,74,64,54,24, </key>
<key name="initial"> 136,82,49, </key>
<key name="input"> 65, </key>
<key name="insensitiv"> 65,113, </key>
<key name="insert"> 56,43,63, </key>
<key name="insid"> 81, </key>
<key name="instal"> 40,103, </key>
<key name="install"> 40, </key>
<key name="instanc"> 110,111,11,13,113,17,116, </key>
<key name="instant"> 69,25,71,145, </key>
<key name="instead"> 142,133,113,51, </key>
<key name="integrat"> 150,84,145,87, </key>
<key name="interact"> 150,84,75, </key>
<key name="interest"> 47, </key>
<key name="interfac"> 84,113,88,90,134,145,70, </key>
<key name="internal"> 123,40,10,131,61,51,34,73,53, </key>
<key name="internet"> 78,80,41,140,43,134,145, </key>
<key name="interpret"> 0,65,113, </key>
<key name="interval"> 100,145, </key>
<key name="invit"> 2,12,19,20,23, </key>
<key name="invitation"> 0,1,2,8,9,10,17,18,19,22, </key>
<key name="isn"> 85, </key>
<key name="issu"> 45, </key>
<key name="italic"> 63, </key>
<key name="item"> 76,110,77,119,40,79,112,83,120,13,121,84,67,86,103,113,114,90,116,109,145,85,95,70,118,122,117, </key>
<key name="itself"> 68, </key>
<key name="jan"> 67, </key>
<key name="jdo"> 60, </key>
<key name="jo"> 113,35, </key>
<key name="job"> 69,25,137,141, </key>
<key name="john"> 133,137,113,147, </key>
<key name="jpeg"> 110,40,103,116, </key>
<key name="jpg"> 39,40,74, </key>
<key name="js123"> 35, </key>
<key name="jsmith"> 35, </key>
<key name="junk"> 84,90,145,53,85,54,72,87, </key>
<key name="just"> 71,33,113,114,116,64, </key>
<key name="kb"> 111,113, </key>
<key name="keep"> 123,31,7,65,88,144,63,74, </key>
<key name="key"> 69,79,46,75,96, </key>
<key name="keyboard"> 145,75,96, </key>
<key name="keyword"> 58,113,114,117, </key>
<key name="kilobyt"> 113, </key>
<key name="know"> 142,8,10,42,100,71,60,33,114,18,19,131,61,34,73,53,46,62,35, </key>
<key name="known"> 8,103,18,19,21,148, </key>
<key name="label"> 79, </key>
<key name="languag"> 113,114,145,117, </key>
<key name="larg"> 111,65,121,102,113,88,145,85,74,72, </key>
<key name="last"> 0,111,25,41,28,37,67,32,43,114,46,149, </key>
<key name="latest"> 142, </key>
<key name="launch"> 150,40, </key>
<key name="layout"> 56,58,99,63, </key>
<key name="leaf"> 65,68, </key>
<key name="learn"> 114,117, </key>
<key name="least"> 45,47, </key>
<key name="leav"> 150,77,65,67,140, </key>
<key name="left"> 77,119,5,84,86,129,114,107,85,95,70,35,117, </key>
<key name="length"> 124,139,145, </key>
<key name="lenient"> 43, </key>
<key name="les"> 121,113, </key>
<key name="let"> 123,150,1,142,31,40,5,41,137,8,84,71,33,114,145,47,63,117,74,96, </key>
<key name="letter"> 136,131, </key>
<key name="level"> 76,59,81,88,61,53,63,74, </key>
<key name="lick"> 105, </key>
<key name="lif"> 69,137,141, </key>
<key name="light"> 50, </key>
<key name="lik"> 82,28,43,145, </key>
<key name="like"> 37,67, </key>
<key name="limit"> 111,88,24, </key>
<key name="lin"> 124,31,110,39,40,79,112,41,26,65,42,37,71,36,43,114,105,108,145,68,74, </key>
<key name="link"> 69,98,40,58,8,99,60,140,93,70,48,63,74,64,87, </key>
<key name="list"> 76,123,69,150,2,55,130,50,3,124,31,133,77,119,5,111,57,126,136,125,127,7,25,41,81,26,137,8,10,128,27,12,28,29,66,121,30,37,67,32,71,60,141,36,129,43,38,33,114,105,17,52,90,18,19,116,109,145,131,61,51,34,73,53,132,93,85,22,45,70,46,47,122,35,63,117,24,87,96, </key>
<key name="literal"> 117, </key>
<key name="local"> 113,88,144, </key>
<key name="locat"> 39,79,32,15, </key>
<key name="location"> 2,81,8,36,86,103,18,19,20,21,23, </key>
<key name="log"> 69,142,133,78,80,82,100,139,71,140,88,106,146,145,51,85,74,87, </key>
<key name="login"> 80,136,140,145, </key>
<key name="long"> 57,27,140,33,97,113,88,70,47, </key>
<key name="look"> 4,41,65,100,71,88, </key>
<key name="los"> 43,134, </key>
<key name="lot"> 143, </key>
<key name="low"> 123,105,109,70, </key>
<key name="m"> 65, </key>
<key name="mac"> 75, </key>
<key name="macintosh"> 78, </key>
<key name="mail"> 76,69,55,50,3,142,31,39,40,79,135,59,25,41,26,137,82,10,27,99,65,66,121,84,42,37,67,100,140,101,143,103,43,104,97,113,114,88,105,106,107,108,146,52,90,44,134,116,91,144,145,61,51,34,73,53,85,95,45,70,147,47,122,35,148,74,54,72,75,87,96, </key>
<key name="mailbox"> 69,50,31,4,98,80,59,81,137,82,67,71,140,141,36,143,88,144,145,51,53,93,94,45,74,54,87, </key>
<key name="main"> 68, </key>
<key name="maintain"> 69,30,63, </key>
<key name="majority"> 103, </key>
<key name="mak"> 150,0,110,126,10,13,99,28,113,114,17,109,131,61,51,34,73,53,22,48,63,117,23,74, </key>
<key name="malform"> 65, </key>
<key name="man"> 46, </key>
<key name="manag"> 123,69,1,57,137,10,141,36,145,131,61,51,34,73,53,54, </key>
<key name="manageabl"> 88, </key>
<key name="management"> 66, </key>
<key name="manual"> 85,95, </key>
<key name="mark"> 77,126,65,84,67,101,113,106,108,17,90,145,68,54, </key>
<key name="markup"> 145, </key>
<key name="martin"> 110, </key>
<key name="mat"> 122, </key>
<key name="match"> 2,110,40,112,26,8,28,65,66,37,67,113,18,19,109,131,46,117,68,24, </key>
<key name="maximum"> 139,145,147,74,24, </key>
<key name="mb"> 111, </key>
<key name="mean"> 5,112,65,66,37,113,45, </key>
<key name="meant"> 78, </key>
<key name="mechanism"> 150,84, </key>
<key name="media"> 40, </key>
<key name="medium"> 122, </key>
<key name="meet"> 123,150,0,2,124,110,8,10,13,67,113,17,18,19,20,21,22, </key>
<key name="meeting"> 69,0,1,2,8,10,12,13,16,19,20,21, </key>
<key name="megabyt"> 113, </key>
<key name="member"> 26, </key>
<key name="mention"> 69, </key>
<key name="menu"> 31,77,119,28,67,101,114,106,90,19,94,70,35,74, </key>
<key name="merg"> 56, </key>

</ftswdata>  
