<?xml version='1.0' encoding='windows-1252' ?>
<ftswdata>
<key name="work"> 1,52,6,21,7,41,30,99,100,95,87,102,108,109,88,110,111, </key>
<key name="workgroup"> 87, </key>
<key name="workspac"> 59, </key>
<key name="workstation"> 33,74, </key>
<key name="would"> 81,90,83,22,41,42,30,44,84,85,87,102,20, </key>
<key name="writ"> 2, </key>
<key name="written"> 77,102,110, </key>
<key name="x"> 81, </key>
<key name="x111"> 104, </key>
<key name="xl"> 33,87, </key>
<key name="xyz"> 38, </key>
<key name="y"> 81, </key>
<key name="yahoo"> 44,109,111, </key>
<key name="year"> 8,87, </key>
<key name="yellow"> 4, </key>
<key name="yes"> 3,92, </key>
<key name="yet"> 56, </key>
<key name="york"> 17,8, </key>
<key name="your"> 0,50,2,1,46,107,3,26,4,32,70,33,52,82,6,53,13,97,96,21,22,34,17,54,8,41,10,12,71,24,42,43,56,25,30,44,72,98,99,100,29,49,101,74,36,14,75,68,69,84,85,60,76,78,77,15,103,62,37,95,86,16,79,87,80,63,89,102,64,65,57,67,19,94,47,104,38,39,20,40,93,28,88,110,5,48,59,111, </key>
<key name="yourself"> 17,16, </key>
<key name="yyyy"> 84, </key>
<key name="zc"> 106, </key>
<key name="zero"> 45, </key>
<key name="zimbra"> 2,1,46,107,70,33,52,82,6,53,34,54,10,71,56,25,98,99,100,29,73,49,101,69,84,85,60,15,103,62,95,89,102,65,57,67,19,47,28,88,110,106,48,59,111, </key>
<key name="zimlet"> 107,82,56,108,109,110,59,111, </key>
<key name="zip"> 70,33,49,74, </key>
<key name="zon"> 17,8,102, </key>

</ftswdata>  
