<?xml version='1.0' encoding='windows-1252' ?>
<ftswdata>
<key name="doubl"> 0,67,38,13,26,34,91,93,78,21,111,33, </key>
<key name="down"> 2,67,17,8,26,58,121,123,102,16,104,97,124,81,62,43,111,105,22,85, </key>
<key name="download"> 38,68, </key>
<key name="draft"> 39,73,96,79,42,114,74,76,85, </key>
<key name="drag"> 0,66,108,13,25,72,75,96,74,20,62,21, </key>
<key name="drop"> 66,2,108,17,72,26,58,59,121,75,102,96,16,104,97,20,62,105,22, </key>
<key name="du"> 112, </key>
<key name="e"> 87,119,64,85, </key>
<key name="easi"> 49,88,55,105, </key>
<key name="eastern"> 17,8, </key>
<key name="easy"> 21,55, </key>
<key name="ed"> 44, </key>
<key name="edit"> 61,4,48,10,26,58,28,122,15,79,42,52,107,32,43,53,54,45,55,56,22,85, </key>
<key name="editor"> 38,49,125,53,54,55,56, </key>
<key name="edward"> 43, </key>
<key name="effect"> 126, </key>
<key name="eight"> 4, </key>
<key name="eith"> 0,2,98,48,49,39,17,8,9,10,72,88,73,35,31,101,15,103,16,18,104,125,52,32,74,44,33,55,56,63,65,85, </key>
<key name="element"> 53, </key>
<key name="eligibl"> 41, </key>
<key name="els"> 40, </key>
<key name="email"> 0,2,1,130,46,3,29,113,37,87,38,99,48,69,13,23,39,17,24,117,8,71,9,10,11,88,26,57,58,110,73,28,59,51,120,121,34,122,64,75,123,91,41,86,101,102,77,94,95,15,114,16,18,104,19,124,125,52,32,81,20,112,43,33,128,56,22,63,65,85, </key>
<key name="embed"> 56, </key>
<key name="employe"> 41, </key>
<key name="empty"> 86,77,74,84,63, </key>
<key name="enabl"> 29,39,122,123,94,95,97,80,124,125,127,128,22, </key>
<key name="end"> 38,17,8,101,95,16,104,125,21, </key>
<key name="enforc"> 77, </key>
<key name="engineer"> 127, </key>
<key name="enough"> 123, </key>
<key name="ent"> 0,2,113,108,116,49,7,23,39,17,70,24,117,8,71,10,26,58,40,51,120,123,102,16,104,97,19,52,32,82,43,44,21,111,33,128,65,85, </key>
<key name="enter"> 0,113,49,26,103,22, </key>
<key name="entir"> 28,35,75,92,44, </key>
<key name="entri"> 28,91,22, </key>
<key name="entry"> 102,79,114, </key>
<key name="environment"> 38, </key>
<key name="equipment"> 2,18, </key>
<key name="erica"> 43, </key>
<key name="erica878"> 43, </key>
<key name="error"> 113,112, </key>
<key name="esc"> 43,85, </key>
<key name="escap"> 60,85, </key>
<key name="establish"> 51, </key>
<key name="etc"> 99,106,55,105,65, </key>
<key name="ev"> 59, </key>
<key name="evaluat"> 59, </key>
<key name="evaluation"> 57,59, </key>
<key name="even"> 38,39,88,57,35,59,119,34,91,33, </key>
<key name="event"> 0,2,1,61,4,17,58,16, </key>
<key name="eventual"> 68, </key>
<key name="every"> 8,59,89,120,125,112,76, </key>
<key name="everyon"> 24,95,33, </key>
<key name="ex"> 38,64, </key>
<key name="exact"> 0,100,57,64,41,101,79,127,60, </key>
<key name="exampl"> 66,113,98,87,38,69,100,7,50,17,70,117,8,71,26,57,58,35,59,89,51,120,101,102,95,104,52,127,43,54,111,33,55,105,60, </key>
<key name="excel"> 87,101,104,105, </key>
<key name="except"> 0,108,17,8,12,101,78,126,16,111,65, </key>
<key name="exception"> 101, </key>
<key name="exchang"> 61,95, </key>
<key name="execut"> 58,101,102,97,125,105, </key>
<key name="executabl"> 87,38,91, </key>
<key name="exist"> 66,50,23,70,57,35,79,112,54,55, </key>
<key name="expand"> 38,79, </key>
<key name="expect"> 114, </key>
<key name="expens"> 38, </key>
<key name="expir"> 119, </key>
<key name="explain"> 9,105, </key>
<key name="explanation"> 13, </key>
<key name="explor"> 68, </key>
<key name="export"> 27,125,22, </key>
<key name="extend"> 128, </key>
<key name="extension"> 38,64,104, </key>
<key name="external"> 10,52,32,55,56, </key>
<key name="extra"> 73, </key>
<key name="f"> 85, </key>
<key name="fac"> 55, </key>
<key name="facilitat"> 1,28, </key>
<key name="fact"> 43, </key>
<key name="fad"> 15, </key>
<key name="familiar"> 49,105, </key>
<key name="far"> 76, </key>
<key name="fast"> 41, </key>
<key name="favorit"> 82, </key>
<key name="fe"> 70,82, </key>
<key name="featur"> 1,61,130,99,69,24,73,28,59,34,122,123,91,92,101,102,126,114,97,125,83,62,127,43,21,111,55,105,128,22,65,76, </key>
<key name="feed"> 82, </key>
<key name="few"> 40,30,75,104,43, </key>
<key name="field"> 2,108,37,13,49,23,39,17,24,117,8,71,10,57,58,40,102,95,16,104,124,125,32,82,20,43,44, </key>
<key name="fil"> 61,98,37,87,38,49,7,23,27,57,40,59,30,64,91,41,92,101,102,77,96,104,125,32,55,105,56, </key>
<key name="filenam"> 38,101,104, </key>
<key name="fill"> 93, </key>
<key name="filt"> 115,100,57,58,59,93,126,79,125,74,60,63, </key>
<key name="filter"> 61,69,100,58,35,59,91,41,125,74,63, </key>
<key name="fin"> 74,63, </key>
<key name="finaliz"> 2, </key>
<key name="find"> 2,98,108,38,17,24,8,101,102,114,16,82,74,106,111,105,63, </key>
<key name="finish"> 58, </key>
<key name="firefox"> 68, </key>
<key name="first"> 2,1,68,6,23,39,117,26,58,121,34,91,41,101,102,93,126,104,19,125,20,43, </key>
<key name="fit"> 62, </key>
<key name="fiv"> 2,125, </key>
<key name="fix"> 113, </key>
<key name="flag"> 108,99,57,110,59,34,101,85, </key>
<key name="float"> 60, </key>
<key name="focu"> 85, </key>
<key name="fold"> 66,46,3,113,67,99,48,69,50,39,70,117,71,10,25,72,57,58,73,35,59,89,34,122,75,86,101,77,93,96,78,79,42,114,103,80,125,52,107,32,82,74,84,63,76,85, </key>
<key name="folder"> 66,61,113,99,69,50,70,117,71,72,57,58,73,35,89,34,75,86,77,96,78,79,125,82,74,62,111,76, </key>
<key name="follow"> 0,2,1,113,98,67,38,99,6,17,117,8,10,57,58,73,35,51,41,101,77,114,16,104,52,107,32,74,62,43,111,105,65,76,85, </key>
<key name="font"> 47,39,125,55, </key>
<key name="forev"> 72, </key>
<key name="forget"> 118,77, </key>
<key name="format"> 37,38,49,39,117,88,27,30,92,101,125,53,54,55,56, </key>
<key name="forth"> 95,62, </key>
<key name="forward"> 61,113,99,117,40,35,121,122,78,79,124,125,111,85, </key>
<key name="four"> 8, </key>
<key name="fragment"> 93, </key>
<key name="fram"> 99, </key>
<key name="fre"> 2,1,61,100,17,8,16,18,19,5,60,22, </key>
<key name="friday"> 6,41, </key>
<key name="friend"> 117, </key>
<key name="full"> 1,61,29,48,10,57,120,102,77,52,107,32,112,43,22,76, </key>
<key name="function"> 7,62,55, </key>
<key name="functionality"> 55, </key>
<key name="furth"> 67,8,59, </key>
<key name="futur"> 73, </key>
<key name="fwd"> 35, </key>
<key name="g"> 87,85, </key>
<key name="gal"> 24,26,28,102, </key>
<key name="general"> 68,116,64,41,125,65,85, </key>
<key name="generat"> 57,41,112, </key>
<key name="get"> 61,9,89,122,64,91, </key>
<key name="gif"> 37,38, </key>
<key name="gift"> 60, </key>
<key name="giv"> 9,58,55,56, </key>
<key name="global"> 39,17,8,28,102,16,33,105, </key>
<key name="go"> 2,130,17,117,8,71,27,57,58,89,30,34,16,125,83,127,105,65,85, </key>
<key name="good"> 68,94,54, </key>
<key name="got"> 90,93, </key>
<key name="goto"> 85, </key>
<key name="grammar"> 101, </key>
<key name="grant"> 46,3,10,51,52,107,32, </key>
<key name="grante"> 48,10,52,107,32,22, </key>
<key name="grantor"> 46,3,48,9,10,51,32, </key>
<key name="graphic"> 38, </key>
<key name="graphical"> 38,114, </key>
<key name="gray"> 23, </key>
<key name="great"> 101, </key>
<key name="green"> 4, </key>
<key name="group"> 1,69,23,24,10,26,58,35,59,34,93,125,52,107,32,54, </key>
<key name="grow"> 43, </key>
<key name="guest"> 10,52,32, </key>
<key name="gui"> 114, </key>
<key name="guidelin"> 68, </key>
<key name="h"> 85, </key>
<key name="habit"> 114, </key>
<key name="hand"> 108,73,75,74,84,62, </key>
<key name="handl"> 125,74,63, </key>
<key name="happen"> 35,119,77,43, </key>
<key name="hav"> 59,90, </key>
<key name="haven"> 64, </key>
<key name="head"> 29,99,49,23,117,57,59,51,121,91,101,94,95,79,5,60, </key>
<key name="header"> 99,57,41,79,62, </key>
<key name="heading"> 55, </key>
<key name="health"> 41, </key>
<key name="hello"> 101, </key>
<key name="help"> 61,74,63,65,76, </key>
<key name="her"> 2,38,17,73,94,104,125, </key>
<key name="hid"> 43, </key>
<key name="hierarchy"> 50, </key>
<key name="high"> 61,104, </key>
<key name="highlight"> 0,67,35,81,74,43,45,63, </key>
<key name="hint"> 54, </key>
<key name="holiday"> 50, </key>
<key name="hom"> 113,22,76, </key>
<key name="horizontal"> 17,8,16,19, </key>
<key name="host"> 113, </key>
<key name="hour"> 2,99,17,8,120,20, </key>
<key name="hov"> 0,130, </key>
<key name="how"> 47,116,23,35,120,90,41,14,86,77,93,95,125,54,55,105,128, </key>
<key name="htm"> 38, </key>
<key name="html"> 37,87,38,49,39,88,91,125,53,54,55,105,56,85, </key>
<key name="http"> 120, </key>
<key name="i"> 57,119,64,114,125,43,128,85, </key>
<key name="ical"> 7, </key>
<key name="icon"> 47,113,50,24,110,31,102,97,62,55,76, </key>
<key name="id"> 101, </key>
<key name="identify"> 113,24,59,121,122,124,125,62,55, </key>
<key name="identiti"> 117,121,122,125, </key>
<key name="identity"> 113,117,121, </key>
<key name="if"> 0,2,130,46,3,29,98,108,87,38,68,99,13,116,49,50,39,17,117,8,71,11,72,88,57,58,73,35,59,118,119,51,120,34,122,64,75,123,91,41,14,101,77,93,94,95,15,79,114,103,16,18,97,19,124,125,52,74,83,20,112,62,127,43,44,53,54,21,55,105,22,63,65,76,85, </key>

</ftswdata>  
