﻿<?xml version='1.0' encoding='utf-8' ?>
<!-- saved from url=(0014)about:internet -->
<ftswdata>
<key name="boxman"> 110, </key>
<key name="br"> 47, </key>
<key name="bracket"> 108, </key>
<key name="breakfast"> 112, </key>
<key name="briefcas"> 69,73,63,74, </key>
<key name="brink"> 46, </key>
<key name="brows"> 151,39,40,79,32,15,141,103,134,70,63,74,64,88, </key>
<key name="browser"> 40,79,81,141,146, </key>
<key name="browser'"> 79,104,113, </key>
<key name="buddi"> 69,71, </key>
<key name="buddy"> 69,71, </key>
<key name="budget"> 116, </key>
<key name="build"> 113,116, </key>
<key name="built"> 80, </key>
<key name="bullet"> 99,48, </key>
<key name="busines"> 146, </key>
<key name="busy"> 69,1,2,5,8,18,19,21, </key>
<key name="button"> 76,143,40,79,25,82,129,43,147,91,134,116,109,146,70,47,35,88, </key>
<key name="byt"> 111,113, </key>
<key name="cal"> 110,138,30,67,60,142,113,116,146,35,64, </key>
<key name="calendar"> 76,123,69,151,0,1,2,3,124,4,5,6,136,59,7,8,9,10,11,12,13,14,15,16,17,18,19,146,131,22,46,23,74,75,88, </key>
<key name="calendar'"> 4,16, </key>
<key name="california"> 8,19, </key>
<key name="call"> 151, </key>
<key name="cancel"> 57,11, </key>
<key name="cannot"> 76,98,57,137,59,82,10,27,84,65,30,104,97,113,107,91,146,131,61,34,73,53,86,45,63,117,74,24, </key>
<key name="capabiliti"> 69, </key>
<key name="capitalization"> 65, </key>
<key name="car"> 103,43, </key>
<key name="carbon"> 47, </key>
<key name="card"> 146,24, </key>
<key name="cas"> 65,60,141,103,113,107,46,117, </key>
<key name="casserol"> 65,68, </key>
<key name="categori"> 119,24, </key>
<key name="categoriz"> 80, </key>
<key name="caus"> 110,113,108,146,46, </key>
<key name="cc"> 31,110,111,25,65,42,67,113,114,108,22,46,47,35, </key>
<key name="cc'"> 47, </key>
<key name="cel"> 56, </key>
<key name="cell"> 56, </key>
<key name="central"> 51,64, </key>
<key name="certain"> 0,40,111,80,65,102,113,89,86,45,46,72, </key>
<key name="chanc"> 103, </key>
<key name="chang"> 1,50,143,133,4,6,57,126,81,135,137,136,58,41,8,83,10,13,28,37,67,71,60,141,36,101,105,106,108,147,52,134,19,109,92,146,131,61,34,73,53,94,22,70,46,49,63,117,23,74,24,75,88, </key>
<key name="charact"> 65,67,113,90,108,122,68, </key>
<key name="character"> 137,65,113,146,148,46,117,68, </key>
<key name="characteristic"> 69,80,67,102, </key>
<key name="charg"> 37, </key>
<key name="chat"> 69,146, </key>
<key name="check"> 76,69,55,3,31,133,110,5,79,111,126,58,7,25,41,82,138,99,29,66,67,141,102,144,113,18,116,146,78,49,149,24, </key>
<key name="checkbox"> 146, </key>
<key name="choic"> 66,17,91,70, </key>
<key name="choos"> 77,119,81,25,41,82,8,10,84,28,66,67,101,103,38,104,114,90,116,145,146,131,34,73,78,86,94,95,122,72, </key>
<key name="chos"> 146, </key>
<key name="chosen"> 4,42, </key>
<key name="cisco"> 151, </key>
<key name="claim"> 116, </key>
<key name="classification"> 122, </key>
<key name="classify"> 119,80,85,122, </key>
<key name="clear"> 86, </key>
<key name="click"> 76,69,151,0,1,2,55,130,50,3,143,124,31,56,133,77,119,39,40,79,57,126,81,137,136,58,59,125,127,7,25,41,82,26,138,8,10,128,27,84,120,11,12,13,28,29,14,66,121,85,42,100,32,15,60,141,36,101,87,129,144,103,43,38,104,33,16,97,113,114,105,106,90,108,17,147,52,91,44,134,115,18,19,109,21,145,146,131,61,34,73,53,93,132,78,86,94,95,22,70,148,46,47,62,49,122,35,63,23,149,74,72,75, </key>
<key name="clickabl"> 70, </key>
<key name="client"> 69,151,143,133,40,79,80,81,59,99,85,30,141,101,103,89,91,134,146,70,48,117,150,64,75,88,96, </key>
<key name="clip"> 98,40,103,63, </key>
<key name="clos"> 58,125,141,38,16,146,148,49, </key>
<key name="cod"> 4,40,5,99,113,114, </key>
<key name="collaboration"> 69,81,141,97,146,64, </key>
<key name="collective"> 67, </key>
<key name="colon"> 138,10,113,90,34,73,122, </key>
<key name="color"> 130,50,3,56,4,5,58,125,127,7,41,99,71,60,146,48,49,63, </key>
<key name="column"> 56,5,6,36,105,21,93,70,63,74, </key>
<key name="com"> 133,41,138,28,67,60,141,113,148,46,35, </key>
<key name="coma"> 146, </key>
<key name="combin"> 65,67,16, </key>
<key name="combination"> 65,96, </key>
<key name="comma"> 26,138,29,32,146,46, </key>
<key name="command"> 40,70,75, </key>
<key name="comment"> 17, </key>
<key name="commit"> 28,147, </key>
<key name="common"> 39,74, </key>
<key name="communicat"> 30, </key>
<key name="communication"> 69,71, </key>
<key name="company"> 2,137,7,25,26,30,67,43,116,35,117, </key>
<key name="company'"> 10,34,73, </key>
<key name="compar"> 66, </key>
<key name="comparison"> 112,65,66,68, </key>
<key name="complet"> 123,124,126,41,8,11,28,32,33,44,18,19,145,51,132,22,24, </key>
<key name="completion"> 123,27,46, </key>
<key name="complex"> 67,114,117, </key>
<key name="component"> 43, </key>
<key name="compos"> 69,2,133,39,58,41,138,27,85,42,142,108,91,44,134,92,146,61,53,86,148,47,48,35,63,24,75, </key>
<key name="compres"> 40, </key>
<key name="compression"> 40, </key>
<key name="comput"> 151,40,79,41,141,103,146,74, </key>
<key name="computer"> 40,103, </key>
<key name="concern"> 43, </key>
<key name="condition"> 112,65,66,67, </key>
<key name="conferenc"> 18, </key>
<key name="confidential"> 1,2,19, </key>
<key name="configur"> 69,143,56,133,40,81,41,138,140,141,142,144,43,97,20,146,131,86,63, </key>
<key name="configuration"> 137,138,85,146, </key>
<key name="confirm"> 0,137, </key>
<key name="confirmation"> 55,130,50,3,41,12,74, </key>
<key name="conflict"> 20,74, </key>
<key name="connect"> 143, </key>
<key name="connection"> 143,133,81,141,146, </key>
<key name="consider"> 110,65,37,67,101,103,113,68, </key>
<key name="consist"> 2,30,67,36,43, </key>
<key name="consistent"> 63, </key>
<key name="consum"> 89, </key>
<key name="contact"> 76,123,69,143,124,31,119,98,111,137,25,41,26,8,27,28,29,65,30,139,32,71,43,33,114,107,91,18,19,116,109,146,34,86,22,45,46,122,35,117,24,72,75, </key>
<key name="contact'"> 71,22,46, </key>
<key name="contain"> 110,98,40,111,137,136,112,26,99,65,85,30,67,100,36,101,102,103,43,113,114,105,17,116,109,92,51,93,118,68, </key>
<key name="content"> 123,151,124,56,77,119,98,111,57,126,58,41,83,128,84,85,36,103,43,113,105,115,116,146,131,61,51,34,73,53,93,132,78,86,45,118,62,63,117,64,54,24,88, </key>
<key name="content:banana"> 113, </key>
<key name="context"> 37, </key>
<key name="continu"> 66,37,140,134,46, </key>
<key name="contradictory"> 67, </key>
<key name="control"> 77,119,88, </key>
<key name="convenienc"> 30,70, </key>
<key name="convention"> 70, </key>
<key name="conversation"> 69,31,119,80,121,37,100,71,36,101,87,38,104,105,108,91,109,146,94,22,70,122,88, </key>
<key name="convert"> 98,117, </key>
<key name="cook"> 112, </key>
<key name="copi"> 65,92,146,47,74,54, </key>
<key name="copy"> 65,145,61,51,53,86,47,54, </key>
<key name="copyright"> 150, </key>
<key name="corn"> 62, </key>
<key name="corporat"> 66,30,114,45,35, </key>
<key name="corporation"> 148, </key>
<key name="correct"> 124,133,40,66,146,45,49,35, </key>
<key name="correction"> 49, </key>
<key name="correctnes"> 25, </key>
<key name="correspond"> 67,142,103,146,46, </key>
<key name="could"> 40,59,82,28,65,66,37,67,103,43,114,116,61,53,148,35,74, </key>
<key name="count"> 85, </key>
<key name="couri"> 63, </key>
<key name="creat"> 76,123,69,151,0,1,2,143,124,56,133,4,110,119,39,40,80,136,58,59,125,127,7,25,41,82,26,138,8,83,10,27,12,13,66,85,67,32,15,60,142,129,103,113,114,91,44,115,18,19,116,146,131,61,51,34,73,53,78,86,22,148,48,62,122,63,117,23,149,74,64,54,24,75,88,96, </key>
<key name="creator"> 74, </key>
<key name="criteria"> 110,111,28,37,113,116,109, </key>
<key name="criterion"> 113, </key>
<key name="csv"> 29,32,34, </key>
<key name="current"> 77,65,67,71,103,113,70,46,117,149,75,88, </key>
<key name="cursor"> 31,85,105,91,146,93,86,70,46,24, </key>
<key name="custom"> 69,82,8,84,65,37,146,88, </key>
<key name="customiz"> 55,130,3,57,8,83, </key>
<key name="d"> 46, </key>
<key name="dai"> 8,16, </key>
<key name="dal"> 46, </key>
<key name="dat"> 123,151,0,124,111,8,13,65,37,43,113,18,19,20,116,146,132,22,117,74,75, </key>
<key name="data"> 114, </key>
<key name="databas"> 63, </key>
<key name="david"> 46, </key>
<key name="day"> 0,1,2,4,5,6,8,37,141,16,89,18,146,86,23,72,75, </key>
<key name="day'"> 6, </key>
<key name="db"> 46, </key>
<key name="dbrink"> 46, </key>
<key name="dd"> 113, </key>
<key name="de"> 77, </key>
<key name="decemb"> 116, </key>
<key name="decid"> 42, </key>
<key name="declin"> 130,50,9,10,17,20, </key>
<key name="decreas"> 70, </key>
<key name="ded"> 46, </key>
<key name="deep"> 5, </key>
<key name="default"> 123,1,133,81,135,58,25,41,83,12,29,65,85,30,100,141,142,36,113,105,106,108,147,115,92,146,86,94,46,48,74,24, </key>
<key name="defaulttim"> 146, </key>
<key name="defin"> 76,123,2,56,111,41,82,67,90,116,146,131, </key>
<key name="definition"> 116,122, </key>
<key name="delegat"> 69,1,51, </key>
<key name="delet"> 76,133,77,57,10,128,27,84,120,11,12,13,65,85,67,97,89,107,17,91,44,92,145,146,131,51,34,73,53,86,95,64,54,24,72, </key>
<key name="delimit"> 146, </key>
<key name="deliver"> 143,65,67,102,45, </key>

</ftswdata>  
