<?xml version='1.0' encoding='windows-1252' ?>
<ftswdata>
<key name="meeting"> 46,0,42,11,14,6,8,10,92, </key>
<key name="megabyt"> 79, </key>
<key name="menu"> 23,48,85,40,70,80,60,97,64,43,24, </key>
<key name="messag"> 76,47,0,42,1,23,85,28,67,29,90,78,50,18,30,7,8,52,68,92,38,39,87,53,31,21,26,40,69,55,25,70,45,56,96,71,32,27,72,66,79,80,58,73,75,74,12,60,33,82,83,77,61,97,64,89,43,99,34,35,36,88,24,84,100,44,57, </key>
<key name="met"> 39, </key>
<key name="method"> 50,70, </key>
<key name="microsoft"> 28,29,49,71,79,82,83, </key>
<key name="middl"> 90,41, </key>
<key name="might"> 90,78,45,79,74,89,34,88,41,44, </key>
<key name="migrat"> 53, </key>
<key name="mik"> 26, </key>
<key name="mini"> 0,78, </key>
<key name="minm"> 79, </key>
<key name="minu"> 39, </key>
<key name="minut"> 14,6, </key>
<key name="miscellaneou"> 53, </key>
<key name="mission"> 32, </key>
<key name="mix"> 82, </key>
<key name="mm"> 38,79, </key>
<key name="mod"> 68,15, </key>
<key name="modifi"> 20, </key>
<key name="monday"> 4, </key>
<key name="money"> 41, </key>
<key name="month"> 0,78,4,6, </key>
<key name="mous"> 47,23,90,17,73,60,62,43,3, </key>
<key name="mov"> 47,48,50,17,52,38,26,40,54,56,75,60,24,44, </key>
<key name="movabl"> 43, </key>
<key name="movi"> 29, </key>
<key name="mozilla"> 49, </key>
<key name="mpeg"> 29, </key>
<key name="mpg"> 29, </key>
<key name="much"> 28,58, </key>
<key name="multi"> 13, </key>
<key name="multipl"> 76,42,48,85,78,17,5,38,39,40,72,13,88,3, </key>
<key name="must"> 76,28,91,37,20,38,39,26,40,95,55,71,79,80,98,97, </key>
<key name="my"> 90,37,38,40,79, </key>
<key name="myra"> 95, </key>
<key name="myra123"> 95, </key>
<key name="nam"> 76,1,23,48,85,17,5,18,30,14,51,6,8,19,86,20,38,39,53,21,40,69,95,32,79,80,58,73,59,74,60,81,13,83,77,97,63,43,34,35,88,24,3,57, </key>
<key name="navigat"> 90, </key>
<key name="navigation"> 57, </key>
<key name="ne"> 29,90,6,68,15, </key>
<key name="near"> 38, </key>
<key name="need"> 28,30,87,58,24, </key>
<key name="negativ"> 40, </key>
<key name="network"> 71, </key>
<key name="nev"> 82,89, </key>
<key name="new"> 42,23,48,85,28,29,91,17,5,18,30,51,6,39,53,31,26,40,69,70,56,96,32,79,73,74,12,98,60,33,82,97,63,99,34,35,88,24,84, </key>
<key name="newest"> 73, </key>
<key name="next"> 18,14,6,39,53,40,69,32,73,13,82,64,43,88, </key>
<key name="non"> 38, </key>
<key name="normal"> 38,33,41, </key>
<key name="not"> 85,28,29,17,18,52,53,55,79,80,75,74,82,83,43,36,84, </key>
<key name="notab"> 29, </key>
<key name="notepad"> 29, </key>
<key name="noth"> 48, </key>
<key name="notic"> 1,12, </key>
<key name="notifi"> 96, </key>
<key name="notification"> 29,8,69,25,45,96,58,12,97, </key>
<key name="notify"> 8, </key>
<key name="numb"> 29,17,87,53,69,25,79,80,58,73,74,83,97,43,44, </key>
<key name="number"> 78,17,92, </key>
<key name="nut"> 82, </key>
<key name="object"> 78,79,84, </key>
<key name="occur"> 94,74, </key>
<key name="occurrenc"> 11, </key>
<key name="off"> 49,87,40,94,95,97,64,100,57, </key>
<key name="offer"> 42,25,84, </key>
<key name="offic"> 28,83,97,100, </key>
<key name="often"> 91, </key>
<key name="ok"> 85,11,91,5,14,51,6,8,39,56,81,13,63,15,88,24, </key>
<key name="old"> 28,91,26,66,58,74, </key>
<key name="omit"> 38,97, </key>
<key name="on"> 76,47,0,42,48,85,29,78,4,50,11,51,38,39,53,26,40,25,56,32,79,73,82,83,62,89,43,35,15,88,3,41,57, </key>
<key name="onc"> 2,48,85,87,22,25,64,100, </key>
<key name="ongo"> 74, </key>
<key name="onto"> 85, </key>
<key name="open"> 76,0,42,1,48,28,67,29,78,4,11,18,30,14,51,6,20,39,31,26,95,70,71,72,73,74,12,33,81,13,82,77,63,99,15,24,84, </key>
<key name="operat"> 90, </key>
<key name="operator"> 38,41, </key>
<key name="oppos"> 90, </key>
<key name="opt"> 29, </key>
<key name="option"> 76,0,23,85,67,4,16,91,17,37,30,14,6,7,68,38,39,40,54,25,74,98,13,77,61,97,64,15,84,57, </key>
<key name="optional"> 42,1,14,6,68,31,32,13, </key>
<key name="ord"> 76,85,18,39,26,40,95,58,98,62, </key>
<key name="order"> 26, </key>
<key name="organiz"> 47,42,50,92, </key>
<key name="organization"> 8,21,22,69,45,24, </key>
<key name="original"> 10,31,25,74,97,89,36, </key>
<key name="originator"> 9, </key>
<key name="other"> 0,38,71, </key>
<key name="otherwis"> 87,73,35, </key>
<key name="out"> 49,50,17,38,94,97,100, </key>
<key name="outbound"> 97, </key>
<key name="outgo"> 97,99, </key>
<key name="outlook"> 53, </key>
<key name="outsid"> 71, </key>
<key name="overrid"> 97, </key>
<key name="overview"> 47,85,51,53,81,63,88,57, </key>
<key name="own"> 42,92, </key>
<key name="pacific"> 6, </key>
<key name="packag"> 28, </key>
<key name="pag"> 29,11,30,22,72,97,43,15,57, </key>
<key name="paint"> 29, </key>
<key name="pan"> 76,47,85,78,16,5,18,51,86,53,31,25,56,73,12,81,82,77,97,62,63,64,65,43,88,84,57, </key>
<key name="panel"> 73, </key>
<key name="parent"> 51, </key>
<key name="parenthes"> 53,69,73, </key>
<key name="part"> 29,39,26,32,79,74,89, </key>
<key name="particular"> 42,40,79,62,84, </key>
<key name="partner"> 42, </key>
<key name="pas"> 23,17,73,60,62,43, </key>
<key name="password"> 91,92,93,95,98,97, </key>
<key name="past"> 63,99, </key>
<key name="pattern"> 6, </key>
<key name="pdf"> 76,67,29,79,82, </key>
<key name="peopl"> 46,0,8,40,79,43,100, </key>
<key name="per"> 97, </key>
<key name="perform"> 76,48,78,60,83,43, </key>
<key name="performanc"> 42, </key>
<key name="perhap"> 40,77, </key>
<key name="period"> 29,94,66,65,100,44, </key>
<key name="periodical"> 94, </key>
<key name="permission"> 42,8, </key>
<key name="permit"> 29, </key>
<key name="person"> 1,23,28,17,30,8,74,60,100, </key>
<key name="personal"> 0,42,17,5,8,20,92,22,40,71,80,60,77,43,88,24,84, </key>
<key name="phon"> 78,17,92,79,80, </key>
<key name="photoshop"> 29, </key>
<key name="phras"> 39,82,83, </key>
<key name="pick"> 14,6, </key>
<key name="pictur"> 28, </key>
<key name="plac"> 67,51,38,53,45,56,73,65,44, </key>
<key name="placehold"> 41, </key>
<key name="plain"> 30,68,97, </key>
<key name="plu"> 83,89, </key>
<key name="plug"> 29, </key>
<key name="pm"> 14,6, </key>
<key name="podcast"> 63, </key>
<key name="point"> 23,67,71,80,57, </key>
<key name="polici"> 29,66, </key>
<key name="policy"> 67,45,79,58, </key>
<key name="pop"> 90,8,60,36, </key>
<key name="popular"> 49, </key>
<key name="populat"> 18,74, </key>
<key name="popup"> 36, </key>
<key name="portion"> 90,38,79,60,34,24, </key>
<key name="possib"> 44, </key>
<key name="possibl"> 90,82,34, </key>
<key name="post"> 8, </key>
<key name="potential"> 49, </key>
<key name="powerful"> 80, </key>
<key name="powerpoint"> 67,83, </key>
<key name="pr"> 78,18,51,52, </key>
<key name="practic"> 49,71, </key>
<key name="preced"> 38, </key>
<key name="pref"> 15, </key>
<key name="preferenc"> 16,54,74,98,97, </key>
<key name="prefix"> 79,74,97, </key>
<key name="pres"> 34, </key>
<key name="presenc"> 38,40, </key>
<key name="preserv"> 31,58,74, </key>
<key name="president"> 99, </key>
<key name="presum"> 32, </key>
<key name="prevent"> 38,40, </key>
<key name="previou"> 48,39,53,74,97, </key>
<key name="previous"> 78,79,82, </key>
<key name="primary"> 97,35, </key>
<key name="print"> 0,48,27,72, </key>
<key name="priority"> 82,88, </key>
<key name="privacy"> 95, </key>
<key name="privileg"> 8, </key>
<key name="problem"> 91,89, </key>
<key name="proce"> 39, </key>
<key name="procedur"> 82, </key>
<key name="proces"> 28,71,83, </key>
<key name="processor"> 28, </key>
<key name="produc"> 79, </key>
<key name="program"> 28,29,32, </key>
<key name="project"> 26, </key>
<key name="prompt"> 29,90, </key>
<key name="properti"> 2,8, </key>
<key name="protect"> 95, </key>
<key name="provid"> 29,50,95,32,63,89,88, </key>
<key name="purg"> 52,66,58,75,65,44, </key>
<key name="purpl"> 85, </key>
<key name="put"> 26,79, </key>
<key name="queri"> 53,79,80,81,84, </key>
<key name="query"> 76,85,78,92,79,80,81,77,97,84, </key>
<key name="question"> 49,41, </key>
<key name="quick"> 46,0,23,85,50,80,12,77,15,84, </key>
<key name="quickadd"> 46,0,15, </key>
<key name="quot"> 85,79,59,97,88, </key>
<key name="quota"> 58,57, </key>
<key name="radio"> 82,77, </key>
<key name="rang"> 82, </key>
<key name="rath"> 41, </key>
<key name="re"> 26,98,64,84, </key>
<key name="reach"> 17,40,44, </key>
<key name="read"> 42,28,29,78,68,38,26,40,70,71,32,72,79,73,12,60,97,64,99,35,84, </key>
<key name="readabl"> 83, </key>
<key name="ready"> 28, </key>
<key name="reason"> 45,89, </key>
<key name="receiv"> 47,1,29,78,50,17,30,22,26,25,45,96,71,79,58,12,82,64,89,44, </key>
<key name="recent"> 28,25, </key>
<key name="recipient"> 42,28,50,31,40,32,79,74,89,35,24,100, </key>
<key name="recogniz"> 29, </key>
<key name="recommend"> 71, </key>
<key name="record"> 20, </key>
<key name="recov"> 52,75, </key>
<key name="recover"> 75, </key>
<key name="recur"> 46,0,11,6, </key>
<key name="recurrenc"> 6, </key>

</ftswdata>  
