<?xml version='1.0' encoding='windows-1252' ?>
<ftswdata>
<key name="chang"> 1,4,6,46,13,111,110,47,38,17,8,69,10,86,25,34,57,49,33,88,91,92,118,109,94,78,117,50,103,31,81,20,60,42,21,44,53,102,22,74,83, </key>
<key name="charact"> 57,76,92,107,58, </key>
<key name="character"> 111,98,42,102,58, </key>
<key name="characteristic"> 59,67,57,62, </key>
<key name="charg"> 34, </key>
<key name="check"> 3,28,95,66,96,47,7,23,38,68,86,26,56,57,87,114,62,115,16,101,117,80,119,44,120,5,22,83, </key>
<key name="choic"> 56,15,77,60, </key>
<key name="choos"> 1,65,104,111,110,48,23,38,68,8,10,70,25,56,57,114,88,89,35,90,99,75,76,101,116,117,31,72,81,82,107,61,74, </key>
<key name="chooser"> 66, </key>
<key name="chos"> 117, </key>
<key name="chosen"> 4,39, </key>
<key name="cisco"> 122, </key>
<key name="claim"> 101, </key>
<key name="classification"> 107, </key>
<key name="classify"> 104,67,71,107, </key>
<key name="clear"> 72,61, </key>
<key name="click"> 0,64,2,1,59,122,3,28,45,65,104,36,37,46,13,111,110,47,7,48,23,38,17,68,8,10,24,11,12,70,105,86,25,26,56,106,71,39,87,29,49,114,33,88,73,115,89,40,14,35,90,30,84,98,99,75,91,76,92,15,118,77,41,109,100,16,94,19,116,50,31,79,80,72,81,82,20,60,119,42,43,51,21,44,107,32,53,120,61,63,83, </key>
<key name="clickabl"> 60, </key>
<key name="client"> 59,122,37,66,67,48,86,71,27,114,33,88,89,75,77,109,117,103,60,102,63,74,83, </key>
<key name="clip"> 85,37,89, </key>
<key name="clos"> 110,114,14,35,109,44,83, </key>
<key name="cod"> 4,37,86,99,5, </key>
<key name="collaboration"> 59,66,84,54, </key>
<key name="collective"> 57, </key>
<key name="colon"> 10,76,31,107, </key>
<key name="color"> 3,45,4,47,7,38,86,49,117,44,53,5, </key>
<key name="column"> 1,45,66,6,111,110,48,114,33,91,19,79,60,53,5, </key>
<key name="com"> 38,25,57,49,114,98,119,42,32, </key>
<key name="combin"> 55,57,14, </key>
<key name="combination"> 55, </key>
<key name="comma"> 26,29,117,42, </key>
<key name="command"> 37,73,60,63, </key>
<key name="comment"> 15, </key>
<key name="commit"> 25,118, </key>
<key name="common"> 36, </key>
<key name="communicat"> 27, </key>
<key name="company"> 2,111,7,23,10,27,57,40,101,31,32, </key>
<key name="compar"> 56, </key>
<key name="comparison"> 97,55,56,58, </key>
<key name="complet"> 38,17,8,11,25,29,30,41,16,116,20,53,22, </key>
<key name="completion"> 24,42, </key>
<key name="complex"> 57,99,102, </key>
<key name="component"> 40, </key>
<key name="compos"> 2,59,36,47,38,24,86,71,39,92,77,41,109,117,50,72,119,43,32,53,22,63,83, </key>
<key name="compound"> 98, </key>
<key name="compres"> 37, </key>
<key name="compression"> 37, </key>
<key name="comput"> 122,37,66,38,114,89,117, </key>
<key name="computer"> 37,89, </key>
<key name="concern"> 40, </key>
<key name="condition"> 97,55,56,57, </key>
<key name="conferenc"> 16, </key>
<key name="configur"> 45,37,38,113,115,40,84,18,117,72,53,61,74, </key>
<key name="configuration"> 71, </key>
<key name="confirm"> 0,111, </key>
<key name="confirmation"> 3,38, </key>
<key name="conflict"> 18, </key>
<key name="consider"> 95,55,34,57,88,89,58, </key>
<key name="consist"> 2,27,57,33,40,52,53, </key>
<key name="consistent"> 53, </key>
<key name="constrain"> 98, </key>
<key name="constraint"> 20, </key>
<key name="consum"> 75, </key>
<key name="contact"> 59,28,104,85,96,111,110,23,38,17,8,24,25,26,55,27,112,29,40,30,99,93,77,16,101,94,117,103,31,72,20,108,119,42,107,32,102,22,61,63,83, </key>
<key name="contain"> 59,95,85,37,96,110,97,86,55,71,27,57,87,33,88,62,89,40,98,99,91,15,101,94,78,79,58, </key>
<key name="content"> 122,45,65,104,85,96,46,47,38,69,70,71,33,89,40,98,91,100,101,117,50,103,31,79,80,72,108,51,53,102,54,22,61,74,83, </key>
<key name="context"> 34,63, </key>
<key name="contiguou"> 65, </key>
<key name="continu"> 36,56,34,113,109,42, </key>
<key name="contradictory"> 57, </key>
<key name="control"> 65,104,74, </key>
<key name="conv"> 98, </key>
<key name="convenienc"> 27,60, </key>
<key name="convention"> 60, </key>
<key name="conversation"> 59,28,104,67,106,34,87,33,88,73,35,90,98,91,92,77,94,117,81,20,60,107,74,83, </key>
<key name="convert"> 85,53,102, </key>
<key name="cook"> 97, </key>
<key name="copi"> 55,78,117,43, </key>
<key name="copy"> 55,116,50,72,43, </key>
<key name="copyright"> 121, </key>
<key name="corn"> 51,74, </key>
<key name="corporat"> 56,27,99,108,32, </key>
<key name="corporation"> 119, </key>
<key name="correct"> 37,56,108,44,32, </key>
<key name="correction"> 44, </key>
<key name="correctnes"> 23, </key>
<key name="correspond"> 57,89,42, </key>
<key name="correspondenc"> 66, </key>
<key name="could"> 37,68,25,55,56,34,57,89,40,99,101,50,119,32, </key>
<key name="count"> 71,98, </key>
<key name="couri"> 53, </key>
<key name="creat"> 0,64,2,1,59,122,45,4,95,104,36,37,67,13,110,47,7,48,38,17,68,8,69,10,24,12,56,71,57,29,49,89,99,77,41,100,16,101,117,50,31,80,72,20,119,51,52,21,107,53,102,120,54,22,63,74,83, </key>
<key name="criteria"> 95,96,25,34,98,101,94, </key>
<key name="criterion"> 98, </key>
<key name="csv"> 26,29,31, </key>
<key name="ctrl"> 83, </key>
<key name="current"> 65,55,57,89,98,60,42,102,120,63,74, </key>
<key name="cursor"> 28,91,77,79,60,42,22, </key>
<key name="custom"> 68,8,70,55,34,74, </key>
<key name="customiz"> 3,46,8,69, </key>
<key name="d"> 42,83, </key>
<key name="dai"> 8,14, </key>
<key name="dal"> 42, </key>
<key name="dash"> 117,52, </key>
<key name="dat"> 0,122,96,13,17,8,55,34,40,98,16,18,101,20,102,63, </key>
<key name="data"> 99, </key>
<key name="databas"> 53, </key>
<key name="david"> 42, </key>
<key name="day"> 0,2,1,4,6,8,34,114,14,98,75,16,117,72,21,5,61,63,83, </key>
<key name="db"> 98,42, </key>
<key name="dbrink"> 42, </key>
<key name="dd"> 98, </key>
<key name="de"> 65, </key>
<key name="decemb"> 101, </key>
<key name="decid"> 39, </key>
<key name="declin"> 9,10,15,18,103, </key>
<key name="decreas"> 60, </key>
<key name="ded"> 42, </key>
<key name="deep"> 5, </key>
<key name="default"> 1,47,23,38,8,69,86,26,55,71,87,33,91,92,118,100,78,117,72,81,42,22,83, </key>
<key name="defin"> 64,2,59,45,96,38,68,57,76,101,117,103,83, </key>
<key name="definition"> 101,107, </key>
<key name="delegat"> 1,59, </key>
<key name="delet"> 64,59,65,13,10,24,11,12,70,105,55,71,57,84,75,93,15,77,41,78,116,117,31,72,82,54,22,61,83, </key>
<key name="delimit"> 117, </key>
<key name="deliver"> 55,57,62,108, </key>
<key name="deliverabl"> 38, </key>
<key name="delivery"> 85,62, </key>
<key name="demand"> 87, </key>
<key name="denot"> 106, </key>
<key name="department"> 27, </key>
<key name="depend"> 36,85,38,56,71,29,40,92,77,50,22,74, </key>
<key name="descend"> 79, </key>
<key name="describ"> 3,36,10,57,98,99,41,94,117,31,102, </key>
<key name="description"> 2,17,8,98,99,16,101,117,102,83, </key>
<key name="descriptiv"> 60,53, </key>
<key name="design"> 37,66,47,54, </key>
<key name="designat"> 59,120, </key>
<key name="designation"> 57, </key>
<key name="desir"> 73,43,32, </key>
<key name="desktop"> 36, </key>
<key name="destination"> 73, </key>
<key name="detail"> 23,73,98,94,21,22,63, </key>
<key name="detect"> 37,109, </key>
<key name="determin"> 2,62,32, </key>
<key name="dialog"> 0,1,3,46,111,7,48,38,68,9,10,24,26,56,49,89,14,35,90,109,100,117,50,31,80,43,21,107,32,53,63,83, </key>
<key name="different"> 1,122,4,95,66,96,7,38,17,8,55,71,34,40,109,101,60,107,53,102,74, </key>
<key name="difficult"> 90, </key>
<key name="direct"> 0,37,106,50,80,42,43, </key>
<key name="directiv"> 56, </key>
<key name="directory"> 2,27,99, </key>
<key name="disabl"> 122,10,117,31,119,21,22, </key>
<key name="disappear"> 42, </key>
<key name="discard"> 55,57, </key>
<key name="disk"> 26,75, </key>
<key name="display"> 0,64,2,1,3,28,4,65,96,6,46,47,7,48,23,38,17,8,69,9,86,25,26,56,71,39,34,29,114,33,89,14,75,91,92,15,109,100,16,117,50,31,80,72,81,60,42,43,21,44,53,102,54,22,63,74, </key>
<key name="distinguish"> 106,101, </key>
<key name="distribution"> 27, </key>
<key name="division"> 119, </key>
<key name="do"> 95,37,66,96,38,55,39,57,14,91,92,118,101,52,53,63, </key>
<key name="doc"> 37, </key>
<key name="document"> 59,36,85,37,46,48,89,98,50,103,51,53,102,54,74,83, </key>
<key name="dodd"> 42, </key>
<key name="dog"> 102, </key>
<key name="domain"> 96,38,114,98,99,102, </key>
<key name="don"> 66,67,38,55,75,109,101,116,117,72,119,42,32,61, </key>
<key name="door"> 102, </key>
<key name="doubl"> 0,65,37,13,25,33,89,91,76,21,107,32, </key>
<key name="down"> 2,65,17,8,25,56,115,99,16,101,94,116,79,60,42,107,102,22,83, </key>
<key name="download"> 37,66, </key>
<key name="draft"> 38,71,93,77,41,109,72,74,83, </key>
<key name="drag"> 0,64,104,13,24,70,73,93,72,20,60,21, </key>
<key name="drop"> 64,2,104,17,70,56,57,73,99,93,16,101,94,20,60,102,22, </key>
<key name="du"> 108, </key>
<key name="e"> 85,113,62,52,83, </key>
<key name="easi"> 47,86,53,102, </key>
<key name="eastern"> 17,8, </key>
<key name="easy"> 21,53, </key>
<key name="ed"> 43, </key>

</ftswdata>  
