<?xml version='1.0' encoding='windows-1252' ?>
<ftswdata>
<key name="chang"> 1,4,6,13,106,105,22,72,36,17,8,56,10,81,25,32,45,28,31,83,71,86,87,113,104,89,65,112,74,98,68,20,48,40,21,42,97,78,61,70, </key>
<key name="charact"> 45,63,87,102,46, </key>
<key name="character"> 106,93,40,119,97,46, </key>
<key name="characteristic"> 47,54,45,50, </key>
<key name="charg"> 32, </key>
<key name="check"> 3,90,53,91,72,7,23,36,55,81,44,45,82,109,50,110,16,96,112,67,114,42,115,5, </key>
<key name="choic"> 44,15,64,48, </key>
<key name="choos"> 1,52,99,106,105,73,23,36,55,8,57,25,44,45,109,83,84,33,85,94,62,63,96,111,112,59,68,69,102,49,61, </key>
<key name="chooser"> 53, </key>
<key name="chos"> 112, </key>
<key name="chosen"> 4,37, </key>
<key name="cisco"> 118, </key>
<key name="city"> 120, </key>
<key name="claim"> 96, </key>
<key name="classification"> 102, </key>
<key name="classify"> 99,54,58,102, </key>
<key name="clear"> 59,49, </key>
<key name="click"> 0,51,2,1,118,3,27,52,99,34,35,13,106,105,72,7,73,23,36,17,55,8,10,24,11,12,57,100,81,25,44,101,58,37,82,28,109,31,83,60,110,84,38,14,33,85,29,79,93,94,62,86,63,87,15,113,64,39,104,95,16,89,19,111,74,66,67,59,68,69,20,48,114,40,41,75,21,42,102,119,30,120,77,121,115,49,122,70, </key>
<key name="clickabl"> 48, </key>
<key name="client"> 47,118,35,53,54,73,10,81,58,26,109,31,83,71,84,62,64,104,112,98,48,97,121,61,122,70, </key>
<key name="clip"> 80,35,84, </key>
<key name="clos"> 105,109,14,33,104,42,119,120,70, </key>
<key name="cod"> 4,35,81,94,5, </key>
<key name="collaboration"> 47,53,79, </key>
<key name="collective"> 45, </key>
<key name="colon"> 63,102, </key>
<key name="color"> 3,4,72,7,36,81,112,42,77,5, </key>
<key name="column"> 1,53,6,106,105,73,109,31,86,19,66,48,77,5, </key>
<key name="com"> 36,25,45,109,93,74,114,40,119,30, </key>
<key name="combin"> 43,45,14, </key>
<key name="combination"> 43, </key>
<key name="comma"> 28,112,40, </key>
<key name="command"> 51,35,60,48, </key>
<key name="comment"> 15, </key>
<key name="commit"> 25,113, </key>
<key name="common"> 34, </key>
<key name="communicat"> 26, </key>
<key name="company"> 2,106,7,23,26,45,38,96,30,78, </key>
<key name="compar"> 44, </key>
<key name="comparison"> 92,43,44,46, </key>
<key name="complet"> 22,36,17,8,11,25,28,29,39,16,111,20, </key>
<key name="completion"> 24,40, </key>
<key name="complex"> 45,94,97, </key>
<key name="component"> 38, </key>
<key name="compos"> 2,47,34,22,72,36,24,81,58,37,71,87,64,39,104,112,59,114,41,30,77,117,70, </key>
<key name="compound"> 93, </key>
<key name="compres"> 35, </key>
<key name="compression"> 35, </key>
<key name="comput"> 118,35,53,36,109,84,112, </key>
<key name="computer"> 35,84, </key>
<key name="concern"> 38, </key>
<key name="condition"> 92,43,44,45, </key>
<key name="conferenc"> 16, </key>
<key name="configur"> 35,36,108,110,38,79,18,112,59,77,49,61, </key>
<key name="configuration"> 58, </key>
<key name="confirm"> 0,106, </key>
<key name="confirmation"> 3,36, </key>
<key name="conflict"> 18, </key>
<key name="consider"> 90,43,32,45,83,84,46, </key>
<key name="consist"> 2,22,26,45,31,71,38,77, </key>
<key name="constrain"> 93, </key>
<key name="constraint"> 20, </key>
<key name="consum"> 62, </key>
<key name="contact"> 47,27,99,80,91,106,105,22,73,23,36,17,8,24,25,43,26,107,28,71,38,29,94,88,64,16,96,89,112,98,59,20,103,114,40,102,30,97,49,117,61,70, </key>
<key name="contain"> 47,90,80,35,91,105,92,81,43,58,26,45,82,31,83,50,84,38,93,94,86,15,96,89,65,66,46, </key>
<key name="content"> 118,52,99,80,91,22,72,36,56,24,57,58,31,71,84,38,93,86,95,96,112,74,98,66,67,59,103,75,77,97,78,49,61,70, </key>
<key name="context"> 32, </key>
<key name="contiguou"> 52, </key>
<key name="continu"> 34,44,32,108,104,40, </key>
<key name="contradictory"> 45, </key>
<key name="control"> 52,99,61, </key>
<key name="conv"> 93, </key>
<key name="convenienc"> 26,48, </key>
<key name="convention"> 48, </key>
<key name="conversation"> 47,27,99,54,101,32,82,31,83,60,33,85,93,86,87,64,89,112,68,20,48,102,61, </key>
<key name="convert"> 80,77,97, </key>
<key name="cook"> 92, </key>
<key name="copi"> 43,65,112,41, </key>
<key name="copy"> 43,111,59,41,77, </key>
<key name="copyright"> 116, </key>
<key name="corn"> 61, </key>
<key name="corporat"> 44,26,94,103,30, </key>
<key name="corporation"> 114, </key>
<key name="correct"> 35,44,103,42,30, </key>
<key name="correction"> 42, </key>
<key name="correctnes"> 23, </key>
<key name="correspond"> 45,84,40, </key>
<key name="correspondenc"> 53, </key>
<key name="could"> 35,55,25,43,44,32,45,84,38,94,96,114,30, </key>
<key name="count"> 58,93, </key>
<key name="creat"> 0,51,2,1,47,118,4,90,99,34,35,54,13,105,22,72,7,73,36,17,55,8,56,10,24,12,44,58,45,71,84,94,64,39,95,16,96,112,74,67,59,20,114,75,76,21,102,77,97,115,78,117,61,70, </key>
<key name="creator"> 119, </key>
<key name="criteria"> 90,91,25,32,93,96,89,121, </key>
<key name="criterion"> 93, </key>
<key name="csv"> 28, </key>
<key name="ctrl"> 70, </key>
<key name="current"> 52,43,45,84,93,48,40,97,115,61, </key>
<key name="cursor"> 27,22,86,64,66,48,40, </key>
<key name="custom"> 55,8,57,43,32,61, </key>
<key name="customiz"> 3,8,56, </key>
<key name="d"> 40,70, </key>
<key name="dai"> 8,14, </key>
<key name="dal"> 40, </key>
<key name="dash"> 112,76, </key>
<key name="dat"> 0,118,91,13,17,8,43,32,71,38,93,16,18,96,20,97,117, </key>
<key name="data"> 94, </key>
<key name="databas"> 77, </key>
<key name="david"> 40, </key>
<key name="day"> 0,2,1,4,6,8,32,109,14,93,62,16,112,59,21,5,49, </key>
<key name="db"> 93,40, </key>
<key name="dbrink"> 40, </key>
<key name="dd"> 93, </key>
<key name="de"> 52, </key>
<key name="decemb"> 96, </key>
<key name="decid"> 37, </key>
<key name="declin"> 9,10,15,18,98, </key>
<key name="decreas"> 48, </key>
<key name="ded"> 40, </key>
<key name="deep"> 5, </key>
<key name="default"> 1,22,72,23,36,8,56,81,43,58,82,31,71,86,87,113,95,65,112,59,68,40,78,70, </key>
<key name="defin"> 51,2,47,91,36,55,45,71,63,96,112,98,77,78,70, </key>
<key name="definition"> 96,102,122, </key>
<key name="delegat"> 1,47,10, </key>
<key name="delet"> 51,47,52,13,22,10,24,11,12,57,100,43,58,45,79,62,88,15,64,39,65,111,112,59,69,49,70, </key>
<key name="delimit"> 112, </key>
<key name="deliver"> 43,45,50,103, </key>
<key name="deliverabl"> 36, </key>
<key name="delivery"> 80,50, </key>
<key name="demand"> 82, </key>
<key name="denot"> 101, </key>
<key name="department"> 26,78, </key>
<key name="depend"> 34,80,22,36,44,58,28,38,87,64,61, </key>
<key name="descend"> 66, </key>
<key name="describ"> 3,34,45,93,94,39,89,112,97, </key>
<key name="description"> 2,17,8,93,94,16,96,112,97,122,70, </key>
<key name="descriptiv"> 48, </key>
<key name="design"> 35,53,72,78, </key>
<key name="designat"> 47,115, </key>
<key name="designation"> 45, </key>
<key name="desir"> 60,41,30, </key>
<key name="desktop"> 34, </key>
<key name="destination"> 60, </key>
<key name="detail"> 22,23,60,71,93,89,21,120,77,122, </key>
<key name="detect"> 35,104, </key>
<key name="determin"> 2,50,30, </key>
<key name="dialog"> 0,1,3,106,7,73,36,55,9,10,24,44,84,14,33,85,104,95,112,74,67,41,21,102,119,30,120,121,122, </key>
<key name="dictionary"> 122, </key>
<key name="different"> 1,118,4,90,53,91,7,36,17,8,43,58,32,38,104,96,48,102,97,61, </key>
<key name="difficult"> 85, </key>
<key name="direct"> 0,35,101,67,40,41,119, </key>
<key name="direction"> 120, </key>
<key name="directiv"> 44, </key>
<key name="directory"> 2,26,94,74, </key>
<key name="disabl"> 118,10,112,114,21, </key>
<key name="disappear"> 40, </key>
<key name="discard"> 43,45, </key>
<key name="disk"> 62, </key>
<key name="dispers"> 78, </key>
<key name="display"> 0,51,2,1,3,27,4,52,91,6,22,72,7,73,23,36,17,8,56,9,10,81,25,44,58,37,32,109,31,71,84,14,62,86,87,15,104,95,16,112,67,59,68,48,40,41,21,42,119,120,77,97,78,61,122, </key>
<key name="distanc"> 122, </key>
<key name="distinguish"> 101,96, </key>
<key name="distribution"> 26,71, </key>
<key name="divid"> 78, </key>
<key name="division"> 114, </key>
<key name="do"> 90,35,53,91,36,43,37,45,14,86,87,113,96,119,120,77,121,122, </key>
<key name="doc"> 35, </key>
<key name="document"> 34,80,35,71,84,93,97,78, </key>
<key name="dodd"> 40, </key>
<key name="dog"> 97, </key>
<key name="domain"> 91,36,109,93,94,97, </key>
<key name="don"> 53,54,36,43,62,104,96,111,112,59,114,40,30,49, </key>
<key name="door"> 97, </key>
<key name="doubl"> 0,52,35,13,25,31,84,86,63,21,102,30, </key>
<key name="down"> 2,52,22,17,8,25,44,110,94,16,96,89,111,66,48,40,102,97,70, </key>
<key name="download"> 35,53, </key>
<key name="draft"> 36,58,88,64,39,104,59,116,61,70, </key>
<key name="drag"> 0,51,99,13,24,57,60,88,59,20,48,21, </key>
<key name="driv"> 120, </key>
<key name="drop"> 51,2,99,22,17,57,44,45,60,94,88,16,96,89,20,48,97, </key>
<key name="du"> 103, </key>
<key name="e"> 80,108,50,70, </key>
<key name="easi"> 72,81,77,97, </key>
<key name="eastern"> 17,8, </key>
<key name="easy"> 21, </key>
<key name="ed"> 41, </key>

</ftswdata>  
