<?xml version='1.0' encoding='windows-1252' ?>
<ftswdata>
<key name="ongo"> 94, </key>
<key name="onto"> 106, </key>
<key name="open"> 1,2,61,4,97,67,37,87,38,98,7,47,14,48,24,39,70,71,26,27,58,40,35,50,116,90,91,92,93,95,94,16,42,102,103,96,20,119,82,74,21,121,22,33,104,65,85, </key>
<key name="operat"> 111, </key>
<key name="operator"> 57,60, </key>
<key name="oppos"> 111, </key>
<key name="opt"> 38, </key>
<key name="option"> 1,3,2,29,97,106,87,7,113,112,99,39,18,9,71,10,11,88,27,57,58,40,59,89,30,34,117,100,94,16,120,17,96,80,119,51,32,83,52,121,44,22,55,23,65,76, </key>
<key name="optional"> 61,4,40,50,41,121,54,76, </key>
<key name="ord"> 97,106,39,58,35,59,50,116,77,120,81, </key>
<key name="order"> 35, </key>
<key name="organiz"> 66,61,69,56, </key>
<key name="organization"> 11,28,64,105,32,33, </key>
<key name="original"> 3,13,34,94,79,119,110,45, </key>
<key name="originator"> 12,119, </key>
<key name="other"> 2,11,57,116,91,105,23, </key>
<key name="otherwis"> 108,93,44, </key>
<key name="out"> 3,68,69,57,115,116,20,119,82,122, </key>
<key name="outgo"> 119,121, </key>
<key name="outlook"> 73, </key>
<key name="outsid"> 91, </key>
<key name="overview"> 66,0,106,49,70,71,107,73,34,95,102,82,109,76, </key>
<key name="own"> 61,50, </key>
<key name="p"> 85, </key>
<key name="pa"> 85, </key>
<key name="pacific"> 18,9, </key>
<key name="packag"> 37, </key>
<key name="pad"> 46, </key>
<key name="pag"> 3,46,38,47,14,48,39,18,71,40,28,59,92,119,51,21,52,62,53,54,22,55,56,65,76,85, </key>
<key name="paint"> 38, </key>
<key name="pan"> 66,0,97,106,98,112,48,8,49,24,39,70,71,107,73,35,34,75,93,95,16,102,103,96,119,81,82,74,83,84,62,109,104,76,85, </key>
<key name="pap"> 87,91,52, </key>
<key name="paragraph"> 55, </key>
<key name="parameter"> 3, </key>
<key name="parent"> 70, </key>
<key name="parenthes"> 73,89,34,93, </key>
<key name="part"> 46,38,58,35,41,100,94,110,43,55,76, </key>
<key name="particular"> 61,59,100,81,104, </key>
<key name="partner"> 61, </key>
<key name="party"> 0,73,76, </key>
<key name="pas"> 29,93,79,81,62,23, </key>
<key name="password"> 113,114,116,120,119,51, </key>
<key name="path"> 50, </key>
<key name="pattern"> 9, </key>
<key name="pdf"> 97,87,38,100,103, </key>
<key name="peopl"> 1,2,11,100,105,32,122, </key>
<key name="per"> 15,19,119, </key>
<key name="perform"> 97,67,98,58,79,62,104, </key>
<key name="performanc"> 61, </key>
<key name="perhap"> 59,96, </key>
<key name="period"> 38,115,116,86,74,84,104,122,6,63, </key>
<key name="periodical"> 115, </key>
<key name="permanent"> 86, </key>
<key name="permission"> 61,47,11,51,105,32,56, </key>
<key name="permit"> 38, </key>
<key name="person"> 4,39,11,94,79,119,122, </key>
<key name="personal"> 2,61,8,24,11,26,28,91,101,79,96,109,33,104,23, </key>
<key name="phon"> 0,98,100,101,23, </key>
<key name="photoshop"> 38, </key>
<key name="phras"> 58,103,104, </key>
<key name="pick"> 18,9, </key>
<key name="pictur"> 37, </key>
<key name="plac"> 87,49,70,57,73,64,75,93,74,84,63, </key>
<key name="placehold"> 60, </key>
<key name="plain"> 39,88,119, </key>
<key name="plan"> 3, </key>
<key name="play"> 38, </key>
<key name="playabl"> 38, </key>
<key name="plu"> 110,104, </key>
<key name="plug"> 38, </key>
<key name="plural"> 54, </key>
<key name="podcast"> 82, </key>
<key name="point"> 87,91,76, </key>
<key name="pol"> 89,119, </key>
<key name="polici"> 38,86, </key>
<key name="policy"> 87,64,100,77, </key>
<key name="pop"> 11,79,111,45, </key>
<key name="popular"> 68, </key>
<key name="populat"> 24,94,21,23, </key>
<key name="portion"> 57,79,111,43,33, </key>
<key name="possib"> 74,63, </key>
<key name="possibl"> 88,111,103,43, </key>
<key name="post"> 11,32, </key>
<key name="potential"> 68, </key>
<key name="powerful"> 101, </key>
<key name="powerpoint"> 87,104, </key>
<key name="pr"> 98,24,70, </key>
<key name="practic"> 68,91, </key>
<key name="preced"> 57, </key>
<key name="predefin"> 55, </key>
<key name="pref"> 48,22,65, </key>
<key name="preferenc"> 112,39,88,58,89,94,120,119,74, </key>
<key name="prefix"> 100,94,119,104, </key>
<key name="preformat"> 55, </key>
<key name="pres"> 18,9,17, </key>
<key name="presenc"> 57,59,34, </key>
<key name="present"> 57,15, </key>
<key name="preserv"> 40,77,94, </key>
<key name="president"> 121, </key>
<key name="presum"> 41, </key>
<key name="prevent"> 57,59,116, </key>
<key name="preview"> 0, </key>
<key name="previou"> 67,58,73,15,94,119,85, </key>
<key name="previous"> 98,100,103, </key>
<key name="primary"> 119,44, </key>
<key name="print"> 2,15,36,92,31,79,85, </key>
<key name="priority"> 103,109, </key>
<key name="privacy"> 116, </key>
<key name="privileg"> 47,11,51,32,23, </key>
<key name="probab"> 68, </key>
<key name="problem"> 113,110, </key>
<key name="proce"> 58, </key>
<key name="procedur"> 103, </key>
<key name="proceed"> 82, </key>
<key name="proces"> 46,91,55,104, </key>
<key name="produc"> 39,100,119, </key>
<key name="program"> 0,37,38,41, </key>
<key name="project"> 35,50, </key>
<key name="project1"> 50, </key>
<key name="prompt"> 38,111, </key>
<key name="properti"> 46,5,47,11,51,32,55, </key>
<key name="protect"> 116, </key>
<key name="provid"> 38,69,116,41,82,110,109,65, </key>
<key name="pt"> 119, </key>
<key name="public"> 51,105, </key>
<key name="purg"> 72,86,77,95,74,84,63, </key>
<key name="purpl"> 106, </key>
<key name="put"> 35,100,74, </key>
<key name="queri"> 73,100,101,102,104, </key>
<key name="query"> 97,106,98,100,101,102,96,119,104, </key>
<key name="quest"> 51, </key>
<key name="question"> 68,60, </key>
<key name="quick"> 1,3,2,29,106,69,39,73,101,16,96,21,43,22,55,104,56,65, </key>
<key name="quickadd"> 1,2,119,22, </key>
<key name="quot"> 71,100,78,119,109,65, </key>
<key name="quota"> 77,76, </key>
<key name="r"> 85, </key>
<key name="radio"> 103,96, </key>
<key name="rang"> 103, </key>
<key name="rath"> 119,60, </key>
<key name="re"> 35,120,110,104, </key>
<key name="reach"> 59,74,23,63, </key>
<key name="read"> 61,37,38,98,47,39,88,57,35,59,90,91,92,100,93,16,79,119,51,83,121,44,104,76,85, </key>
<key name="readabl"> 104, </key>
<key name="ready"> 37, </key>
<key name="real"> 74, </key>
<key name="reason"> 64,110, </key>
<key name="receiv"> 4,87,38,98,69,28,35,89,50,34,64,117,91,41,100,77,16,19,103,119,81,74,83,110,63, </key>
<key name="recent"> 34,119,21, </key>
<key name="recipient"> 61,37,69,40,41,100,94,119,110,44,33,122, </key>
<key name="recogniz"> 38, </key>
<key name="recommend"> 91,54, </key>
<key name="record"> 26, </key>
<key name="recov"> 72,95, </key>
<key name="recover"> 86,95, </key>
<key name="recur"> 1,3,2,14,9,12,16,19, </key>
<key name="recurrenc"> 9,21, </key>
<key name="red"> 6, </key>
<key name="reduc"> 77, </key>
<key name="refer"> 119, </key>
<key name="referenc"> 38, </key>
<key name="reflect"> 18,9, </key>
<key name="refresh"> 68,18,96, </key>
<key name="regard"> 86, </key>
<key name="regardles"> 87,115,64,122, </key>
<key name="regular"> 72, </key>
<key name="reject"> 2,4,87,110, </key>
<key name="relat"> 61,35,34,101,121, </key>
<key name="relativ"> 62, </key>
<key name="relevant"> 74,63, </key>
<key name="reliabl"> 61, </key>
<key name="reload"> 68,111,82, </key>
<key name="remain"> 68,86,74,84, </key>
<key name="rememb"> 116,103,51,122, </key>
<key name="remind"> 16,111,119, </key>
<key name="remot"> 8, </key>
<key name="remov"> 106,47,25,107,95,16,42,51,105,32,33,23, </key>
<key name="renam"> 66,78,79,74, </key>
<key name="rep"> 61,10,57,40,35,59,41,94,16,79,119,122,85, </key>
<key name="repeat"> 9,58,22,33, </key>
<key name="replac"> 52,43, </key>
<key name="repli"> 98,35,34,94,119,122, </key>
<key name="reply"> 94, </key>
<key name="report"> 74,63, </key>
<key name="represent"> 73,62, </key>
<key name="request"> 3,10,11,16,32,21, </key>
<key name="requir"> 18,9,116,117,17,21,23, </key>
<key name="reschedul"> 1, </key>
<key name="resend"> 11, </key>
<key name="reserv"> 3,18,9,17,19, </key>
<key name="reset"> 114,120, </key>
<key name="resid"> 91, </key>
<key name="resolv"> 110, </key>
<key name="resourc"> 3,18,9,77,17,19,20, </key>
<key name="respective"> 44, </key>
<key name="respond"> 16, </key>
<key name="respons"> 117,94,16, </key>
<key name="rest"> 52, </key>
<key name="restart"> 116, </key>
<key name="restor"> 120, </key>
<key name="result"> 97,57,35,102,96,119,43, </key>
<key name="resum"> 45, </key>
<key name="retain"> 118, </key>
<key name="retriev"> 69,42, </key>
<key name="return"> 18,9,57,77,17,43,104,122, </key>
<key name="retyp"> 113, </key>
<key name="reus"> 113,52,56, </key>
<key name="review"> 100,74,63, </key>
<key name="revok"> 47,11,105,32, </key>
<key name="rich"> 48,53,54,55,56, </key>
<key name="right"> 1,66,0,29,67,106,38,47,14,8,49,24,39,70,11,25,12,13,72,107,26,57,58,50,90,36,86,77,78,16,79,17,96,51,32,82,74,84,62,53,109,33,63,85, </key>
<key name="rivendell"> 103, </key>
<key name="rol"> 4,47,11,51,32,23, </key>
<key name="room"> 3, </key>
<key name="rout"> 61, </key>
<key name="row"> 46,55, </key>
<key name="rs"> 70,82, </key>
<key name="rul"> 97,69,113,112,57,58,35,59,93,120,111,119, </key>

</ftswdata>  
