<?xml version='1.0' encoding='windows-1252' ?>
<ftswdata>
<key name="trig"> 42, </key>
<key name="trigger"> 0, </key>
<key name="troubl"> 119, </key>
<key name="truck"> 56, </key>
<key name="try"> 110, </key>
<key name="tun"> 73,62, </key>
<key name="turn"> 57,108,58,119,20,122, </key>
<key name="turnaround"> 109, </key>
<key name="two"> 65,66,69,8,87,27,58,33,102,119,53,32,54,103,59, </key>
<key name="txt"> 37,99, </key>
<key name="typ"> 0,65,2,124,46,96,36,86,37,97,7,49,38,17,69,8,70,10,57,72,27,58,116,63,90,99,100,93,78,111,101,16,102,95,19,119,51,105,31,81,121,42,53,32,54,103,59,22,64,84, </key>
<key name="typical"> 36,86,37, </key>
<key name="u"> 84, </key>
<key name="ui"> 119, </key>
<key name="unacceptabl"> 86, </key>
<key name="undeliverabl"> 110, </key>
<key name="undergo"> 58, </key>
<key name="undo"> 12, </key>
<key name="unflag"> 97,99, </key>
<key name="uniqu"> 65,49, </key>
<key name="unknown"> 110,44, </key>
<key name="unles"> 39,40, </key>
<key name="unread"> 66,97,70,72,88,33,89,99,92,78,84, </key>
<key name="unsav"> 111, </key>
<key name="unsolicit"> 73,62, </key>
<key name="unus"> 22, </key>
<key name="unwant"> 73,62, </key>
<key name="up"> 0,23,38,17,57,58,78,111,16,18,19,80,61,42,43,52,44,55,22,84, </key>
<key name="updat"> 124,96,95,81,123, </key>
<key name="upload"> 54,55, </key>
<key name="uppercas"> 53, </key>
<key name="url"> 124,97,7,69,10,116,99,51,105,31,81,54,103, </key>
<key name="us"> 0,65,2,60,96,66,106,36,37,67,97,6,47,112,98,48,10,87,56,108,72,39,58,88,50,116,33,63,90,99,76,92,77,93,120,111,102,95,119,51,105,31,73,82,20,110,61,104,42,52,53,21,44,109,32,54,103,59,55,62,64,75,84, </key>
<key name="usag"> 76, </key>
<key name="useful"> 117,22, </key>
<key name="user"> 36,37,10,27,90,51,105,31,22, </key>
<key name="usingdocumentstyl"> 53, </key>
<key name="usual"> 37,17,8,40, </key>
<key name="v"> 84, </key>
<key name="vacation"> 99,119,122, </key>
<key name="valid"> 7,38,10,31,110, </key>
<key name="valu"> 99,100, </key>
<key name="variant"> 103, </key>
<key name="variety"> 36,37, </key>
<key name="variou"> 1,37, </key>
<key name="various"> 32, </key>
<key name="vary"> 40, </key>
<key name="ve"> 89,92,111, </key>
<key name="verify"> 110, </key>
<key name="version"> 123, </key>
<key name="versu"> 102, </key>
<key name="vertical"> 22, </key>
<key name="via"> 37,55, </key>
<key name="vic"> 121, </key>
<key name="view"> 0,2,1,60,28,4,66,86,6,47,112,7,17,8,70,10,87,72,34,88,50,33,74,90,14,35,99,92,15,16,19,119,51,105,31,73,82,61,21,109,5,55,22,64,75,84, </key>
<key name="viewabl"> 86,103, </key>
<key name="viru"> 63,90, </key>
<key name="virus"> 86,37,63,90, </key>
<key name="visibl"> 119,5, </key>
<key name="visit"> 75, </key>
<key name="voic"> 122, </key>
<key name="voip"> 124, </key>
<key name="vs"> 96,58,103, </key>
<key name="w"> 59,84, </key>
<key name="want"> 97,112,48,23,38,8,71,58,50,90,40,100,76,92,93,111,101,18,95,118,119,51,121,42,53,109,54,5,59,64, </key>
<key name="way"> 0,17,8,24,16,109,64,75, </key>
<key name="web"> 60,124,37,67,68,49,87,72,27,116,33,89,76,78,111,119,105,81,61,53,54,103,55,64,75,84, </key>
<key name="week"> 0,1,97,6,8,14,119,21,64,84, </key>
<key name="weight"> 40, </key>
<key name="welcom"> 60, </key>
<key name="well"> 60,23,72,90,91,121,103,75, </key>
<key name="what"> 36,67,57,34,40,102,119,105,61,52,55,22,64,75, </key>
<key name="whatev"> 23,103, </key>
<key name="wherea"> 39,32, </key>
<key name="wherev"> 53,109, </key>
<key name="wheth"> 37,13,8,10,108,115,90,19,119,31,80,103, </key>
<key name="whichev"> 2, </key>
<key name="whil"> 119, </key>
<key name="whit"> 27,5,59, </key>
<key name="whol"> 25,100,103, </key>
<key name="whom"> 38,10,99,51,31, </key>
<key name="whos"> 60,37,63,99,42,59, </key>
<key name="why"> 9,39,110, </key>
<key name="wid"> 37, </key>
<key name="wide"> 37, </key>
<key name="widget"> 121, </key>
<key name="width"> 46, </key>
<key name="wiki"> 51, </key>
<key name="wildcard"> 98,56,104,103,59, </key>
<key name="will"> 2,36,86,37,67,47,8,57,34,116,40,91,99,92,93,111,101,119,51,73,110,61,121,42,32,103,122,59,62, </key>
<key name="window"> 124,37,38,24,116,74,35,91,93,111,102,119,51,61,121,43,64,84, </key>
<key name="winzip"> 37, </key>
<key name="within"> 0,2,124,96,37,67,97,98,49,69,57,27,34,58,88,33,89,74,35,91,99,92,78,111,102,51,32,54,103,5,55,75, </key>
<key name="without"> 0,124,67,47,10,56,58,100,16,102,119,31,43,53,64, </key>
<key name="wmv"> 37, </key>
<key name="word"> 96,86,37,70,25,56,57,58,90,99,100,119,104,53,44,54,103, </key>
<key name="wordpad"> 37, </key>
<key name="work"> 1,67,6,48,7,70,34,115,116,111,102,119,54,103,55,22,64,84, </key>
<key name="workgroup"> 102, </key>
<key name="workstation"> 37,90, </key>
<key name="would"> 96,106,98,48,70,56,34,58,99,100,102,119,21, </key>
<key name="writ"> 2, </key>
<key name="written"> 93,119, </key>
<key name="x"> 96, </key>
<key name="x111"> 121, </key>
<key name="xl"> 37,102, </key>
<key name="xyz"> 42, </key>
<key name="y"> 96, </key>
<key name="yahoo"> 58, </key>
<key name="year"> 8,102, </key>
<key name="yellow"> 4, </key>
<key name="yes"> 45,3,108, </key>
<key name="yet"> 72, </key>
<key name="york"> 17,8, </key>
<key name="your"> 0,65,2,1,60,124,45,3,28,46,4,36,86,37,67,97,6,47,68,13,113,112,48,49,23,38,17,69,8,70,10,24,12,87,25,26,56,57,72,27,34,58,88,114,115,29,50,116,33,63,117,90,40,14,91,85,99,100,76,92,94,93,15,120,78,41,111,101,16,18,102,95,79,118,119,51,105,31,80,81,73,83,20,110,61,121,42,43,52,53,21,44,109,32,54,103,5,55,22,62,64,75, </key>
<key name="yourself"> 17,16, </key>
<key name="yyyy"> 99, </key>
<key name="zc"> 123, </key>
<key name="zero"> 59, </key>
<key name="zimbra"> 65,2,1,60,124,86,37,67,97,6,68,49,38,69,87,72,27,114,115,116,33,89,63,117,85,99,100,76,15,120,78,111,118,119,105,81,73,83,20,61,32,103,123,55,22,62,64,75,84, </key>
<key name="zimbranotebook"> 53,54, </key>
<key name="zimlet"> 124,97,72,75, </key>
<key name="zip"> 86,37,63,90, </key>
<key name="zon"> 17,8,119, </key>
<key name="zwc"> 84, </key>

</ftswdata>  
