<?xml version='1.0' encoding='windows-1252' ?>
<ftswdata>
<key name="drop"> 65,2,106,17,71,57,58,74,100,94,16,102,95,20,61,103,22, </key>
<key name="du"> 110, </key>
<key name="e"> 86,115,63,84, </key>
<key name="easi"> 48,87,54,103, </key>
<key name="eastern"> 17,8, </key>
<key name="easy"> 21,54, </key>
<key name="ed"> 43, </key>
<key name="edit"> 60,4,47,10,25,57,27,15,78,41,51,105,31,42,52,53,44,54,55,22,84, </key>
<key name="editor"> 37,48,52,53,54,55, </key>
<key name="edward"> 42, </key>
<key name="effect"> 120, </key>
<key name="eight"> 4, </key>
<key name="eith"> 0,2,96,47,48,38,17,8,9,10,71,87,72,34,30,99,15,101,16,18,102,119,51,31,73,43,32,54,55,62,64,84, </key>
<key name="element"> 52, </key>
<key name="eligibl"> 40, </key>
<key name="els"> 39, </key>
<key name="email"> 0,2,1,124,45,3,28,36,86,37,97,47,68,13,23,38,17,8,70,9,10,11,87,25,56,57,108,72,27,58,50,116,33,63,74,117,90,40,85,99,100,76,93,15,111,16,18,102,19,118,119,51,31,80,20,110,42,32,122,55,22,62,64,84, </key>
<key name="embed"> 55, </key>
<key name="employe"> 40, </key>
<key name="empty"> 85,76,73,83,62, </key>
<key name="enabl"> 28,38,117,93,95,79,118,119,121,122,22, </key>
<key name="end"> 37,17,8,99,93,16,102,119,21, </key>
<key name="enforc"> 76, </key>
<key name="engineer"> 121, </key>
<key name="enough"> 117, </key>
<key name="ent"> 0,2,106,113,48,7,23,38,17,69,8,70,10,25,57,39,50,116,117,100,16,102,95,19,51,31,81,42,43,21,109,32,122,64,84, </key>
<key name="enter"> 0,48,25,101,22, </key>
<key name="entir"> 27,34,74,91,43, </key>
<key name="entri"> 27,90,22, </key>
<key name="entry"> 100,78,111, </key>
<key name="environment"> 37, </key>
<key name="equipment"> 2,18, </key>
<key name="erica"> 42, </key>
<key name="erica878"> 42, </key>
<key name="error"> 110, </key>
<key name="esc"> 42,84, </key>
<key name="escap"> 59,84, </key>
<key name="establish"> 50, </key>
<key name="etc"> 97,104,54,103,64, </key>
<key name="ev"> 58, </key>
<key name="evaluat"> 58, </key>
<key name="evaluation"> 56,58, </key>
<key name="even"> 37,38,87,56,34,58,115,33,90,32, </key>
<key name="event"> 0,2,1,60,4,17,57,16, </key>
<key name="eventual"> 67, </key>
<key name="every"> 8,58,88,116,119,110,75, </key>
<key name="everyon"> 93,32, </key>
<key name="ex"> 37,63, </key>
<key name="exact"> 0,98,56,63,40,99,78,121,59, </key>
<key name="exampl"> 65,96,86,37,68,98,7,49,17,69,8,70,25,56,57,34,58,88,50,116,99,100,93,102,51,121,42,53,109,32,54,103,59, </key>
<key name="excel"> 86,99,102,103, </key>
<key name="except"> 0,106,17,8,12,99,77,120,16,109,64, </key>
<key name="exception"> 99, </key>
<key name="exchang"> 60,93, </key>
<key name="execut"> 57,99,100,95,119,103, </key>
<key name="executabl"> 86,37,90, </key>
<key name="exist"> 65,49,23,69,56,34,78,110,53,54, </key>
<key name="expand"> 37,78, </key>
<key name="expect"> 111, </key>
<key name="expens"> 37, </key>
<key name="expir"> 115, </key>
<key name="explain"> 9,103, </key>
<key name="explanation"> 13, </key>
<key name="explor"> 67, </key>
<key name="export"> 26,119,22, </key>
<key name="extend"> 122, </key>
<key name="extension"> 37,63,102, </key>
<key name="external"> 10,51,31,54,55, </key>
<key name="extra"> 72, </key>
<key name="f"> 84, </key>
<key name="fac"> 54, </key>
<key name="facilitat"> 1,27, </key>
<key name="fact"> 42, </key>
<key name="fad"> 15, </key>
<key name="familiar"> 48,103, </key>
<key name="far"> 75, </key>
<key name="fast"> 40, </key>
<key name="favorit"> 81, </key>
<key name="fe"> 69,81, </key>
<key name="featur"> 1,60,124,97,68,72,27,58,33,117,90,91,99,100,120,111,95,119,82,61,121,42,21,109,54,103,122,22,64,75, </key>
<key name="feed"> 81, </key>
<key name="few"> 39,29,74,102,42, </key>
<key name="field"> 2,106,36,13,48,23,38,17,8,70,10,56,57,39,100,93,16,102,118,119,31,81,20,42,43, </key>
<key name="fil"> 60,96,36,86,37,48,7,23,26,56,39,58,29,63,90,40,91,99,100,76,94,102,119,31,54,103,55, </key>
<key name="filenam"> 37,99,102, </key>
<key name="fill"> 92, </key>
<key name="filt"> 112,98,56,57,58,92,120,78,119,73,59,62, </key>
<key name="filter"> 60,68,98,57,34,58,90,40,119,73,62, </key>
<key name="fin"> 73,62, </key>
<key name="finaliz"> 2, </key>
<key name="find"> 2,96,106,37,17,8,99,100,111,16,81,73,104,109,103,62, </key>
<key name="finish"> 57, </key>
<key name="firefox"> 67, </key>
<key name="first"> 2,1,67,6,23,38,25,57,33,90,40,99,100,92,120,102,19,119,20,42, </key>
<key name="fit"> 61, </key>
<key name="fiv"> 2,119, </key>
<key name="flag"> 106,97,56,108,58,33,99,84, </key>
<key name="float"> 59, </key>
<key name="focu"> 84, </key>
<key name="fold"> 65,45,3,66,97,47,68,49,38,69,70,10,24,71,56,57,72,34,58,88,33,74,85,99,76,92,94,77,78,41,111,101,79,119,51,105,31,81,73,83,62,75,84, </key>
<key name="folder"> 65,60,97,68,49,69,70,71,56,57,72,34,88,33,74,85,76,94,77,78,119,81,73,61,109,75, </key>
<key name="follow"> 0,2,1,96,66,37,97,6,17,8,10,56,57,72,34,50,40,99,76,111,16,102,51,105,31,73,61,42,109,103,64,75,84, </key>
<key name="font"> 46,38,119,54, </key>
<key name="forev"> 71, </key>
<key name="forget"> 114,76, </key>
<key name="format"> 36,37,48,38,87,26,29,91,99,119,52,53,54,55, </key>
<key name="forth"> 93,61, </key>
<key name="forward"> 60,97,39,34,77,78,118,119,109,84, </key>
<key name="four"> 8, </key>
<key name="fragment"> 92, </key>
<key name="fram"> 97, </key>
<key name="fre"> 2,1,60,98,17,8,16,18,19,5,59,22, </key>
<key name="friday"> 6,40, </key>
<key name="full"> 1,60,28,47,10,56,116,100,76,51,105,31,110,42,22,75, </key>
<key name="function"> 7,61,54, </key>
<key name="functionality"> 54, </key>
<key name="furth"> 66,8,58, </key>
<key name="futur"> 72, </key>
<key name="fwd"> 34, </key>
<key name="g"> 86,84, </key>
<key name="gal"> 27,100, </key>
<key name="general"> 67,113,63,40,119,64,84, </key>
<key name="generat"> 56,40,110, </key>
<key name="get"> 60,9,88,63,90, </key>
<key name="gif"> 36,37, </key>
<key name="gift"> 59, </key>
<key name="giv"> 9,57,54,55, </key>
<key name="global"> 38,17,8,27,100,16,32,103, </key>
<key name="go"> 2,124,17,8,70,26,56,57,88,29,33,16,119,82,121,103,64,84, </key>
<key name="good"> 67,53, </key>
<key name="got"> 89,92, </key>
<key name="goto"> 84, </key>
<key name="grammar"> 99, </key>
<key name="grant"> 45,3,10,50,51,105,31, </key>
<key name="grante"> 47,10,51,105,31,22, </key>
<key name="grantor"> 45,3,47,9,10,50,31, </key>
<key name="graphic"> 37, </key>
<key name="graphical"> 37,111, </key>
<key name="gray"> 23, </key>
<key name="great"> 99, </key>
<key name="green"> 4, </key>
<key name="group"> 1,68,10,57,34,58,33,92,119,51,105,31,53, </key>
<key name="grow"> 42, </key>
<key name="guest"> 10,51,31, </key>
<key name="gui"> 111, </key>
<key name="guidelin"> 67, </key>
<key name="h"> 84, </key>
<key name="habit"> 111, </key>
<key name="hand"> 106,72,74,73,83,61, </key>
<key name="handl"> 119,73,62, </key>
<key name="happen"> 34,115,76,42, </key>
<key name="hav"> 58,89, </key>
<key name="haven"> 63, </key>
<key name="head"> 28,97,48,23,56,58,50,90,99,93,78,5,59, </key>
<key name="header"> 97,56,40,78,61, </key>
<key name="heading"> 54, </key>
<key name="health"> 40, </key>
<key name="hello"> 99, </key>
<key name="help"> 60,73,62,64,75, </key>
<key name="her"> 2,37,17,72,102,119, </key>
<key name="hid"> 42, </key>
<key name="hierarchy"> 49, </key>
<key name="high"> 60,102, </key>
<key name="highlight"> 0,66,34,80,73,42,44,62, </key>
<key name="hint"> 53, </key>
<key name="holiday"> 49, </key>
<key name="hom"> 22,75, </key>
<key name="horizontal"> 17,8,16,19, </key>
<key name="hour"> 2,97,17,8,116,20, </key>
<key name="hov"> 0,124, </key>
<key name="how"> 46,113,23,34,116,89,40,14,85,76,92,93,119,53,54,103,122, </key>
<key name="htm"> 37, </key>
<key name="html"> 36,86,37,48,38,87,90,119,52,53,54,103,55,84, </key>
<key name="http"> 116, </key>
<key name="i"> 56,115,63,111,119,42,122,84, </key>
<key name="ical"> 7, </key>
<key name="icon"> 46,49,25,108,30,100,95,61,54,75, </key>
<key name="id"> 99, </key>
<key name="identify"> 58,118,61,54, </key>
<key name="if"> 0,2,124,45,3,28,96,106,86,37,67,97,13,113,48,49,38,17,8,70,11,71,87,56,57,72,34,58,114,115,50,116,33,63,74,117,90,40,14,99,76,92,93,15,78,111,101,16,18,95,19,118,119,51,73,82,20,110,61,121,42,43,52,53,21,54,103,22,62,64,75,84, </key>
<key name="ignor"> 56, </key>
<key name="iii"> 99, </key>
<key name="imag"> 96,36,86,37,90,102,54,103,55, </key>
<key name="immediat"> 58,109, </key>
<key name="immediate"> 38,12,56,88,117,101,121,122,59, </key>
<key name="implement"> 90, </key>
<key name="import"> 60,27,29,119,22, </key>
<key name="importanc"> 108, </key>
<key name="important"> 58,117, </key>
<key name="in"> 37, </key>
<key name="inactiv"> 58,115, </key>
<key name="inbound"> 68, </key>
<key name="inbox"> 65,69,70,56,72,34,58,88,99,92,15,78,119,80,73,62,75,84, </key>
<key name="inc"> 121,123, </key>
<key name="includ"> 1,60,46,37,23,69,10,56,39,34,33,14,99,100,93,111,16,102,119,51,31,61,54,103,5,59,75, </key>
<key name="incom"> 60,37,57,58,90,119, </key>

</ftswdata>  
