<?xml version='1.0' encoding='windows-1252' ?>
<ftswdata>
<key name="s"> 32,14,78,38,21,17,30,84,59,23,60,67,70,65,77,26,46, </key>
<key name="safari"> 38, </key>
<key name="safety"> 59, </key>
<key name="sal"> 15, </key>
<key name="sam"> 64,37,19,55,78,39,79,40,28,17,30,44,16,58,59,23,67,61,71,76, </key>
<key name="sash"> 33, </key>
<key name="sav"> 36,78,66,9,21,41,11,80,28,42,84,59,67,47,86,24,69,50,85,87,72,88, </key>
<key name="saw"> 62, </key>
<key name="say"> 85, </key>
<key name="scan"> 59, </key>
<key name="schedul"> 0,32,3,7,1,80,4,6, </key>
<key name="scratch"> 9, </key>
<key name="screen"> 78,29,82,83,33,46, </key>
<key name="scrol"> 18, </key>
<key name="scroll"> 84,70, </key>
<key name="se"> 0,32,55,20,7,1,42,13,82,16,58,67,61,62,5,6,85,26,72,46, </key>
<key name="search"> 64,36,32,73,66,39,8,10,11,80,29,42,12,17,30,44,67,68,49,69,70,71,65,85,52,26,15,72,31,46, </key>
<key name="second"> 19,28,29, </key>
<key name="section"> 59,86,69, </key>
<key name="security"> 55,35, </key>
<key name="select"> 64,37,73,19,55,66,3,8,9,21,7,40,1,10,2,11,28,4,16,45,18,60,69,6,70,65,85,52,25,26,76,15,72,46, </key>
<key name="selection"> 64,37,65,15,72, </key>
<key name="semicolon"> 7,1,67,6, </key>
<key name="send"> 36,32,19,20,39,8,21,28,22,30,59,23,18,60,67,62,5,24,70,65,77,87,25,26,88, </key>
<key name="sender"> 35,59, </key>
<key name="sensitiv"> 71, </key>
<key name="sent"> 36,19,66,39,3,8,7,40,1,2,28,42,13,17,44,84,23,67,47,62,5,24,6,70,50,85,77,26,88,46, </key>
<key name="separat"> 66,8,7,1,23,18,60,6,33, </key>
<key name="sequenc"> 1,33, </key>
<key name="seri"> 3, </key>
<key name="servic"> 32, </key>
<key name="session"> 0,78,38,82,83, </key>
<key name="set"> 0,55,66,8,7,1,29,30,4,82,43,84,54,68,47,62,86,6,70,85,72,88, </key>
<key name="setting"> 44,68,86,65,85,72,46, </key>
<key name="shar"> 83,44,61, </key>
<key name="shift"> 37,73, </key>
<key name="shop"> 40, </key>
<key name="short"> 68, </key>
<key name="shortcut"> 42,33, </key>
<key name="should"> 1,28,30,83,35,23,85,87, </key>
<key name="show"> 64,73,19,39,8,42,4,44,16,45,59,18,67,61,62,65,85,51,25,76,15,46, </key>
<key name="shown"> 73,29,16,58,62,46, </key>
<key name="sid"> 42,31, </key>
<key name="sign"> 87, </key>
<key name="signatur"> 23,85,87, </key>
<key name="signify"> 58, </key>
<key name="silent"> 30, </key>
<key name="similar"> 73,28,30,67,46, </key>
<key name="simp"> 82,68, </key>
<key name="simultaneous"> 73, </key>
<key name="sinc"> 62,77, </key>
<key name="singl"> 64,73,39,7,29,58,18,67,33, </key>
<key name="sit"> 55,78,38,35,54,34, </key>
<key name="siz"> 66,28,16,35,67,47,33,72, </key>
<key name="skip"> 6, </key>
<key name="slash"> 48,76,31, </key>
<key name="slid"> 19, </key>
<key name="slight"> 71, </key>
<key name="smal"> 66,28,67,25, </key>
<key name="small"> 33, </key>
<key name="smith"> 11,30,67,87,15, </key>
<key name="smith23"> 30, </key>
<key name="so"> 41,22,62,70,85, </key>
<key name="softwar"> 19,20,78,46, </key>
<key name="someon"> 20,22,70,26, </key>
<key name="someth"> 78,11,59,23, </key>
<key name="sometim"> 28,85,77,15, </key>
<key name="somewher"> 27, </key>
<key name="soon"> 65,25,72, </key>
<key name="sort"> 20,29,51, </key>
<key name="sortabl"> 51, </key>
<key name="sourc"> 32, </key>
<key name="south"> 71, </key>
<key name="spac"> 8,47,31, </key>
<key name="spam"> 28,42,35,23,34, </key>
<key name="span"> 17, </key>
<key name="special"> 32,20,66,29,30,71, </key>
<key name="specifi"> 64,32,66,27,1,28,29,30,54,67,53,31,34, </key>
<key name="specific"> 66,79,21,1,67,70,87,72,46, </key>
<key name="specify"> 64,27,28,29,30,67,70,65,85,31, </key>
<key name="split"> 33, </key>
<key name="spot"> 57, </key>
<key name="spread"> 20,35,59, </key>
<key name="spreadsheet"> 19,20,59,70, </key>
<key name="stand"> 26, </key>
<key name="standard"> 32,28,59,18,60,85,33,46, </key>
<key name="start"> 7,1,4,67,6,70,77,25, </key>
<key name="statement"> 23,67, </key>
<key name="statu"> 0,67,46, </key>
<key name="stay"> 41, </key>
<key name="step"> 21,29,6, </key>
<key name="still"> 72, </key>
<key name="stop"> 28,30, </key>
<key name="stor"> 36,28,17,16, </key>
<key name="str"> 27,29,67,71,65,85,31, </key>
<key name="straight"> 67, </key>
<key name="string"> 28,30, </key>
<key name="styl"> 21,56,80,85, </key>
<key name="subject"> 19,66,39,27,21,7,1,80,28,29,17,30,44,16,23,67,68,61,62,6,31, </key>
<key name="subsequent"> 78,28,30, </key>
<key name="substitution"> 27,31, </key>
<key name="substr"> 28, </key>
<key name="substring"> 28, </key>
<key name="suggest"> 25, </key>
<key name="suit"> 32,80,54, </key>
<key name="sup"> 21,31, </key>
<key name="supervisor"> 29,30,23, </key>
<key name="support"> 20,38,28,13,47,71,72, </key>
<key name="suppos"> 64,25, </key>
<key name="sur"> 68, </key>
<key name="surround"> 31, </key>
<key name="switch"> 32,23, </key>
<key name="syntax"> 71, </key>
<key name="system"> 36,19,20,79,40,41,42,30,82,43,59,23,71,85,77,76,34, </key>
<key name="t"> 73,38,21,28,35,84,47,70,85,77,34, </key>
<key name="tab"> 0,79,8,56,29,30,84,86,50,85,87,88, </key>
<key name="tag"> 32,37,73,66,39,8,74,56,80,28,29,42,30,16,67,49,70,85,76,72, </key>
<key name="tak"> 38,39,28, </key>
<key name="task"> 78,85, </key>
<key name="technology"> 78, </key>
<key name="tell"> 57,58,61, </key>
<key name="temporari"> 35, </key>
<key name="tentativ"> 0,5, </key>
<key name="term"> 30, </key>
<key name="test"> 28,30, </key>
<key name="text"> 64,32,19,55,20,78,21,7,1,56,28,29,22,59,23,67,68,62,6,71,65,85,33,87,72,88, </key>
<key name="th"> 71, </key>
<key name="them"> 64,37,19,41,80,29,17,30,59,54,67,47,63,85,51,33,26,72,34, </key>
<key name="themselv"> 59, </key>
<key name="therefor"> 20,82,59, </key>
<key name="thing"> 47, </key>
<key name="think"> 35,69,70, </key>
<key name="thos"> 64,41,17,67,47,51,34, </key>
<key name="though"> 21, </key>
<key name="thre"> 20,38,8,7,1,17,67,72,31, </key>
<key name="tim"> 0,37,38,66,7,1,80,30,4,82,16,54,67,68,24,50,85,51,53,72,88,31,34, </key>
<key name="time"> 84, </key>
<key name="tip"> 14,8,10,61,33, </key>
<key name="titl"> 9,17,51, </key>
<key name="togeth"> 17,67, </key>
<key name="toggl"> 52, </key>
<key name="too"> 28,35,23,63,33, </key>
<key name="tool"> 14,8,10,59,68,61,33,72, </key>
<key name="toolbar"> 0,9,21,7,40,1,67,62,6,65,76,34,46, </key>
<key name="top"> 9,40,22,6, </key>
<key name="topic"> 67, </key>
<key name="total"> 57,67, </key>
<key name="track"> 0,32, </key>
<key name="traditional"> 32,78,44,16,61,52, </key>
<key name="transf"> 45, </key>
<key name="trash"> 36,40,41,28,42,30,54,47,63,85,53,46, </key>
<key name="travel"> 85, </key>
<key name="tre"> 27, </key>
<key name="truck"> 28, </key>
<key name="try"> 77, </key>
<key name="tun"> 34, </key>
<key name="turn"> 80,75,30,85,88, </key>
<key name="turnaround"> 76, </key>
<key name="two"> 36,37,40,1,13,30,16,70,85,15,72,31, </key>
<key name="txt"> 20,67, </key>
<key name="typ"> 64,36,19,55,20,78,66,40,29,13,30,83,35,59,67,68,62,49,69,70,71,65,85,25,72,31, </key>
<key name="typical"> 19,55, </key>
<key name="unacceptabl"> 55, </key>
<key name="undeliverabl"> 77, </key>
<key name="undergo"> 30, </key>
<key name="underneath"> 40, </key>
<key name="unflag"> 66,28,67, </key>
<key name="unknown"> 77, </key>
<key name="unles"> 23, </key>
<key name="unread"> 66,28,42,30,57,16,58,67,61,49, </key>
<key name="unsav"> 78, </key>
<key name="unsolicit"> 34, </key>
<key name="unus"> 8, </key>
<key name="unwant"> 34, </key>
<key name="up"> 78,8,21,29,30,49,51,33,25,26,76, </key>
<key name="updat"> 64,65,89, </key>
<key name="url"> 66,83,67,72, </key>
<key name="us"> 64,36,32,37,73,19,20,78,38,66,27,21,40,80,75,42,22,13,30,43,83,35,59,23,67,47,61,62,86,70,71,65,85,52,77,33,25,76,15,72,31,46, </key>
<key name="usag"> 47,46, </key>
<key name="useful"> 84, </key>
<key name="user"> 0,19,20,13,59,85, </key>
<key name="usual"> 20,7,1,23, </key>
<key name="vacation"> 67,85,88, </key>
<key name="valid"> 21,77, </key>
<key name="valu"> 28,67,68, </key>
<key name="variety"> 19,20, </key>
<key name="variou"> 20,80, </key>
<key name="various"> 15, </key>
<key name="vary"> 23, </key>
<key name="ve"> 78,58,61, </key>
<key name="verify"> 77, </key>
<key name="version"> 19,89, </key>
<key name="versu"> 70, </key>
<key name="vertical"> 8, </key>
<key name="via"> 20, </key>
<key name="vic"> 87, </key>
<key name="view"> 0,32,14,37,73,55,20,8,21,7,40,1,56,80,42,22,17,4,44,16,58,45,59,18,67,61,6,85,52,33,76,46, </key>
<key name="viewabl"> 55,71, </key>
<key name="viru"> 35,59, </key>
<key name="virus"> 55,20,35,59, </key>
<key name="visit"> 46, </key>
<key name="voic"> 88, </key>
<key name="vs"> 64,13,30, </key>
<key name="w"> 31, </key>
<key name="want"> 78,66,8,21,7,1,41,30,59,23,54,68,47,61,62,69,6,65,85,87,25,76,88,31, </key>
<key name="way"> 56,49,76, </key>

</ftswdata>  
