<?xml version='1.0' encoding='windows-1252' ?>
<ftswdata>
<key name="certain"> 0,38,101,70,59,92,103,78,75,43,44,112,65, </key>
<key name="chanc"> 93, </key>
<key name="chang"> 1,4,113,6,50,13,116,115,51,39,17,8,72,10,26,35,61,53,34,91,95,96,98,125,114,99,81,124,54,32,84,20,64,44,21,47,57,107,22,77, </key>
<key name="charact"> 61,79,98,112,62, </key>
<key name="character"> 116,103,44,107,62, </key>
<key name="characteristic"> 63,70,61,92, </key>
<key name="charg"> 35, </key>
<key name="check"> 63,48,3,29,113,100,69,101,51,7,23,39,71,89,27,60,61,90,119,120,92,122,16,106,124,83,126,47,127,5,22, </key>
<key name="choic"> 60,15,80,64, </key>
<key name="choos"> 68,109,23,39,71,8,10,73,26,60,61,120,91,93,36,94,104,79,106,123,124,32,75,84,85,112,65, </key>
<key name="chos"> 120,124, </key>
<key name="chosen"> 4,40, </key>
<key name="cisco"> 129, </key>
<key name="claim"> 106, </key>
<key name="classification"> 112, </key>
<key name="classify"> 109,70,74,112, </key>
<key name="clear"> 75, </key>
<key name="click"> 0,67,2,1,63,129,48,3,29,49,113,68,109,37,38,69,50,13,116,115,51,7,52,23,39,17,71,24,8,10,25,11,12,73,110,26,27,60,111,74,40,90,30,53,119,120,34,121,91,76,122,93,41,14,36,94,31,87,103,104,95,96,79,98,15,125,80,42,114,105,16,99,19,123,124,54,32,82,83,75,84,85,20,64,126,44,45,55,21,47,112,33,57,127,65,66, </key>
<key name="clickabl"> 64, </key>
<key name="client"> 63,129,113,38,69,70,52,89,74,28,119,34,121,91,93,78,80,114,124,64,46,107,58,66,77,86, </key>
<key name="clip"> 88,38,93, </key>
<key name="clos"> 119,14,36,114,47, </key>
<key name="cod"> 4,38,89,104,5, </key>
<key name="collaboration"> 63,87,58, </key>
<key name="collective"> 61, </key>
<key name="colon"> 10,120,103,79,32,112, </key>
<key name="color"> 3,49,4,51,7,39,89,53,124,46,47,57,5, </key>
<key name="column"> 49,6,34,95,19,82,64,57,5, </key>
<key name="com"> 39,26,61,53,119,120,103,126,44,33, </key>
<key name="coma"> 124, </key>
<key name="combin"> 59,61,14, </key>
<key name="combination"> 59, </key>
<key name="comma"> 24,27,30,120,124,44, </key>
<key name="command"> 38,76,64,66, </key>
<key name="comment"> 15, </key>
<key name="commit"> 26,125, </key>
<key name="common"> 37, </key>
<key name="communicat"> 28, </key>
<key name="company"> 2,116,7,23,24,10,28,61,41,106,32,33, </key>
<key name="compar"> 60, </key>
<key name="comparison"> 102,59,60,62, </key>
<key name="complet"> 113,39,17,8,11,26,30,31,42,16,123,20,22, </key>
<key name="completion"> 25,44, </key>
<key name="complex"> 61,104,107, </key>
<key name="component"> 41, </key>
<key name="compos"> 2,63,37,51,39,25,74,40,120,98,80,42,114,124,54,75,126,45,46,33,57,22,66,86, </key>
<key name="compound"> 103, </key>
<key name="compres"> 38, </key>
<key name="compression"> 38, </key>
<key name="comput"> 129,38,69,39,119,93,124, </key>
<key name="computer"> 38,93, </key>
<key name="concern"> 41, </key>
<key name="condition"> 102,59,60,61, </key>
<key name="conferenc"> 16, </key>
<key name="configur"> 63,49,113,38,39,118,119,120,121,122,41,87,18,124,75,57, </key>
<key name="configuration"> 116,74,120,124, </key>
<key name="confirm"> 0,116, </key>
<key name="confirmation"> 48,3,39, </key>
<key name="conflict"> 18, </key>
<key name="connect"> 113, </key>
<key name="consider"> 100,59,35,61,91,93,62, </key>
<key name="consist"> 2,28,61,34,41,56, </key>
<key name="consistent"> 57, </key>
<key name="constrain"> 103, </key>
<key name="constraint"> 20, </key>
<key name="consum"> 78, </key>
<key name="contact"> 63,29,109,88,101,116,23,39,17,24,8,25,26,27,59,28,117,30,41,31,104,97,80,16,106,99,124,32,75,20,43,126,44,112,33,107,22,65,66, </key>
<key name="contain"> 63,100,88,38,101,115,102,24,89,59,74,28,61,90,34,91,92,93,41,103,104,95,15,106,99,81,82,108,62, </key>
<key name="content"> 129,49,68,109,88,101,50,51,39,72,73,74,34,93,41,103,95,105,106,124,54,32,82,83,75,43,108,55,57,107,58,22,77, </key>
<key name="context"> 35,66, </key>
<key name="contiguou"> 68, </key>
<key name="continu"> 37,60,35,118,114,44, </key>
<key name="contradictory"> 61, </key>
<key name="control"> 68,109,77, </key>
<key name="conv"> 103, </key>
<key name="convenienc"> 28,64, </key>
<key name="convention"> 64, </key>
<key name="conversation"> 63,29,109,70,111,35,90,34,91,76,36,94,103,95,98,80,99,124,84,20,64,112,77, </key>
<key name="convert"> 88,107, </key>
<key name="cook"> 102, </key>
<key name="copi"> 59,81,124,45, </key>
<key name="copy"> 113,59,123,54,75,45, </key>
<key name="copyright"> 128, </key>
<key name="corn"> 55,77, </key>
<key name="corporat"> 60,28,104,43,33, </key>
<key name="corporation"> 126, </key>
<key name="correct"> 113,38,60,43,47,33, </key>
<key name="correction"> 47, </key>
<key name="correctnes"> 23, </key>
<key name="correspond"> 61,120,93,44, </key>
<key name="correspondenc"> 69,120, </key>
<key name="could"> 38,52,71,26,59,60,35,61,93,41,104,106,54,126,33, </key>
<key name="count"> 74,103, </key>
<key name="couri"> 57, </key>
<key name="creat"> 0,67,2,1,63,129,49,4,113,100,109,37,38,70,13,115,51,7,52,23,39,17,71,24,8,72,10,25,12,60,74,61,30,53,120,121,93,104,80,42,105,16,106,124,54,32,83,75,20,126,46,55,56,21,112,57,107,127,58,22,66,77,86, </key>
<key name="criteria"> 100,101,26,35,103,106,99, </key>
<key name="criterion"> 103, </key>
<key name="csv"> 27,30,32, </key>
<key name="current"> 68,59,61,93,103,64,44,107,127,66,77, </key>
<key name="cursor"> 29,95,80,82,64,44,22, </key>
<key name="custom"> 71,8,73,59,35,124,77, </key>
<key name="customiz"> 48,3,50,8,72, </key>
<key name="d"> 44, </key>
<key name="dai"> 8,14, </key>
<key name="dal"> 44, </key>
<key name="dash"> 56, </key>
<key name="dat"> 0,129,101,13,17,8,59,35,41,103,16,18,106,20,107,66, </key>
<key name="data"> 104, </key>
<key name="databas"> 57, </key>
<key name="david"> 44, </key>
<key name="day"> 0,2,1,4,6,8,35,119,14,103,78,16,124,75,21,5,65,66, </key>
<key name="db"> 103,44, </key>
<key name="dbrink"> 44, </key>
<key name="dd"> 103, </key>
<key name="de"> 68, </key>
<key name="decemb"> 106, </key>
<key name="decid"> 40, </key>
<key name="declin"> 9,10,15,18, </key>
<key name="decreas"> 64, </key>
<key name="ded"> 44, </key>
<key name="deep"> 5, </key>
<key name="default"> 1,113,51,23,39,8,72,27,59,74,90,120,34,95,96,98,125,105,81,124,75,84,44,46,22, </key>
<key name="defin"> 67,2,49,101,39,71,61,79,106,124,86, </key>
<key name="definition"> 106,112, </key>
<key name="delegat"> 1,63, </key>
<key name="delet"> 67,68,50,13,10,25,11,12,73,110,59,74,61,121,87,78,97,15,80,42,81,123,124,32,75,85,58,22,65, </key>
<key name="delimit"> 124, </key>
<key name="deliver"> 59,61,121,92,43, </key>
<key name="deliverabl"> 39, </key>
<key name="delivery"> 88,92, </key>
<key name="demand"> 90, </key>
<key name="denot"> 111, </key>
<key name="department"> 28, </key>
<key name="depend"> 37,88,116,39,60,74,30,41,98,80,54,22,77, </key>
<key name="descend"> 82, </key>
<key name="describ"> 48,3,37,10,61,103,104,42,99,124,32,107, </key>
<key name="description"> 2,17,8,41,103,104,16,106,124,107, </key>
<key name="descriptiv"> 120,64,57, </key>
<key name="design"> 63,38,69,51,58, </key>
<key name="designat"> 63,127, </key>
<key name="designation"> 61, </key>
<key name="desir"> 76,45,33, </key>
<key name="desktop"> 37, </key>
<key name="destination"> 76, </key>
<key name="detail"> 113,115,23,76,103,99,124,21,22,66, </key>
<key name="detect"> 38,114, </key>
<key name="determin"> 2,92,96,33, </key>
<key name="develop"> 58, </key>
<key name="dialog"> 0,1,48,3,50,116,7,52,39,71,9,10,25,27,60,53,93,14,36,94,114,105,124,54,32,83,45,21,112,33,66, </key>
<key name="different"> 1,63,129,4,100,69,101,7,39,17,8,59,74,35,120,41,114,106,124,64,112,57,107,58, </key>
<key name="difficult"> 94, </key>
<key name="direct"> 0,63,113,38,24,111,121,124,54,83,44,45, </key>
<key name="direction"> 115, </key>
<key name="directiv"> 60, </key>
<key name="directory"> 2,24,28,104, </key>
<key name="disabl"> 129,50,10,121,32,21,22, </key>
<key name="disappear"> 113,44, </key>
<key name="discard"> 59,61, </key>
<key name="disk"> 27,78, </key>
<key name="display"> 0,67,2,1,48,3,29,4,113,68,101,6,50,51,7,52,23,39,17,24,8,72,9,89,26,27,60,74,35,30,119,120,34,93,41,14,31,104,78,95,96,98,15,114,105,16,124,54,32,83,75,84,64,44,21,47,57,107,58,22,66,77, </key>
<key name="distinguish"> 111,106, </key>
<key name="distribution"> 28, </key>
<key name="division"> 126, </key>
<key name="do"> 100,38,69,101,39,59,40,61,14,95,98,125,106,56,57,66, </key>
<key name="doc"> 38, </key>
<key name="document"> 63,48,37,88,38,50,52,53,93,103,104,78,124,54,55,56,57,107,58,77,86, </key>
<key name="dodd"> 44, </key>
<key name="dog"> 108,107, </key>
<key name="domain"> 101,39,119,103,104,107, </key>
<key name="don"> 70,39,59,121,114,106,123,75,44,33,65, </key>
<key name="door"> 108,107, </key>
<key name="doubl"> 0,68,38,13,26,34,93,95,79,21,112,33, </key>
<key name="down"> 2,68,39,17,8,26,60,120,122,104,16,106,99,123,82,64,44,112,107,22, </key>
<key name="download"> 38,69, </key>
<key name="draft"> 39,74,97,80,42,114,75,77, </key>

</ftswdata>  
