<?xml version='1.0' encoding='windows-1252' ?>
<!-- saved from url=(0014)about:internet -->
<ftswdata>
<key name="cannot"> 75,97,58,133,60,80,11,82,67,31,103,96,112,106,89,142,129,62,35,54,84,46,65,116,25, </key>
<key name="capabiliti"> 71, </key>
<key name="capital"> 64, </key>
<key name="capitalization"> 67, </key>
<key name="car"> 102,44, </key>
<key name="carbon"> 48, </key>
<key name="card"> 142,25, </key>
<key name="cas"> 67,61,102,112,106,47,64,116, </key>
<key name="casserol"> 67,70, </key>
<key name="categori"> 118,25,95, </key>
<key name="categoriz"> 78, </key>
<key name="caus"> 109,112,107,131,142,47, </key>
<key name="cc"> 32,109,110,26,67,43,112,113,107,23,47,48,36, </key>
<key name="cel"> 57, </key>
<key name="cell"> 57, </key>
<key name="central"> 52,66, </key>
<key name="certain"> 0,41,110,78,67,101,112,87,84,46,47,73, </key>
<key name="chanc"> 102, </key>
<key name="chang"> 5,1,51,130,4,7,58,124,79,133,132,59,42,9,81,11,14,29,38,69,61,137,37,100,104,105,107,143,53,131,20,108,90,142,129,62,35,54,93,23,72,47,50,65,116,24,25,74,86, </key>
<key name="charact"> 69,112,88,107,121,70, </key>
<key name="character"> 133,112,144,47,116,70, </key>
<key name="characteristic"> 71,78,69,101, </key>
<key name="charg"> 38, </key>
<key name="check"> 75,71,56,3,32,130,109,6,77,110,124,59,8,26,42,80,134,98,30,68,69,137,101,140,112,19,115,142,92,50,145,25, </key>
<key name="choic"> 68,18,89,72, </key>
<key name="choos"> 76,118,79,26,42,80,9,11,82,29,68,69,100,102,39,103,113,88,115,141,142,129,35,84,93,94,121,73, </key>
<key name="chos"> 142, </key>
<key name="chosen"> 4,43, </key>
<key name="cisco"> 147, </key>
<key name="claim"> 115, </key>
<key name="classification"> 121, </key>
<key name="classify"> 118,78,83,121, </key>
<key name="clear"> 84, </key>
<key name="click"> 5,75,71,147,0,1,2,56,51,3,123,32,57,130,76,118,40,41,77,58,124,79,133,132,59,60,125,8,26,42,80,27,134,9,11,126,28,82,119,12,13,14,29,30,15,68,120,83,43,99,33,16,61,137,37,139,100,85,127,140,102,44,39,103,34,17,96,112,113,104,105,88,107,128,18,143,53,89,45,131,114,19,20,108,22,141,142,129,62,35,54,91,92,84,93,94,23,72,144,47,48,63,50,121,36,65,24,145,73,74, </key>
<key name="clickabl"> 72, </key>
<key name="client"> 71,147,130,41,77,78,79,60,98,83,31,137,139,100,102,87,89,131,142,72,49,116,66,74,86,95, </key>
<key name="clip"> 97,41,102, </key>
<key name="clos"> 137,39,17,144,50, </key>
<key name="cod"> 4,41,6,98,112,113, </key>
<key name="collaboration"> 71,79,137,96,66, </key>
<key name="collective"> 69, </key>
<key name="colon"> 134,11,112,88,35,121, </key>
<key name="color"> 51,3,57,4,6,59,125,8,42,98,61,128,142,49,50,65, </key>
<key name="column"> 57,6,7,37,104,22,91,72,65, </key>
<key name="com"> 130,42,134,29,69,61,137,112,144,47,36, </key>
<key name="coma"> 142, </key>
<key name="combin"> 67,69,17, </key>
<key name="combination"> 67, </key>
<key name="comma"> 27,134,30,33,142,47, </key>
<key name="command"> 41,72,74, </key>
<key name="comment"> 18, </key>
<key name="commit"> 29,143, </key>
<key name="common"> 40, </key>
<key name="communicat"> 31, </key>
<key name="company"> 2,133,8,26,27,11,31,69,44,115,35,36, </key>
<key name="compar"> 68, </key>
<key name="comparison"> 111,67,68,70, </key>
<key name="complet"> 122,123,124,42,9,12,29,33,34,45,19,20,141,52,23,25, </key>
<key name="completion"> 122,28,47, </key>
<key name="complex"> 69,113,116, </key>
<key name="component"> 44, </key>
<key name="compos"> 71,2,130,40,59,42,134,28,83,43,138,107,89,45,131,142,62,54,84,144,48,49,36,65,25,74,95, </key>
<key name="compres"> 41, </key>
<key name="compression"> 41, </key>
<key name="comput"> 147,41,77,42,137,102,142, </key>
<key name="computer"> 41,102, </key>
<key name="concern"> 44, </key>
<key name="condition"> 111,67,68,69, </key>
<key name="conferenc"> 19, </key>
<key name="configur"> 71,57,130,41,42,134,136,137,138,139,140,44,96,21,142,129,84,65, </key>
<key name="configuration"> 130,133,134,83,142, </key>
<key name="confirm"> 0,133, </key>
<key name="confirmation"> 56,51,3,42,126,128, </key>
<key name="conflict"> 21, </key>
<key name="connect"> 130, </key>
<key name="connection"> 79,137, </key>
<key name="consider"> 109,67,38,69,100,102,112,70, </key>
<key name="consist"> 2,31,69,37,44,64, </key>
<key name="consistent"> 65, </key>
<key name="consum"> 87, </key>
<key name="contact"> 75,122,71,123,32,118,97,110,133,26,42,27,9,28,29,30,67,31,135,33,44,34,113,106,89,19,20,115,108,142,35,84,23,46,47,121,36,116,25,73,74, </key>
<key name="contain"> 109,97,41,110,133,132,111,27,98,67,83,31,69,99,37,100,101,102,44,112,113,104,18,115,108,90,52,91,117,70, </key>
<key name="content"> 122,147,123,57,76,118,97,110,58,124,59,42,81,82,83,37,102,44,112,104,114,115,142,129,62,52,35,54,91,92,84,46,117,63,65,116,66,55,25,86, </key>
<key name="context"> 38, </key>
<key name="continu"> 68,38,136,131,47, </key>
<key name="contradictory"> 69, </key>
<key name="control"> 76,118,86, </key>
<key name="convenienc"> 31,72, </key>
<key name="convention"> 72, </key>
<key name="conversation"> 71,32,118,78,120,38,99,37,100,85,39,103,104,107,89,108,142,93,23,72,121,86, </key>
<key name="convert"> 97,116, </key>
<key name="cook"> 111, </key>
<key name="copi"> 67,90,142,48,55, </key>
<key name="copy"> 130,67,141,62,52,54,84,48,55, </key>
<key name="copyright"> 146, </key>
<key name="corn"> 63, </key>
<key name="corporat"> 68,31,113,46,36, </key>
<key name="corporation"> 144, </key>
<key name="correct"> 123,130,41,68,46,50,36, </key>
<key name="correction"> 50, </key>
<key name="correctnes"> 26, </key>
<key name="correspond"> 69,138,102,47, </key>
<key name="could"> 41,60,80,29,67,68,38,69,102,44,113,115,62,54,144,36, </key>
<key name="count"> 83, </key>
<key name="couri"> 65, </key>
<key name="creat"> 5,75,122,71,147,0,1,2,123,57,130,4,109,118,40,41,78,132,59,60,125,8,26,42,80,27,134,9,81,11,28,13,14,68,83,69,33,16,61,138,139,127,102,112,113,89,45,114,19,20,115,142,129,62,52,35,54,92,84,23,144,49,63,64,121,65,116,24,145,66,55,25,74,86,95, </key>
<key name="criteria"> 109,110,29,38,112,115,108, </key>
<key name="criterion"> 112, </key>
<key name="csv"> 30,33,35, </key>
<key name="current"> 76,67,69,102,112,72,47,116,145,74,86, </key>
<key name="cursor"> 32,83,104,89,91,84,72,47,25, </key>
<key name="custom"> 80,9,82,67,38,142,86, </key>
<key name="customiz"> 56,3,58,9,81,128, </key>
<key name="d"> 47, </key>
<key name="d4"> 146, </key>
<key name="dai"> 9,17, </key>
<key name="dal"> 47, </key>
<key name="dash"> 64, </key>
<key name="dat"> 122,147,0,123,110,9,14,67,38,44,112,19,20,21,115,23,116,74, </key>
<key name="data"> 113, </key>
<key name="databas"> 65, </key>
<key name="david"> 47, </key>
<key name="day"> 5,0,1,2,4,6,7,9,38,137,17,87,19,142,84,24,73,74, </key>
<key name="db"> 47, </key>
<key name="dbrink"> 47, </key>
<key name="dd"> 112, </key>
<key name="de"> 76, </key>
<key name="decemb"> 115, </key>
<key name="decid"> 43, </key>
<key name="declin"> 51,10,11,128,18,21, </key>
<key name="decreas"> 72, </key>
<key name="ded"> 47, </key>
<key name="deep"> 6, </key>
<key name="default"> 5,122,1,79,59,26,42,81,13,30,67,83,31,99,137,138,37,112,104,105,107,143,114,90,142,84,93,47,49,25, </key>
<key name="defin"> 75,122,2,57,110,42,80,69,88,115,142,129,95, </key>
<key name="definition"> 115,121, </key>
<key name="delegat"> 71,1,52, </key>
<key name="delet"> 75,76,58,11,126,28,82,119,12,13,14,67,83,69,96,87,106,18,89,45,90,141,142,129,52,35,54,84,94,66,55,25,73, </key>
<key name="delimit"> 142, </key>
<key name="deliver"> 67,69,139,101,46, </key>
<key name="deliverabl"> 42, </key>
<key name="delivery"> 97,101, </key>
<key name="demand"> 99, </key>
<key name="denot"> 120, </key>
<key name="department"> 31,52, </key>
<key name="depend"> 40,97,133,42,68,83,33,16,44,107,89,62,54,25,86, </key>
<key name="descend"> 91, </key>
<key name="describ"> 56,51,3,40,11,69,112,113,128,53,45,108,142,129,35,116, </key>
<key name="description"> 2,9,44,112,113,19,20,115,142,116, </key>
<key name="descriptiv"> 72,65, </key>
<key name="design"> 71,41,77,59,66, </key>
<key name="designat"> 71,145, </key>
<key name="designation"> 69, </key>
<key name="desir"> 85,48,36, </key>
<key name="desktop"> 40, </key>
<key name="destination"> 85, </key>
<key name="detail"> 122,123,132,26,85,112,108,142,23,24,25,74, </key>
<key name="detect"> 41,131, </key>
<key name="determin"> 2,101,105,36, </key>
<key name="develop"> 66, </key>
<key name="dialog"> 0,1,56,51,3,58,133,60,125,8,42,80,10,11,28,30,68,61,137,127,102,39,103,17,128,53,131,114,142,129,62,35,54,92,48,121,36,24,74, </key>
<key name="different"> 5,71,147,1,130,4,109,77,110,8,42,134,9,67,83,38,138,44,112,20,115,142,72,144,121,65,116,66, </key>
<key name="difficult"> 103, </key>
<key name="direct"> 71,0,130,41,27,120,139,142,62,54,92,47,48, </key>
<key name="direction"> 132, </key>
<key name="directiv"> 68, </key>
<key name="directory"> 2,27,31,113, </key>
<key name="disabl"> 147,58,11,129,35,54,24,25, </key>
<key name="disappear"> 47, </key>
<key name="discard"> 67,68,69, </key>
<key name="disk"> 30,87, </key>

</ftswdata>  
