﻿<?xml version='1.0' encoding='utf-8' ?>
<!-- saved from url=(0014)about:internet -->
<ftswdata>
<key name="!"> 71,43,112,116,68, </key>
<key name="%"> 124,112,116, </key>
<key name="&amp;"> 112,116, </key>
<key name="'"> 2,141,8,102,112,18,19,116, </key>
<key name="*"> 111,65,139,112,117,116,68, </key>
<key name="-"> 75,122,69,149,0,1,2,50,123,31,56,131,4,76,118,40,5,110,57,79,80,58,59,125,7,25,41,81,136,10,126,27,83,119,11,12,13,98,28,29,65,66,120,84,37,67,99,138,32,60,139,36,100,86,127,102,43,38,103,96,112,113,104,89,17,145,52,90,18,115,108,21,144,129,61,51,34,72,53,85,94,22,45,70,146,48,49,121,35,63,116,23,147,148,68,73,64,24,87, </key>
<key name="1"> 80,60,112,115,129,147, </key>
<key name="10"> 144, </key>
<key name="100"> 124,144, </key>
<key name="110"> 141, </key>
<key name="12"> 112,144, </key>
<key name="1212"> 146, </key>
<key name="12k"> 112, </key>
<key name="143"> 141, </key>
<key name="2"> 80,112,115,129, </key>
<key name="2005"> 148, </key>
<key name="2007"> 43,112,147, </key>
<key name="2008"> 148, </key>
<key name="22"> 99, </key>
<key name="25"> 144, </key>
<key name="3"> 80,144,129, </key>
<key name="30"> 37,112, </key>
<key name="303"> 146, </key>
<key name="4"> 129,148, </key>
<key name="5"> 1,99,144,129, </key>
<key name="5.0.5"> 148, </key>
<key name="50"> 144, </key>
<key name="555"> 146, </key>
<key name="7"> 1,4,18, </key>
<key name="9"> 112,148, </key>
<key name="_"> 112,116, </key>
<key name="`"> 74, </key>
<key name="abbreviation"> 47, </key>
<key name="ability"> 0,24, </key>
<key name="abl"> 39,97,40,135,51, </key>
<key name="abov"> 4,36,107,18,77,146, </key>
<key name="absenc"> 67, </key>
<key name="accent"> 135, </key>
<key name="accept"> 1,55,128,50,3,4,10,98,71,60,17,20,48,49,54, </key>
<key name="acces"> 122,69,1,55,128,50,3,141,123,131,78,57,10,84,60,139,52,144,129,61,51,34,72,53,77,121,73,54,24,87,95, </key>
<key name="accessibility"> 71,144, </key>
<key name="accord"> 79,107, </key>
<key name="account"> 69,141,131,78,134,136,8,84,139,140,36,142,145,18,19,20,143,144,34,146,73, </key>
<key name="account'"> 141, </key>
<key name="acm"> 28,112,146,46,35, </key>
<key name="acrobat"> 40, </key>
<key name="acros"> 35, </key>
<key name="action"> 76,65,66,120,67,17,90,144,61,53,70,87, </key>
<key name="activ"> 78,66,67,139,70, </key>
<key name="activat"> 102, </key>
<key name="activiti"> 122,0,1,4,5,6,57,133,7,10,53,63, </key>
<key name="activity"> 0,5,138, </key>
<key name="actual"> 40,43,54, </key>
<key name="ad"> 122,2,55,128,50,3,123,31,56,131,4,39,125,25,26,27,60,140,17,19,144,22,46,47,35,63,73, </key>
<key name="add"> 122,69,2,123,31,56,131,118,5,57,58,25,41,26,136,8,10,27,13,66,42,30,15,71,60,140,107,17,90,18,19,143,144,61,34,72,53,77,146,35,63,73,64,24,74, </key>
<key name="addition"> 123,109,81,8,60,96,85,63, </key>
<key name="additional"> 31,7,25,8,10,65,30,67,33,18,19,144,61,34,72,53,70,146,24, </key>
<key name="addres"> 75,69,149,141,31,131,110,134,59,25,41,26,136,8,10,27,28,29,65,30,67,32,60,139,140,36,142,102,43,33,112,113,107,90,18,19,20,21,143,144,129,61,51,34,72,53,22,45,70,146,46,47,35,63,73,24,74,87, </key>
<key name="addresse"> 42,47, </key>
<key name="adjust"> 105, </key>
<key name="administration"> 40,85, </key>
<key name="administrator"> 69,149,97,40,78,110,135,8,137,138,139,101,102,96,88,18,19,20,144,85,94,45,24, </key>
<key name="adob"> 109,40,115, </key>
<key name="advanc"> 69,141,131,109,110,80,133,84,139,112,90,114,115,108,144,116,74,87, </key>
<key name="advantag"> 63, </key>
<key name="advis"> 41, </key>
<key name="affect"> 145, </key>
<key name="again"> 39,138,105,114, </key>
<key name="aid"> 121,116, </key>
<key name="ajax"> 80,139, </key>
<key name="aka"> 85, </key>
<key name="alias"> 144, </key>
<key name="alignment"> 56, </key>
<key name="allow"> 110,26,136,65,67,140,102,112,113,90,144,61,53,146,116,73, </key>
<key name="allowabl"> 112, </key>
<key name="almost"> 102, </key>
<key name="alon"> 113, </key>
<key name="along"> 79,103,88, </key>
<key name="alphabetiz"> 32, </key>
<key name="already"> 31,118,138,20,63, </key>
<key name="alternative"> 118, </key>
<key name="although"> 113, </key>
<key name="alway"> 4,98,71,139,140,102,112,132,108,144,85,46,35,23,73, </key>
<key name="am"> 147, </key>
<key name="amb"> 112, </key>
<key name="amount"> 138,88, </key>
<key name="and"> 112, </key>
<key name="angl"> 107, </key>
<key name="animation"> 40, </key>
<key name="announcement"> 51, </key>
<key name="anoth"> 75,55,128,50,3,141,76,39,40,79,59,81,26,83,28,84,37,67,86,127,142,106,90,132,114,115,144,85,45,49,121,73,54, </key>
<key name="another'"> 128, </key>
<key name="any"> 75,122,69,0,2,123,31,109,118,40,5,110,6,59,41,8,82,10,27,119,12,65,66,84,67,138,102,43,16,96,112,113,89,107,17,145,52,132,18,19,20,108,91,144,129,61,51,34,72,53,92,85,22,47,121,116,68,73,24,74,87, </key>
<key name="anyon"> 10,129,61,51,34,72,53, </key>
<key name="anyth"> 129, </key>
<key name="anyway"> 41, </key>
<key name="anywher"> 112,113,144, </key>
<key name="ap"> 76,118,65,66,67,90,132,144,146,121,24, </key>
<key name="appear"> 0,31,131,109,118,39,111,41,136,8,10,27,65,42,30,37,67,99,71,139,100,86,102,38,103,16,112,113,104,107,90,18,19,115,21,144,34,72,146,46,47,121,35,23,73,54, </key>
<key name="appli"> 131,76,118,136,66,37,67,112,115,121,63, </key>
<key name="application"> 69,40,134,67,71,102,43,132,144,46,73,64,74,87,95, </key>
<key name="apply"> 76,144, </key>
<key name="appointment"> 69,0,1,2,7,8,11,13,17,18,19,21,144,22,46,121,116,23,74, </key>
<key name="appropriat"> 131,39,102,17,129,73, </key>
<key name="area"> 122,2,123,10,66,84,32,113,105,18,115,108,61,34,72,53,87, </key>
<key name="arial"> 144, </key>
<key name="arriv"> 110,66,85, </key>
<key name="arrives:forward"> 143, </key>
<key name="arrow"> 0,25,81,8,36,33,113,107,18,19,115,108,92,93,70,46,121,116, </key>
<key name="ascend"> 92, </key>
<key name="ask"> 37,102,43,73, </key>
<key name="assign"> 69,118,135,144,61,53,146,24,95, </key>
<key name="assistant"> 122,123,51,74, </key>
<key name="associat"> 141,31,67,140, </key>
<key name="assum"> 40,115, </key>
<key name="asterisk"> 112,117,116,68, </key>
<key name="atom"> 81,77, </key>
<key name="attach"> 123,131,39,40,136,102,115,22, </key>
<key name="attachment"> 69,141,123,109,39,97,40,110,41,8,13,65,42,67,36,101,102,43,112,113,88,107,17,18,19,115,144,22,63,116,73,64, </key>
<key name="attachment:word"> 112, </key>
<key name="attack"> 101, </key>
<key name="attempt"> 73, </key>
<key name="attende"> 0,2,8,11,13,18,19,21,144,22,46,23, </key>
<key name="attendee'"> 69,8,12,18,19, </key>
<key name="attribut"> 112, </key>
<key name="audio"> 116, </key>
<key name="august"> 147, </key>
<key name="authenticat"> 139, </key>
<key name="author"> 69,58, </key>
<key name="auto"> 31,27,144,147,24, </key>
<key name="autocomplet"> 60,144,46, </key>
<key name="automat"> 85, </key>
<key name="automatic"> 99,88,46, </key>
<key name="automatical"> 69,141,31,131,40,79,26,136,27,12,65,66,67,138,139,43,96,106,107,17,143,144,85,94,146,147, </key>
<key name="availability"> 69,8,71,18,19,20,21, </key>
<key name="availabl"> 122,149,0,123,4,134,25,8,27,30,71,139,18,19,144,46,35,63,73,87, </key>
<key name="avoid"> 133, </key>
<key name="away"> 71,144,147, </key>
<key name="back"> 55,128,50,3,131,78,136,27,71,139,100,70,49,74, </key>
<key name="background"> 56,98,144,48,63, </key>
<key name="backslash"> 68, </key>
<key name="bad"> 45, </key>
<key name="ban"> 0,88,18, </key>
<key name="bana"> 111, </key>
<key name="banana"> 111,65,112,116,68, </key>
<key name="bananafloat"> 68, </key>
<key name="bananasboat"> 68, </key>
<key name="bandanna"> 68, </key>
<key name="bar"> 123,109,5,59,8,28,112,88,105,114,18,19,21,70,87, </key>
<key name="bas"> 80,139, </key>
<key name="basi"> 83, </key>
<key name="basic"> 109,110,71,112,115,62,63, </key>
<key name="bcc"> 31,25,41,42,113,46,47,35, </key>
<key name="be"> 65,67,38,61,53, </key>
<key name="becom"> 2,5,8,71,43,18,19,22,46,64, </key>
<key name="befor"> 2,55,128,50,3,141,123,131,110,41,26,136,8,65,71,112,113,107,17,115,144,77,85,49,35,68, </key>
<key name="begin"> 56,37,90,46, </key>
<key name="behalf"> 51,53, </key>
<key name="behav"> 70,46, </key>
<key name="behavior"> 46,63, </key>
<key name="below"> 131,41,26,136,105,144,146,46,74,87, </key>
<key name="beneath"> 115, </key>
<key name="best"> 144, </key>
<key name="beta"> 69,71, </key>
<key name="big"> 112, </key>
<key name="billybob"> 46, </key>
<key name="black"> 144, </key>
<key name="blank"> 58,41, </key>
<key name="blind"> 47, </key>
<key name="block"> 97,40,101, </key>
<key name="blu"> 4, </key>
<key name="boat"> 68, </key>
<key name="bob"> 46, </key>
<key name="body"> 110,41,98,65,42,67,43,113,104,107,115,144,116,74, </key>
<key name="bold"> 84,99,71,36,100, </key>
<key name="book"> 75,69,149,31,134,59,25,26,27,28,29,30,32,102,33,113,144,34,35,73,24,74, </key>
<key name="bord"> 56, </key>
<key name="bos"> 67, </key>
<key name="both"> 31,109,111,86,112,115,68, </key>
<key name="bottom"> 93, </key>
<key name="bounc"> 88,45, </key>

</ftswdata>  
