<?xml version='1.0' encoding='windows-1252' ?>
<ftswdata>
<key name="informational"> 74, </key>
<key name="initial"> 111,69,117,52,44,53, </key>
<key name="inlin"> 83, </key>
<key name="input"> 55, </key>
<key name="insensitiv"> 55,98, </key>
<key name="insert"> 45,40,52,53, </key>
<key name="insid"> 68, </key>
<key name="instal"> 37,89, </key>
<key name="install"> 37, </key>
<key name="instanc"> 95,96,13,11,15,101, </key>
<key name="instead"> 52,53, </key>
<key name="integrat"> 122,71,74, </key>
<key name="interact"> 122,71,63, </key>
<key name="interest"> 43, </key>
<key name="interfac"> 71,98,75,77,109,117,60, </key>
<key name="internal"> 37,10,98,50,31,53, </key>
<key name="internet"> 66,38,40,92,109,117, </key>
<key name="interpret"> 0,55, </key>
<key name="interval"> 87,117, </key>
<key name="invit"> 2,17,12,18,21, </key>
<key name="invitation"> 0,2,1,17,8,9,10,15,16,103,20, </key>
<key name="isn"> 72,61, </key>
<key name="issu"> 108, </key>
<key name="italic"> 53, </key>
<key name="item"> 64,95,65,104,37,67,13,97,70,105,106,71,57,49,73,89,98,99,77,101,94,117,72,82,60,107,102,83, </key>
<key name="itself"> 58, </key>
<key name="j"> 83, </key>
<key name="jan"> 57, </key>
<key name="january"> 98, </key>
<key name="jdo"> 49, </key>
<key name="jo"> 98,32, </key>
<key name="job"> 23, </key>
<key name="john"> 98,119, </key>
<key name="jpeg"> 95,37,89,101, </key>
<key name="jpg"> 36,37, </key>
<key name="js123"> 32, </key>
<key name="jsmith"> 32, </key>
<key name="junk"> 71,77,117,72,61,74,83, </key>
<key name="just"> 30,99,92,101, </key>
<key name="kb"> 96,98, </key>
<key name="keep"> 28,7,55,75,116,53, </key>
<key name="key"> 42,83, </key>
<key name="keyboard"> 63,83, </key>
<key name="keyword"> 47,98,99,52,53,102, </key>
<key name="kilobyt"> 98, </key>
<key name="know"> 17,8,10,39,49,16,50,31,42,51,52,32, </key>
<key name="known"> 17,8,89,16,19,120, </key>
<key name="l"> 83, </key>
<key name="label"> 67, </key>
<key name="languag"> 98,99,117,102, </key>
<key name="larg"> 96,55,106,62,98,75,72,61, </key>
<key name="last"> 0,96,23,38,25,34,57,29,40,98,99,42,121, </key>
<key name="launch"> 122,37, </key>
<key name="layout"> 45,47,86,53, </key>
<key name="leaf"> 55,58, </key>
<key name="learn"> 99,102, </key>
<key name="least"> 98,108,43, </key>
<key name="leav"> 122,65,55,57,114,109, </key>
<key name="left"> 65,104,110,71,114,73,99,93,72,81,82,60,32,102,5,74,83, </key>
<key name="length"> 113,117, </key>
<key name="lenient"> 40, </key>
<key name="les"> 106, </key>
<key name="let"> 1,122,28,37,38,8,71,117,43,52,53,102,5,22, </key>
<key name="letter"> 52, </key>
<key name="level"> 64,48,68,75,117,53, </key>
<key name="lick"> 91, </key>
<key name="lik"> 69,25,40,117, </key>
<key name="like"> 34,57, </key>
<key name="limit"> 96,75,22, </key>
<key name="lin"> 28,95,36,37,67,97,38,55,39,34,33,40,99,91,92,117,58, </key>
<key name="link"> 85,37,47,8,86,49,80,60,52,53,54,74, </key>
<key name="list"> 64,2,3,28,65,104,96,7,23,38,17,68,8,10,24,12,26,56,106,27,34,57,29,49,33,40,30,99,91,15,77,16,101,94,117,50,31,80,72,20,108,60,42,43,107,32,53,102,5,22,74,83, </key>
<key name="literal"> 102, </key>
<key name="local"> 75,116, </key>
<key name="locat"> 36,67,29, </key>
<key name="location"> 2,17,68,8,33,73,89,16,18,19,81,21,74, </key>
<key name="log"> 66,69,87,113,114,75,118,117,72,74, </key>
<key name="login"> 114, </key>
<key name="long"> 46,24,84,75,93,60,43, </key>
<key name="look"> 4,38,55,87,75, </key>
<key name="los"> 40,109, </key>
<key name="lot"> 115, </key>
<key name="low"> 91,94,60, </key>
<key name="lowercas"> 52, </key>
<key name="m"> 55,83, </key>
<key name="macintosh"> 66, </key>
<key name="mail"> 64,59,3,28,36,37,66,67,110,48,23,38,69,10,24,86,55,56,106,71,39,34,57,87,114,33,88,115,89,40,90,98,99,75,91,93,92,77,41,109,101,78,116,117,50,31,72,82,108,60,119,43,107,32,120,61,63,74,83, </key>
<key name="mailbox"> 28,4,68,69,57,33,115,75,116,117,103,80,81,108,53,74, </key>
<key name="main"> 58, </key>
<key name="maintain"> 27,53, </key>
<key name="majority"> 89, </key>
<key name="mak"> 0,122,95,13,10,86,25,98,99,15,94,50,103,31,52,21,53,102, </key>
<key name="malform"> 55, </key>
<key name="man"> 42, </key>
<key name="manag"> 1,59,46,10,33,50,103,31, </key>
<key name="manageabl"> 75, </key>
<key name="management"> 56, </key>
<key name="manual"> 72,82, </key>
<key name="mark"> 65,55,71,57,88,92,15,77,58,83, </key>
<key name="marketingwikipag"> 52, </key>
<key name="markup"> 117, </key>
<key name="martin"> 95, </key>
<key name="match"> 2,95,37,97,17,8,25,55,56,34,57,16,94,42,102,58,22, </key>
<key name="maximum"> 113,98,22, </key>
<key name="maxm"> 98, </key>
<key name="mb"> 96,98, </key>
<key name="md5sumsafterburn"> 52, </key>
<key name="mean"> 97,55,56,34,98,117,108,5, </key>
<key name="meant"> 66, </key>
<key name="mechanism"> 122,71, </key>
<key name="media"> 37, </key>
<key name="medium"> 107, </key>
<key name="meet"> 0,2,122,95,13,17,8,10,57,15,16,18,19,20, </key>
<key name="meeting"> 0,2,1,59,13,17,8,10,12,14,18,19,20, </key>
<key name="megabyt"> 98, </key>
<key name="menu"> 28,65,104,57,88,99,77,81,60,32,83, </key>
<key name="merg"> 45, </key>
<key name="messag"> 0,64,2,1,59,122,3,28,95,104,36,85,37,96,46,67,23,38,69,9,10,70,86,55,56,106,71,39,34,57,87,33,88,62,73,89,40,35,90,84,98,99,75,91,93,92,15,77,41,109,101,94,78,116,117,50,31,79,72,81,20,108,60,119,42,43,44,107,32,102,120,22,61,63,74,83, </key>
<key name="met"> 56, </key>
<key name="method"> 67,97,56,88, </key>
<key name="microsoft"> 36,37,66,71,89,98,101,102, </key>
<key name="middl"> 109,58, </key>
<key name="might"> 96,62,98,92,109,72,42,107,58,61, </key>
<key name="migrat"> 71, </key>
<key name="mik"> 34, </key>
<key name="mini"> 0,1,96,117,20,74, </key>
<key name="minimum"> 117, </key>
<key name="minm"> 98, </key>
<key name="minut"> 87,29,117, </key>
<key name="miscellaneou"> 28, </key>
<key name="mission"> 40, </key>
<key name="mix"> 101, </key>
<key name="mm"> 98, </key>
<key name="mod"> 86,21, </key>
<key name="modifi"> 25,53, </key>
<key name="monday"> 6, </key>
<key name="money"> 58, </key>
<key name="month"> 0,1,96,6,8,14,63,83, </key>
<key name="mous"> 0,64,28,65,91,77,109,79,60,42,5,22, </key>
<key name="mov"> 64,3,65,67,70,55,34,57,73,93,15,77,72,42,32,22,61,83, </key>
<key name="movabl"> 60, </key>
<key name="movi"> 37, </key>
<key name="mozilla"> 66, </key>
<key name="mpeg"> 37, </key>
<key name="mpg"> 37, </key>
<key name="much"> 75, </key>
<key name="multi"> 16, </key>
<key name="multipl"> 2,59,95,65,104,96,17,55,56,57,90,16,107,5,54,22,83, </key>
<key name="must"> 64,95,36,111,97,48,10,25,55,56,34,57,49,114,89,98,99,91,118,117,50,31, </key>
<key name="my"> 97,55,57,98,109, </key>
<key name="myra"> 114, </key>
<key name="myra123"> 114, </key>
<key name="n"> 83, </key>
<key name="nam"> 64,2,122,3,28,95,65,104,46,47,7,48,23,38,17,68,8,24,105,25,26,55,56,27,87,29,49,114,40,14,30,98,99,75,91,76,92,77,100,16,94,19,50,80,20,42,52,107,32,53,102,5,22,63,74, </key>
<key name="navigat"> 109,117,74,83, </key>
<key name="ne"> 37,17,8,114,109,50,21, </key>
<key name="nearest"> 55, </key>
<key name="necessary"> 8,56, </key>
<key name="need"> 36,38,106,75,32, </key>
<key name="negativ"> 57, </key>
<key name="network"> 89, </key>
<key name="nev"> 101,108, </key>
<key name="new"> 0,59,28,104,36,37,46,111,47,7,48,23,38,17,68,8,56,71,39,34,57,87,29,88,73,115,40,98,91,92,15,118,77,41,101,117,50,31,80,72,119,42,43,52,107,32,53,102,22,63,74,83, </key>
<key name="newest"> 91, </key>
<key name="next"> 23,17,8,55,56,71,87,33,89,40,30,91,16,101,19,81,60,43,107,83, </key>
<key name="non"> 10,55,31, </key>
<key name="nop"> 52, </key>
<key name="normal"> 55,41,53,58, </key>
<key name="not"> 122,36,37,23,17,8,10,114,62,98,92,101,50,31,60,102,22,63, </key>
<key name="notab"> 37, </key>
<key name="notebook"> 47,48,50,54, </key>
<key name="notepad"> 37, </key>
<key name="noth"> 65, </key>
<key name="notic"> 3,49,15, </key>
<key name="notifi"> 115, </key>
<key name="notification"> 37,10,62,115,75,15,117,50,31, </key>
<key name="notify"> 46,50, </key>
<key name="novemb"> 4, </key>
<key name="numb"> 122,37,106,71,87,29,33,98,99,75,91,92,117,72,52,22,61, </key>
<key name="number"> 96,86,60,22, </key>
<key name="nut"> 101, </key>
<key name="o"> 83, </key>
<key name="object"> 96,98,19,54, </key>
<key name="occur"> 2,113,92, </key>
<key name="occurrenc"> 13, </key>
<key name="of"> 103, </key>
<key name="off"> 66,106,57,113,114,117,81,120,74, </key>
<key name="offer"> 59,33,102,63, </key>
<key name="offic"> 2,36,19,117,102,120, </key>
<key name="often"> 37,111,117, </key>
<key name="ok"> 104,46,13,111,7,48,17,68,8,10,26,56,29,49,73,14,100,16,50,31,80,20,21,107,32,63, </key>
<key name="old"> 111,34,84,75,92, </key>
<key name="omit"> 55,117, </key>

</ftswdata>  
