<?xml version='1.0' encoding='windows-1252' ?>
<ftswdata>
<key name="ok"> 106,47,13,113,7,49,17,69,8,10,26,57,29,50,74,14,101,16,51,31,81,20,21,109,32,64, </key>
<key name="old"> 113,34,85,76,93, </key>
<key name="omit"> 56,119, </key>
<key name="on"> 0,65,1,60,28,4,96,66,106,37,6,68,13,7,23,69,70,10,24,56,57,34,58,33,74,40,14,30,99,100,94,18,102,119,31,80,110,61,42,43,21,109,59,55,22,64,75, </key>
<key name="onc"> 4,66,106,108,27,34,42,122, </key>
<key name="ongo"> 93, </key>
<key name="onto"> 106, </key>
<key name="open"> 0,1,60,45,3,96,66,36,86,37,97,6,47,13,48,23,38,69,70,25,26,57,39,34,50,116,89,90,91,92,94,93,15,41,101,102,95,19,119,81,73,20,121,21,32,103,64,84, </key>
<key name="operat"> 111, </key>
<key name="operation"> 46, </key>
<key name="operator"> 56,59, </key>
<key name="oppos"> 111, </key>
<key name="opt"> 37, </key>
<key name="option"> 0,2,1,28,96,106,86,6,47,113,112,98,38,17,8,70,9,10,87,26,56,57,39,58,88,29,33,117,99,93,15,120,16,95,79,119,51,31,82,121,43,21,54,22,64,75, </key>
<key name="optional"> 60,45,3,39,50,40,121,53,75, </key>
<key name="ord"> 96,106,38,57,34,58,50,116,76,120,80,53, </key>
<key name="order"> 34, </key>
<key name="organiz"> 65,60,68,55, </key>
<key name="organization"> 27,50,63,105,32,55, </key>
<key name="original"> 2,12,33,93,78,119,110,44, </key>
<key name="originator"> 11,119, </key>
<key name="other"> 1,10,56,116,90,105,55,22, </key>
<key name="otherwis"> 108,92,43, </key>
<key name="out"> 2,67,68,56,115,116,19,119,81,122, </key>
<key name="outgo"> 119,121, </key>
<key name="outlook"> 72, </key>
<key name="outsid"> 90,55, </key>
<key name="overview"> 65,124,106,49,69,70,107,72,33,94,101,81,109,75, </key>
<key name="own"> 60,50, </key>
<key name="p"> 84, </key>
<key name="pa"> 84, </key>
<key name="pacific"> 17,8, </key>
<key name="packag"> 36, </key>
<key name="pad"> 46, </key>
<key name="pag"> 2,46,37,47,13,48,38,17,70,39,27,58,91,100,119,51,20,61,52,53,21,54,55,64,75,84, </key>
<key name="paint"> 37, </key>
<key name="pan"> 65,124,96,106,97,112,48,7,49,23,38,69,70,107,72,34,33,74,92,94,15,101,102,95,119,80,81,73,82,83,61,109,103,75,84, </key>
<key name="pap"> 86,90, </key>
<key name="paragraph"> 54, </key>
<key name="parameter"> 2, </key>
<key name="parent"> 69, </key>
<key name="parenthes"> 72,88,33,92, </key>
<key name="part"> 46,37,57,34,40,99,93,110,42,54,75, </key>
<key name="particular"> 60,58,99,80,103, </key>
<key name="partner"> 60, </key>
<key name="party"> 124,72,75, </key>
<key name="pas"> 28,92,78,80,61,22, </key>
<key name="password"> 113,10,114,116,120,119,51,31, </key>
<key name="path"> 50, </key>
<key name="pattern"> 8, </key>
<key name="pdf"> 96,86,37,99,102, </key>
<key name="peopl"> 0,1,99,105,122, </key>
<key name="per"> 14,18,119, </key>
<key name="perform"> 96,66,97,57,78,61,103, </key>
<key name="performanc"> 60, </key>
<key name="perhap"> 58,95, </key>
<key name="period"> 37,115,116,85,73,83,103,122,5,62, </key>
<key name="periodical"> 115, </key>
<key name="permanent"> 85, </key>
<key name="permission"> 60,47,10,51,105,31,55, </key>
<key name="permit"> 37, </key>
<key name="person"> 45,3,38,93,78,119,122, </key>
<key name="personal"> 1,60,7,23,25,27,90,100,78,109,32,103,22, </key>
<key name="phon"> 124,97,99,100,22, </key>
<key name="photoshop"> 37, </key>
<key name="phras"> 57,102,103, </key>
<key name="pick"> 17,8, </key>
<key name="pictur"> 36, </key>
<key name="plac"> 86,49,69,56,72,63,74,92,73,83,55,62, </key>
<key name="placehold"> 59, </key>
<key name="plain"> 38,87,119, </key>
<key name="plan"> 2, </key>
<key name="play"> 37, </key>
<key name="playabl"> 37, </key>
<key name="plu"> 110,103, </key>
<key name="plug"> 37, </key>
<key name="podcast"> 81, </key>
<key name="point"> 86,90,75, </key>
<key name="pol"> 88,119, </key>
<key name="polici"> 37,85, </key>
<key name="policy"> 86,63,99,76, </key>
<key name="pop"> 78,111,44, </key>
<key name="popular"> 67, </key>
<key name="populat"> 23,93,20,22, </key>
<key name="portion"> 56,78,111,42,32, </key>
<key name="possib"> 73,62, </key>
<key name="possibl"> 87,111,102,42, </key>
<key name="post"> 10, </key>
<key name="potential"> 67, </key>
<key name="powerful"> 100, </key>
<key name="powerpoint"> 86,103, </key>
<key name="pr"> 97,23,69, </key>
<key name="practic"> 67,90, </key>
<key name="preced"> 56, </key>
<key name="predefin"> 54, </key>
<key name="pref"> 48,21,64, </key>
<key name="preferenc"> 112,38,87,57,88,93,120,119,73, </key>
<key name="prefix"> 99,93,119,104,103, </key>
<key name="preformat"> 54, </key>
<key name="pres"> 17,8,16, </key>
<key name="presenc"> 56,58,33, </key>
<key name="present"> 56,14, </key>
<key name="preserv"> 39,76,93, </key>
<key name="president"> 121, </key>
<key name="presum"> 40, </key>
<key name="prevent"> 56,58,116, </key>
<key name="preview"> 124, </key>
<key name="previou"> 66,57,72,14,93,119,84, </key>
<key name="previous"> 97,99,102, </key>
<key name="primary"> 119,43, </key>
<key name="print"> 1,14,35,91,30,78,84, </key>
<key name="priority"> 102,109, </key>
<key name="privacy"> 116, </key>
<key name="privileg"> 47,10,50,51,31,22, </key>
<key name="probab"> 67, </key>
<key name="problem"> 113,110, </key>
<key name="proce"> 57, </key>
<key name="procedur"> 102, </key>
<key name="proceed"> 81, </key>
<key name="proces"> 46,90,54,103, </key>
<key name="produc"> 38,99,119, </key>
<key name="program"> 124,36,37,40, </key>
<key name="project"> 34,50, </key>
<key name="project1"> 50, </key>
<key name="prompt"> 37,111, </key>
<key name="properti"> 46,4,47,10,51,31,54, </key>
<key name="protect"> 116, </key>
<key name="provid"> 37,68,116,40,81,110,109,64, </key>
<key name="pt"> 119, </key>
<key name="public"> 10,50,51,105,31, </key>
<key name="purg"> 71,85,76,94,73,83,62, </key>
<key name="purpl"> 106, </key>
<key name="put"> 10,34,99,31,73, </key>
<key name="q"> 84, </key>
<key name="queri"> 72,99,100,101,103, </key>
<key name="query"> 96,106,97,99,100,101,95,119,103, </key>
<key name="quest"> 51,31, </key>
<key name="question"> 67,59, </key>
<key name="quick"> 0,2,1,28,106,68,38,72,100,15,95,20,42,21,103,55,64,84, </key>
<key name="quickadd"> 0,1,119,21, </key>
<key name="quot"> 70,99,77,119,109,64, </key>
<key name="quota"> 76,75, </key>
<key name="r"> 84, </key>
<key name="radio"> 102,95, </key>
<key name="random"> 28, </key>
<key name="rang"> 102, </key>
<key name="rath"> 119,59, </key>
<key name="re"> 34,120,110,103, </key>
<key name="reach"> 58,73,22,62, </key>
<key name="read"> 60,36,37,97,47,38,87,56,34,58,89,90,91,99,92,15,78,119,51,31,82,121,43,103,75,84, </key>
<key name="readabl"> 103, </key>
<key name="ready"> 36, </key>
<key name="real"> 73, </key>
<key name="reason"> 63,110, </key>
<key name="receiv"> 45,3,86,37,97,68,27,34,88,33,63,117,90,40,99,76,15,18,102,119,80,73,82,110,62, </key>
<key name="recent"> 33,119,20, </key>
<key name="recipient"> 60,36,68,39,40,99,93,119,110,43,32,122, </key>
<key name="recogniz"> 37, </key>
<key name="recommend"> 90, </key>
<key name="record"> 25, </key>
<key name="recov"> 71,94, </key>
<key name="recover"> 85,94, </key>
<key name="recur"> 0,2,1,13,8,11,15,18, </key>
<key name="recurrenc"> 8,20, </key>
<key name="red"> 5, </key>
<key name="reduc"> 76, </key>
<key name="refer"> 119, </key>
<key name="referenc"> 37, </key>
<key name="reflect"> 17,8, </key>
<key name="refresh"> 67,17,95,84, </key>
<key name="regard"> 85, </key>
<key name="regardles"> 86,115,63,122, </key>
<key name="regular"> 71, </key>
<key name="reject"> 1,45,3,86,110, </key>
<key name="relat"> 60,34,33,100,121, </key>
<key name="relativ"> 61, </key>
<key name="relevant"> 73,62, </key>
<key name="reliabl"> 60, </key>
<key name="reload"> 67,111,81, </key>
<key name="remain"> 67,85,73,83, </key>
<key name="rememb"> 116,102,51,122, </key>
<key name="remind"> 15,111,119, </key>
<key name="remot"> 7, </key>
<key name="remov"> 106,47,10,24,107,94,15,41,51,105,31,32,22, </key>
<key name="renam"> 65,77,78,73, </key>
<key name="rep"> 60,9,56,39,34,58,40,93,15,78,119,122,84, </key>
<key name="repeat"> 8,57,21,32, </key>
<key name="replac"> 42, </key>
<key name="repli"> 97,34,33,93,119,122, </key>
<key name="reply"> 93, </key>
<key name="report"> 73,62, </key>
<key name="represent"> 72,61, </key>
<key name="request"> 2,9,10,15,20, </key>
<key name="requir"> 17,8,10,116,117,16,31,20,22, </key>
<key name="reschedul"> 0, </key>
<key name="reserv"> 2,17,8,16,18, </key>
<key name="reset"> 114,120, </key>
<key name="resid"> 90, </key>
<key name="resolv"> 110, </key>
<key name="resourc"> 2,17,8,76,16,18,19, </key>
<key name="respective"> 43, </key>
<key name="respond"> 15, </key>
<key name="respons"> 117,93,15, </key>
<key name="restart"> 116, </key>
<key name="restor"> 120, </key>
<key name="result"> 96,56,34,101,95,119,42, </key>
<key name="resum"> 44, </key>
<key name="retain"> 118, </key>
<key name="retriev"> 68,41, </key>
<key name="return"> 17,8,56,76,16,104,42,103,122, </key>
<key name="retyp"> 113, </key>
<key name="reus"> 113, </key>
<key name="review"> 99,73,62, </key>
<key name="revok"> 47,10,105,31, </key>
<key name="rich"> 48,52,53,54,55, </key>

</ftswdata>  
