<?xml version='1.0' encoding='windows-1252' ?>
<ftswdata>
<key name="certain"> 0,37,97,68,56,63,99,76,73,110,42,109,62, </key>
<key name="chanc"> 90, </key>
<key name="chang"> 1,4,6,47,13,113,112,48,38,17,8,70,10,87,25,34,58,50,33,89,92,93,120,111,95,79,119,51,105,31,82,20,61,42,21,44,54,103,22,75,84, </key>
<key name="charact"> 58,77,93,109,59, </key>
<key name="character"> 113,99,42,103,59, </key>
<key name="characteristic"> 60,68,58,63, </key>
<key name="charg"> 34, </key>
<key name="check"> 45,3,28,96,67,97,48,7,23,38,69,87,26,57,58,88,116,63,117,16,102,119,81,121,44,122,5,22,84, </key>
<key name="choic"> 57,15,78,61, </key>
<key name="choos"> 1,66,106,113,112,49,23,38,69,8,10,71,25,57,58,116,89,90,35,91,100,76,77,102,118,119,31,73,82,83,109,62,75, </key>
<key name="chooser"> 67, </key>
<key name="chos"> 119, </key>
<key name="chosen"> 4,39, </key>
<key name="cisco"> 124, </key>
<key name="claim"> 102, </key>
<key name="classification"> 109, </key>
<key name="classify"> 106,68,72,109, </key>
<key name="clear"> 73,62, </key>
<key name="click"> 0,65,2,1,60,124,45,3,28,46,66,106,36,37,47,13,113,112,48,7,49,23,38,17,69,8,10,24,11,12,71,107,87,25,26,57,108,72,39,88,29,50,116,33,89,74,117,90,40,14,35,91,30,85,99,100,76,92,77,93,15,120,78,41,111,101,16,95,19,118,51,31,80,81,73,82,83,20,61,121,42,43,52,21,44,109,32,54,122,62,64,84, </key>
<key name="clickabl"> 61, </key>
<key name="client"> 60,124,37,67,68,49,87,72,27,116,33,89,90,76,78,111,119,105,61,103,55,64,75,84, </key>
<key name="clip"> 86,37,90, </key>
<key name="clos"> 112,116,14,35,111,44,84, </key>
<key name="cod"> 4,37,87,100,5, </key>
<key name="collaboration"> 60,67,85,55, </key>
<key name="collective"> 58, </key>
<key name="colon"> 10,99,77,31,109, </key>
<key name="color"> 3,46,4,48,7,38,87,50,119,44,54,5, </key>
<key name="column"> 1,46,67,6,113,112,49,116,33,92,19,80,61,54,5, </key>
<key name="com"> 38,25,58,50,116,99,121,42,32, </key>
<key name="combin"> 56,58,14, </key>
<key name="combination"> 56, </key>
<key name="comma"> 26,29,119,42, </key>
<key name="command"> 37,74,61,64, </key>
<key name="comment"> 15, </key>
<key name="commit"> 25,120, </key>
<key name="common"> 36, </key>
<key name="communicat"> 27, </key>
<key name="company"> 2,113,7,23,10,27,58,40,102,31,32, </key>
<key name="compar"> 57, </key>
<key name="comparison"> 98,56,57,59, </key>
<key name="complet"> 38,17,8,11,25,29,30,41,16,118,20,22, </key>
<key name="completion"> 24,42, </key>
<key name="complex"> 58,100,103, </key>
<key name="component"> 40, </key>
<key name="compos"> 2,60,36,48,38,24,87,72,39,93,78,41,111,119,51,73,121,43,32,54,22,64,84, </key>
<key name="compound"> 99, </key>
<key name="compres"> 37, </key>
<key name="compression"> 37, </key>
<key name="comput"> 124,37,67,38,116,90,119, </key>
<key name="computer"> 37,90, </key>
<key name="concern"> 40, </key>
<key name="condition"> 98,56,57,58, </key>
<key name="conferenc"> 16, </key>
<key name="configur"> 46,37,38,115,117,40,85,18,119,73,54,62,75, </key>
<key name="configuration"> 72, </key>
<key name="confirm"> 0,113, </key>
<key name="confirmation"> 45,3,38, </key>
<key name="conflict"> 18, </key>
<key name="consider"> 96,56,34,58,89,90,59, </key>
<key name="consist"> 2,27,58,33,40,53, </key>
<key name="consistent"> 54, </key>
<key name="constrain"> 99, </key>
<key name="constraint"> 20, </key>
<key name="consum"> 76, </key>
<key name="contact"> 60,28,106,86,97,113,112,23,38,17,8,24,25,26,56,27,114,29,40,30,100,94,78,16,102,95,119,105,31,73,20,110,121,42,109,32,103,22,62,64,84, </key>
<key name="contain"> 60,96,86,37,97,112,98,87,56,72,27,58,88,33,89,63,90,40,99,100,92,15,102,95,79,80,104,59, </key>
<key name="content"> 124,46,66,106,86,97,47,48,38,70,71,72,33,90,40,99,92,101,102,119,51,105,31,80,81,73,110,104,52,54,103,55,22,62,75,84, </key>
<key name="context"> 34,64, </key>
<key name="contiguou"> 66, </key>
<key name="continu"> 36,57,34,115,111,42, </key>
<key name="contradictory"> 58, </key>
<key name="control"> 66,106,75, </key>
<key name="conv"> 99, </key>
<key name="convenienc"> 27,61, </key>
<key name="convention"> 61, </key>
<key name="conversation"> 60,28,106,68,108,34,88,33,89,74,35,91,99,92,93,78,95,119,82,20,61,109,75,84, </key>
<key name="convert"> 86,103, </key>
<key name="cook"> 98, </key>
<key name="copi"> 56,79,119,43, </key>
<key name="copy"> 56,118,51,73,43, </key>
<key name="copyright"> 123, </key>
<key name="corn"> 52,75, </key>
<key name="corporat"> 57,27,100,110,32, </key>
<key name="corporation"> 121, </key>
<key name="correct"> 37,57,110,44,32, </key>
<key name="correction"> 44, </key>
<key name="correctnes"> 23, </key>
<key name="correspond"> 58,90,42, </key>
<key name="correspondenc"> 67, </key>
<key name="could"> 37,49,69,25,56,57,34,58,90,40,100,102,51,121,32, </key>
<key name="count"> 72,99, </key>
<key name="couri"> 54, </key>
<key name="creat"> 0,65,2,1,60,124,46,4,96,106,36,37,68,13,112,48,7,49,38,17,69,8,70,10,24,12,57,72,58,29,50,90,100,78,41,101,16,102,119,51,31,81,73,20,121,52,53,21,109,54,103,122,55,22,64,75,84, </key>
<key name="criteria"> 96,97,25,34,99,102,95, </key>
<key name="criterion"> 99, </key>
<key name="csv"> 26,29,31, </key>
<key name="ctrl"> 84, </key>
<key name="current"> 66,56,58,90,99,61,42,103,122,64,75, </key>
<key name="cursor"> 28,92,78,80,61,42,22, </key>
<key name="custom"> 69,8,71,56,34,75, </key>
<key name="customiz"> 45,3,47,8,70, </key>
<key name="d"> 42,84, </key>
<key name="dai"> 8,14, </key>
<key name="dal"> 42, </key>
<key name="dash"> 119,53, </key>
<key name="dat"> 0,124,97,13,17,8,56,34,40,99,16,18,102,20,103,64, </key>
<key name="data"> 100, </key>
<key name="databas"> 54, </key>
<key name="david"> 42, </key>
<key name="day"> 0,2,1,4,6,8,34,116,14,99,76,16,119,73,21,5,62,64,84, </key>
<key name="db"> 99,42, </key>
<key name="dbrink"> 42, </key>
<key name="dd"> 99, </key>
<key name="de"> 66, </key>
<key name="decemb"> 102, </key>
<key name="decid"> 39, </key>
<key name="declin"> 9,10,15,18,105, </key>
<key name="decreas"> 61, </key>
<key name="ded"> 42, </key>
<key name="deep"> 5, </key>
<key name="default"> 1,48,23,38,8,70,87,26,56,72,88,33,92,93,120,101,79,119,73,82,42,22,84, </key>
<key name="defin"> 65,2,60,46,97,38,69,58,77,102,119,105,84, </key>
<key name="definition"> 102,109, </key>
<key name="delegat"> 1,60, </key>
<key name="delet"> 65,60,66,47,13,10,24,11,12,71,107,56,72,58,85,76,94,15,78,41,79,118,119,31,73,83,55,22,62,84, </key>
<key name="delimit"> 119, </key>
<key name="deliver"> 56,58,63,110, </key>
<key name="deliverabl"> 38, </key>
<key name="delivery"> 86,63, </key>
<key name="demand"> 88, </key>
<key name="denot"> 108, </key>
<key name="department"> 27, </key>
<key name="depend"> 36,86,38,57,72,29,40,93,78,51,22,75, </key>
<key name="descend"> 80, </key>
<key name="describ"> 45,3,36,10,58,99,100,41,95,119,31,103, </key>
<key name="description"> 2,17,8,99,100,16,102,119,103,84, </key>
<key name="descriptiv"> 61,54, </key>
<key name="design"> 37,67,48,55, </key>
<key name="designat"> 60,122, </key>
<key name="designation"> 58, </key>
<key name="desir"> 74,43,32, </key>
<key name="desktop"> 36, </key>
<key name="destination"> 74, </key>
<key name="detail"> 23,74,99,95,21,22,64, </key>
<key name="detect"> 37,111, </key>
<key name="determin"> 2,63,32, </key>
<key name="develop"> 55, </key>
<key name="dialog"> 0,1,45,3,47,113,7,49,38,69,9,10,24,26,57,50,90,14,35,91,111,101,119,51,31,81,43,21,109,32,64,84, </key>
<key name="different"> 1,124,4,96,67,97,7,38,17,8,56,72,34,40,111,102,61,109,54,103,55,75, </key>
<key name="difficult"> 91, </key>
<key name="direct"> 0,37,108,51,81,42,43, </key>
<key name="directiv"> 57, </key>
<key name="directory"> 2,27,100, </key>
<key name="disabl"> 124,47,10,119,31,121,21,22, </key>
<key name="disappear"> 42, </key>
<key name="discard"> 56,58, </key>
<key name="disk"> 26,76, </key>
<key name="display"> 0,65,2,1,45,3,28,4,66,97,6,47,48,7,49,23,38,17,8,70,9,87,25,26,57,72,39,34,29,116,33,90,14,100,76,92,93,15,111,101,16,119,51,31,81,73,82,61,42,43,21,44,54,103,55,22,64,75, </key>
<key name="distinguish"> 108,102, </key>
<key name="distribution"> 27, </key>
<key name="division"> 121, </key>
<key name="do"> 96,37,67,97,38,56,39,58,14,92,93,120,102,53,54,64, </key>
<key name="doc"> 37, </key>
<key name="document"> 60,45,36,86,37,47,49,50,90,99,100,51,105,52,53,54,103,55,75,84, </key>
<key name="dodd"> 42, </key>
<key name="dog"> 104,103, </key>
<key name="domain"> 97,38,116,99,100,103, </key>
<key name="don"> 67,68,38,56,76,111,102,118,119,73,121,42,32,62, </key>
<key name="door"> 104,103, </key>
<key name="doubl"> 0,66,37,13,25,33,90,92,77,21,109,32, </key>
<key name="down"> 2,66,17,8,25,57,117,100,16,102,95,118,80,61,42,109,103,22,84, </key>
<key name="download"> 37,67, </key>
<key name="draft"> 38,72,94,78,41,111,73,75,84, </key>
<key name="drag"> 0,65,106,13,24,71,74,94,73,20,61,21, </key>

</ftswdata>  
