<?xml version='1.0' encoding='windows-1252' ?>
<ftswdata>
<key name="initial"> 106,56,112,76,42,77, </key>
<key name="inlin"> 70, </key>
<key name="input"> 43, </key>
<key name="insensitiv"> 43,93, </key>
<key name="insert"> 38,77, </key>
<key name="insid"> 55, </key>
<key name="instal"> 35,84, </key>
<key name="install"> 35, </key>
<key name="instanc"> 90,91,13,11,15,96, </key>
<key name="instruction"> 10, </key>
<key name="integrat"> 118,58,61, </key>
<key name="interact"> 118,58, </key>
<key name="interest"> 41, </key>
<key name="interfac"> 58,93,62,64,104,112,48, </key>
<key name="internal"> 35,93,74, </key>
<key name="internet"> 53,36,38,87,104,112, </key>
<key name="interpret"> 0,43, </key>
<key name="interval"> 82,112, </key>
<key name="invit"> 2,17,12,18,21, </key>
<key name="invitation"> 0,2,1,17,8,9,10,15,16,98,20, </key>
<key name="isn"> 59,49, </key>
<key name="issu"> 103, </key>
<key name="item"> 51,90,52,99,35,54,13,92,57,100,101,58,45,60,84,93,94,64,96,89,112,59,69,48,102,97,70, </key>
<key name="itself"> 46, </key>
<key name="j"> 70, </key>
<key name="jan"> 45, </key>
<key name="january"> 93, </key>
<key name="jdo"> 74, </key>
<key name="jo"> 93,30, </key>
<key name="job"> 23, </key>
<key name="john"> 93,114, </key>
<key name="jpeg"> 90,35,84,96, </key>
<key name="jpg"> 34,35, </key>
<key name="js123"> 30, </key>
<key name="jsmith"> 30, </key>
<key name="junk"> 58,64,112,59,49,61,70, </key>
<key name="just"> 29,94,87,96,120, </key>
<key name="kb"> 91,93, </key>
<key name="keep"> 7,43,62,111,77, </key>
<key name="kept"> 71,78, </key>
<key name="key"> 71,40,70, </key>
<key name="keyboard"> 71,117,70, </key>
<key name="keyword"> 72,93,94,76,77,97, </key>
<key name="kilobyt"> 93, </key>
<key name="know"> 17,8,37,16,74,40,75,76,30,77, </key>
<key name="known"> 17,8,84,16,19,115, </key>
<key name="l"> 70, </key>
<key name="label"> 54, </key>
<key name="languag"> 93,94,112,97, </key>
<key name="larg"> 91,43,101,50,93,62,59,49, </key>
<key name="last"> 0,91,23,36,25,32,45,28,38,93,94,40, </key>
<key name="launch"> 118,35, </key>
<key name="layout"> 72,81,77,78, </key>
<key name="leaf"> 43,46, </key>
<key name="learn"> 94,97, </key>
<key name="least"> 93,103,41, </key>
<key name="leav"> 118,52,43,45,109,71,104,122, </key>
<key name="left"> 52,99,105,73,58,109,60,94,88,59,68,69,48,30,97,5,61,70, </key>
<key name="length"> 108,112, </key>
<key name="lenient"> 38, </key>
<key name="les"> 101, </key>
<key name="let"> 1,118,35,36,8,58,71,112,41,76,77,97,5,117,122, </key>
<key name="letter"> 76, </key>
<key name="level"> 73,55,62,112,120, </key>
<key name="lick"> 86, </key>
<key name="lif"> 78, </key>
<key name="lik"> 56,25,38,112, </key>
<key name="like"> 32,45, </key>
<key name="limit"> 91,22,62, </key>
<key name="lin"> 27,90,34,35,54,92,36,43,37,32,31,38,94,86,87,112,46, </key>
<key name="link"> 80,35,72,8,10,81,74,67,48,76,77,78,61,122, </key>
<key name="list"> 51,2,3,27,52,99,91,22,7,23,36,17,55,8,10,24,12,44,101,26,32,45,28,31,71,38,29,94,86,15,64,16,96,89,112,67,59,20,103,48,40,41,102,30,77,97,5,78,61,122, </key>
<key name="literal"> 97, </key>
<key name="local"> 62,111,122, </key>
<key name="locat"> 34,54,28, </key>
<key name="location"> 2,17,55,8,31,60,84,16,18,19,68,21,120,61,122, </key>
<key name="log"> 53,56,82,108,109,62,113,112,59,61, </key>
<key name="login"> 109, </key>
<key name="long"> 24,79,62,88,48,41, </key>
<key name="look"> 4,36,43,82,62, </key>
<key name="los"> 38,104, </key>
<key name="lot"> 110, </key>
<key name="low"> 86,89,48, </key>
<key name="lowercas"> 76, </key>
<key name="m"> 43,70, </key>
<key name="macintosh"> 53, </key>
<key name="mail"> 51,47,3,27,34,35,53,54,105,73,23,36,56,24,81,43,44,101,58,37,32,45,82,109,31,83,110,71,84,38,85,93,94,62,86,88,87,64,39,104,96,65,111,112,59,69,103,48,114,41,102,30,115,49,61,70, </key>
<key name="mailbox"> 4,55,56,45,31,110,62,111,112,98,67,68,103,121,61,122, </key>
<key name="main"> 46, </key>
<key name="maintain"> 26, </key>
<key name="major"> 71, </key>
<key name="majority"> 84, </key>
<key name="mak"> 0,118,90,13,10,81,25,93,94,15,89,74,98,21,97, </key>
<key name="malform"> 43, </key>
<key name="man"> 40, </key>
<key name="manag"> 1,47,10,31,74,98,78, </key>
<key name="manageabl"> 62, </key>
<key name="management"> 44, </key>
<key name="manual"> 59,69, </key>
<key name="map"> 120,122, </key>
<key name="mark"> 52,43,58,45,83,87,15,64,46,70, </key>
<key name="markup"> 112, </key>
<key name="martin"> 90, </key>
<key name="match"> 2,90,35,22,92,17,8,25,43,44,32,45,71,16,89,40,119,97,46, </key>
<key name="maximum"> 22,108,93, </key>
<key name="maxm"> 93, </key>
<key name="mb"> 91,93, </key>
<key name="md5sumsafterburn"> 76, </key>
<key name="mean"> 92,43,44,32,93,112,98,103,5, </key>
<key name="meant"> 53, </key>
<key name="mechanism"> 118,58, </key>
<key name="media"> 35, </key>
<key name="medium"> 102, </key>
<key name="meet"> 0,2,118,90,13,17,8,10,45,15,16,18,19,20, </key>
<key name="meeting"> 0,2,1,47,13,17,8,10,12,14,18,19,20, </key>
<key name="megabyt"> 93, </key>
<key name="member"> 78, </key>
<key name="menu"> 27,52,99,45,83,94,64,68,48,30,70, </key>
<key name="merg"> 77, </key>
<key name="messag"> 0,51,2,1,47,118,3,27,90,99,34,80,35,91,54,22,23,36,56,9,10,57,81,43,44,101,58,37,32,45,82,31,83,50,60,71,84,38,33,85,79,93,94,62,86,88,87,15,64,39,104,96,89,65,111,112,66,59,68,20,103,48,114,40,41,42,102,30,97,115,49,117,61,70, </key>
<key name="met"> 44, </key>
<key name="method"> 54,92,44,83, </key>
<key name="microsoft"> 34,35,53,58,84,93,96,97, </key>
<key name="middl"> 104,46, </key>
<key name="might"> 91,50,93,87,104,59,40,102,46,49, </key>
<key name="migrat"> 58, </key>
<key name="mik"> 32, </key>
<key name="mini"> 0,1,91,112,20,61, </key>
<key name="minimum"> 112,119, </key>
<key name="minm"> 93, </key>
<key name="minut"> 82,28,112, </key>
<key name="mission"> 38, </key>
<key name="mix"> 96, </key>
<key name="mm"> 93, </key>
<key name="mod"> 81,21, </key>
<key name="modifi"> 25, </key>
<key name="monday"> 6, </key>
<key name="money"> 46, </key>
<key name="month"> 0,1,91,6,8,14, </key>
<key name="mous"> 0,51,27,52,22,86,64,104,66,48,40,5, </key>
<key name="mov"> 51,3,52,54,22,57,43,32,45,60,88,15,64,59,40,30,49,70, </key>
<key name="movabl"> 48, </key>
<key name="movi"> 35, </key>
<key name="mozilla"> 53, </key>
<key name="mpeg"> 35, </key>
<key name="mpg"> 35, </key>
<key name="much"> 62, </key>
<key name="multi"> 16, </key>
<key name="multilingual"> 122, </key>
<key name="multipl"> 2,47,90,52,99,91,22,17,43,44,45,85,16,102,5,78,70, </key>
<key name="music"> 122, </key>
<key name="musician"> 122, </key>
<key name="must"> 90,34,106,22,92,73,25,43,44,32,45,109,84,93,94,86,113,112,74,119,122, </key>
<key name="my"> 92,43,45,93,104, </key>
<key name="myra"> 109, </key>
<key name="myra123"> 109, </key>
<key name="n"> 70, </key>
<key name="nam"> 2,118,3,27,90,52,99,22,72,7,73,23,36,17,55,8,10,24,100,25,43,44,82,28,109,38,14,29,93,94,62,86,63,87,64,95,16,89,19,74,67,20,40,76,102,119,30,120,77,97,5,78,61,122, </key>
<key name="navigat"> 104,112,61,70, </key>
<key name="ne"> 35,17,8,109,104,21,77, </key>
<key name="nearest"> 43, </key>
<key name="necessary"> 8,44, </key>
<key name="need"> 34,36,101,62,30, </key>
<key name="negativ"> 45, </key>
<key name="network"> 84, </key>
<key name="nev"> 96,103, </key>
<key name="new"> 0,47,27,99,34,35,106,22,72,7,73,23,36,17,55,8,44,58,37,32,45,82,83,60,110,71,38,93,86,87,15,113,64,39,96,112,74,67,59,114,40,41,76,102,30,77,97,78,117,61,70, </key>
<key name="newest"> 86, </key>
<key name="next"> 23,17,8,43,44,58,82,31,84,38,29,86,16,96,19,68,48,41,102,70, </key>
<key name="non"> 10,43, </key>
<key name="normal"> 43,39,46, </key>
<key name="not"> 118,34,35,22,23,17,8,109,50,93,87,96,48,119,120,97,121,122, </key>
<key name="notab"> 35, </key>
<key name="notebook"> 72,73,71,74,98,75,76,77,78,70, </key>
<key name="notepad"> 35, </key>
<key name="noth"> 52, </key>
<key name="notic"> 3,15,74, </key>
<key name="notifi"> 110, </key>
<key name="notification"> 35,10,50,110,62,15,112,74, </key>
<key name="notify"> 10, </key>
<key name="novemb"> 4, </key>
<key name="now"> 71, </key>
<key name="numb"> 118,35,22,101,58,82,28,31,93,94,62,86,87,112,59,76,120,49,122, </key>
<key name="number"> 91,22,81,48, </key>
<key name="nut"> 96, </key>
<key name="o"> 70, </key>
<key name="object"> 91,93,19, </key>
<key name="occur"> 2,108,87, </key>
<key name="occurrenc"> 13, </key>
<key name="of"> 98, </key>
<key name="off"> 53,101,45,108,109,112,68,115,61, </key>
<key name="offer"> 47,31,97, </key>
<key name="offic"> 2,34,19,112,97,115, </key>
<key name="often"> 35,106,112, </key>
<key name="ok"> 99,13,106,7,73,17,55,8,10,44,60,14,95,16,74,67,20,21,102,119,30,120,121,122, </key>
<key name="old"> 106,32,79,62,87, </key>
<key name="omit"> 43,112, </key>

</ftswdata>  
