﻿<?xml version='1.0' encoding='utf-8' ?>
<!-- saved from url=(0014)about:internet -->
<ftswdata>
<key name="traditional"> 69,36,93, </key>
<key name="train"> 131,136, </key>
<key name="trainingreport"> 63, </key>
<key name="transf"> 86, </key>
<key name="transfer"> 73, </key>
<key name="trash"> 75,55,128,50,3,81,126,27,83,65,84,67,96,88,106,17,90,144,53,85,94,54,87, </key>
<key name="travel"> 144, </key>
<key name="tre"> 111, </key>
<key name="treat"> 73, </key>
<key name="trig"> 46, </key>
<key name="trigger"> 0, </key>
<key name="troubl"> 144, </key>
<key name="tru"> 112, </key>
<key name="truck"> 65, </key>
<key name="try"> 45, </key>
<key name="tun"> 85, </key>
<key name="turn"> 66,120,67,105,144,22, </key>
<key name="turnaround"> 121, </key>
<key name="two"> 75,76,110,81,8,98,30,67,139,115,35,63,116,68, </key>
<key name="txt"> 40,112, </key>
<key name="typ"> 75,122,69,149,0,2,141,123,56,131,109,39,97,40,110,80,59,125,7,41,81,26,136,8,82,10,66,84,30,67,139,101,102,112,113,107,90,114,18,19,115,108,21,144,129,61,51,34,72,53,77,146,46,35,63,116,68,73,24,74, </key>
<key name="type:word"> 112, </key>
<key name="typical"> 39,97,40, </key>
<key name="unacceptabl"> 97, </key>
<key name="uncheck"> 105, </key>
<key name="undeliverabl"> 45, </key>
<key name="undergo"> 67, </key>
<key name="undo"> 12, </key>
<key name="unflag"> 110,112, </key>
<key name="unforward"> 112, </key>
<key name="uniqu"> 75,59,73, </key>
<key name="unit"> 112, </key>
<key name="unknown"> 45,49,73, </key>
<key name="unles"> 42,140,43,112, </key>
<key name="unread"> 76,110,82,84,99,36,100,112,104,90,144, </key>
<key name="unrepli"> 112, </key>
<key name="unsav"> 132, </key>
<key name="unsolicit"> 85, </key>
<key name="untitl"> 123, </key>
<key name="unus"> 24, </key>
<key name="unwant"> 85, </key>
<key name="up"> 69,0,141,131,25,41,65,66,67,140,105,90,18,19,20,21,144,92,70,46,47,62,49,64,24, </key>
<key name="updat"> 149,141,109,124,112,108,77,148,73, </key>
<key name="upload"> 69,25,32,63,73,64, </key>
<key name="url"> 149,110,7,81,10,139,112,129,61,51,34,72,53,77,63,116, </key>
<key name="us"> 75,69,0,2,141,131,109,76,118,39,40,78,110,6,57,133,134,111,58,41,136,10,98,65,120,84,42,67,99,60,139,140,36,101,102,112,88,104,89,107,132,115,108,144,61,34,72,53,85,93,22,45,70,117,146,46,48,62,49,121,35,63,116,23,147,68,64,74,87,95, </key>
<key name="usag"> 88, </key>
<key name="useful"> 123,142,24, </key>
<key name="user"> 122,39,40,78,80,10,30,139,102,52,129,61,51,34,72,53,24, </key>
<key name="usernam"> 131, </key>
<key name="usual"> 40,8,43,19,35, </key>
<key name="v3"> 144, </key>
<key name="vacation"> 112,144,147, </key>
<key name="valid"> 7,41,10,34,72,45, </key>
<key name="valu"> 112,113, </key>
<key name="variant"> 116, </key>
<key name="variety"> 39,40,73, </key>
<key name="variou"> 1,40, </key>
<key name="various"> 35, </key>
<key name="vary"> 43, </key>
<key name="verifi"> 26, </key>
<key name="verify"> 45, </key>
<key name="version"> 80,58,139,148, </key>
<key name="versu"> 67,115,116, </key>
<key name="vertical"> 73,24, </key>
<key name="via"> 40,64, </key>
<key name="vic"> 146, </key>
<key name="view"> 122,69,0,1,2,55,123,31,4,76,97,5,78,6,57,134,7,8,82,10,98,84,37,60,36,86,102,38,16,112,104,105,17,18,19,21,144,129,61,51,34,72,53,130,77,85,93,70,121,23,73,64,24,74,87, </key>
<key name="viewabl"> 97,116, </key>
<key name="viru"> 101,102, </key>
<key name="virus"> 97,40,101,102, </key>
<key name="visibl"> 5,134,144, </key>
<key name="visit"> 87, </key>
<key name="voic"> 147, </key>
<key name="voip"> 149, </key>
<key name="vs"> 109, </key>
<key name="w"> 68, </key>
<key name="want"> 123,131,5,110,124,80,134,58,25,41,26,136,8,83,28,67,32,15,71,60,139,140,102,43,113,88,104,107,132,114,20,108,143,144,61,51,53,146,46,121,63,68,73,74, </key>
<key name="warn"> 73, </key>
<key name="way"> 0,8,126,27,127,18,19,121,74, </key>
<key name="web"> 69,149,141,131,40,78,79,80,133,59,84,30,139,100,88,90,132,144,77,70,48,63,116,64,74,87,95, </key>
<key name="week"> 0,1,110,6,8,144,23,74, </key>
<key name="weight"> 43, </key>
<key name="welcom"> 69, </key>
<key name="well"> 25,84,102,103,116,87, </key>
<key name="what"> 39,78,66,37,96,19,115,144,129,70,62,63,73,64,24,87, </key>
<key name="whatev"> 25,116, </key>
<key name="whenev"> 69,73, </key>
<key name="wherea"> 42,35, </key>
<key name="wheth"> 40,26,8,10,13,120,138,36,102,105,52,21,144,129,34,72,92,116, </key>
<key name="whichev"> 2, </key>
<key name="whil"> 122,123,78,144, </key>
<key name="whit"> 5,68, </key>
<key name="who'"> 37,47, </key>
<key name="whol"> 28,113,116, </key>
<key name="whom"> 41,10,112,129,61,34,72,53, </key>
<key name="whos"> 40,26,101,112,46,68, </key>
<key name="why"> 9,42,45, </key>
<key name="wid"> 40, </key>
<key name="wide"> 40, </key>
<key name="widget"> 146, </key>
<key name="width"> 56, </key>
<key name="wildcard"> 111,65,112,117,116,68, </key>
<key name="will"> 2,141,39,97,40,78,57,80,41,8,66,37,71,139,43,103,112,104,107,132,114,144,61,53,85,45,70,46,35,116,147,68, </key>
<key name="window"> 149,40,41,27,42,139,140,86,38,103,107,132,144,61,53,70,47,74, </key>
<key name="winzip"> 40, </key>
<key name="within"> 122,69,149,0,2,123,109,40,5,78,110,80,111,59,81,66,30,37,67,99,139,36,100,86,38,103,112,104,90,132,115,144,61,53,35,63,116,73,64,54,74,87, </key>
<key name="without"> 149,0,78,57,10,65,67,112,113,18,115,144,129,34,72,53,47,74, </key>
<key name="wmv"> 40, </key>
<key name="word"> 109,97,40,82,28,65,66,67,102,112,113,144,117,49,63,116, </key>
<key name="wordpad"> 40, </key>
<key name="work"> 122,69,1,123,78,6,80,134,58,7,37,138,139,132,115,144,63,116,73,64,54,24,74, </key>
<key name="workgroup"> 115, </key>
<key name="workstation"> 40,102, </key>
<key name="would"> 109,118,111,58,82,65,37,112,113,115,144,23, </key>
<key name="writ"> 2,123,71, </key>
<key name="written"> 107,144, </key>
<key name="wrong"> 123, </key>
<key name="x"> 109,112,74, </key>
<key name="x111"> 146, </key>
<key name="xampl"> 136, </key>
<key name="xl"> 40,115, </key>
<key name="xyz"> 46, </key>
<key name="y"> 109,112, </key>
<key name="y3"> 144, </key>
<key name="yahoo"> 67,71, </key>
<key name="year"> 8, </key>
<key name="year'"> 115, </key>
<key name="yellow"> 4, </key>
<key name="yes"> 55,128,50,3,126,12,120,73, </key>
<key name="yet"> 84,112,63, </key>
<key name="york"> 8,19, </key>
<key name="you'r"> 71, </key>
<key name="you'v"> 100, </key>
<key name="your"> 75,122,69,149,0,1,2,55,128,50,3,141,123,31,56,131,4,39,97,40,5,78,110,6,57,79,124,80,133,135,134,58,59,25,41,81,26,136,8,82,10,27,12,13,98,28,29,14,65,66,84,30,37,67,99,137,138,15,71,60,139,140,36,101,142,102,43,103,16,96,112,113,88,104,105,107,17,145,90,44,132,114,18,19,20,115,108,91,143,144,129,61,51,34,72,53,92,77,85,94,22,45,70,146,46,47,48,62,49,121,35,63,116,23,73,64,54,24,74,87,95, </key>
<key name="yourself"> 18,19, </key>
<key name="yyyy"> 112, </key>
<key name="zc"> 122,148, </key>
<key name="zero"> 68, </key>
<key name="zimbra"> 122,69,149,1,141,123,40,78,110,59,41,84,139,100,142,96,112,113,88,145,90,132,144,85,94,70,116,148,73,64,74,87,95, </key>
<key name="zimbra'"> 112, </key>
<key name="zimlet"> 149,110,84,87, </key>
<key name="zip"> 97,40,101,102, </key>
<key name="zon"> 133,8,19,144, </key>
<key name="zwc"> 69,141,131,73,95, </key>
<key name="|"> 144, </key>
<key name="é"> 135, </key>
<key name="ñ"> 135, </key>
<key name="ó"> 135, </key>
<key name="™"> 69, </key>

</ftswdata>  
