<?xml version='1.0' encoding='windows-1252' ?>
<ftswdata>
<key name="edit"> 61,5,47,11,26,58,28,16,79,42,51,105,32,52,43,53,45,55,56,23,85, </key>
<key name="editor"> 38,48,53,55,56, </key>
<key name="edward"> 43, </key>
<key name="effect"> 120, </key>
<key name="eight"> 5, </key>
<key name="eith"> 1,3,97,47,48,39,18,9,10,11,72,88,73,35,31,100,16,102,17,19,103,119,51,74,44,33,55,56,63,85, </key>
<key name="element"> 53, </key>
<key name="eligibl"> 41, </key>
<key name="els"> 40, </key>
<key name="email"> 1,3,2,0,4,29,37,87,38,98,47,69,14,24,39,18,9,71,10,11,12,88,26,57,58,108,73,28,59,50,116,34,64,75,117,91,41,86,100,101,77,94,16,111,17,19,103,96,20,118,119,51,32,81,21,110,43,33,122,56,23,63,65, </key>
<key name="embed"> 56, </key>
<key name="employe"> 41, </key>
<key name="empty"> 86,77,74,84,63, </key>
<key name="enabl"> 39,117,94,96,80,118,119,121,122,23, </key>
<key name="end"> 38,18,9,100,94,17,103,119,22, </key>
<key name="enforc"> 77, </key>
<key name="engineer"> 121, </key>
<key name="enough"> 117, </key>
<key name="ent"> 1,3,106,113,48,8,24,39,18,70,9,71,26,58,40,50,116,117,101,17,103,96,20,51,82,43,44,22,109,33,122,65,85, </key>
<key name="enter"> 1,48,26,102,55,23, </key>
<key name="entir"> 28,35,75,92,44, </key>
<key name="entri"> 28,91,23, </key>
<key name="entry"> 101,79,111, </key>
<key name="environment"> 38, </key>
<key name="equipment"> 3,19, </key>
<key name="erica"> 43, </key>
<key name="erica878"> 43, </key>
<key name="error"> 110, </key>
<key name="esc"> 43, </key>
<key name="escap"> 60,85, </key>
<key name="etc"> 98,55,104,65, </key>
<key name="ev"> 59, </key>
<key name="evaluat"> 59, </key>
<key name="evaluation"> 57,59, </key>
<key name="even"> 38,39,88,57,35,59,115,34,91,33, </key>
<key name="event"> 1,3,2,61,5,18,58,17, </key>
<key name="eventual"> 68, </key>
<key name="every"> 9,59,89,116,119,110,76, </key>
<key name="everyon"> 94,33, </key>
<key name="ex"> 38,64, </key>
<key name="exact"> 1,99,57,64,41,100,79,121,60, </key>
<key name="exampl"> 66,97,87,38,69,99,8,49,18,70,9,71,26,57,58,35,59,89,50,116,100,101,94,103,51,121,43,54,109,33,55,104,60, </key>
<key name="excel"> 87,100,103,104, </key>
<key name="except"> 1,106,18,9,13,100,78,120,17,109,65, </key>
<key name="exchang"> 61,94, </key>
<key name="execut"> 58,100,101,96,119,104, </key>
<key name="executabl"> 87,38,91, </key>
<key name="exist"> 66,49,24,70,57,35,79,110,52,54,55, </key>
<key name="expand"> 38,79, </key>
<key name="expect"> 111, </key>
<key name="expens"> 38, </key>
<key name="expir"> 115, </key>
<key name="explain"> 10,104, </key>
<key name="explanation"> 14, </key>
<key name="explor"> 68, </key>
<key name="export"> 27,119,23, </key>
<key name="extend"> 122, </key>
<key name="extension"> 38,64,103, </key>
<key name="external"> 51,55,56, </key>
<key name="extra"> 73, </key>
<key name="f"> 85, </key>
<key name="fac"> 55, </key>
<key name="facilitat"> 2,28, </key>
<key name="fact"> 43, </key>
<key name="fad"> 16, </key>
<key name="familiar"> 48,104, </key>
<key name="far"> 76, </key>
<key name="fast"> 41, </key>
<key name="favorit"> 82, </key>
<key name="fe"> 70,82, </key>
<key name="featur"> 2,61,0,98,69,73,28,59,34,117,91,92,100,101,120,111,96,119,83,62,121,43,22,109,55,104,122,23,65,76, </key>
<key name="feed"> 82, </key>
<key name="few"> 40,30,75,103,43, </key>
<key name="field"> 3,106,37,14,48,24,39,18,9,71,11,57,58,40,101,94,17,103,118,119,32,82,21,43,44, </key>
<key name="fil"> 61,97,37,87,38,48,8,24,27,57,40,59,30,64,91,41,92,100,101,77,95,103,119,52,55,104, </key>
<key name="filenam"> 38,100,103, </key>
<key name="fill"> 93, </key>
<key name="filt"> 112,99,57,58,59,93,120,79,119,74,60,63, </key>
<key name="filter"> 61,69,99,58,35,59,91,41,119,74,63, </key>
<key name="fin"> 74,63, </key>
<key name="finaliz"> 3, </key>
<key name="find"> 3,97,106,38,18,9,100,101,111,17,82,74,52,109,104,63, </key>
<key name="finish"> 58, </key>
<key name="firefox"> 68, </key>
<key name="first"> 3,2,68,7,49,24,39,26,58,34,91,41,100,101,93,120,103,20,119,21,43, </key>
<key name="fit"> 62, </key>
<key name="fiv"> 3,119, </key>
<key name="flag"> 106,98,57,108,59,34,100,85, </key>
<key name="float"> 60, </key>
<key name="focu"> 85, </key>
<key name="fold"> 66,4,67,98,47,69,48,49,39,70,71,11,25,72,57,58,73,35,59,89,50,34,75,86,100,77,93,95,78,79,42,111,102,80,119,51,105,32,82,74,84,54,55,56,63,76,85, </key>
<key name="folder"> 66,61,98,69,49,70,71,72,57,58,73,35,89,34,75,86,77,95,78,79,119,51,105,82,74,62,109,56,76, </key>
<key name="follow"> 1,3,2,97,67,38,98,7,18,9,57,58,73,35,50,41,100,77,111,17,103,51,105,32,74,62,43,109,104,65,76,85, </key>
<key name="font"> 46,39,119,55, </key>
<key name="forev"> 72, </key>
<key name="forget"> 114,77, </key>
<key name="format"> 37,38,48,39,88,27,30,92,100,119,53,54,55,56, </key>
<key name="forth"> 94,62, </key>
<key name="forward"> 61,98,40,35,78,79,118,119,109,85, </key>
<key name="four"> 9, </key>
<key name="fragment"> 93, </key>
<key name="fram"> 98, </key>
<key name="fre"> 3,2,61,99,18,9,17,19,20,6,60,23, </key>
<key name="friday"> 7,41, </key>
<key name="full"> 2,61,29,47,11,57,116,101,77,51,105,32,110,43,23,76, </key>
<key name="function"> 8,62,55, </key>
<key name="functionality"> 55, </key>
<key name="furth"> 67,9,59, </key>
<key name="futur"> 73, </key>
<key name="fwd"> 35, </key>
<key name="g"> 87,85, </key>
<key name="gal"> 28,101,96, </key>
<key name="general"> 68,113,64,41,119,65,85, </key>
<key name="generat"> 57,41,110, </key>
<key name="get"> 61,10,89,64,91, </key>
<key name="gif"> 37,38, </key>
<key name="gift"> 60, </key>
<key name="giv"> 10,58,55,56, </key>
<key name="global"> 39,18,9,28,101,17,96,33,104, </key>
<key name="go"> 3,0,18,9,71,27,57,58,89,30,34,17,119,83,121,104,65,85, </key>
<key name="good"> 68,54, </key>
<key name="got"> 90,93, </key>
<key name="grammar"> 100, </key>
<key name="grant"> 4,11,51,105,32, </key>
<key name="grante"> 47,11,51,105,32,23, </key>
<key name="grantor"> 4,10,11,32, </key>
<key name="graphic"> 38, </key>
<key name="graphical"> 38,111, </key>
<key name="gray"> 24, </key>
<key name="great"> 100, </key>
<key name="green"> 5, </key>
<key name="group"> 2,69,58,35,59,34,93,119,51,105,32,54, </key>
<key name="grow"> 43, </key>
<key name="guest"> 51, </key>
<key name="gui"> 111, </key>
<key name="guidelin"> 68, </key>
<key name="habit"> 111, </key>
<key name="hand"> 106,73,75,74,84,62, </key>
<key name="handl"> 119,74,63, </key>
<key name="happen"> 35,115,77,43, </key>
<key name="hav"> 59,90, </key>
<key name="haven"> 64, </key>
<key name="head"> 29,98,48,24,57,59,50,91,100,94,79,6,60, </key>
<key name="header"> 98,57,41,79,62, </key>
<key name="heading"> 55, </key>
<key name="health"> 41, </key>
<key name="hello"> 100, </key>
<key name="help"> 61,74,54,63,65,76, </key>
<key name="her"> 3,38,18,73,103,119, </key>
<key name="hid"> 43, </key>
<key name="high"> 61,103, </key>
<key name="highlight"> 1,67,35,81,74,43,45,63, </key>
<key name="him"> 11, </key>
<key name="hint"> 54, </key>
<key name="holiday"> 49, </key>
<key name="hom"> 23,76, </key>
<key name="horizontal"> 18,9,17,20, </key>
<key name="hour"> 3,98,18,9,116,21, </key>
<key name="hov"> 1,0, </key>
<key name="how"> 46,113,24,11,35,116,90,41,15,86,77,93,94,119,54,55,104,122, </key>
<key name="htm"> 38, </key>
<key name="html"> 37,87,38,48,39,88,91,119,53,55,104,56, </key>
<key name="http"> 116, </key>
<key name="hyperlink"> 54, </key>
<key name="i"> 57,115,64,111,119,43,54,122,85, </key>
<key name="ical"> 8, </key>
<key name="icon"> 46,49,26,108,31,96,62,55,76, </key>
<key name="id"> 100, </key>
<key name="identify"> 59,118,62,55, </key>
<key name="if"> 1,3,0,4,29,97,106,87,38,68,98,14,113,48,49,39,18,9,71,12,72,88,57,58,73,35,59,114,115,116,34,64,75,117,91,41,15,77,93,94,16,79,111,102,17,19,96,20,118,119,51,74,83,21,110,52,62,121,43,44,53,54,22,55,104,23,63,65,76,85, </key>
<key name="ignor"> 57, </key>
<key name="iii"> 100, </key>
<key name="imag"> 97,37,87,38,91,103,55,104,56, </key>
<key name="immediat"> 59,109, </key>
<key name="immediate"> 39,13,57,89,117,102,121,54,122,60, </key>
<key name="implement"> 91, </key>
<key name="import"> 61,28,30,119,23, </key>
<key name="importanc"> 108, </key>
<key name="important"> 59,117, </key>
<key name="in"> 38, </key>
<key name="inactiv"> 59,115, </key>
<key name="inbound"> 69, </key>
<key name="inbox"> 66,70,71,57,73,35,59,89,100,93,16,79,119,81,74,63,76,85, </key>
<key name="inc"> 121,123, </key>
<key name="includ"> 2,61,46,38,48,24,70,57,40,35,34,15,100,94,111,17,103,119,51,62,55,104,6,60,56,76, </key>
<key name="incom"> 61,38,58,59,91,119, </key>
<key name="increas"> 38,62, </key>
<key name="indefinite"> 35, </key>
<key name="indicat"> 38,108,89,93,81, </key>
<key name="indicator"> 108,6, </key>
<key name="individual"> 41,15,92,93,105,83, </key>
<key name="information"> 3,0,29,38,98,24,18,9,25,26,57,58,73,28,50,34,41,31,79,17,96,20,51,105,32,21,110,62,121,56,23, </key>
<key name="informational"> 76, </key>
<key name="initial"> 113,71,119,54,45,55, </key>

</ftswdata>  
