<?xml version='1.0' encoding='windows-1252' ?>
<!-- saved from url=(0014)about:internet -->
<ftswdata>
<key name="various"> 35, </key>
<key name="vary"> 43, </key>
<key name="ve"> 101, </key>
<key name="verifi"> 26, </key>
<key name="verify"> 45, </key>
<key name="version"> 80,140,149, </key>
<key name="versu"> 116, </key>
<key name="vertical"> 74,24, </key>
<key name="via"> 40,64, </key>
<key name="vic"> 147, </key>
<key name="view"> 123,69,0,1,2,124,31,4,77,98,5,78,6,57,135,7,8,82,10,99,84,37,60,36,86,103,38,16,113,105,106,17,18,19,21,145,131,61,51,34,73,53,132,85,94,70,122,23,74,64,24,75,87, </key>
<key name="viewabl"> 98,117, </key>
<key name="viru"> 102,103, </key>
<key name="virus"> 98,40,102,103, </key>
<key name="visibl"> 5,145, </key>
<key name="visit"> 87, </key>
<key name="voic"> 148, </key>
<key name="voip"> 150, </key>
<key name="vs"> 110,67,117, </key>
<key name="w"> 68, </key>
<key name="want"> 124,133,5,111,126,80,135,58,25,41,26,137,8,83,28,67,15,71,60,140,141,103,43,114,88,105,108,134,115,19,20,109,144,145,61,51,53,147,46,122,63,68,74,75, </key>
<key name="warn"> 74, </key>
<key name="way"> 0,8,128,27,129,18,19,122,75, </key>
<key name="web"> 69,150,142,133,40,78,79,80,59,84,30,140,101,88,90,134,145,93,70,48,63,117,64,75,87,96, </key>
<key name="week"> 0,1,111,6,8,16,145,23,75, </key>
<key name="weight"> 43, </key>
<key name="welcom"> 69, </key>
<key name="well"> 25,84,103,104,117,87, </key>
<key name="what"> 39,78,66,37,97,19,116,145,131,70,62,74,64,24,87, </key>
<key name="whatev"> 25,117, </key>
<key name="whenev"> 69,74, </key>
<key name="wherea"> 42,35, </key>
<key name="wheth"> 40,26,8,10,13,121,139,103,106,52,21,145,131,34,73,92,117, </key>
<key name="whichev"> 2, </key>
<key name="whil"> 123,124,78,145, </key>
<key name="whit"> 5,30,68, </key>
<key name="whol"> 28,114,117, </key>
<key name="whom"> 41,10,113,131,61,34,73,53, </key>
<key name="whos"> 40,26,102,113,46,68, </key>
<key name="why"> 9,42,45, </key>
<key name="wid"> 40, </key>
<key name="wide"> 40, </key>
<key name="widget"> 147, </key>
<key name="width"> 56, </key>
<key name="wildcard"> 112,65,113,118,117,68, </key>
<key name="will"> 2,142,39,98,40,78,57,80,41,8,66,37,71,140,43,104,113,105,108,134,115,145,61,53,85,45,70,46,35,117,148,68, </key>
<key name="window"> 150,40,41,27,42,140,141,86,38,104,108,134,145,61,53,70,47,75, </key>
<key name="winzip"> 40, </key>
<key name="within"> 123,69,150,0,2,124,110,40,5,78,111,80,112,59,81,66,30,37,67,100,140,36,101,86,38,104,113,105,90,134,116,145,61,53,35,63,117,74,64,54,75,87, </key>
<key name="without"> 150,0,78,57,10,65,67,113,114,18,116,145,131,34,73,53,47,75, </key>
<key name="wmv"> 40, </key>
<key name="word"> 110,98,40,82,28,65,66,67,103,113,114,145,118,49,63,117, </key>
<key name="wordpad"> 40, </key>
<key name="work"> 123,69,1,124,78,6,80,58,7,82,37,139,140,134,116,145,63,117,74,64,54,24,75, </key>
<key name="workgroup"> 116, </key>
<key name="workstation"> 40,103, </key>
<key name="would"> 110,119,112,58,82,65,37,67,113,114,116,145,23, </key>
<key name="writ"> 2,124,71, </key>
<key name="written"> 108,145, </key>
<key name="wrong"> 124, </key>
<key name="x"> 110,113,75, </key>
<key name="x111"> 147, </key>
<key name="xampl"> 137, </key>
<key name="xl"> 40,116, </key>
<key name="xyz"> 46, </key>
<key name="y"> 110,113, </key>
<key name="y3"> 145, </key>
<key name="yahoo"> 67,71, </key>
<key name="year"> 8,116, </key>
<key name="yellow"> 4, </key>
<key name="yes"> 55,130,50,3,128,12,121,74, </key>
<key name="yet"> 84, </key>
<key name="york"> 8,19, </key>
<key name="your"> 76,123,69,150,0,1,2,55,130,50,3,142,124,31,56,133,4,39,98,40,5,78,111,6,57,79,126,80,136,135,58,59,25,41,81,26,137,8,82,10,27,12,13,99,28,29,14,65,66,84,30,37,67,100,138,139,32,15,71,60,140,141,36,102,143,103,43,104,16,97,113,114,88,105,106,108,17,146,90,44,134,115,18,19,20,116,109,91,144,145,131,61,51,34,73,53,92,93,85,95,22,45,70,147,46,47,48,62,49,122,35,63,117,23,74,64,54,24,72,75,87,96, </key>
<key name="yourself"> 18,19, </key>
<key name="yyyy"> 113, </key>
<key name="zc"> 123,149, </key>
<key name="zero"> 68, </key>
<key name="zimbra"> 123,69,150,1,142,124,40,78,111,59,41,81,84,140,101,102,143,97,113,114,88,146,90,134,145,93,85,95,70,117,149,74,64,75,87,96, </key>
<key name="zimlet"> 150,111,84,87, </key>
<key name="zip"> 98,40,102,103, </key>
<key name="zon"> 8,19,145, </key>
<key name="zwc"> 69,142,133,74,96, </key>

</ftswdata>  
