﻿<?xml version='1.0' encoding='utf-8' ?>
<!-- saved from url=(0014)about:internet -->
<ftswdata>
<key name="deliverabl"> 41, </key>
<key name="delivery"> 98,102, </key>
<key name="demand"> 100, </key>
<key name="denot"> 121, </key>
<key name="department"> 30,51, </key>
<key name="depend"> 39,98,137,41,66,85,32,15,43,108,91,61,53,24,88, </key>
<key name="descend"> 93, </key>
<key name="describ"> 55,130,50,3,39,10,67,113,114,52,44,109,146,131,34,73,117, </key>
<key name="description"> 2,8,43,113,114,18,19,116,146,117, </key>
<key name="descriptiv"> 70,63, </key>
<key name="design"> 69,40,79,58,64, </key>
<key name="designat"> 69,149, </key>
<key name="designation"> 67, </key>
<key name="desir"> 87,47,35, </key>
<key name="desk"> 71, </key>
<key name="desktop"> 39, </key>
<key name="destination"> 87,74, </key>
<key name="detail"> 123,2,143,124,136,58,25,87,113,19,109,146,22,23,74,24,75, </key>
<key name="detect"> 40,134, </key>
<key name="determin"> 2,102,106,19,146,35, </key>
<key name="develop"> 64, </key>
<key name="dialog"> 0,1,55,130,50,3,57,59,127,7,41,82,9,10,27,29,66,71,60,141,129,103,38,104,16,52,115,146,131,61,34,73,53,47,122,35,23,74,75, </key>
<key name="different"> 69,151,1,133,4,110,79,111,7,41,138,8,65,85,37,142,43,113,19,116,146,70,148,122,63,117,74,64, </key>
<key name="difficult"> 104, </key>
<key name="direct"> 69,0,143,133,40,26,121,61,53,78,46,47, </key>
<key name="direction"> 136, </key>
<key name="directiv"> 66, </key>
<key name="directory"> 2,26,30,114, </key>
<key name="disabl"> 151,57,10,146,131,34,73,53,23,24, </key>
<key name="disappear"> 46, </key>
<key name="discard"> 65,66,67, </key>
<key name="disk"> 29,89,74, </key>
<key name="display"> 76,0,1,2,55,130,50,3,124,31,4,77,111,6,57,135,58,59,125,127,7,25,41,26,8,83,9,99,29,66,85,37,32,71,141,36,103,43,38,33,16,114,89,105,106,108,17,91,134,115,18,19,146,131,61,51,34,53,78,86,94,70,46,49,122,63,117,23,74,64,54,24,75,88,96, </key>
<key name="distinguish"> 121,116, </key>
<key name="distribution"> 30, </key>
<key name="divid"> 106, </key>
<key name="division"> 148, </key>
<key name="do"> 110,40,79,111,41,138,65,42,67,16,113,105,108,147,116,51,63,75, </key>
<key name="doc"> 40, </key>
<key name="document"> 69,55,39,98,40,57,59,60,103,113,114,89,146,61,62,63,117,74,64, </key>
<key name="dodd"> 46, </key>
<key name="dog"> 113,118,117, </key>
<key name="domain"> 111,41,141,113,114,117, </key>
<key name="don"> 80,113,134,46,35, </key>
<key name="don't"> 41,65,116,145,86,72, </key>
<key name="door"> 113,118,117, </key>
<key name="doubl"> 0,77,40,13,28,36,103,105,90,146,122,35,23, </key>
<key name="down"> 2,124,77,41,8,28,66,129,114,106,18,19,116,109,145,93,70,148,46,122,117,24, </key>
<key name="download"> 133,40,79,103,146, </key>
<key name="dozen"> 51, </key>
<key name="draft"> 41,85,71,113,91,44,134,146,86,88, </key>
<key name="drag"> 76,0,124,119,27,84,13,87,129,106,107,86,22,70,23, </key>
<key name="drop"> 76,2,124,119,41,84,28,66,67,87,114,107,18,116,109,22,70,148,117,24, </key>
<key name="du"> 123,124,132,45, </key>
<key name="duration"> 2, </key>
<key name="e"> 98,140,102, </key>
<key name="easi"> 58,99,146,48,63,117, </key>
<key name="eastern"> 8,19, </key>
<key name="easy"> 124,63,23, </key>
<key name="edit"> 69,133,4,57,126,125,138,10,28,66,30,17,52,91,44,131,61,34,73,53,46,62,49,63,64,24, </key>
<key name="edition"> 69, </key>
<key name="editor"> 69,40,58,146,48,62,63,64, </key>
<key name="edward"> 46, </key>
<key name="effect"> 147, </key>
<key name="eight"> 4, </key>
<key name="eith"> 123,0,2,110,57,81,58,41,8,9,10,84,85,37,33,113,108,17,115,18,19,20,116,146,131,61,34,73,86,47,35,63,74,64,72,75, </key>
<key name="element"> 62, </key>
<key name="eligibl"> 43, </key>
<key name="els"> 42, </key>
<key name="email"> 123,69,151,0,1,2,55,130,50,3,143,124,31,133,39,98,40,111,57,80,25,41,26,138,8,83,9,10,11,13,99,28,65,66,121,85,30,67,71,60,141,142,36,102,87,144,103,43,97,113,114,89,106,108,17,134,18,19,20,116,21,145,146,131,61,51,34,73,53,93,22,45,148,46,48,35,149,74,64,54,24,72,75,96, </key>
<key name="embed"> 64, </key>
<key name="employe"> 43, </key>
<key name="empty"> 97,89,86,95,72, </key>
<key name="enabl"> 69,143,31,133,41,144,113,106,108,109,92,145,146,149,24,88, </key>
<key name="enclos"> 113, </key>
<key name="encrypt"> 143,133, </key>
<key name="end"> 2,40,8,108,18,19,116,146,148,23, </key>
<key name="enforc"> 89, </key>
<key name="engineer"> 148, </key>
<key name="english"> 113, </key>
<key name="enough"> 144, </key>
<key name="ent"> 0,2,124,133,119,137,58,7,25,41,82,26,138,8,83,10,28,66,42,60,141,144,114,18,19,116,109,21,146,131,61,34,73,53,78,46,47,122,35,23,149,75, </key>
<key name="enter"> 0,124,58,138,28,113,115,51,24, </key>
<key name="entir"> 30,37,87,104,47, </key>
<key name="entri"> 30,103,24, </key>
<key name="entry"> 26,114,91,134, </key>
<key name="environment"> 40, </key>
<key name="equipment"> 2,20, </key>
<key name="equivalent"> 113, </key>
<key name="erica"> 46, </key>
<key name="erica878"> 46, </key>
<key name="error"> 45, </key>
<key name="esc"> 46,75, </key>
<key name="escap"> 68,75, </key>
<key name="establish"> 60, </key>
<key name="estimat"> 124, </key>
<key name="etc"> 119,111,137,113,118,63,117,75, </key>
<key name="ev"> 67, </key>
<key name="evaluat"> 67, </key>
<key name="evaluation"> 65,67, </key>
<key name="even"> 40,41,99,65,37,67,140,36,103,35, </key>
<key name="event"> 69,0,1,2,4,66,18,19, </key>
<key name="every"> 8,67,100,141,146,51,45,88, </key>
<key name="everyon"> 26,108,51,35, </key>
<key name="ex"> 40,102, </key>
<key name="exact"> 0,133,112,65,102,43,113,91,148,68, </key>
<key name="exampl"> 76,133,110,98,40,80,112,59,7,82,138,8,83,28,65,66,37,67,100,60,141,113,114,108,19,116,146,61,53,70,148,46,122,35,117,68,74,88, </key>
<key name="excel"> 98,113,116,117, </key>
<key name="except"> 0,119,8,12,113,90,147,18,19,122,75, </key>
<key name="exchang"> 69,71,108, </key>
<key name="execut"> 66,114,109,146,117, </key>
<key name="executabl"> 98,40,103, </key>
<key name="exist"> 76,59,25,82,138,65,37,15,91,146,45,63,74, </key>
<key name="expand"> 40,91, </key>
<key name="expens"> 40, </key>
<key name="expir"> 140,141, </key>
<key name="explain"> 9,117, </key>
<key name="explanation"> 13, </key>
<key name="explor"> 79,74, </key>
<key name="export"> 69,29,14,146,24, </key>
<key name="extend"> 149, </key>
<key name="extension"> 40,102,116, </key>
<key name="external"> 123,143,133,10,142,146,131,61,51,34,73,53,63,64, </key>
<key name="extra"> 85, </key>
<key name="fac"> 63, </key>
<key name="facilitat"> 1,30, </key>
<key name="fact"> 46, </key>
<key name="fad"> 17, </key>
<key name="familiar"> 58,117, </key>
<key name="fast"> 81,141,43,146, </key>
<key name="favorit"> 146,78, </key>
<key name="fe"> 82,78, </key>
<key name="featur"> 123,69,151,1,111,80,81,26,85,30,67,71,141,36,144,103,104,113,114,147,134,109,146,94,70,46,122,63,117,23,149,74,24,75,88, </key>
<key name="february"> 113, </key>
<key name="feed"> 78, </key>
<key name="few"> 42,32,15,87,33,116,146,46, </key>
<key name="field"> 2,124,133,119,39,58,25,41,26,138,8,83,10,13,65,66,42,142,129,113,114,108,18,19,116,146,131,34,73,78,22,148,46,47, </key>
<key name="fil"> 69,124,110,39,98,40,58,7,25,29,14,65,42,67,32,15,102,103,43,104,113,114,89,107,116,146,34,73,63,117,74,64, </key>
<key name="filenam"> 40,113,116, </key>
<key name="filename:query"> 113, </key>
<key name="fill"> 105, </key>
<key name="filt"> 136,112,65,66,67,105,147,91,146,86,68,72, </key>
<key name="filter"> 69,80,112,66,37,67,103,43,146,86,72, </key>
<key name="fin"> 86,72, </key>
<key name="finaliz"> 2, </key>
<key name="find"> 2,110,119,40,26,8,113,114,134,18,19,86,118,122,63,117,74,72, </key>
<key name="finish"> 123,126,66, </key>
<key name="firefox"> 79,75, </key>
<key name="first"> 1,2,79,6,25,41,28,66,36,103,43,33,113,114,105,147,116,21,146,22,46, </key>
<key name="fit"> 70, </key>
<key name="fiv"> 2,146, </key>
<key name="flag"> 119,111,65,121,67,36,113, </key>
<key name="float"> 68, </key>
<key name="fold"> 76,69,55,130,50,3,143,133,77,111,57,80,59,41,82,138,83,10,27,84,65,66,85,37,67,100,36,87,97,113,89,105,107,90,52,91,44,134,115,92,146,131,61,51,34,73,53,78,86,95,122,74,54,72,96, </key>
<key name="folder"> 76,69,50,111,80,59,82,138,83,84,65,66,85,37,100,36,87,97,89,90,91,146,51,53,78,86,70,122,74,54,88,96, </key>
<key name="follow"> 123,69,0,1,2,143,110,77,98,40,111,6,136,138,8,10,128,65,66,85,37,60,129,43,113,89,91,134,18,19,116,146,131,61,34,73,53,86,70,46,122,117,75,88,96, </key>
<key name="font"> 56,41,146,48,63, </key>
<key name="forev"> 84, </key>
<key name="forget"> 139, </key>
<key name="format"> 39,40,58,41,99,29,32,15,104,113,146,48,62,63,74,64, </key>
<key name="forth"> 71,108,70, </key>
<key name="forward"> 69,143,79,111,138,65,66,42,37,142,113,90,91,145,146,148,122,54, </key>
<key name="four"> 8,96, </key>
<key name="fragment"> 105, </key>
<key name="fram"> 111, </key>
<key name="fre"> 69,1,2,5,112,8,18,19,20,21,68,24, </key>
<key name="frequent"> 146, </key>
<key name="friday"> 6,43, </key>
<key name="friend"> 133,138,71, </key>

</ftswdata>  
