<?xml version='1.0' encoding='windows-1252' ?>
<ftswdata>
<key name="typ"> 1,66,3,0,46,97,37,87,38,98,8,49,39,18,70,9,71,11,58,73,28,59,116,64,91,100,101,94,79,111,102,17,103,96,20,119,51,105,32,82,121,43,54,33,55,104,60,23,65, </key>
<key name="typical"> 37,87,38, </key>
<key name="u"> 85, </key>
<key name="ui"> 119, </key>
<key name="unacceptabl"> 87, </key>
<key name="undeliverabl"> 110, </key>
<key name="undergo"> 59, </key>
<key name="undo"> 13, </key>
<key name="unflag"> 98,100, </key>
<key name="uniqu"> 66,49, </key>
<key name="unknown"> 110,45, </key>
<key name="unles"> 40,41, </key>
<key name="unread"> 67,98,71,73,89,34,90,100,93,79,85, </key>
<key name="unsav"> 111, </key>
<key name="unsolicit"> 74,63, </key>
<key name="unus"> 23, </key>
<key name="unwant"> 74,63, </key>
<key name="up"> 1,24,39,18,11,58,59,79,111,17,19,20,81,62,43,44,53,45,23,85, </key>
<key name="updat"> 0,97,96,82,123, </key>
<key name="upload"> 52,55,56, </key>
<key name="uppercas"> 54, </key>
<key name="url"> 0,98,8,70,116,100,51,105,82,52,55,104, </key>
<key name="us"> 1,66,3,61,97,67,106,37,38,68,98,7,47,112,99,48,88,57,108,73,40,59,89,116,34,64,91,100,77,93,78,94,120,111,103,96,119,51,105,32,74,83,21,110,62,43,53,54,22,45,109,33,55,104,60,56,63,65,76,85, </key>
<key name="usag"> 77, </key>
<key name="useful"> 117,23, </key>
<key name="user"> 37,38,28,91,51,105,32,23, </key>
<key name="usingdocumentstyl"> 54, </key>
<key name="usual"> 38,18,9,41, </key>
<key name="vacation"> 100,119,122, </key>
<key name="valid"> 8,39,32,110, </key>
<key name="valu"> 100,101, </key>
<key name="variant"> 104, </key>
<key name="variety"> 37,38, </key>
<key name="variou"> 2,38, </key>
<key name="various"> 33, </key>
<key name="vary"> 41, </key>
<key name="ve"> 90,93,111, </key>
<key name="verify"> 110, </key>
<key name="version"> 123, </key>
<key name="versu"> 103, </key>
<key name="vertical"> 23, </key>
<key name="via"> 38,56, </key>
<key name="vic"> 121, </key>
<key name="view"> 1,3,2,61,29,5,67,87,7,47,112,8,18,9,71,11,88,73,35,89,34,75,91,15,36,100,93,16,17,20,119,51,105,32,74,83,62,22,109,6,56,23,65,76,85, </key>
<key name="viewabl"> 87,104, </key>
<key name="viru"> 64,91, </key>
<key name="virus"> 87,38,64,91, </key>
<key name="visibl"> 119,6, </key>
<key name="visit"> 76, </key>
<key name="voic"> 122, </key>
<key name="voip"> 0, </key>
<key name="vs"> 97,59,104, </key>
<key name="w"> 60, </key>
<key name="want"> 98,112,48,24,39,9,11,72,59,91,41,101,77,93,94,111,102,19,96,118,119,51,121,43,109,55,6,60,65, </key>
<key name="way"> 1,18,9,25,17,109,65,76, </key>
<key name="web"> 61,0,38,68,69,49,11,88,73,28,116,34,90,77,79,111,119,105,32,82,62,54,55,104,56,65,76,85, </key>
<key name="week"> 1,2,98,7,9,15,119,22,65, </key>
<key name="weight"> 41, </key>
<key name="welcom"> 61, </key>
<key name="well"> 61,24,73,91,92,121,104,76, </key>
<key name="what"> 37,68,58,35,41,103,119,105,62,53,56,23,65,76, </key>
<key name="whatev"> 24,104, </key>
<key name="wherea"> 40,33, </key>
<key name="wherev"> 54,109, </key>
<key name="wheth"> 38,14,9,108,115,91,20,119,32,81,104, </key>
<key name="whichev"> 3, </key>
<key name="whil"> 119, </key>
<key name="whit"> 28,6,60, </key>
<key name="whol"> 26,101,104, </key>
<key name="whom"> 39,11,100,51, </key>
<key name="whos"> 61,38,64,100,43,60, </key>
<key name="why"> 10,40,110, </key>
<key name="wid"> 38, </key>
<key name="wide"> 38, </key>
<key name="widget"> 121, </key>
<key name="width"> 46, </key>
<key name="wiki"> 46,47,48,49,50,51,105,52,54,55,56, </key>
<key name="wikipag"> 54, </key>
<key name="wikiword"> 54,55, </key>
<key name="wildcard"> 99,57,104,60, </key>
<key name="will"> 3,37,87,38,68,47,9,58,35,116,41,92,100,93,94,111,102,119,51,74,110,52,62,121,43,33,55,104,122,60,63, </key>
<key name="window"> 0,38,39,11,25,116,75,36,92,94,111,103,119,51,32,62,121,44,65, </key>
<key name="winzip"> 38, </key>
<key name="within"> 1,3,0,97,38,68,98,99,49,70,58,28,35,59,89,34,90,75,36,92,100,93,79,111,103,33,55,104,6,56,76, </key>
<key name="without"> 1,0,68,11,57,59,101,17,103,119,32,44,54,65, </key>
<key name="wmv"> 38, </key>
<key name="word"> 97,87,38,71,26,57,58,59,91,100,101,119,54,45,55,104, </key>
<key name="wordpad"> 38, </key>
<key name="work"> 2,68,7,48,8,71,35,115,116,111,103,119,55,104,56,23,65,85, </key>
<key name="workgroup"> 103, </key>
<key name="workstation"> 38,91, </key>
<key name="would"> 97,106,99,48,71,57,35,59,100,101,103,119,22, </key>
<key name="writ"> 3,54, </key>
<key name="written"> 94,119, </key>
<key name="x"> 97, </key>
<key name="x111"> 121, </key>
<key name="xl"> 38,103, </key>
<key name="xyz"> 43, </key>
<key name="y"> 97, </key>
<key name="yahoo"> 59, </key>
<key name="year"> 9,103, </key>
<key name="yellow"> 5, </key>
<key name="yes"> 4,108, </key>
<key name="yet"> 73, </key>
<key name="york"> 18,9, </key>
<key name="your"> 1,66,3,2,61,0,4,29,46,5,37,87,38,68,98,7,47,69,14,113,112,48,49,24,39,18,70,9,71,11,25,13,88,26,27,57,58,73,28,35,59,89,114,115,30,50,116,34,64,117,91,41,15,92,86,100,101,77,93,95,94,16,120,79,42,111,102,17,19,103,96,80,118,119,51,105,32,81,82,74,84,21,110,62,121,43,44,53,22,45,109,33,55,104,6,56,23,63,65,76, </key>
<key name="yourself"> 18,17, </key>
<key name="yyyy"> 100, </key>
<key name="zc"> 123, </key>
<key name="zero"> 60, </key>
<key name="zimbra"> 66,3,2,61,0,87,38,68,98,7,69,49,39,70,11,88,73,28,114,115,116,34,90,64,117,86,100,101,77,16,120,79,111,118,119,105,32,82,74,84,21,62,54,33,104,123,56,23,63,65,76,85, </key>
<key name="zimbranotebook"> 54,55, </key>
<key name="zimlet"> 0,98,73,76, </key>
<key name="zip"> 87,38,64,91, </key>
<key name="zon"> 18,9,119, </key>
<key name="zwc"> 85, </key>

</ftswdata>  
