<?xml version='1.0' encoding='windows-1252' ?>
<!-- saved from url=(0014)about:internet -->
<ftswdata>
<key name="what"> 40,77,68,38,96,20,115,142,129,72,63,66,25,86, </key>
<key name="whatev"> 26,116, </key>
<key name="whenev"> 71, </key>
<key name="wherea"> 43,36, </key>
<key name="wherev"> 64, </key>
<key name="wheth"> 130,41,27,9,11,14,120,136,102,105,53,22,142,129,35,91,116, </key>
<key name="whichev"> 2, </key>
<key name="whil"> 122,123,77,142, </key>
<key name="whit"> 6,31,70, </key>
<key name="whol"> 29,113,116, </key>
<key name="whom"> 42,11,112,129,62,35,54, </key>
<key name="whos"> 41,27,101,112,47,70, </key>
<key name="why"> 10,43,46, </key>
<key name="wid"> 41, </key>
<key name="wide"> 41, </key>
<key name="widget"> 144, </key>
<key name="width"> 57, </key>
<key name="wildcard"> 111,67,112,117,116,70, </key>
<key name="will"> 2,130,40,97,41,77,58,79,42,9,68,38,137,139,44,103,112,104,107,131,114,142,62,54,84,46,72,47,36,116,145,70, </key>
<key name="window"> 147,41,42,28,43,137,138,85,39,103,107,131,142,62,54,72,48,74, </key>
<key name="winzip"> 41, </key>
<key name="within"> 122,71,147,0,2,123,109,41,6,77,110,79,111,60,80,68,31,38,69,99,137,138,37,100,85,39,103,112,104,89,131,115,142,62,54,36,65,116,66,55,74,86, </key>
<key name="without"> 147,0,77,58,11,67,69,112,113,19,115,142,129,35,54,48,64,74, </key>
<key name="wmv"> 41, </key>
<key name="word"> 109,97,41,81,29,67,68,69,102,112,113,142,117,64,50,65,116, </key>
<key name="wordpad"> 41, </key>
<key name="work"> 5,122,71,1,123,77,7,79,59,8,81,38,136,137,131,115,142,65,116,66,55,25,74,95, </key>
<key name="workgroup"> 115, </key>
<key name="workstation"> 41,102, </key>
<key name="would"> 109,118,111,59,81,67,38,69,112,113,115,142,24, </key>
<key name="writ"> 2,123, </key>
<key name="written"> 107,142, </key>
<key name="wrong"> 123, </key>
<key name="x"> 109,112,74, </key>
<key name="x111"> 144, </key>
<key name="xampl"> 134, </key>
<key name="xl"> 41,115, </key>
<key name="xyz"> 47, </key>
<key name="y"> 109,112, </key>
<key name="y3"> 142, </key>
<key name="yahoo"> 69, </key>
<key name="year"> 9,115, </key>
<key name="yellow"> 4, </key>
<key name="yes"> 56,51,3,126,120,128, </key>
<key name="yet"> 83, </key>
<key name="york"> 9,20, </key>
<key name="your"> 5,75,122,71,147,0,1,2,56,51,3,123,32,57,130,4,40,97,41,6,77,110,7,58,78,124,79,133,132,59,60,26,42,80,27,134,9,81,11,28,13,14,98,29,30,15,67,68,83,31,38,69,99,135,136,33,16,61,137,138,37,139,101,140,102,44,103,17,96,112,113,87,104,105,107,128,18,143,89,45,131,114,19,20,21,115,108,90,141,142,129,62,52,35,54,91,92,84,94,23,46,72,144,47,48,49,63,64,50,121,36,65,116,24,66,55,25,73,74,86,95, </key>
<key name="yourself"> 19,20, </key>
<key name="yyyy"> 112, </key>
<key name="zc"> 122,146, </key>
<key name="zero"> 70, </key>
<key name="zimbra"> 5,122,71,147,1,123,130,41,77,110,60,42,80,83,137,139,100,101,140,96,112,113,87,143,89,131,142,92,84,94,72,116,146,66,74,86,95, </key>
<key name="zimbranotebook"> 64,65, </key>
<key name="zimlet"> 147,110,83,86, </key>
<key name="zip"> 97,41,101,102, </key>
<key name="zon"> 9,20,142, </key>
<key name="zwc"> 71,130,139,95, </key>

</ftswdata>  
