<?xml version='1.0' encoding='windows-1252' ?>
<ftswdata>
<key name="next"> 23,17,8,57,58,73,89,34,91,41,31,93,16,104,19,83,62,44,111,85, </key>
<key name="nolink"> 54, </key>
<key name="non"> 48,10,57,32, </key>
<key name="normal"> 57,42,55,60, </key>
<key name="not"> 130,113,37,38,49,23,17,8,10,51,120,64,101,95,104,52,32,62,54,105,22,65, </key>
<key name="notab"> 38, </key>
<key name="notebook"> 46,47,48,49,50,51,52,107,54,55,56, </key>
<key name="notepad"> 38, </key>
<key name="noth"> 67, </key>
<key name="notic"> 46,3,15, </key>
<key name="notifi"> 123,55, </key>
<key name="notification"> 38,10,51,64,123,77,15,125,52,32, </key>
<key name="notify"> 48,52, </key>
<key name="novemb"> 4, </key>
<key name="numb"> 130,38,110,73,89,30,34,101,102,77,93,95,125,74,54,22,63, </key>
<key name="number"> 99,88,62,22, </key>
<key name="nut"> 104, </key>
<key name="o"> 85, </key>
<key name="object"> 99,101,19,56, </key>
<key name="occur"> 2,119,95, </key>
<key name="occurrenc"> 13, </key>
<key name="of"> 107, </key>
<key name="off"> 68,110,59,119,120,94,125,83,128,76, </key>
<key name="offer"> 61,34,105,65, </key>
<key name="offic"> 2,37,19,125,105,128, </key>
<key name="often"> 38,116,125, </key>
<key name="ok"> 113,108,48,13,116,7,50,17,70,8,10,27,58,30,51,75,14,103,16,52,32,82,20,21,111,33,65, </key>
<key name="old"> 116,35,86,77,95, </key>
<key name="omit"> 57,125, </key>
<key name="on"> 0,66,1,61,29,4,98,67,108,38,6,69,13,7,23,70,71,10,25,57,58,35,59,121,34,75,41,14,31,101,102,96,18,104,125,32,81,112,62,43,44,21,111,60,56,22,65,76, </key>
<key name="onc"> 4,67,108,110,28,35,43,128, </key>
<key name="ongo"> 95, </key>
<key name="onto"> 108, </key>
<key name="open"> 0,1,61,46,3,113,98,67,37,87,38,99,6,48,13,49,23,39,70,117,71,26,27,58,40,35,51,120,121,90,91,92,93,96,95,15,42,103,104,97,19,125,82,74,20,127,21,33,105,65,85, </key>
<key name="operat"> 114, </key>
<key name="operation"> 47, </key>
<key name="operator"> 57,60, </key>
<key name="oppos"> 114, </key>
<key name="opt"> 38, </key>
<key name="option"> 0,2,1,29,113,98,108,87,6,48,116,115,100,39,17,117,8,71,9,10,88,27,57,58,40,59,89,30,34,122,123,101,94,95,15,126,16,97,80,125,52,32,83,127,44,21,55,22,65,76, </key>
<key name="optional"> 61,46,3,113,40,51,41,127,54,76, </key>
<key name="ord"> 98,108,39,58,35,59,51,120,77,126,81,54, </key>
<key name="order"> 35, </key>
<key name="organiz"> 66,61,113,69,125,56, </key>
<key name="organization"> 28,51,64,107,33,56, </key>
<key name="original"> 2,12,34,95,79,125,112,45, </key>
<key name="originator"> 11,125, </key>
<key name="other"> 1,10,57,120,91,107,56,22, </key>
<key name="otherwis"> 110,93,44, </key>
<key name="out"> 2,68,69,57,119,120,19,125,82,128, </key>
<key name="outgo"> 125,127, </key>
<key name="outlook"> 73, </key>
<key name="outsid"> 91,56, </key>
<key name="overview"> 66,130,108,50,70,71,109,73,34,96,103,82,111,76, </key>
<key name="own"> 61,51, </key>
<key name="p"> 85, </key>
<key name="pa"> 85, </key>
<key name="pacific"> 17,8, </key>
<key name="packag"> 37, </key>
<key name="pad"> 47, </key>
<key name="pag"> 2,47,113,38,48,13,49,39,17,71,40,28,59,92,102,125,52,20,62,53,54,21,55,56,65,76,85, </key>
<key name="paint"> 38, </key>
<key name="pan"> 66,130,113,98,108,99,115,49,7,50,23,39,70,71,109,73,35,34,75,93,94,96,15,103,104,97,125,81,82,74,83,84,62,111,105,76,85, </key>
<key name="pap"> 87,91, </key>
<key name="paragraph"> 55, </key>
<key name="parameter"> 2, </key>
<key name="parent"> 70, </key>
<key name="parenthes"> 73,89,34,93, </key>
<key name="part"> 47,38,58,35,41,101,95,112,43,55,76, </key>
<key name="particular"> 61,113,59,122,101,81,105, </key>
<key name="partner"> 61, </key>
<key name="party"> 130,73,76, </key>
<key name="pas"> 29,93,79,81,62,22, </key>
<key name="password"> 113,116,10,118,120,126,125,52,32, </key>
<key name="path"> 51, </key>
<key name="pattern"> 8, </key>
<key name="pdf"> 98,87,38,101,104, </key>
<key name="peopl"> 0,1,101,107,128, </key>
<key name="per"> 14,18,125, </key>
<key name="perform"> 98,67,99,58,79,62,105, </key>
<key name="performanc"> 61, </key>
<key name="perhap"> 59,97, </key>
<key name="period"> 38,119,120,86,74,84,105,128,5,63, </key>
<key name="periodical"> 119, </key>
<key name="permanent"> 86, </key>
<key name="permission"> 61,48,10,52,107,32,56, </key>
<key name="permit"> 38, </key>
<key name="person"> 46,3,39,95,79,125,128, </key>
<key name="personal"> 1,61,7,23,24,28,121,91,102,79,125,111,33,105,22, </key>
<key name="phon"> 130,99,101,102,22, </key>
<key name="photoshop"> 38, </key>
<key name="phras"> 58,104,105, </key>
<key name="pick"> 17,8, </key>
<key name="pictur"> 37, </key>
<key name="plac"> 113,87,50,70,57,73,64,75,93,74,84,56,63, </key>
<key name="placehold"> 60, </key>
<key name="plain"> 39,88,125, </key>
<key name="plan"> 2, </key>
<key name="play"> 38, </key>
<key name="playabl"> 38, </key>
<key name="plu"> 112,105, </key>
<key name="plug"> 38, </key>
<key name="podcast"> 82, </key>
<key name="point"> 87,91,76, </key>
<key name="pol"> 89,125, </key>
<key name="polici"> 38,86, </key>
<key name="policy"> 87,64,101,77, </key>
<key name="pop"> 113,122,79,114,125,45, </key>
<key name="popular"> 68, </key>
<key name="populat"> 23,95,20,22, </key>
<key name="portion"> 57,79,114,43,33, </key>
<key name="possib"> 74,63, </key>
<key name="possibl"> 88,114,104,43, </key>
<key name="post"> 10, </key>
<key name="potential"> 68, </key>
<key name="powerful"> 102, </key>
<key name="powerpoint"> 87,105, </key>
<key name="pr"> 99,23,70, </key>
<key name="practic"> 68,91, </key>
<key name="preced"> 57, </key>
<key name="predefin"> 55, </key>
<key name="pref"> 49,21,65, </key>
<key name="preferenc"> 115,39,117,88,58,89,121,95,126,125,74, </key>
<key name="prefix"> 101,95,125,106,105, </key>
<key name="preformat"> 55, </key>
<key name="pres"> 17,8,16, </key>
<key name="presenc"> 57,59,34, </key>
<key name="present"> 57,14, </key>
<key name="preserv"> 40,77,95, </key>
<key name="president"> 127, </key>
<key name="presum"> 41, </key>
<key name="prevent"> 57,59,120, </key>
<key name="preview"> 130, </key>
<key name="previou"> 67,58,73,14,95,125,85, </key>
<key name="previous"> 99,101,104, </key>
<key name="primary"> 125,44, </key>
<key name="print"> 1,14,36,92,31,79,85, </key>
<key name="priority"> 104,111, </key>
<key name="privacy"> 120, </key>
<key name="privileg"> 48,10,51,52,32,22, </key>
<key name="probab"> 68, </key>
<key name="problem"> 116,112, </key>
<key name="proce"> 58, </key>
<key name="procedur"> 104, </key>
<key name="proceed"> 82, </key>
<key name="proces"> 47,91,55,105, </key>
<key name="produc"> 39,101,125, </key>
<key name="program"> 130,37,38,41, </key>
<key name="project"> 35,51, </key>
<key name="project1"> 51, </key>
<key name="prompt"> 38,114, </key>
<key name="properti"> 47,4,48,10,52,32,55, </key>
<key name="protect"> 120, </key>
<key name="provid"> 113,38,69,120,41,82,112,111,65, </key>
<key name="pt"> 125, </key>
<key name="public"> 10,51,52,107,32, </key>
<key name="purg"> 72,86,77,96,74,84,63, </key>
<key name="purpl"> 108, </key>
<key name="put"> 10,35,101,32,74, </key>
<key name="q"> 85, </key>
<key name="queri"> 73,101,102,103,105, </key>
<key name="query"> 98,108,99,101,102,103,97,125,105, </key>
<key name="quest"> 52,32, </key>
<key name="question"> 68,60, </key>
<key name="quick"> 0,2,1,29,108,69,39,73,102,15,97,20,43,21,105,56,65,85, </key>
<key name="quickadd"> 0,1,125,21, </key>
<key name="quot"> 71,101,78,125,111,65, </key>
<key name="quota"> 77,76, </key>
<key name="r"> 85, </key>
<key name="radio"> 104,97, </key>
<key name="random"> 29, </key>
<key name="rang"> 104, </key>
<key name="rath"> 125,60, </key>
<key name="re"> 35,126,112,105, </key>
<key name="reach"> 59,74,22,63, </key>
<key name="read"> 61,113,37,38,99,48,39,88,57,35,59,90,91,92,101,93,94,15,79,125,52,32,83,127,44,105,76,85, </key>
<key name="readabl"> 105, </key>
<key name="ready"> 37, </key>
<key name="real"> 74, </key>
<key name="reason"> 64,112, </key>
<key name="receiv"> 46,3,113,87,38,99,69,117,28,35,89,34,122,64,123,91,41,101,77,15,18,104,125,81,74,83,112,63, </key>
<key name="recent"> 34,125,20, </key>
<key name="recipient"> 61,37,69,40,41,101,95,125,112,44,33,128, </key>
<key name="recogniz"> 38, </key>
<key name="recommend"> 91, </key>
<key name="record"> 26, </key>
<key name="recov"> 72,96, </key>
<key name="recover"> 86,96, </key>
<key name="recur"> 0,2,1,13,8,11,15,18, </key>
<key name="recurrenc"> 8,20, </key>
<key name="red"> 5, </key>
<key name="reduc"> 77, </key>
<key name="refer"> 125, </key>
<key name="referenc"> 38, </key>
<key name="reflect"> 17,8, </key>
<key name="refresh"> 68,17,122,97,85, </key>
<key name="regard"> 86, </key>
<key name="regardles"> 87,119,64,128, </key>
<key name="regular"> 72, </key>
<key name="reject"> 1,46,3,87,112, </key>
<key name="relat"> 61,35,34,102,127, </key>
<key name="relativ"> 62, </key>
<key name="relevant"> 74,63, </key>
<key name="reliabl"> 61, </key>
<key name="reload"> 68,114,82, </key>
<key name="remain"> 68,86,74,84, </key>
<key name="rememb"> 120,104,52,128, </key>
<key name="remind"> 15,114,125, </key>
<key name="remot"> 7, </key>

</ftswdata>  
