<?xml version='1.0' encoding='windows-1252' ?>
<ftswdata>
<key name="sortabl"> 65, </key>
<key name="sourc"> 47, </key>
<key name="south"> 87, </key>
<key name="spac"> 22,61,46, </key>
<key name="spam"> 43,57,50,37,58,49, </key>
<key name="span"> 31, </key>
<key name="special"> 47,34,39,87, </key>
<key name="specifi"> 47,80,81,82,8,43,44,45,69,83,58,68,106,46,49, </key>
<key name="specific"> 2,81,94,8,45,83,86,19,87, </key>
<key name="specify"> 80,82,43,44,45,14,83,86,79,99,46, </key>
<key name="spel"> 35,41,87, </key>
<key name="spell"> 35,41, </key>
<key name="split"> 48, </key>
<key name="spot"> 72, </key>
<key name="spread"> 34,50,74, </key>
<key name="spreadsheet"> 33,34,74,86, </key>
<key name="stand"> 40, </key>
<key name="standard"> 47,10,43,74,32,75,77,99,48,60, </key>
<key name="star"> 106, </key>
<key name="start"> 0,47,53,17,8,83,16,86,92,39,20,105,106,107,108, </key>
<key name="stat"> 106, </key>
<key name="statement"> 37,83, </key>
<key name="statu"> 1,81,10,28,73,83,60, </key>
<key name="stay"> 56, </key>
<key name="step"> 35,44,16, </key>
<key name="still"> 10,74, </key>
<key name="stop"> 43,45, </key>
<key name="stor"> 51,43,31,30, </key>
<key name="str"> 82,83,79,99,87,46, </key>
<key name="street"> 106, </key>
<key name="string"> 45, </key>
<key name="styl"> 35,77,99, </key>
<key name="subject"> 2,33,81,54,82,35,17,8,43,31,45,30,74,37,83,84,77,16,65,19,20,46, </key>
<key name="subscrib"> 55,66, </key>
<key name="subsequent"> 43,45,93, </key>
<key name="substitution"> 82,46, </key>
<key name="substr"> 43, </key>
<key name="successful"> 28, </key>
<key name="suggest"> 39,41, </key>
<key name="suit"> 47,53,26,69, </key>
<key name="sup"> 35,46, </key>
<key name="supervisor"> 44,45,37, </key>
<key name="support"> 34,53,43,26,61,87, </key>
<key name="suppos"> 80,39, </key>
<key name="sur"> 84, </key>
<key name="surround"> 46, </key>
<key name="switch"> 47,37, </key>
<key name="synchroniz"> 7, </key>
<key name="syntax"> 99,87, </key>
<key name="system"> 51,104,33,70,34,94,55,56,57,45,96,74,37,100,63,99,58,92,91,87,49,60, </key>
<key name="t"> 53,35,43,50,98,61,86,99,58,101,49, </key>
<key name="tab"> 1,6,21,94,22,35,17,8,71,44,45,72,30,98,100,16,18,64,99,67,101,39,102, </key>
<key name="tabl"> 35, </key>
<key name="tag"> 47,52,88,81,54,22,42,89,71,43,44,57,45,30,83,63,86,99,91,87,60, </key>
<key name="tak"> 53,54,43,28, </key>
<key name="taken"> 19, </key>
<key name="technology"> 93, </key>
<key name="tell"> 73,76, </key>
<key name="temporari"> 10,50, </key>
<key name="tentativ"> 2,1,15,18, </key>
<key name="term"> 45,108, </key>
<key name="test"> 43,45, </key>
<key name="text"> 0,2,47,80,33,70,34,13,35,17,8,71,43,44,36,28,74,37,83,84,77,93,85,16,79,99,19,48,101,39,87,102, </key>
<key name="th"> 87, </key>
<key name="them"> 0,104,80,52,33,56,44,31,74,83,61,78,38,99,65,58,48,87,49, </key>
<key name="themselv"> 89,74,99, </key>
<key name="therefor"> 34,96,74, </key>
<key name="thing"> 61, </key>
<key name="think"> 50,85,86, </key>
<key name="third"> 104,57,60, </key>
<key name="thos"> 80,31,83,61,58,39,91,49, </key>
<key name="though"> 35, </key>
<key name="thre"> 0,34,53,22,82,17,8,31,83,105,87,46, </key>
<key name="thread"> 19, </key>
<key name="ti"> 55, </key>
<key name="tim"> 0,2,1,52,53,81,6,17,8,10,45,96,30,69,83,84,15,38,16,18,64,99,65,58,68,19,20,87,102,5,46,49,60, </key>
<key name="time"> 98, </key>
<key name="tip"> 27,22,24,76,48, </key>
<key name="titl"> 23,31,65,105,108, </key>
<key name="today"> 0, </key>
<key name="todo"> 42, </key>
<key name="togeth"> 31,83, </key>
<key name="toggl"> 67, </key>
<key name="tomorrow"> 0, </key>
<key name="too"> 43,50,37,78,48, </key>
<key name="tool"> 27,22,17,8,24,84,76,48,87, </key>
<key name="toolbar"> 0,1,6,7,23,35,17,55,8,71,72,14,83,77,16,79,66,58,101,41,91,49,60, </key>
<key name="top"> 0,23,55,36,16,99,58,20,41, </key>
<key name="topic"> 47,83,87, </key>
<key name="total"> 72,83, </key>
<key name="track"> 1,47,7, </key>
<key name="traditional"> 47,30,76,93,67, </key>
<key name="transf"> 59, </key>
<key name="trash"> 51,3,55,24,56,43,57,45,69,61,78,15,63,99,58,68,60, </key>
<key name="travel"> 99, </key>
<key name="tre"> 82, </key>
<key name="trig"> 39, </key>
<key name="trigger"> 0, </key>
<key name="troubl"> 99, </key>
<key name="truck"> 43, </key>
<key name="try"> 92, </key>
<key name="tun"> 58,49, </key>
<key name="turn"> 44,90,45,99,19,102, </key>
<key name="turnaround"> 91, </key>
<key name="two"> 51,52,55,8,71,26,45,30,86,99,29,87,46, </key>
<key name="txt"> 34,83, </key>
<key name="typ"> 0,51,2,104,80,33,70,34,81,7,35,17,55,8,42,10,44,57,26,45,97,50,74,83,84,77,63,93,85,16,86,79,99,66,101,39,105,106,87,107,46, </key>
<key name="typical"> 33,70,34, </key>
<key name="unacceptabl"> 70, </key>
<key name="undeliverabl"> 92, </key>
<key name="undergo"> 45, </key>
<key name="undo"> 12, </key>
<key name="unflag"> 81,83, </key>
<key name="unknown"> 92,41, </key>
<key name="unles"> 36,37, </key>
<key name="unread"> 52,81,42,57,72,30,73,83,76,63, </key>
<key name="unsav"> 93, </key>
<key name="unsolicit"> 58,49, </key>
<key name="unus"> 22, </key>
<key name="unwant"> 58,49, </key>
<key name="up"> 0,22,35,17,10,44,45,63,93,16,18,65,48,39,40,41,105,108, </key>
<key name="updat"> 104,80,79,66,103, </key>
<key name="url"> 104,81,7,55,97,83,66,87, </key>
<key name="us"> 0,51,2,47,80,52,88,33,34,53,81,6,21,82,71,43,90,57,36,26,45,72,97,30,50,74,83,61,76,62,77,100,93,86,79,99,58,67,19,92,48,39,20,41,91,105,29,106,87,107,46,60,108, </key>
<key name="usag"> 61,60, </key>
<key name="useful"> 98, </key>
<key name="user"> 33,34,26,74, </key>
<key name="usual"> 34,17,8,37, </key>
<key name="vacation"> 83,99,102, </key>
<key name="valid"> 7,35,92, </key>
<key name="valu"> 83,84, </key>
<key name="variant"> 87, </key>
<key name="variety"> 33,34, </key>
<key name="variou"> 1,34, </key>
<key name="various"> 29, </key>
<key name="vary"> 37, </key>
<key name="ve"> 73,76,93, </key>
<key name="verify"> 92, </key>
<key name="version"> 103, </key>
<key name="versu"> 86, </key>
<key name="vertical"> 22, </key>
<key name="via"> 34, </key>
<key name="vic"> 101, </key>
<key name="view"> 0,1,47,27,4,52,70,6,21,22,7,17,8,42,10,71,57,31,72,30,59,74,14,32,83,76,15,16,18,99,58,67,48,20,91,106,5,60, </key>
<key name="viewabl"> 70,87, </key>
<key name="viru"> 50,74, </key>
<key name="virus"> 70,34,50,74, </key>
<key name="visibl"> 2,99,5, </key>
<key name="visit"> 105,106,60, </key>
<key name="voic"> 102, </key>
<key name="voip"> 104, </key>
<key name="vs"> 80,45,87, </key>
<key name="w"> 46, </key>
<key name="want"> 81,21,22,35,8,10,56,45,74,37,84,61,76,77,93,85,79,99,101,39,91,5,46, </key>
<key name="way"> 0,17,8,16,91,60, </key>
<key name="web"> 47,104,34,53,54,10,71,57,97,30,73,61,63,93,99,66,48,87,107,60,108, </key>
<key name="websit"> 105,107,108, </key>
<key name="week"> 0,1,81,6,8,14,99,20, </key>
<key name="weight"> 37, </key>
<key name="welcom"> 47, </key>
<key name="well"> 47,23,57,74,75,101,87,60, </key>
<key name="what"> 33,53,44,31,37,86,99,48,60, </key>
<key name="whatev"> 23,87, </key>
<key name="whenev"> 98, </key>
<key name="wherea"> 36,29, </key>
<key name="wherev"> 91, </key>
<key name="wheth"> 34,13,8,90,96,74,18,99,65,87, </key>
<key name="whichev"> 2, </key>
<key name="whil"> 99, </key>
<key name="whit"> 26,5,46, </key>
<key name="whol"> 25,84,87, </key>
<key name="whom"> 35,10,83, </key>
<key name="whos"> 47,34,50,83,39,46, </key>
<key name="why"> 9,36,92, </key>
<key name="wid"> 34, </key>
<key name="wide"> 34, </key>
<key name="widget"> 101, </key>
<key name="wiki"> 107, </key>
<key name="wikipedia"> 107,108, </key>
<key name="wiktionary"> 108, </key>
<key name="wildcard"> 82,43,87,46, </key>
<key name="will"> 2,33,70,34,53,8,44,31,37,75,83,76,77,93,85,99,58,92,48,101,39,29,87,102,46,49, </key>
<key name="window"> 104,34,35,10,24,97,59,32,75,77,93,86,99,48,101,40,105,106, </key>
<key name="winzip"> 34, </key>
<key name="within"> 0,104,80,34,53,81,82,55,44,26,31,45,72,30,73,59,32,75,83,76,63,93,86,29,87,107,5,60, </key>
<key name="without"> 0,2,104,53,10,43,45,84,16,86,99,40,108, </key>
<key name="wmv"> 34, </key>
<key name="word"> 80,70,34,42,25,43,44,45,74,83,84,99,41,87,107,108, </key>
<key name="wordpad"> 34, </key>
<key name="work"> 1,53,6,22,7,42,31,96,93,86,99,105,106,87,107,108, </key>
<key name="workgroup"> 86, </key>
<key name="workspac"> 60, </key>
<key name="workstation"> 34,74, </key>
<key name="would"> 80,88,82,23,42,43,31,45,83,84,86,99,20, </key>
<key name="written"> 77,99,107, </key>
<key name="x"> 80, </key>
<key name="x111"> 101, </key>
<key name="xl"> 34,86, </key>
<key name="xyz"> 39, </key>
<key name="y"> 80, </key>
<key name="yahoo"> 45,106,108, </key>
<key name="year"> 8,86, </key>
<key name="yellow"> 4, </key>
<key name="yes"> 3,90, </key>
<key name="yet"> 57, </key>
<key name="york"> 17,8, </key>

</ftswdata>  
