<?xml version='1.0' encoding='windows-1252' ?>
<ftswdata>
<key name="two"> 64,65,68,8,86,27,57,33,101,117,52,32,53,102,58, </key>
<key name="txt"> 37,98, </key>
<key name="typ"> 0,64,2,122,45,95,36,85,37,96,7,48,38,17,68,8,69,10,56,71,27,57,114,62,89,98,99,92,77,109,100,16,101,94,19,117,50,103,31,80,119,42,52,32,53,102,58,22,63,83, </key>
<key name="typical"> 36,85,37, </key>
<key name="u"> 83, </key>
<key name="ui"> 117, </key>
<key name="unacceptabl"> 85, </key>
<key name="undeliverabl"> 108, </key>
<key name="undergo"> 57, </key>
<key name="undo"> 12, </key>
<key name="unflag"> 96,98, </key>
<key name="uniqu"> 64,48, </key>
<key name="unknown"> 108,44, </key>
<key name="unles"> 39,40, </key>
<key name="unread"> 65,96,69,71,87,33,88,98,91,77,83, </key>
<key name="unsav"> 109, </key>
<key name="unsolicit"> 72,61, </key>
<key name="unus"> 22, </key>
<key name="unwant"> 72,61, </key>
<key name="up"> 0,23,38,17,56,57,77,109,16,18,19,79,60,42,43,51,44,22,83, </key>
<key name="updat"> 122,95,94,80,121, </key>
<key name="upload"> 53,54, </key>
<key name="uppercas"> 52, </key>
<key name="url"> 122,96,7,68,10,114,98,50,103,31,80,53,102, </key>
<key name="us"> 0,64,2,59,95,65,104,36,37,66,96,6,46,110,97,47,10,86,55,106,71,39,57,87,114,33,62,89,98,75,91,76,92,118,109,101,94,117,50,103,31,72,81,20,108,60,42,51,52,21,44,107,32,53,102,58,54,61,63,74,83, </key>
<key name="usag"> 75, </key>
<key name="useful"> 115,22, </key>
<key name="user"> 36,37,10,27,89,50,103,31,22, </key>
<key name="usingdocumentstyl"> 52, </key>
<key name="usual"> 37,17,8,40, </key>
<key name="v"> 83, </key>
<key name="vacation"> 98,117,120, </key>
<key name="valid"> 7,38,10,31,108, </key>
<key name="valu"> 98,99, </key>
<key name="variant"> 102, </key>
<key name="variety"> 36,37, </key>
<key name="variou"> 1,37, </key>
<key name="various"> 32, </key>
<key name="vary"> 40, </key>
<key name="ve"> 88,91,109, </key>
<key name="verify"> 108, </key>
<key name="version"> 121, </key>
<key name="versu"> 101, </key>
<key name="vertical"> 22, </key>
<key name="via"> 37,54, </key>
<key name="vic"> 119, </key>
<key name="view"> 0,2,1,59,28,4,65,85,6,46,110,7,17,8,69,10,86,71,34,87,33,73,89,14,35,98,91,15,16,19,117,50,103,31,72,81,60,21,107,5,54,22,63,74,83, </key>
<key name="viewabl"> 85,102, </key>
<key name="viru"> 62,89, </key>
<key name="virus"> 85,37,62,89, </key>
<key name="visibl"> 117,5, </key>
<key name="visit"> 74, </key>
<key name="voic"> 120, </key>
<key name="voip"> 122, </key>
<key name="vs"> 95,57,102, </key>
<key name="w"> 58,83, </key>
<key name="want"> 96,110,47,23,38,8,70,57,89,40,99,75,91,92,109,100,18,94,116,117,50,119,42,107,53,5,58,63, </key>
<key name="way"> 0,17,8,24,16,107,63,74, </key>
<key name="web"> 59,122,37,66,67,48,86,71,27,114,33,88,75,77,109,117,103,80,60,52,53,102,54,63,74,83, </key>
<key name="week"> 0,1,96,6,8,14,117,21,63,83, </key>
<key name="weight"> 40, </key>
<key name="welcom"> 59, </key>
<key name="well"> 59,23,71,89,90,119,102,74, </key>
<key name="what"> 36,66,56,34,40,101,117,103,60,51,54,22,63,74, </key>
<key name="whatev"> 23,102, </key>
<key name="wherea"> 39,32, </key>
<key name="wherev"> 52,107, </key>
<key name="wheth"> 37,13,8,10,106,113,89,19,117,31,79,102, </key>
<key name="whichev"> 2, </key>
<key name="whil"> 117, </key>
<key name="whit"> 27,5,58, </key>
<key name="whol"> 25,99,102, </key>
<key name="whom"> 38,10,98,50,31, </key>
<key name="whos"> 59,37,62,98,42,58, </key>
<key name="why"> 9,39,108, </key>
<key name="wid"> 37, </key>
<key name="wide"> 37, </key>
<key name="widget"> 119, </key>
<key name="width"> 45, </key>
<key name="wiki"> 45,46,47,48,49,50,103,52,53,54, </key>
<key name="wikipag"> 52, </key>
<key name="wikiword"> 52,53, </key>
<key name="wildcard"> 97,55,102,58, </key>
<key name="will"> 2,36,85,37,66,46,8,56,34,114,40,90,98,91,92,109,100,117,50,72,108,60,119,42,32,53,102,120,58,61, </key>
<key name="window"> 122,37,38,24,114,73,35,90,92,109,101,117,50,60,119,43,63,83, </key>
<key name="winzip"> 37, </key>
<key name="within"> 0,2,122,95,37,66,96,97,48,68,56,27,34,57,87,33,88,73,35,90,98,91,77,109,101,32,53,102,5,54,74, </key>
<key name="without"> 0,122,66,10,55,57,99,16,101,117,31,43,52,63, </key>
<key name="wmv"> 37, </key>
<key name="word"> 95,85,37,69,25,55,56,57,89,98,99,117,52,44,53,102, </key>
<key name="wordpad"> 37, </key>
<key name="work"> 1,66,6,47,7,69,34,113,114,109,101,117,53,102,54,22,63,83, </key>
<key name="workgroup"> 101, </key>
<key name="workstation"> 37,89, </key>
<key name="would"> 95,104,97,47,69,55,34,57,98,99,101,117,21, </key>
<key name="writ"> 2,52, </key>
<key name="written"> 92,117, </key>
<key name="x"> 95, </key>
<key name="x111"> 119, </key>
<key name="xl"> 37,101, </key>
<key name="xyz"> 42, </key>
<key name="y"> 95, </key>
<key name="yahoo"> 57, </key>
<key name="year"> 8,101, </key>
<key name="yellow"> 4, </key>
<key name="yes"> 3,106, </key>
<key name="yet"> 71, </key>
<key name="york"> 17,8, </key>
<key name="your"> 0,64,2,1,59,122,3,28,45,4,36,85,37,66,96,6,46,67,13,111,110,47,48,23,38,17,68,8,69,10,24,12,86,25,26,55,56,71,27,34,57,87,112,113,29,49,114,33,62,115,89,40,14,90,84,98,99,75,91,93,92,15,118,77,41,109,100,16,18,101,94,78,116,117,50,103,31,79,80,72,82,20,108,60,119,42,43,51,21,44,107,32,53,102,5,54,22,61,63,74, </key>
<key name="yourself"> 17,16, </key>
<key name="yyyy"> 98, </key>
<key name="zc"> 121, </key>
<key name="zero"> 58, </key>
<key name="zimbra"> 64,2,1,59,122,85,37,66,96,6,67,48,38,68,86,71,27,112,113,114,33,88,62,115,84,98,99,75,15,118,77,109,116,117,103,80,72,82,20,60,52,32,102,121,54,22,61,63,74,83, </key>
<key name="zimbranotebook"> 52,53, </key>
<key name="zimlet"> 122,96,71,74, </key>
<key name="zip"> 85,37,62,89, </key>
<key name="zon"> 17,8,117, </key>
<key name="zwc"> 83, </key>

</ftswdata>  
