<?xml version='1.0' encoding='windows-1252' ?>
<ftswdata>
<key name="06"> 116, </key>
<key name="1"> 93,96,72,115, </key>
<key name="10"> 112, </key>
<key name="100"> 112, </key>
<key name="11"> 93, </key>
<key name="12"> 93,112, </key>
<key name="1212"> 114, </key>
<key name="123"> 93, </key>
<key name="12k"> 93, </key>
<key name="16"> 116, </key>
<key name="2"> 45,69,96,116, </key>
<key name="20"> 38, </key>
<key name="2005"> 36,93,115, </key>
<key name="22"> 81, </key>
<key name="25"> 112, </key>
<key name="3"> 45,69,93,116, </key>
<key name="30"> 30,93, </key>
<key name="303"> 114, </key>
<key name="5"> 1,81,112, </key>
<key name="50"> 112, </key>
<key name="555"> 114, </key>
<key name="6"> 116, </key>
<key name="7"> 1,4,16, </key>
<key name="9"> 93, </key>
<key name="abbreviation"> 39, </key>
<key name="ability"> 0,99,76, </key>
<key name="abl"> 32,79,33,112, </key>
<key name="abov"> 4,29,93, </key>
<key name="absenc"> 43, </key>
<key name="accept"> 1,3,4,10,80,15,88,99,19,40, </key>
<key name="acces"> 1,3,51,21,10,56,110,69,72,99,65,103,59, </key>
<key name="accord"> 52, </key>
<key name="account"> 17,8,56,110,111,113,16,88,98,112, </key>
<key name="acm"> 24,93,114,38,28, </key>
<key name="acrobat"> 33, </key>
<key name="acros"> 69,28,76, </key>
<key name="action"> 50,41,42,102,43,15,62,46,59, </key>
<key name="activ"> 51,42,43,46, </key>
<key name="activat"> 83, </key>
<key name="activiti"> 0,1,4,6,7,10,75,5, </key>
<key name="activity"> 0,109,5, </key>
<key name="actual"> 33,36,122, </key>
<key name="ad"> 2,3,26,4,21,70,22,17,69,93,86,15,112,19,114,38,39,28,75,122, </key>
<key name="add"> 2,26,100,32,13,21,70,22,34,17,8,42,35,25,69,15,62,16,98,112,72,114,28,75,5,76, </key>
<key name="addition"> 90,53,8,78,57,75, </key>
<key name="additional"> 26,21,7,22,17,8,41,25,43,16,46,114,76, </key>
<key name="addres"> 118,26,91,21,22,34,17,8,10,23,24,41,25,43,27,110,111,69,83,36,93,94,86,62,16,88,89,18,98,112,72,19,104,46,38,39,28,120,75,97,59,122,68, </key>
<key name="addresse"> 35,39, </key>
<key name="administration"> 33,57,47, </key>
<key name="administrator"> 118,79,33,51,91,107,21,17,8,108,109,110,48,69,83,78,93,60,16,88,112,57,67,104,47, </key>
<key name="adob"> 90,33,96, </key>
<key name="advanc"> 45,91,93,97,117, </key>
<key name="advantag"> 75, </key>
<key name="advis"> 34, </key>
<key name="affect"> 113, </key>
<key name="again"> 32,109,95, </key>
<key name="aid"> 103,97, </key>
<key name="aka"> 57,47, </key>
<key name="alignment"> 75, </key>
<key name="allow"> 51,91,41,43,83,93,94,62,72,74,97, </key>
<key name="allowabl"> 93, </key>
<key name="almost"> 83, </key>
<key name="alon"> 94, </key>
<key name="along"> 52,84,60, </key>
<key name="alphabetiz"> 27, </key>
<key name="already"> 100,109,88, </key>
<key name="alternative"> 100, </key>
<key name="although"> 94, </key>
<key name="alway"> 4,80,110,83,93,105,89,112,57,114,38,20,28, </key>
<key name="am"> 115, </key>
<key name="amazon"> 119,122, </key>
<key name="amb"> 93, </key>
<key name="amount"> 109,60, </key>
<key name="angl"> 86, </key>
<key name="animation"> 33, </key>
<key name="anoth"> 49,3,50,33,51,52,53,55,56,30,43,58,111,87,62,105,95,96,112,57,104,40,103,75, </key>
<key name="any"> 0,2,26,90,100,33,91,6,21,71,34,17,8,54,10,23,12,101,41,42,56,43,109,69,83,36,14,78,93,94,61,86,15,113,105,16,88,89,63,112,72,99,64,57,19,39,103,97,5,44,47,117,59, </key>
<key name="anyon"> 72, </key>
<key name="anyway"> 34, </key>
<key name="anywher"> 94,103, </key>
<key name="ap"> 50,100,21,41,42,43,62,105,103, </key>
<key name="appear"> 0,26,90,100,32,107,92,34,17,8,23,24,41,35,25,30,43,81,110,82,58,83,36,14,31,84,93,94,85,86,62,16,96,18,114,38,39,20,103,119,28,120,121, </key>
<key name="appli"> 50,100,41,42,30,43,93,96,103, </key>
<key name="application"> 1,33,51,107,106,71,43,110,69,83,36,105,112,38,76,117,59,68, </key>
<key name="apply"> 50,112, </key>
<key name="appointment"> 0,2,1,45,13,7,17,8,11,69,15,16,18,112,19,38,20,117,68, </key>
<key name="appropriat"> 32,83,15, </key>
<key name="area"> 2,10,24,42,56,94,16,96,89,59, </key>
<key name="arial"> 112, </key>
<key name="around"> 93, </key>
<key name="arriv"> 91,42,57, </key>
<key name="arrow"> 0,22,17,53,8,24,29,77,94,86,16,96,89,64,65,66,46,38,103,97,68, </key>
<key name="ascend"> 64, </key>
<key name="asin"> 122, </key>
<key name="ask"> 30,83,36,105, </key>
<key name="assign"> 100,107,21, </key>
<key name="assistant"> 69,117,68, </key>
<key name="associat"> 26,43, </key>
<key name="assum"> 33,96, </key>
<key name="assur"> 112, </key>
<key name="asterisk"> 97,44, </key>
<key name="atom"> 53,65, </key>
<key name="attach"> 32,33,83,96,19,76, </key>
<key name="attachment"> 45,90,32,79,33,91,13,34,17,8,41,35,43,29,48,83,36,93,94,60,86,15,16,96,89,112,19,75,97,76,68, </key>
<key name="attack"> 48, </key>
<key name="attende"> 0,2,45,13,17,8,11,12,16,18,112,19,38,20, </key>
<key name="attribut"> 93, </key>
<key name="audio"> 97, </key>
<key name="august"> 115, </key>
<key name="authenticat"> 110, </key>
<key name="author"> 122, </key>
<key name="auto"> 21,23,112,115, </key>
<key name="autocomplet"> 38, </key>
<key name="automat"> 57,47, </key>
<key name="automatic"> 81,60,114,38, </key>
<key name="automatical"> 26,33,52,21,53,12,41,42,81,109,69,36,78,87,86,15,98,112,72,57,67,114,74,75,115,47, </key>
<key name="availability"> 17,8,16,88,18, </key>
<key name="availabl"> 0,118,4,22,17,8,23,25,69,16,112,114,38,28,59, </key>
<key name="averylongkeywordcanbeus"> 74, </key>
<key name="away"> 115, </key>
<key name="b"> 93, </key>
<key name="back"> 3,51,110,82,105,46,40,75, </key>
<key name="background"> 80,112,75, </key>
<key name="backslash"> 44, </key>
<key name="backspac"> 68, </key>
<key name="bad"> 104,74, </key>
<key name="ban"> 0,60,16, </key>
<key name="bana"> 92, </key>
<key name="banana"> 92,41,93,97,44, </key>
<key name="bananafloat"> 44, </key>
<key name="bananasboat"> 44, </key>
<key name="bandanna"> 44, </key>
<key name="bar"> 90,71,17,8,24,60,95,16,18,46,5,59, </key>
<key name="basi"> 55, </key>
<key name="basic"> 90,91,96,73,75, </key>
<key name="bcc"> 26,22,34,35,94,112,38,39,28, </key>
<key name="be"> 70,41,43, </key>
<key name="becom"> 2,17,8,36,16,19,38,5,76, </key>
<key name="befor"> 2,3,91,41,93,94,86,15,105,96,112,65,57,74,40,28,44,47, </key>
<key name="begin"> 30,62,38,75, </key>
<key name="behalf"> 10, </key>
<key name="behav"> 46,38, </key>
<key name="behavior"> 38, </key>
<key name="below"> 34,10,38,59, </key>
<key name="beneath"> 96, </key>
<key name="beta"> 45,69, </key>
<key name="billybob"> 38, </key>
<key name="black"> 112, </key>
<key name="blank"> 70,34,74, </key>
<key name="blind"> 39, </key>
<key name="block"> 79,33,48,122, </key>
<key name="blu"> 4, </key>
<key name="boat"> 44, </key>
<key name="bob"> 38, </key>
<key name="body"> 91,34,80,41,35,43,36,93,94,85,86,96,112,114,97, </key>
<key name="bold"> 56,81,29,82, </key>
<key name="book"> 118,21,22,25,27,69,83,94,119,28,122,68, </key>
<key name="bord"> 75, </key>
<key name="bos"> 43, </key>
<key name="both"> 90,92,58,96,44, </key>
<key name="bottom"> 66, </key>
<key name="bounc"> 60,104, </key>
<key name="box"> 90,91,34,80,24,42,43,27,29,94,96,89,112,66,46,114,38,28,97,115,5,59, </key>
<key name="boxman"> 90, </key>
<key name="br"> 39, </key>
<key name="bracket"> 86, </key>
<key name="breakfast"> 92, </key>
<key name="brink"> 38, </key>
<key name="brows"> 118,32,33,51,27,110,83,84,105,46,76,59, </key>
<key name="browser"> 33,51, </key>
<key name="budget"> 96, </key>
<key name="build"> 90,91,95,96,89,97, </key>
<key name="built"> 52, </key>
<key name="bullet"> 80, </key>
<key name="busines"> 114,122, </key>
<key name="busy"> 2,1,45,17,8,16,18,5, </key>
<key name="button"> 49,33,51,22,53,110,36,113,62,105,96,89,65,46,114,39,28,59,122, </key>
<key name="byt"> 91,93, </key>
<key name="c"> 68, </key>
<key name="cal"> 90,25,43,69,93,96,72,74,28,75,76, </key>
<key name="calendar"> 0,2,1,45,118,3,4,6,13,106,7,71,17,8,9,10,11,12,69,14,15,16,112,99,19,38,20,5,117,59,68, </key>
<key name="california"> 17,8, </key>
<key name="call"> 118, </key>
<key name="cancel"> 10,11,68, </key>
<key name="cannot"> 49,79,21,71,53,10,55,41,25,84,78,93,87,62,72,99,57,104,97,76, </key>
<key name="capital"> 74,75, </key>
<key name="capitalization"> 41, </key>
<key name="car"> 83,36, </key>
<key name="carbon"> 39, </key>
<key name="card"> 21, </key>
<key name="cas"> 41,83,93,87,38,74,97, </key>
<key name="casserol"> 41,44, </key>
<key name="categori"> 100,21,68, </key>
<key name="categoriz"> 52, </key>
<key name="caus"> 90,86,105,112,38, </key>
<key name="cc"> 26,90,91,22,34,41,35,93,94,86,112,19,38,39,28, </key>
<key name="cd"> 119,122, </key>
<key name="cel"> 75, </key>
<key name="cell"> 75, </key>
<key name="certain"> 0,33,91,52,41,48,93,60,57,104,38,103,47, </key>
<key name="chanc"> 83, </key>

</ftswdata>  
