<?xml version='1.0' encoding='windows-1252' ?>
<ftswdata>
<key name="edit"> 59,4,46,10,25,56,27,15,77,41,50,103,31,42,51,44,53,54,22,83, </key>
<key name="editor"> 37,47,51,53,54, </key>
<key name="edward"> 42, </key>
<key name="effect"> 118, </key>
<key name="eight"> 4, </key>
<key name="eith"> 0,2,95,46,47,38,17,8,9,10,70,86,71,34,30,98,15,100,16,18,101,117,50,31,72,43,32,53,54,61,63,83, </key>
<key name="element"> 51, </key>
<key name="eligibl"> 40, </key>
<key name="els"> 39, </key>
<key name="email"> 0,2,1,122,3,28,36,85,37,96,46,67,13,23,38,17,8,69,9,10,11,86,25,55,56,106,71,27,57,49,114,33,62,73,115,89,40,84,98,99,75,92,15,109,16,18,101,94,19,116,117,50,31,79,20,108,42,32,120,54,22,61,63,83, </key>
<key name="embed"> 54, </key>
<key name="employe"> 40, </key>
<key name="empty"> 84,75,72,82,61, </key>
<key name="enabl"> 28,38,115,92,94,78,116,117,119,120,22, </key>
<key name="end"> 37,17,8,98,92,16,101,117,21, </key>
<key name="enforc"> 75, </key>
<key name="engineer"> 119, </key>
<key name="enough"> 115, </key>
<key name="ent"> 0,2,104,111,47,7,23,38,17,68,8,69,10,25,56,39,49,114,115,99,16,101,94,19,50,31,80,42,43,21,107,32,120,63,83, </key>
<key name="enter"> 0,47,25,100,53,22, </key>
<key name="entir"> 27,34,73,90,43, </key>
<key name="entri"> 27,89,22, </key>
<key name="entry"> 99,77,109, </key>
<key name="environment"> 37, </key>
<key name="equipment"> 2,18, </key>
<key name="erica"> 42, </key>
<key name="erica878"> 42, </key>
<key name="error"> 108, </key>
<key name="esc"> 42,83, </key>
<key name="escap"> 58,83, </key>
<key name="etc"> 96,53,102,63, </key>
<key name="ev"> 57, </key>
<key name="evaluat"> 57, </key>
<key name="evaluation"> 55,57, </key>
<key name="even"> 37,38,86,55,34,57,113,33,89,32, </key>
<key name="event"> 0,2,1,59,4,17,56,16, </key>
<key name="eventual"> 66, </key>
<key name="every"> 8,57,87,114,117,108,74, </key>
<key name="everyon"> 92,32, </key>
<key name="ex"> 37,62, </key>
<key name="exact"> 0,97,55,62,40,98,77,119,58, </key>
<key name="exampl"> 64,95,85,37,67,97,7,48,17,68,8,69,25,55,56,34,57,87,49,114,98,99,92,101,50,119,42,52,107,32,53,102,58, </key>
<key name="excel"> 85,98,101,102, </key>
<key name="except"> 0,104,17,8,12,98,76,118,16,107,63, </key>
<key name="exchang"> 59,92, </key>
<key name="execut"> 56,98,99,94,117,102, </key>
<key name="executabl"> 85,37,89, </key>
<key name="exist"> 64,48,23,68,55,34,77,108,52,53, </key>
<key name="expand"> 37,77, </key>
<key name="expect"> 109, </key>
<key name="expens"> 37, </key>
<key name="expir"> 113, </key>
<key name="explain"> 9,102, </key>
<key name="explanation"> 13, </key>
<key name="explor"> 66, </key>
<key name="export"> 26,117,22, </key>
<key name="extend"> 120, </key>
<key name="extension"> 37,62,101, </key>
<key name="external"> 10,50,31,53,54, </key>
<key name="extra"> 71, </key>
<key name="f"> 83, </key>
<key name="fac"> 53, </key>
<key name="facilitat"> 1,27, </key>
<key name="fact"> 42, </key>
<key name="fad"> 15, </key>
<key name="familiar"> 47,102, </key>
<key name="far"> 74, </key>
<key name="fast"> 40, </key>
<key name="favorit"> 80, </key>
<key name="fe"> 68,80, </key>
<key name="featur"> 1,59,122,96,67,71,27,57,33,115,89,90,98,99,118,109,94,117,81,60,119,42,21,107,53,102,120,22,63,74, </key>
<key name="feed"> 80, </key>
<key name="few"> 39,29,73,101,42, </key>
<key name="field"> 2,104,36,13,47,23,38,17,8,69,10,55,56,39,99,92,16,101,116,117,31,80,20,42,43, </key>
<key name="fil"> 59,95,36,85,37,47,7,23,26,55,39,57,29,62,89,40,90,98,99,75,93,101,117,31,53,102, </key>
<key name="filenam"> 37,98,101, </key>
<key name="fill"> 91, </key>
<key name="filt"> 110,97,55,56,57,91,118,77,117,72,58,61, </key>
<key name="filter"> 59,67,97,56,34,57,89,40,117,72,61, </key>
<key name="fin"> 72,61, </key>
<key name="finaliz"> 2, </key>
<key name="find"> 2,95,104,37,17,8,98,99,109,16,80,72,107,102,61, </key>
<key name="finish"> 56, </key>
<key name="firefox"> 66, </key>
<key name="first"> 2,1,66,6,48,23,38,25,56,33,89,40,98,99,91,118,101,19,117,20,42, </key>
<key name="fit"> 60, </key>
<key name="fiv"> 2,117, </key>
<key name="flag"> 104,96,55,106,57,33,98,83, </key>
<key name="float"> 58, </key>
<key name="focu"> 83, </key>
<key name="fold"> 64,3,65,96,46,67,47,48,38,68,69,10,24,70,55,56,71,34,57,87,49,33,73,84,98,75,91,93,76,77,41,109,100,78,117,50,103,31,80,72,82,52,53,54,61,74,83, </key>
<key name="folder"> 64,59,96,67,48,68,69,70,55,56,71,34,87,33,73,84,75,93,76,77,117,50,103,80,72,60,107,54,74, </key>
<key name="follow"> 0,2,1,95,65,37,96,6,17,8,10,55,56,71,34,49,40,98,75,109,16,101,50,103,31,72,60,42,107,102,63,74,83, </key>
<key name="font"> 45,38,117,53, </key>
<key name="forev"> 70, </key>
<key name="forget"> 112,75, </key>
<key name="format"> 36,37,47,38,86,26,29,90,98,117,51,52,53,54, </key>
<key name="forth"> 92,60, </key>
<key name="forward"> 59,96,39,34,76,77,116,117,107,83, </key>
<key name="four"> 8, </key>
<key name="fragment"> 91, </key>
<key name="fram"> 96, </key>
<key name="fre"> 2,1,59,97,17,8,16,18,19,5,58,22, </key>
<key name="friday"> 6,40, </key>
<key name="full"> 1,59,28,46,10,55,114,99,75,50,103,31,108,42,22,74, </key>
<key name="function"> 7,60,53, </key>
<key name="functionality"> 53, </key>
<key name="furth"> 65,8,57, </key>
<key name="futur"> 71, </key>
<key name="fwd"> 34, </key>
<key name="g"> 85,83, </key>
<key name="gal"> 27,99,94, </key>
<key name="general"> 66,111,62,40,117,63,83, </key>
<key name="generat"> 55,40,108, </key>
<key name="get"> 59,9,87,62,89, </key>
<key name="gif"> 36,37, </key>
<key name="gift"> 58, </key>
<key name="giv"> 9,56,53,54, </key>
<key name="global"> 38,17,8,27,99,16,94,32,102, </key>
<key name="go"> 2,122,17,8,69,26,55,56,87,29,33,16,117,81,119,102,63,83, </key>
<key name="good"> 66,52, </key>
<key name="got"> 88,91, </key>
<key name="goto"> 83, </key>
<key name="grammar"> 98, </key>
<key name="grant"> 3,10,50,103,31, </key>
<key name="grante"> 46,10,50,103,31,22, </key>
<key name="grantor"> 3,9,10,31, </key>
<key name="graphic"> 37, </key>
<key name="graphical"> 37,109, </key>
<key name="gray"> 23, </key>
<key name="great"> 98, </key>
<key name="green"> 4, </key>
<key name="group"> 1,67,10,56,34,57,33,91,117,50,103,31,52, </key>
<key name="grow"> 42, </key>
<key name="guest"> 10,50,31, </key>
<key name="gui"> 109, </key>
<key name="guidelin"> 66, </key>
<key name="h"> 83, </key>
<key name="habit"> 109, </key>
<key name="hand"> 104,71,73,72,82,60, </key>
<key name="handl"> 117,72,61, </key>
<key name="happen"> 34,113,75,42, </key>
<key name="hav"> 57,88, </key>
<key name="haven"> 62, </key>
<key name="head"> 28,96,47,23,55,57,49,89,98,92,77,5,58, </key>
<key name="header"> 96,55,40,77,60, </key>
<key name="heading"> 53, </key>
<key name="health"> 40, </key>
<key name="hello"> 98, </key>
<key name="help"> 59,72,52,61,63,74, </key>
<key name="her"> 2,37,17,71,101,117, </key>
<key name="hid"> 42, </key>
<key name="high"> 59,101, </key>
<key name="highlight"> 0,65,34,79,72,42,44,61, </key>
<key name="hint"> 52, </key>
<key name="holiday"> 48, </key>
<key name="hom"> 22,74, </key>
<key name="horizontal"> 17,8,16,19, </key>
<key name="hour"> 2,96,17,8,114,20, </key>
<key name="hov"> 0,122, </key>
<key name="how"> 45,111,23,34,114,88,40,14,84,75,91,92,117,52,53,102,120, </key>
<key name="htm"> 37, </key>
<key name="html"> 36,85,37,47,38,86,89,117,51,53,102,54,83, </key>
<key name="http"> 114, </key>
<key name="hyperlink"> 52, </key>
<key name="i"> 55,113,62,109,117,42,52,120,83, </key>
<key name="ical"> 7, </key>
<key name="icon"> 45,48,25,106,30,94,60,53,74, </key>
<key name="id"> 98, </key>
<key name="identify"> 57,116,60,53, </key>
<key name="if"> 0,2,122,3,28,95,104,85,37,66,96,13,111,47,48,38,17,8,69,11,70,86,55,56,71,34,57,112,113,114,33,62,73,115,89,40,14,75,91,92,15,77,109,100,16,18,94,19,116,117,50,72,81,20,108,60,119,42,43,51,52,21,53,102,22,61,63,74,83, </key>
<key name="ignor"> 55, </key>
<key name="iii"> 98, </key>
<key name="imag"> 95,36,85,37,89,101,53,102,54, </key>
<key name="immediat"> 57,107, </key>
<key name="immediate"> 38,12,55,87,115,100,119,52,120,58, </key>
<key name="implement"> 89, </key>
<key name="import"> 59,27,29,117,22, </key>
<key name="importanc"> 106, </key>
<key name="important"> 57,115, </key>
<key name="in"> 37, </key>
<key name="inactiv"> 57,113, </key>
<key name="inbound"> 67, </key>
<key name="inbox"> 64,68,69,55,71,34,57,87,98,91,15,77,117,79,72,61,74,83, </key>
<key name="inc"> 119,121, </key>
<key name="includ"> 1,59,45,37,47,23,68,10,55,39,34,33,14,98,92,109,16,101,117,50,31,60,53,102,5,58,54,74, </key>
<key name="incom"> 59,37,56,57,89,117, </key>
<key name="increas"> 37,60, </key>
<key name="indefinite"> 34, </key>
<key name="indicat"> 37,106,87,91,79, </key>
<key name="indicator"> 106,5, </key>
<key name="individual"> 40,14,90,91,103,81, </key>
<key name="information"> 2,122,28,37,96,23,17,8,10,24,25,55,56,71,27,49,33,40,30,77,16,94,19,50,103,31,20,108,60,119,54,22, </key>

</ftswdata>  
