<?xml version='1.0' encoding='windows-1252' ?>
<!-- saved from url=(0014)about:internet -->
<ftswdata>
<key name="high"> 122,71,51,115, </key>
<key name="highlight"> 0,76,38,91,84,47,50,73, </key>
<key name="hint"> 64, </key>
<key name="hold"> 127, </key>
<key name="holiday"> 60, </key>
<key name="hom"> 25,86, </key>
<key name="horizontal"> 9,19,20,22, </key>
<key name="host"> 130, </key>
<key name="hour"> 2,110,9,20, </key>
<key name="hov"> 147,0,83,84, </key>
<key name="how"> 71,57,133,26,38,99,137,37,100,44,17,96,87,104,107,20,142,64,65,116,145, </key>
<key name="htm"> 41, </key>
<key name="html"> 71,40,97,41,79,59,42,98,137,102,142,49,63,64,65,116,66, </key>
<key name="http"> 137, </key>
<key name="i"> 67,99,136,101,131,142,47,145, </key>
<key name="ic"> 15,16, </key>
<key name="ical"> 8,15,16, </key>
<key name="icon"> 57,27,134,120,34,113,108,72,65, </key>
<key name="identifiabl"> 144, </key>
<key name="identify"> 130,134,69,139,141,142,52,72,65, </key>
<key name="identiti"> 71,42,134,138,107,142,144, </key>
<key name="identity"> 130,42,134,138,142, </key>
<key name="if"> 122,147,0,2,56,51,3,123,32,130,109,118,97,41,77,110,79,133,59,60,42,27,134,9,81,82,12,14,98,67,68,83,38,69,135,136,16,61,137,138,37,139,101,85,140,102,44,34,17,112,87,104,105,107,128,18,89,131,114,19,20,21,108,22,141,142,62,54,84,93,23,46,72,144,47,48,63,64,65,116,24,55,25,73,74, </key>
<key name="ignor"> 67,112, </key>
<key name="iii"> 112, </key>
<key name="imag"> 109,40,97,41,102,87,115,65,116,66, </key>
<key name="imap"> 71,130,138, </key>
<key name="immediat"> 69,121, </key>
<key name="immediate"> 42,13,67,140,114,52,145,70, </key>
<key name="implement"> 102, </key>
<key name="import"> 71,31,33,16,142,25, </key>
<key name="importanc"> 120, </key>
<key name="important"> 69,140, </key>
<key name="in"> 41, </key>
<key name="inactiv"> 69,136, </key>
<key name="inbound"> 78, </key>
<key name="inbox"> 75,130,80,81,67,83,38,69,99,139,112,104,18,89,142,52,91,84,73,86, </key>
<key name="inc"> 144,146, </key>
<key name="includ"> 5,1,123,57,41,6,26,80,27,11,67,43,38,37,139,17,112,113,107,131,19,115,142,62,52,35,54,72,144,49,65,116,70,86, </key>
<key name="incom"> 71,41,68,69,102,142, </key>
<key name="increas"> 41,72, </key>
<key name="indefinite"> 38, </key>
<key name="indicat"> 41,120,99,104,91, </key>
<key name="indicator"> 6,120, </key>
<key name="individual"> 71,44,103,17,104,93, </key>
<key name="information"> 122,147,2,123,32,130,41,110,124,26,9,11,28,29,67,68,83,31,61,37,139,44,34,105,89,19,20,108,22,129,62,52,35,54,92,23,46,72,144,66,55,25, </key>
<key name="initial"> 133,81,142,64,50, </key>
<key name="input"> 67, </key>
<key name="insensitiv"> 67,112, </key>
<key name="insert"> 57,44,65, </key>
<key name="insid"> 80, </key>
<key name="instal"> 41,102, </key>
<key name="install"> 41, </key>
<key name="instanc"> 109,110,12,14,112,18,115, </key>
<key name="instead"> 130,139,112,142,52, </key>
<key name="integrat"> 147,83,86, </key>
<key name="interact"> 147,83,74, </key>
<key name="interest"> 48, </key>
<key name="interfac"> 83,112,87,89,131,142,72, </key>
<key name="internal"> 122,41,11,129,62,52,35,54, </key>
<key name="internet"> 130,77,79,42,137,44,131, </key>
<key name="interpret"> 0,67,112, </key>
<key name="interval"> 99,142, </key>
<key name="invit"> 2,13,20,21,24, </key>
<key name="invitation"> 5,0,1,2,9,10,11,18,19,20,23, </key>
<key name="isn"> 84, </key>
<key name="issu"> 46, </key>
<key name="italic"> 65, </key>
<key name="item"> 75,109,76,118,41,78,111,82,119,14,120,83,69,85,102,112,113,89,115,108,142,84,94,72,117,121,116, </key>
<key name="itself"> 70, </key>
<key name="jan"> 69, </key>
<key name="jdo"> 61, </key>
<key name="jo"> 112,36, </key>
<key name="job"> 71,26,134,138,142, </key>
<key name="john"> 130,134,112,144, </key>
<key name="jpeg"> 109,41,102,115, </key>
<key name="jpg"> 40,41, </key>
<key name="js123"> 36, </key>
<key name="jsmith"> 36, </key>
<key name="junk"> 83,89,142,54,84,55,73,86, </key>
<key name="just"> 34,112,113,115,66, </key>
<key name="kb"> 110,112, </key>
<key name="keep"> 122,32,8,67,87,141,65, </key>
<key name="key"> 71,78,47,74,95, </key>
<key name="keyboard"> 142,74,95, </key>
<key name="keyword"> 59,112,113,64,65,116, </key>
<key name="kilobyt"> 112, </key>
<key name="know"> 9,11,43,99,61,34,113,19,20,129,62,35,54,47,63,64,36, </key>
<key name="known"> 9,102,19,20,22,145, </key>
<key name="label"> 78, </key>
<key name="languag"> 112,113,142,116, </key>
<key name="larg"> 110,67,120,101,112,87,142,84,73, </key>
<key name="last"> 0,110,26,42,29,38,69,33,44,113,47,146, </key>
<key name="latest"> 139, </key>
<key name="launch"> 147,41, </key>
<key name="layout"> 57,59,98,65, </key>
<key name="leaf"> 67,70, </key>
<key name="learn"> 113,116, </key>
<key name="least"> 46,48, </key>
<key name="leav"> 147,130,76,67,69,137,131, </key>
<key name="left"> 76,118,6,83,85,127,113,106,84,94,72,36,116, </key>
<key name="length"> 123,136,142, </key>
<key name="lenient"> 44, </key>
<key name="les"> 120,112, </key>
<key name="let"> 5,122,147,1,32,130,41,6,42,134,9,83,34,113,142,48,64,65,116, </key>
<key name="letter"> 133,129,64, </key>
<key name="level"> 75,59,60,80,87,62,54,65, </key>
<key name="lick"> 104, </key>
<key name="lif"> 71,134,138,142, </key>
<key name="light"> 51, </key>
<key name="lik"> 81,29,44,142, </key>
<key name="like"> 38,69, </key>
<key name="limit"> 110,87,25, </key>
<key name="lin"> 123,32,109,40,41,78,111,42,27,67,43,38,37,44,113,104,107,142,70, </key>
<key name="link"> 71,97,41,59,9,98,61,137,92,72,49,64,65,66,86, </key>
<key name="list"> 75,122,71,147,2,56,51,3,123,32,130,76,118,6,110,58,124,133,125,8,26,42,80,27,134,9,11,126,28,13,29,30,68,120,31,38,69,33,61,138,37,127,44,39,34,113,104,128,18,53,89,19,20,115,108,142,129,62,52,35,54,92,84,23,46,72,47,48,121,36,65,116,25,86,95, </key>
<key name="literal"> 116, </key>
<key name="local"> 112,87,141, </key>
<key name="locat"> 40,78,33,16, </key>
<key name="location"> 2,59,80,9,37,85,102,19,20,21,22,24, </key>
<key name="log"> 71,130,77,79,81,99,136,137,139,87,105,143,142,52,84,86, </key>
<key name="login"> 79,133,137, </key>
<key name="long"> 58,28,137,34,96,112,87,72,48, </key>
<key name="look"> 4,42,67,99,87, </key>
<key name="los"> 44,131, </key>
<key name="lot"> 140, </key>
<key name="low"> 122,104,108,72, </key>
<key name="lowercas"> 64, </key>
<key name="m"> 67, </key>
<key name="mac"> 74, </key>
<key name="macintosh"> 77, </key>
<key name="mail"> 75,71,56,51,3,32,130,40,41,78,132,60,26,42,27,134,81,11,28,98,67,68,120,83,43,38,69,99,137,139,100,140,102,44,103,96,112,113,87,104,105,106,107,53,89,45,131,115,90,141,142,62,52,35,54,84,94,46,72,144,48,121,36,145,55,73,74,86,95, </key>
<key name="mailbox"> 71,51,32,4,97,79,60,80,134,81,69,137,138,37,140,87,141,142,52,54,92,93,46,55,86, </key>
<key name="main"> 70, </key>
<key name="maintain"> 31,65, </key>
<key name="majority"> 102, </key>
<key name="mak"> 147,0,109,124,11,14,98,29,112,113,18,108,129,62,52,35,54,23,49,65,116,24, </key>
<key name="malform"> 67, </key>
<key name="man"> 47, </key>
<key name="manag"> 122,71,1,58,134,11,138,37,139,142,129,62,52,35,54,55, </key>
<key name="manageabl"> 87, </key>
<key name="management"> 68, </key>
<key name="manual"> 84,94, </key>
<key name="mark"> 76,124,67,83,69,100,112,105,107,18,89,142,70,55, </key>
<key name="markup"> 142, </key>
<key name="martin"> 109, </key>
<key name="mat"> 121, </key>
<key name="match"> 2,109,41,111,27,9,29,67,68,38,69,112,19,20,108,129,47,116,70,25, </key>
<key name="maximum"> 136,144,25, </key>
<key name="mb"> 110, </key>
<key name="md5sumsafterburn"> 64, </key>
<key name="mean"> 6,111,67,68,38,112,46, </key>
<key name="meant"> 77, </key>
<key name="mechanism"> 147,83, </key>
<key name="media"> 41, </key>
<key name="medium"> 121, </key>
<key name="meet"> 122,147,0,2,123,109,9,11,14,69,112,18,19,20,21,22,23, </key>
<key name="meeting"> 5,71,0,1,2,9,11,13,14,17,20,21,22, </key>
<key name="megabyt"> 112, </key>
<key name="member"> 27, </key>
<key name="mention"> 71, </key>
<key name="menu"> 32,76,118,29,69,100,113,105,89,20,93,72,36, </key>
<key name="merg"> 57, </key>
<key name="messag"> 75,122,71,147,0,1,2,56,51,3,123,32,130,109,118,40,97,41,110,58,78,79,26,42,27,134,81,10,11,82,98,67,68,120,83,43,38,69,99,137,138,37,139,100,101,85,102,44,39,103,96,112,113,87,104,105,106,107,128,18,53,89,45,131,115,108,90,141,142,129,62,52,35,54,91,84,93,23,46,72,144,47,48,49,50,121,36,116,145,55,25,73,74,86,95, </key>
<key name="met"> 68, </key>
<key name="method"> 78,111,68,100, </key>
<key name="microsoft"> 40,41,77,83,102,112,115,116, </key>
<key name="middl"> 131,70, </key>
<key name="might"> 110,134,138,101,112,107,131,84,47,121,70,73, </key>
<key name="migrat"> 83, </key>
<key name="mik"> 38, </key>
<key name="mini"> 0,1,110,142,23,86, </key>
<key name="minimum"> 142, </key>
<key name="minu"> 112, </key>
<key name="minut"> 99,33,16,142, </key>
<key name="miscellaneou"> 32, </key>
<key name="mission"> 44, </key>
<key name="mix"> 115, </key>
<key name="mm"> 112, </key>
<key name="mod"> 98,24, </key>
<key name="modifi"> 29,65, </key>
<key name="modify"> 122, </key>
<key name="monday"> 7, </key>

</ftswdata>  
