<?xml version='1.0' encoding='windows-1252' ?>
<ftswdata>
<key name="mpeg"> 20, </key>
<key name="mpg"> 20, </key>
<key name="much"> 19,47, </key>
<key name="multipl"> 64,32,37,73,66,8,28,29,30,60,76, </key>
<key name="must"> 64,19,79,27,11,28,29,17,30,83,44,59,67,68,86,85, </key>
<key name="my"> 78,27,28,30,67, </key>
<key name="myra"> 83, </key>
<key name="myra123"> 83, </key>
<key name="nam"> 64,14,37,73,8,9,21,7,40,1,10,74,11,28,29,42,12,30,57,4,83,23,67,68,47,61,48,62,49,69,6,71,65,85,33,25,26,76,15,46, </key>
<key name="navigat"> 78, </key>
<key name="ne"> 20,78,7,1,56,62, </key>
<key name="near"> 28, </key>
<key name="need"> 19,21,75,47,15, </key>
<key name="negativ"> 30, </key>
<key name="network"> 59, </key>
<key name="nev"> 1,70,77, </key>
<key name="new"> 32,14,37,73,19,20,79,8,9,21,7,40,1,29,42,22,17,30,57,4,58,45,84,23,67,61,62,86,49,24,70,85,87,25,26,76,15,72, </key>
<key name="newest"> 61, </key>
<key name="next"> 9,29,42,30,57,4,23,61,70,52,33,76, </key>
<key name="non"> 28, </key>
<key name="normal"> 28,24,31, </key>
<key name="not"> 73,19,20,3,8,9,7,1,41,42,44,67,68,63,62,6,70,71,33,72, </key>
<key name="notab"> 20, </key>
<key name="notepad"> 20, </key>
<key name="noth"> 37, </key>
<key name="notic"> 5, </key>
<key name="notifi"> 84, </key>
<key name="notification"> 20,57,16,35,84,47,5,85, </key>
<key name="numb"> 20,8,75,42,57,16,67,68,47,61,62,71,85,33,34, </key>
<key name="number"> 66,8,80, </key>
<key name="nut"> 70, </key>
<key name="object"> 66,67,72, </key>
<key name="occur"> 82,62, </key>
<key name="occurrenc"> 3, </key>
<key name="off"> 38,75,30,82,83,85,52,88,46, </key>
<key name="offer"> 32,16,72, </key>
<key name="offic"> 19,71,85,88, </key>
<key name="often"> 79, </key>
<key name="ok"> 73,3,79,7,40,1,29,4,45,69,6,76,15, </key>
<key name="old"> 19,79,17,54,47,62, </key>
<key name="omit"> 28,85, </key>
<key name="on"> 64,36,0,32,37,73,20,66,39,3,7,40,28,29,42,17,30,16,45,23,67,61,70,71,51,77,33,26,76,31,46, </key>
<key name="onc"> 37,73,75,13,16,52,88, </key>
<key name="ongo"> 1,62, </key>
<key name="onto"> 73, </key>
<key name="open"> 64,0,32,37,19,55,20,66,3,9,21,40,11,29,22,17,83,58,59,60,61,62,5,24,69,70,65,87,15,72, </key>
<key name="operat"> 78, </key>
<key name="operator"> 28,31, </key>
<key name="oppos"> 78, </key>
<key name="opt"> 20, </key>
<key name="option"> 64,0,14,73,55,79,8,27,21,7,1,56,28,29,30,43,16,62,86,6,65,50,85,52,72,46, </key>
<key name="optional"> 32,7,1,56,22,23,6, </key>
<key name="ord"> 64,73,9,29,17,30,83,47,86,51, </key>
<key name="order"> 17, </key>
<key name="organiz"> 36,32,39,80, </key>
<key name="organization"> 12,13,57,35,15, </key>
<key name="original"> 22,16,62,85,77, </key>
<key name="originator"> 2, </key>
<key name="other"> 28,59, </key>
<key name="otherwis"> 75,61,26, </key>
<key name="out"> 38,39,8,28,82,85,88, </key>
<key name="outbound"> 85, </key>
<key name="outgo"> 85,87, </key>
<key name="outlook"> 42, </key>
<key name="outsid"> 59, </key>
<key name="overrid"> 85, </key>
<key name="overview"> 36,73,40,42,69,76,46, </key>
<key name="own"> 32,80, </key>
<key name="pacific"> 7,1, </key>
<key name="packag"> 19, </key>
<key name="pag"> 20,21,13,4,60,85,33,46, </key>
<key name="paint"> 20, </key>
<key name="pan"> 64,36,73,66,9,40,74,42,22,16,45,61,69,70,65,85,51,52,53,33,76,72,46, </key>
<key name="panel"> 61, </key>
<key name="parent"> 40, </key>
<key name="parenthes"> 42,57,61, </key>
<key name="part"> 20,29,17,23,67,62,77, </key>
<key name="particular"> 32,30,67,51,72, </key>
<key name="partner"> 32, </key>
<key name="pas"> 14,8,61,49,51,33, </key>
<key name="password"> 79,80,81,83,86,85, </key>
<key name="past"> 0,87, </key>
<key name="pattern"> 1, </key>
<key name="pdf"> 64,55,20,67,70, </key>
<key name="peopl"> 0,30,67,33,88, </key>
<key name="per"> 85, </key>
<key name="perform"> 64,37,66,49,71,33, </key>
<key name="performanc"> 32, </key>
<key name="perhap"> 30,65, </key>
<key name="period"> 20,82,54,53,88,34, </key>
<key name="periodical"> 82, </key>
<key name="permit"> 20, </key>
<key name="person"> 14,19,8,21,62,49,88, </key>
<key name="personal"> 32,8,11,80,13,30,59,68,49,65,33,76,15,72, </key>
<key name="phon"> 66,8,80,67,68, </key>
<key name="photoshop"> 20, </key>
<key name="phras"> 29,70,71, </key>
<key name="pick"> 7,1, </key>
<key name="pictur"> 19, </key>
<key name="plac"> 55,40,28,42,35,45,61,53,34, </key>
<key name="placehold"> 31, </key>
<key name="plain"> 21,56,85, </key>
<key name="plu"> 71,77, </key>
<key name="plug"> 20, </key>
<key name="pm"> 7,1, </key>
<key name="point"> 14,55,59,68,46, </key>
<key name="polici"> 20,54, </key>
<key name="policy"> 55,35,67,47, </key>
<key name="pop"> 78,49, </key>
<key name="popular"> 38, </key>
<key name="populat"> 9,62, </key>
<key name="portion"> 78,28,67,49,25,15, </key>
<key name="possib"> 34, </key>
<key name="possibl"> 78,70,25, </key>
<key name="potential"> 38, </key>
<key name="powerful"> 68, </key>
<key name="powerpoint"> 55,71, </key>
<key name="pr"> 66,9,40,41, </key>
<key name="practic"> 38,59, </key>
<key name="preced"> 28, </key>
<key name="preferenc"> 43,62,86,85, </key>
<key name="prefix"> 67,62,85, </key>
<key name="pres"> 25, </key>
<key name="presenc"> 28,30, </key>
<key name="preserv"> 22,47,62, </key>
<key name="president"> 87, </key>
<key name="presum"> 23, </key>
<key name="prevent"> 28,30, </key>
<key name="previou"> 37,29,42,4,62,85, </key>
<key name="previous"> 66,67,70, </key>
<key name="primary"> 85,26, </key>
<key name="print"> 37,18,60, </key>
<key name="priority"> 70,76, </key>
<key name="privacy"> 83, </key>
<key name="problem"> 79,77, </key>
<key name="proce"> 29, </key>
<key name="procedur"> 70, </key>
<key name="proces"> 19,59,71, </key>
<key name="processor"> 19, </key>
<key name="produc"> 67, </key>
<key name="program"> 19,20,23, </key>
<key name="project"> 17, </key>
<key name="prompt"> 20,78, </key>
<key name="protect"> 83, </key>
<key name="provid"> 20,39,83,23,77,76, </key>
<key name="purg"> 41,54,47,63,53,34, </key>
<key name="purpl"> 73, </key>
<key name="put"> 17,67, </key>
<key name="queri"> 42,67,68,69,72, </key>
<key name="query"> 64,73,66,80,67,68,69,65,85,72, </key>
<key name="question"> 38,31, </key>
<key name="quick"> 0,14,73,39,68,5,65,72, </key>
<key name="quot"> 73,67,48,85,76, </key>
<key name="quota"> 47,46, </key>
<key name="radio"> 70,65, </key>
<key name="rang"> 70, </key>
<key name="rath"> 31, </key>
<key name="re"> 17,86,52,72, </key>
<key name="reach"> 8,30,34, </key>
<key name="read"> 32,19,20,66,56,28,17,30,58,59,23,60,67,61,5,49,85,52,87,26,72, </key>
<key name="readabl"> 71, </key>
<key name="ready"> 19, </key>
<key name="reason"> 35,77, </key>
<key name="receiv"> 36,20,66,39,8,21,13,17,16,35,84,59,67,47,5,70,52,77,34, </key>
<key name="recent"> 19,16, </key>
<key name="recipient"> 32,19,39,22,30,23,67,62,77,26,15,88, </key>
<key name="recogniz"> 20, </key>
<key name="recommend"> 59, </key>
<key name="record"> 11, </key>
<key name="recov"> 41,63, </key>
<key name="recover"> 63, </key>
<key name="recur"> 0,3,7,1, </key>
<key name="recurrenc"> 1, </key>
<key name="reduc"> 47, </key>
<key name="refer"> 85, </key>
<key name="referenc"> 20, </key>
<key name="reflect"> 7,1, </key>
<key name="refresh"> 65, </key>
<key name="regard"> 54, </key>
<key name="regardles"> 55,82,35,68,88, </key>
<key name="regular"> 7,41, </key>
<key name="reject"> 0,55,77, </key>
<key name="relat"> 17,16,68,87, </key>
<key name="relativ"> 33, </key>
<key name="releas"> 19, </key>
<key name="relevant"> 34, </key>
<key name="reliabl"> 32, </key>
<key name="reload"> 78, </key>
<key name="remain"> 38,54,53, </key>
<key name="rememb"> 7,1,70,88, </key>
<key name="remind"> 78, </key>
<key name="remov"> 73,10,74,29,54,24,15, </key>
<key name="renam"> 36,43,48,49, </key>
<key name="rep"> 32,28,22,17,30,23,62,49,85,88, </key>
<key name="repeat"> 7,1,29,15, </key>
<key name="repli"> 66,17,16,62,85,88, </key>
<key name="reply"> 62, </key>
<key name="report"> 34, </key>
<key name="represent"> 42,44,61,33, </key>
<key name="requir"> 79,7,1,84,6, </key>
<key name="reset"> 81,86, </key>
<key name="resid"> 59, </key>
<key name="resourc"> 47, </key>
<key name="respective"> 26, </key>
<key name="respond"> 62,5, </key>
<key name="respons"> 44,84,62,5, </key>
<key name="restor"> 86, </key>
<key name="result"> 64,28,17,65,72, </key>
<key name="retriev"> 39,24, </key>
<key name="return"> 28,4,47,88, </key>
<key name="retyp"> 79, </key>
<key name="reus"> 79, </key>
<key name="review"> 67,34, </key>
<key name="rich"> 80,72, </key>
<key name="right"> 36,14,37,73,20,3,9,40,2,41,74,11,28,58,18,47,61,48,49,65,53,33,26,76,15,72,34, </key>
<key name="rivendell"> 70, </key>
<key name="ros"> 25, </key>
<key name="rout"> 32,80, </key>
<key name="rul"> 64,78,39,79,80,28,29,17,30,86,85,31, </key>
<key name="run"> 20, </key>

</ftswdata>  
