<?xml version='1.0' encoding='windows-1252' ?>
<ftswdata>
<key name="entry"> 85,62,95, </key>
<key name="environment"> 33, </key>
<key name="equipment"> 2,79, </key>
<key name="erica"> 38, </key>
<key name="erica878"> 38, </key>
<key name="error"> 94, </key>
<key name="esc"> 38, </key>
<key name="escap"> 45, </key>
<key name="etc"> 82,34,88, </key>
<key name="ev"> 44, </key>
<key name="evaluat"> 44, </key>
<key name="evaluation"> 42,44, </key>
<key name="even"> 33,34,71,42,30,44,99,29,74,28, </key>
<key name="event"> 0,2,1,46,4,17,43,16, </key>
<key name="eventual"> 52, </key>
<key name="every"> 8,44,72,100,102,94,59, </key>
<key name="everyon"> 77,28, </key>
<key name="ex"> 33,49, </key>
<key name="exact"> 0,83,42,49,36,84,62,104,45, </key>
<key name="exampl"> 50,81,70,33,53,83,7,17,54,8,41,24,42,43,30,44,72,100,84,85,77,87,104,38,93,28,88,45, </key>
<key name="excel"> 70,84,87,88, </key>
<key name="except"> 0,90,17,8,12,84,61,103,16,93, </key>
<key name="exchang"> 46,77, </key>
<key name="exclusive"> 25, </key>
<key name="execut"> 43,84,85,80,102,88, </key>
<key name="executabl"> 70,33,74, </key>
<key name="exist"> 50,22,54,42,30,62,94, </key>
<key name="expand"> 33,62, </key>
<key name="expect"> 95, </key>
<key name="expens"> 33, </key>
<key name="expir"> 99, </key>
<key name="explain"> 9,88, </key>
<key name="explanation"> 13, </key>
<key name="explor"> 52, </key>
<key name="export"> 102, </key>
<key name="extend"> 105, </key>
<key name="extension"> 33,49,87, </key>
<key name="extra"> 56, </key>
<key name="facilitat"> 1,25, </key>
<key name="fact"> 38, </key>
<key name="fad"> 15, </key>
<key name="familiar"> 88, </key>
<key name="far"> 59, </key>
<key name="fast"> 36, </key>
<key name="favorit"> 65, </key>
<key name="fe"> 54,65, </key>
<key name="featur"> 1,46,107,82,53,21,56,25,44,29,101,74,75,84,85,103,95,80,102,66,47,104,38,20,93,88,105,59, </key>
<key name="feed"> 65, </key>
<key name="few"> 35,27,58,87,38, </key>
<key name="field"> 2,90,32,13,21,22,34,17,8,41,10,42,43,35,85,77,16,87,89,102,65,19,38,39,108,109,110, </key>
<key name="fil"> 46,81,32,70,33,21,7,22,42,35,44,27,49,74,36,75,84,85,60,78,87,102,88, </key>
<key name="filenam"> 33,84,87, </key>
<key name="fill"> 76, </key>
<key name="filt"> 96,83,42,43,44,76,103,102,57,45,48, </key>
<key name="filter"> 46,53,83,43,30,44,74,36,102,57,48, </key>
<key name="fin"> 57,48, </key>
<key name="finaliz"> 2, </key>
<key name="find"> 2,81,90,33,17,8,84,85,95,16,65,57,93,88,48, </key>
<key name="finish"> 43, </key>
<key name="firefox"> 52, </key>
<key name="first"> 2,1,52,6,21,22,34,24,43,29,74,36,84,85,76,103,87,18,102,19,38, </key>
<key name="fit"> 47, </key>
<key name="fiv"> 2,102,111, </key>
<key name="flag"> 90,82,42,92,44,29,84, </key>
<key name="float"> 45, </key>
<key name="fold"> 50,3,51,82,53,21,34,54,41,23,55,42,43,56,30,44,72,29,58,69,84,60,76,78,61,62,37,95,86,63,102,65,57,67,48,59, </key>
<key name="folder"> 50,46,82,53,54,41,55,42,43,56,30,72,29,58,69,60,78,61,62,65,57,47,93,59, </key>
<key name="follow"> 0,2,1,81,51,33,82,6,17,8,42,43,56,30,36,84,60,95,16,87,102,57,47,38,93,88,59,111, </key>
<key name="font"> 34,102, </key>
<key name="forev"> 55, </key>
<key name="forget"> 98,60, </key>
<key name="format"> 32,33,34,71,27,75,84,102, </key>
<key name="forth"> 77,47, </key>
<key name="forward"> 46,82,35,30,61,62,89,102,93, </key>
<key name="four"> 8,108, </key>
<key name="fragment"> 76, </key>
<key name="fram"> 82, </key>
<key name="fre"> 2,1,46,21,83,17,8,16,79,18,110,5,45,111, </key>
<key name="friday"> 6,36, </key>
<key name="full"> 1,46,26,21,10,42,100,85,60,94,38,59, </key>
<key name="function"> 7,47, </key>
<key name="furth"> 51,8,44, </key>
<key name="futur"> 56, </key>
<key name="fwd"> 30, </key>
<key name="g"> 70, </key>
<key name="gal"> 25,85,80, </key>
<key name="general"> 52,97,49,36,102, </key>
<key name="generat"> 42,36,94, </key>
<key name="get"> 46,9,49,74,109,111, </key>
<key name="gif"> 32,33, </key>
<key name="gift"> 45, </key>
<key name="giv"> 9, </key>
<key name="global"> 17,8,25,85,16,80,28,88, </key>
<key name="go"> 2,107,17,8,41,42,43,72,27,29,16,102,66,104,108,88,110,111, </key>
<key name="good"> 52, </key>
<key name="googl"> 111, </key>
<key name="got"> 73,76, </key>
<key name="grammar"> 84, </key>
<key name="grant"> 3,10, </key>
<key name="grante"> 10, </key>
<key name="grantor"> 3,9,10, </key>
<key name="graphic"> 33, </key>
<key name="graphical"> 33,95, </key>
<key name="gray"> 22, </key>
<key name="great"> 84, </key>
<key name="green"> 4, </key>
<key name="group"> 1,53,43,30,44,29,76,102, </key>
<key name="grow"> 38, </key>
<key name="gui"> 95, </key>
<key name="guidelin"> 52, </key>
<key name="habit"> 95, </key>
<key name="hand"> 90,56,58,57,67,47, </key>
<key name="handl"> 102,57,48, </key>
<key name="happen"> 30,99,60,38, </key>
<key name="hav"> 44,73, </key>
<key name="haven"> 49, </key>
<key name="head"> 26,82,22,42,44,74,84,77,5,45, </key>
<key name="header"> 82,42,36,62,47, </key>
<key name="health"> 36, </key>
<key name="hello"> 84, </key>
<key name="help"> 57,48,59, </key>
<key name="her"> 2,33,17,56,87,102,111, </key>
<key name="hid"> 38, </key>
<key name="high"> 46,87,109, </key>
<key name="highlight"> 0,51,30,64,57,38,40,48, </key>
<key name="highway"> 109, </key>
<key name="him"> 10, </key>
<key name="hom"> 21,59, </key>
<key name="horizontal"> 17,8,16,18, </key>
<key name="hour"> 2,82,17,8,100,19, </key>
<key name="hov"> 0,107, </key>
<key name="how"> 97,21,30,100,73,36,14,69,60,76,77,102,88,105, </key>
<key name="htm"> 33, </key>
<key name="html"> 32,70,33,34,71,74,102,88, </key>
<key name="http"> 100,110, </key>
<key name="i"> 42,99,49,95,102,38,105, </key>
<key name="ical"> 7, </key>
<key name="icon"> 24,92,68,80,47,59, </key>
<key name="id"> 84, </key>
<key name="identify"> 44,89,47, </key>
<key name="if"> 0,2,107,3,26,81,90,70,33,52,82,13,97,21,22,34,17,8,41,11,55,71,42,43,56,30,44,98,99,100,29,49,58,101,74,36,14,60,76,77,15,62,95,86,16,79,80,18,89,102,57,66,19,94,47,104,38,39,20,88,110,48,59,111, </key>
<key name="ignor"> 42, </key>
<key name="iii"> 84, </key>
<key name="imag"> 81,32,70,33,74,87,88, </key>
<key name="immediat"> 44,93, </key>
<key name="immediate"> 34,12,42,72,101,86,104,105,45, </key>
<key name="implement"> 74, </key>
<key name="import"> 46,25,27,102, </key>
<key name="importanc"> 92, </key>
<key name="important"> 44,101, </key>
<key name="in"> 33, </key>
<key name="inactiv"> 44,99, </key>
<key name="inbound"> 53, </key>
<key name="inbox"> 50,54,41,42,56,30,44,72,84,76,15,62,102,64,57,48,59, </key>
<key name="inc"> 104,106, </key>
<key name="includ"> 1,46,33,22,54,42,35,30,29,14,84,77,95,16,87,102,47,109,88,5,45,59,111, </key>
<key name="incom"> 46,33,43,44,74,102, </key>
<key name="increas"> 33,47, </key>
<key name="indefinite"> 30, </key>
<key name="indicat"> 33,92,72,76,64, </key>
<key name="indicator"> 92,5, </key>
<key name="individual"> 36,14,75,76,66, </key>
<key name="information"> 2,107,26,33,82,21,22,17,8,23,42,56,25,29,36,68,16,80,18,19,94,47,104,108,110, </key>
<key name="informational"> 59, </key>
<key name="initial"> 97,41,102,40, </key>
<key name="input"> 42, </key>
<key name="insensitiv"> 42,84, </key>
<key name="insert"> 36, </key>
<key name="insid"> 54, </key>
<key name="instal"> 33,74, </key>
<key name="install"> 33, </key>
<key name="instanc"> 81,82,13,11,15,87, </key>
<key name="integrat"> 107,56,59, </key>
<key name="interact"> 107,56, </key>
<key name="interest"> 39, </key>
<key name="interfac"> 56,84,60,62,95,47, </key>
<key name="internal"> 33,84, </key>
<key name="internet"> 52,34,36,77,95,102, </key>
<key name="interpret"> 0,42, </key>
<key name="interval"> 72,102, </key>
<key name="invit"> 2,17,12,79,20, </key>
<key name="invitation"> 0,2,1,17,8,9,10,15,16,19, </key>
<key name="isn"> 57,48, </key>
<key name="issu"> 94, </key>
<key name="item"> 50,81,51,90,33,53,13,83,55,91,92,56,44,58,74,84,85,62,87,80,102,57,67,47,93,88, </key>
<key name="itself"> 45, </key>
<key name="jan"> 44, </key>
<key name="january"> 84, </key>
<key name="jo"> 84,28, </key>
<key name="job"> 22, </key>
<key name="john"> 84,104, </key>
<key name="jpeg"> 81,33,74,87, </key>
<key name="jpg"> 32,33, </key>
<key name="js123"> 28, </key>
<key name="jsmith"> 28, </key>
<key name="junk"> 56,62,102,57,48,59, </key>
<key name="just"> 68,85,77,87,109, </key>
<key name="kb"> 82,84, </key>
<key name="keep"> 7,42,60,89, </key>
<key name="key"> 38, </key>
<key name="keyword"> 84,85,88, </key>
<key name="kilobyt"> 84, </key>
<key name="know"> 17,8,35,16,38,28, </key>
<key name="known"> 17,8,74,16,18,105, </key>
<key name="label"> 53, </key>
<key name="languag"> 84,85,102,88, </key>
<key name="larg"> 82,42,92,49,84,60,57,48, </key>
<key name="last"> 0,82,21,22,34,24,30,44,27,36,84,85,38,106, </key>
<key name="launch"> 107,33, </key>
<key name="layout"> 71, </key>
<key name="leaf"> 42,45, </key>
<key name="learn"> 85,88, </key>

</ftswdata>  
