<?xml version='1.0' encoding='windows-1252' ?>
<ftswdata>
<key name="exchang"> 46,76, </key>
<key name="exclusive"> 26, </key>
<key name="execut"> 43,83,84,79,99,87, </key>
<key name="executabl"> 69,33,73, </key>
<key name="exist"> 50,23,54,42,30,62,92, </key>
<key name="expand"> 33,62, </key>
<key name="expect"> 93, </key>
<key name="expens"> 33, </key>
<key name="expir"> 96, </key>
<key name="explain"> 9,87, </key>
<key name="explanation"> 13, </key>
<key name="explor"> 52, </key>
<key name="export"> 99, </key>
<key name="extend"> 102, </key>
<key name="extension"> 33,49,86, </key>
<key name="extra"> 56, </key>
<key name="facilitat"> 1,26, </key>
<key name="fact"> 38, </key>
<key name="fad"> 15, </key>
<key name="familiar"> 87, </key>
<key name="far"> 59, </key>
<key name="fast"> 36, </key>
<key name="favorit"> 65, </key>
<key name="fe"> 54,65, </key>
<key name="featur"> 1,46,81,53,22,26,44,29,98,74,83,84,100,93,79,99,66,47,101,38,20,91,87,102,59, </key>
<key name="feed"> 65, </key>
<key name="few"> 35,58,86,38, </key>
<key name="field"> 2,88,32,13,22,23,34,17,8,41,10,42,43,35,84,76,16,86,99,65,19,38,39, </key>
<key name="fil"> 46,80,32,69,33,22,7,23,42,35,44,49,73,36,74,83,84,60,77,86,99,87, </key>
<key name="filenam"> 33,83,86, </key>
<key name="fill"> 75, </key>
<key name="filt"> 21,82,42,43,44,75,100,99,57,45,48, </key>
<key name="filter"> 46,53,82,43,30,44,73,36,99,57,48, </key>
<key name="fin"> 57,48, </key>
<key name="find"> 80,88,33,83,84,93,65,57,91,87,48, </key>
<key name="finish"> 43, </key>
<key name="firefox"> 52, </key>
<key name="first"> 2,1,52,6,22,23,34,25,29,73,36,83,84,75,100,86,99,19,38, </key>
<key name="fit"> 47, </key>
<key name="flag"> 88,81,42,90,44,29,83, </key>
<key name="float"> 45, </key>
<key name="fold"> 50,3,51,81,53,22,34,54,41,24,55,42,43,56,30,44,71,29,58,68,83,60,75,77,61,62,37,93,85,63,99,65,57,67,48,59, </key>
<key name="folder"> 50,46,81,53,54,41,55,42,43,56,30,71,29,58,68,60,77,61,62,65,57,47,91,59, </key>
<key name="follow"> 0,2,1,80,51,33,81,6,17,8,42,43,56,30,36,83,60,93,16,86,99,57,47,38,91,87,59, </key>
<key name="font"> 34,99, </key>
<key name="forev"> 55, </key>
<key name="forget"> 95,60, </key>
<key name="format"> 32,33,34,70,42,74,83,99, </key>
<key name="forth"> 76,47, </key>
<key name="forward"> 46,81,35,30,61,62,99,91, </key>
<key name="four"> 8, </key>
<key name="fragment"> 75, </key>
<key name="fram"> 81, </key>
<key name="fre"> 2,1,46,22,82,17,8,16,18,5,45, </key>
<key name="friday"> 6,36, </key>
<key name="full"> 1,46,27,22,10,42,97,84,60,92,38,59, </key>
<key name="function"> 7,47, </key>
<key name="furth"> 51,8,42,44, </key>
<key name="futur"> 56, </key>
<key name="fwd"> 30, </key>
<key name="g"> 69, </key>
<key name="gal"> 26,84,79, </key>
<key name="general"> 52,94,49,36,99, </key>
<key name="generat"> 42,36,92, </key>
<key name="get"> 9,49,73, </key>
<key name="gif"> 32,33, </key>
<key name="gift"> 45, </key>
<key name="giv"> 9, </key>
<key name="global"> 17,8,26,84,16,79,28,87, </key>
<key name="go"> 41,42,43,71,29,99,66,101,87, </key>
<key name="good"> 52, </key>
<key name="got"> 72,75, </key>
<key name="grammar"> 83, </key>
<key name="grant"> 3,10, </key>
<key name="grante"> 10, </key>
<key name="grantor"> 3,9,10, </key>
<key name="graphic"> 33, </key>
<key name="graphical"> 33,93, </key>
<key name="gray"> 23, </key>
<key name="great"> 83, </key>
<key name="green"> 4, </key>
<key name="group"> 1,53,43,30,44,29,75,99, </key>
<key name="grow"> 38, </key>
<key name="gui"> 93, </key>
<key name="guidelin"> 52, </key>
<key name="habit"> 93, </key>
<key name="hand"> 88,56,58,57,67,47, </key>
<key name="handl"> 99,57,48, </key>
<key name="happen"> 30,96,60,38, </key>
<key name="hav"> 2,72, </key>
<key name="haven"> 49, </key>
<key name="head"> 27,81,23,42,44,73,83,76,5,45, </key>
<key name="header"> 81,42,36,62,47, </key>
<key name="health"> 36, </key>
<key name="hello"> 83, </key>
<key name="help"> 57,48,59, </key>
<key name="her"> 2,33,17,56,86,99, </key>
<key name="hid"> 38, </key>
<key name="high"> 46,86, </key>
<key name="highlight"> 0,51,30,64,57,38,40,48, </key>
<key name="him"> 10, </key>
<key name="hom"> 22,59, </key>
<key name="horizontal"> 17,8,16,18, </key>
<key name="hour"> 2,81,17,8,19, </key>
<key name="hov"> 0, </key>
<key name="how"> 94,22,30,72,36,14,68,60,75,76,99,87,102, </key>
<key name="htm"> 33, </key>
<key name="html"> 32,69,33,34,70,99,87, </key>
<key name="http"> 97, </key>
<key name="i"> 42,96,49,93,99,38,102, </key>
<key name="ical"> 7, </key>
<key name="icon"> 25,90,79,47,59, </key>
<key name="id"> 83, </key>
<key name="identify"> 44,47, </key>
<key name="if"> 0,2,3,27,80,88,69,33,52,81,13,94,22,23,34,17,8,41,11,55,70,42,43,56,30,44,95,96,97,29,49,58,98,73,36,14,60,75,76,62,93,85,16,79,18,99,57,66,19,92,47,101,38,39,20,87,48,59, </key>
<key name="ignor"> 42, </key>
<key name="iii"> 83, </key>
<key name="imag"> 80,32,69,33,73,86,87, </key>
<key name="immediat"> 44,91, </key>
<key name="immediate"> 34,12,42,71,98,85,101,102,45, </key>
<key name="implement"> 73, </key>
<key name="import"> 46,26,99, </key>
<key name="importanc"> 90, </key>
<key name="important"> 44,98, </key>
<key name="in"> 33, </key>
<key name="inactiv"> 44,96, </key>
<key name="inbound"> 53, </key>
<key name="inbox"> 50,54,41,42,56,30,44,71,83,75,15,62,99,64,57,48,59, </key>
<key name="inc"> 101,103, </key>
<key name="includ"> 1,46,33,23,54,42,35,30,29,14,83,76,93,16,86,99,47,87,5,45,59, </key>
<key name="incom"> 46,33,43,44,73,99, </key>
<key name="increas"> 33,47, </key>
<key name="increment"> 17,8, </key>
<key name="indefinite"> 30, </key>
<key name="indicat"> 33,90,71,75,64, </key>
<key name="indicator"> 90,5, </key>
<key name="individual"> 36,14,74,75,66, </key>
<key name="information"> 2,27,33,81,22,23,17,8,24,42,56,26,29,36,16,79,18,19,92,47,101, </key>
<key name="informational"> 59, </key>
<key name="initial"> 94,41,99,40, </key>
<key name="input"> 42, </key>
<key name="insensitiv"> 42,83, </key>
<key name="insert"> 36, </key>
<key name="insid"> 54, </key>
<key name="instal"> 33, </key>
<key name="install"> 33, </key>
<key name="instanc"> 80,81,13,11,86, </key>
<key name="interest"> 39, </key>
<key name="interfac"> 56,83,60,62,93,47, </key>
<key name="internal"> 33,83, </key>
<key name="internet"> 52,34,36,76,93,99, </key>
<key name="interpret"> 0,42, </key>
<key name="interval"> 71,99, </key>
<key name="invit"> 17,12,20, </key>
<key name="invitation"> 0,2,1,17,8,9,10,15,16,19, </key>
<key name="isn"> 57,48, </key>
<key name="issu"> 92, </key>
<key name="item"> 50,80,51,88,33,53,13,82,55,89,90,56,44,58,73,83,84,62,86,79,99,57,67,47,91,87, </key>
<key name="itself"> 45, </key>
<key name="jan"> 44, </key>
<key name="january"> 83, </key>
<key name="jo"> 83,28, </key>
<key name="job"> 23, </key>
<key name="john"> 83,101, </key>
<key name="jpeg"> 80,33,73,86, </key>
<key name="jpg"> 32,33, </key>
<key name="js123"> 28, </key>
<key name="jsmith"> 28, </key>
<key name="junk"> 56,62,99,57,48,59, </key>
<key name="just"> 84,76,86, </key>
<key name="kb"> 81,83, </key>
<key name="keep"> 7,42,60, </key>
<key name="key"> 38, </key>
<key name="keyword"> 83,84,87, </key>
<key name="kilobyt"> 83, </key>
<key name="know"> 35,38,28, </key>
<key name="known"> 17,8,73,16,18,102, </key>
<key name="label"> 53, </key>
<key name="languag"> 83,84,99,87, </key>
<key name="larg"> 81,42,90,49,83,60,57,48, </key>
<key name="last"> 0,81,22,23,34,25,30,44,36,83,84,38,103, </key>
<key name="launch"> 33, </key>
<key name="layout"> 70, </key>
<key name="leaf"> 42,45, </key>
<key name="learn"> 84,87, </key>
<key name="least"> 83,92,39, </key>
<key name="leav"> 51,42,44,93, </key>
<key name="left"> 51,88,21,56,97,58,84,77,57,66,67,47,28,87,5,59, </key>
<key name="length"> 96,99, </key>
<key name="lenient"> 36, </key>
<key name="les"> 90, </key>
<key name="let"> 1,33,34,8,39,87,5, </key>
<key name="level"> 54,60,99, </key>
<key name="lick"> 75, </key>
<key name="lik"> 23,41,25,36,99, </key>
<key name="like"> 30,44,38, </key>
<key name="limit"> 81,22,60, </key>
<key name="lin"> 27,80,32,33,53,82,34,42,35,30,29,36,84,75,76,99,45, </key>
<key name="link"> 69,33,8,70,65,47, </key>
<key name="list"> 50,2,3,27,51,88,81,22,7,23,17,54,8,10,24,12,43,90,26,30,44,29,36,84,75,15,62,16,86,79,99,65,57,19,92,47,38,39,91,28,87,5,59, </key>
<key name="literal"> 87, </key>
<key name="local"> 60, </key>
<key name="locat"> 32,53, </key>
<key name="location"> 2,22,17,54,8,29,58,73,16,66,20,59, </key>
<key name="log"> 52,41,71,96,97,60,100,99,57,59, </key>
<key name="login"> 97, </key>
<key name="long"> 24,68,60,77,47,39, </key>
<key name="look"> 4,34,42,71,60, </key>
<key name="los"> 36,93, </key>
<key name="lot"> 98, </key>
<key name="low"> 75,79,47, </key>
<key name="m"> 42, </key>
<key name="macintosh"> 52, </key>

</ftswdata>  
