<?xml version='1.0' encoding='windows-1252' ?>
<ftswdata>
<key name="top"> 46,18,51,31,13,15,36, </key>
<key name="topic"> 79, </key>
<key name="total"> 69,79, </key>
<key name="track"> 0,42,5, </key>
<key name="traditional"> 42,90,55,25,73,64, </key>
<key name="transf"> 56, </key>
<key name="trash"> 47,51,52,38,53,40,66,58,75,97,65,57, </key>
<key name="travel"> 97, </key>
<key name="tre"> 37, </key>
<key name="truck"> 38, </key>
<key name="try"> 89, </key>
<key name="tun"> 44, </key>
<key name="turn"> 30,92,87,40,97,100, </key>
<key name="turnaround"> 88, </key>
<key name="two"> 47,48,51,6,22,40,25,82,97,24,84,41, </key>
<key name="txt"> 29,79, </key>
<key name="typ"> 76,47,28,67,29,90,78,5,14,51,6,8,39,22,40,95,45,71,79,80,74,60,81,13,82,83,77,97,63,99,34,84,41, </key>
<key name="typical"> 28,67, </key>
<key name="unacceptabl"> 67, </key>
<key name="undeliverabl"> 89, </key>
<key name="undergo"> 40, </key>
<key name="underneath"> 51, </key>
<key name="unflag"> 78,38,79, </key>
<key name="unknown"> 89,36, </key>
<key name="unles"> 32, </key>
<key name="unread"> 78,38,53,40,69,25,70,79,73,60, </key>
<key name="unsav"> 90, </key>
<key name="unsolicit"> 44, </key>
<key name="unus"> 17, </key>
<key name="unwant"> 44, </key>
<key name="up"> 46,90,17,30,8,39,40,60,13,62,43,34,35,36,88, </key>
<key name="updat"> 76,77,63,101, </key>
<key name="url"> 78,5,95,79,63,84, </key>
<key name="us"> 76,46,47,42,48,85,28,29,90,49,78,4,16,37,30,51,92,87,53,31,22,40,54,95,45,71,32,79,58,73,74,98,82,83,77,97,64,89,43,34,15,36,88,24,84,41,57, </key>
<key name="usag"> 58,57, </key>
<key name="useful"> 96, </key>
<key name="user"> 28,29,22,71,97, </key>
<key name="usual"> 29,6,32, </key>
<key name="vacation"> 79,97,100, </key>
<key name="valid"> 30,89, </key>
<key name="valu"> 38,79,80, </key>
<key name="variety"> 28,29, </key>
<key name="variou"> 0,29,92, </key>
<key name="various"> 24, </key>
<key name="vary"> 32, </key>
<key name="ve"> 90,70,73, </key>
<key name="verify"> 89, </key>
<key name="version"> 28,101, </key>
<key name="versu"> 82, </key>
<key name="vertical"> 17, </key>
<key name="via"> 29, </key>
<key name="vic"> 99, </key>
<key name="view"> 0,42,23,2,48,85,67,29,4,16,17,30,14,51,6,8,68,92,53,31,26,55,25,70,56,71,27,79,73,12,13,97,64,43,15,88,3,57, </key>
<key name="viewabl"> 67,83, </key>
<key name="viru"> 45,71, </key>
<key name="virus"> 67,29,45,71, </key>
<key name="visit"> 57, </key>
<key name="voic"> 100, </key>
<key name="vs"> 76,22,40, </key>
<key name="w"> 41, </key>
<key name="want"> 90,78,16,17,30,14,6,8,52,40,71,32,66,80,58,73,74,81,77,97,99,34,88,100,41, </key>
<key name="way"> 14,6,68,60,13,88, </key>
<key name="web"> 42,29,90,49,50,30,8,92,53,40,54,95,25,70,58,60,83,97,63,64,43,57, </key>
<key name="week"> 0,78,4,6,97,15, </key>
<key name="weight"> 32, </key>
<key name="welcom"> 42, </key>
<key name="well"> 42,18,53,71,72,60,83,99, </key>
<key name="what"> 28,5,39,26,32,82,97,43,34,57, </key>
<key name="whatev"> 18,84, </key>
<key name="whenev"> 96,66, </key>
<key name="wherea"> 31,24, </key>
<key name="wheth"> 29,11,6,87,94,71,97,62,84, </key>
<key name="whit"> 22,3,41, </key>
<key name="whol"> 20,80,83, </key>
<key name="whom"> 30,8,79, </key>
<key name="whos"> 42,29,45,79,34,41, </key>
<key name="why"> 7,31,89, </key>
<key name="wid"> 29, </key>
<key name="wide"> 29, </key>
<key name="widget"> 99, </key>
<key name="wildcard"> 37,38,83,41, </key>
<key name="will"> 48,85,28,67,29,90,49,6,68,92,39,26,40,32,72,79,75,74,81,83,89,43,99,34,35,24,84,100,41,44, </key>
<key name="window"> 29,90,78,30,8,19,31,95,56,27,72,73,74,82,43,99,84, </key>
<key name="winzip"> 29, </key>
<key name="wish"> 51,33, </key>
<key name="within"> 76,29,90,49,78,37,30,39,53,22,26,40,69,25,70,56,27,72,79,73,60,82,83,24, </key>
<key name="without"> 46,49,38,80,13,82,35, </key>
<key name="wmv"> 29, </key>
<key name="won"> 89, </key>
<key name="word"> 76,28,67,29,78,20,38,39,40,71,79,80,83,36,84, </key>
<key name="wordpad"> 29, </key>
<key name="work"> 0,90,49,4,17,5,26,40,94,82,83,97,89, </key>
<key name="workgroup"> 82, </key>
<key name="workspac"> 57, </key>
<key name="workstation"> 29,71, </key>
<key name="would"> 76,85,37,18,38,26,40,79,80,82,83,97,15, </key>
<key name="writ"> 99, </key>
<key name="written"> 74, </key>
<key name="x"> 76, </key>
<key name="x111"> 99, </key>
<key name="xl"> 29,82, </key>
<key name="xyz"> 34, </key>
<key name="y"> 76, </key>
<key name="yahoo"> 40, </key>
<key name="year"> 6,82, </key>
<key name="yes"> 1,87, </key>
<key name="york"> 6, </key>
<key name="your"> 47,0,42,1,23,2,28,67,29,90,49,78,4,50,11,16,91,17,18,30,14,51,6,8,10,20,92,38,39,53,21,22,26,40,69,93,94,54,95,55,25,45,96,71,32,72,66,79,80,58,73,74,12,98,60,33,81,13,82,83,77,61,97,62,63,65,89,43,99,34,35,15,36,88,24,84,44,57, </key>
<key name="yourself"> 14,13, </key>
<key name="yyyy"> 38,79, </key>
<key name="zero"> 41, </key>
<key name="zimbra"> 0,42,67,29,90,49,78,50,30,8,92,53,22,40,93,94,54,95,25,70,45,96,71,66,79,80,58,12,98,60,83,97,63,64,65,43,24,84,44,57, </key>
<key name="zip"> 67,29,45,71, </key>
<key name="zon"> 6,97, </key>

</ftswdata>  
