<?xml version='1.0' encoding='windows-1252' ?>
<ftswdata>
<key name="equipment"> 2,79, </key>
<key name="erica"> 39, </key>
<key name="erica878"> 39, </key>
<key name="error"> 93, </key>
<key name="esc"> 39, </key>
<key name="escap"> 46, </key>
<key name="etc"> 82,35,88, </key>
<key name="ev"> 45, </key>
<key name="evaluat"> 45, </key>
<key name="evaluation"> 43,45, </key>
<key name="even"> 34,35,71,43,31,45,97,30,74,29, </key>
<key name="event"> 0,2,1,47,4,17,44,16, </key>
<key name="eventual"> 53, </key>
<key name="every"> 8,45,72,100,93,60, </key>
<key name="everyon"> 77,29, </key>
<key name="ex"> 34,50, </key>
<key name="exact"> 0,83,43,50,37,84,63,102,46, </key>
<key name="exampl"> 51,81,70,34,54,83,7,17,55,8,42,25,43,44,31,45,72,98,84,85,77,87,102,39,92,29,88,46, </key>
<key name="excel"> 70,84,87,88, </key>
<key name="except"> 0,89,17,8,12,84,62,101,16,92, </key>
<key name="exchang"> 47,77, </key>
<key name="exclusive"> 26, </key>
<key name="execut"> 44,84,85,80,100,88, </key>
<key name="executabl"> 70,34,74, </key>
<key name="exist"> 51,23,55,43,31,63,93, </key>
<key name="expand"> 34,63, </key>
<key name="expect"> 94, </key>
<key name="expens"> 34, </key>
<key name="expir"> 97, </key>
<key name="explain"> 9,88, </key>
<key name="explanation"> 13, </key>
<key name="explor"> 53, </key>
<key name="export"> 100, </key>
<key name="extend"> 103, </key>
<key name="extension"> 34,50,87, </key>
<key name="extra"> 57, </key>
<key name="facilitat"> 1,26, </key>
<key name="fact"> 39, </key>
<key name="fad"> 15, </key>
<key name="familiar"> 88, </key>
<key name="far"> 60, </key>
<key name="fast"> 37, </key>
<key name="favorit"> 66, </key>
<key name="fe"> 55,66, </key>
<key name="featur"> 1,47,105,82,54,22,57,26,45,30,99,74,75,84,85,101,94,80,100,67,48,102,39,20,92,88,103,60, </key>
<key name="feed"> 66, </key>
<key name="few"> 36,28,59,87,39, </key>
<key name="field"> 2,89,33,13,22,23,35,17,8,42,10,43,44,36,85,77,16,87,100,66,19,39,40,106,107,108, </key>
<key name="fil"> 47,81,33,70,34,22,7,23,43,36,45,28,50,74,37,75,84,85,61,78,87,100,88, </key>
<key name="filenam"> 34,84,87, </key>
<key name="fill"> 76, </key>
<key name="filt"> 21,83,43,44,45,76,101,100,58,46,49, </key>
<key name="filter"> 47,54,83,44,31,45,74,37,100,58,49, </key>
<key name="fin"> 58,49, </key>
<key name="finaliz"> 2, </key>
<key name="find"> 2,81,89,34,84,85,94,66,58,92,88,49, </key>
<key name="finish"> 44, </key>
<key name="firefox"> 53, </key>
<key name="first"> 2,1,53,6,22,23,35,25,44,30,74,37,84,85,76,101,87,100,19,39, </key>
<key name="fit"> 48, </key>
<key name="fiv"> 2,109, </key>
<key name="flag"> 89,82,43,91,45,30,84, </key>
<key name="float"> 46, </key>
<key name="fold"> 51,3,52,82,54,22,35,55,42,24,56,43,44,57,31,45,72,30,59,69,84,61,76,78,62,63,38,94,86,64,100,66,58,68,49,60, </key>
<key name="folder"> 51,47,82,54,55,42,56,43,44,57,31,72,30,59,69,61,78,62,63,66,58,48,92,60, </key>
<key name="follow"> 0,2,1,81,52,34,82,6,17,8,43,44,57,31,37,84,61,94,16,87,100,58,48,39,92,88,60,109, </key>
<key name="font"> 35,100, </key>
<key name="forev"> 56, </key>
<key name="forget"> 96,61, </key>
<key name="format"> 33,34,35,71,28,75,84,100, </key>
<key name="forth"> 77,48, </key>
<key name="forward"> 47,82,36,31,62,63,100,92, </key>
<key name="four"> 8,106, </key>
<key name="fragment"> 76, </key>
<key name="fram"> 82, </key>
<key name="fre"> 2,1,47,22,83,17,8,16,79,18,108,5,46,109, </key>
<key name="friday"> 6,37, </key>
<key name="full"> 1,47,27,22,10,43,98,85,61,93,39,60, </key>
<key name="function"> 7,48, </key>
<key name="furth"> 52,8,45, </key>
<key name="futur"> 57, </key>
<key name="fwd"> 31, </key>
<key name="g"> 70, </key>
<key name="gal"> 26,85,80, </key>
<key name="general"> 53,95,50,37,100, </key>
<key name="generat"> 43,37,93, </key>
<key name="get"> 47,9,50,74,107,109, </key>
<key name="gif"> 33,34, </key>
<key name="gift"> 46, </key>
<key name="giv"> 9, </key>
<key name="global"> 17,8,26,85,16,80,29,88, </key>
<key name="go"> 2,105,42,43,44,72,28,30,100,67,102,106,88,108,109, </key>
<key name="good"> 53, </key>
<key name="googl"> 109, </key>
<key name="got"> 73,76, </key>
<key name="grammar"> 84, </key>
<key name="grant"> 3,10, </key>
<key name="grante"> 10, </key>
<key name="grantor"> 3,9,10, </key>
<key name="graphic"> 34, </key>
<key name="graphical"> 34,94, </key>
<key name="gray"> 23, </key>
<key name="great"> 84, </key>
<key name="green"> 4, </key>
<key name="group"> 1,54,44,31,45,30,76,100, </key>
<key name="grow"> 39, </key>
<key name="gui"> 94, </key>
<key name="guidelin"> 53, </key>
<key name="habit"> 94, </key>
<key name="hand"> 89,57,59,58,68,48, </key>
<key name="handl"> 100,58,49, </key>
<key name="happen"> 31,97,61,39, </key>
<key name="hav"> 45,73, </key>
<key name="haven"> 50, </key>
<key name="head"> 27,82,23,43,45,74,84,77,5,46, </key>
<key name="header"> 82,43,37,63,48, </key>
<key name="health"> 37, </key>
<key name="hello"> 84, </key>
<key name="help"> 58,49,60, </key>
<key name="her"> 2,34,17,57,87,100,109, </key>
<key name="hid"> 39, </key>
<key name="high"> 47,87,107, </key>
<key name="highlight"> 0,52,31,65,58,39,41,49, </key>
<key name="highway"> 107, </key>
<key name="him"> 10, </key>
<key name="hom"> 22,60, </key>
<key name="horizontal"> 17,8,16,18, </key>
<key name="hour"> 2,82,17,8,19, </key>
<key name="hov"> 0,105, </key>
<key name="how"> 95,22,31,73,37,14,69,61,76,77,100,88,103, </key>
<key name="htm"> 34, </key>
<key name="html"> 33,70,34,35,71,74,100,88, </key>
<key name="http"> 98,108, </key>
<key name="i"> 43,97,50,94,100,39,103, </key>
<key name="ical"> 7, </key>
<key name="icon"> 25,91,80,48,60, </key>
<key name="id"> 84, </key>
<key name="identify"> 45,48, </key>
<key name="if"> 0,2,105,3,27,81,89,70,34,53,82,13,95,22,23,35,17,8,42,11,56,71,43,44,57,31,45,96,97,98,30,50,59,99,74,37,14,61,76,77,15,63,94,86,16,79,80,18,100,58,67,19,93,48,102,39,40,20,88,108,49,60,109, </key>
<key name="ignor"> 43, </key>
<key name="iii"> 84, </key>
<key name="imag"> 81,33,70,34,74,87,88, </key>
<key name="immediat"> 45,92, </key>
<key name="immediate"> 35,12,43,72,99,86,102,103,46, </key>
<key name="implement"> 74, </key>
<key name="import"> 47,26,28,100, </key>
<key name="importanc"> 91, </key>
<key name="important"> 45,99, </key>
<key name="in"> 34, </key>
<key name="inactiv"> 45,97, </key>
<key name="inbound"> 54, </key>
<key name="inbox"> 51,55,42,43,57,31,45,72,84,76,15,63,100,65,58,49,60, </key>
<key name="inc"> 102,104, </key>
<key name="includ"> 1,47,34,23,55,43,36,31,30,14,84,77,94,16,87,100,48,107,88,5,46,60,109, </key>
<key name="incom"> 47,34,44,45,74,100, </key>
<key name="increas"> 34,48, </key>
<key name="increment"> 17,8, </key>
<key name="indefinite"> 31, </key>
<key name="indicat"> 34,91,72,76,65, </key>
<key name="indicator"> 91,5, </key>
<key name="individual"> 37,14,75,76,67, </key>
<key name="information"> 2,105,27,34,82,22,23,17,8,24,43,57,26,30,37,16,80,18,19,93,48,102,106,108, </key>
<key name="informational"> 60, </key>
<key name="initial"> 95,42,100,41, </key>
<key name="input"> 43, </key>
<key name="insensitiv"> 43,84, </key>
<key name="insert"> 37, </key>
<key name="insid"> 55, </key>
<key name="instal"> 34,74, </key>
<key name="install"> 34, </key>
<key name="instanc"> 81,82,13,11,15,87, </key>
<key name="integrat"> 105,57,60, </key>
<key name="interact"> 105,57, </key>
<key name="interest"> 40, </key>
<key name="interfac"> 57,84,61,63,94,48, </key>
<key name="internal"> 34,84, </key>
<key name="internet"> 53,35,37,77,94,100, </key>
<key name="interpret"> 0,43, </key>
<key name="interval"> 72,100, </key>
<key name="invit"> 2,17,12,79,20, </key>
<key name="invitation"> 0,2,1,17,8,9,10,15,16,19, </key>
<key name="isn"> 58,49, </key>
<key name="issu"> 93, </key>
<key name="item"> 51,81,52,89,34,54,13,83,56,90,91,57,45,59,74,84,85,63,87,80,100,58,68,48,92,88, </key>
<key name="itself"> 46, </key>
<key name="jan"> 45, </key>
<key name="january"> 84, </key>
<key name="jo"> 84,29, </key>
<key name="job"> 23, </key>
<key name="john"> 84,102, </key>
<key name="jpeg"> 81,34,74,87, </key>
<key name="jpg"> 33,34, </key>
<key name="js123"> 29, </key>
<key name="jsmith"> 29, </key>
<key name="junk"> 57,63,100,58,49,60, </key>
<key name="just"> 85,77,87,107, </key>
<key name="kb"> 82,84, </key>
<key name="keep"> 7,43,61, </key>
<key name="key"> 39, </key>
<key name="keyword"> 84,85,88, </key>
<key name="kilobyt"> 84, </key>
<key name="know"> 36,39,29, </key>
<key name="known"> 17,8,74,16,18,103, </key>
<key name="label"> 54, </key>
<key name="languag"> 84,85,100,88, </key>
<key name="larg"> 82,43,91,50,84,61,58,49, </key>
<key name="last"> 0,82,22,23,35,25,31,45,28,37,84,85,39,104, </key>
<key name="launch"> 105,34, </key>
<key name="layout"> 71, </key>
<key name="leaf"> 43,46, </key>
<key name="learn"> 85,88, </key>
<key name="least"> 84,93,40, </key>
<key name="leav"> 105,52,43,45,94,109, </key>

</ftswdata>  
