﻿<?xml version='1.0' encoding='utf-8' ?>
<!-- saved from url=(0014)about:internet -->
<ftswdata>
<key name="delet"> 75,55,131,76,57,10,126,27,83,119,11,12,13,65,84,67,96,88,106,17,90,44,91,143,144,129,51,34,72,53,85,94,64,54,24, </key>
<key name="delimit"> 144, </key>
<key name="deliver"> 141,65,67,101,45, </key>
<key name="deliverabl"> 41, </key>
<key name="delivery"> 97,101, </key>
<key name="demand"> 99, </key>
<key name="denot"> 120, </key>
<key name="department"> 30,51, </key>
<key name="depend"> 39,97,135,41,66,84,32,15,43,107,90,61,53,24,87, </key>
<key name="descend"> 92, </key>
<key name="describ"> 55,128,50,3,39,134,10,67,112,113,52,44,108,144,129,34,72,116, </key>
<key name="description"> 2,8,36,43,112,113,18,19,115,144,116, </key>
<key name="descriptiv"> 70,63, </key>
<key name="design"> 69,40,78,58,64, </key>
<key name="designat"> 69,147, </key>
<key name="designation"> 67, </key>
<key name="desir"> 86,47,35, </key>
<key name="desk"> 71, </key>
<key name="desktop"> 39, </key>
<key name="destination"> 86,73, </key>
<key name="detail"> 122,2,141,123,134,58,25,86,112,18,19,108,144,22,23,73,24,74, </key>
<key name="detect"> 40,132, </key>
<key name="determin"> 2,101,105,19,144,35, </key>
<key name="develop"> 64, </key>
<key name="dialog"> 0,1,55,128,50,3,39,57,59,125,7,41,81,9,10,27,28,29,66,32,71,60,139,127,102,38,103,16,52,114,144,129,61,34,72,53,47,121,35,23,73,74, </key>
<key name="did"> 36, </key>
<key name="different"> 69,149,1,131,4,109,78,110,133,7,41,136,8,65,84,37,140,43,112,19,115,144,70,146,121,63,116,73,64, </key>
<key name="difficult"> 103, </key>
<key name="direct"> 69,0,141,131,40,26,120,61,53,77,46,47, </key>
<key name="direction"> 134, </key>
<key name="directiv"> 66, </key>
<key name="directory"> 2,26,113, </key>
<key name="disabl"> 149,57,10,144,129,34,72,53,23,24, </key>
<key name="disappear"> 46, </key>
<key name="discard"> 65,66,67, </key>
<key name="disk"> 29,88,73, </key>
<key name="display"> 75,0,1,2,55,128,50,3,123,31,4,76,110,6,57,133,58,59,125,7,25,41,26,8,82,9,98,29,66,84,37,71,139,36,102,43,38,33,16,113,88,104,105,107,17,90,132,114,18,19,144,129,61,51,34,53,77,85,93,70,46,49,121,63,116,23,73,64,54,24,74,87,95, </key>
<key name="distinguish"> 120,115, </key>
<key name="distribution"> 30, </key>
<key name="divid"> 105, </key>
<key name="division"> 146, </key>
<key name="do"> 109,40,78,110,41,136,65,42,67,16,112,104,107,145,115,51,63,74, </key>
<key name="doc"> 40, </key>
<key name="document"> 69,55,39,97,40,57,59,60,102,112,113,88,144,61,62,63,116,73,64, </key>
<key name="dodd"> 46, </key>
<key name="dog"> 112,117,116, </key>
<key name="domain"> 110,41,139,112,113,116, </key>
<key name="don"> 79,112,132,46,35, </key>
<key name="don't"> 41,65,115,143,85, </key>
<key name="door"> 112,117,116, </key>
<key name="doubl"> 0,76,40,13,28,32,36,102,104,89,144,121,35,23, </key>
<key name="down"> 2,123,76,41,8,28,66,127,113,105,18,19,115,108,143,92,70,146,46,121,116,24, </key>
<key name="download"> 131,40,78,102,144, </key>
<key name="dozen"> 51, </key>
<key name="draft"> 41,84,71,112,90,44,132,144,85,87, </key>
<key name="drag"> 75,0,123,118,27,83,13,86,127,105,106,85,22,70,23, </key>
<key name="drop"> 75,2,123,118,41,83,28,66,67,86,113,106,18,115,108,22,70,146,116,24, </key>
<key name="du"> 122,123,130,45, </key>
<key name="duration"> 2, </key>
<key name="e"> 97,138,101, </key>
<key name="easi"> 58,98,144,48,63,116, </key>
<key name="eastern"> 8,19, </key>
<key name="easy"> 123,63,23, </key>
<key name="edit"> 69,55,31,131,4,57,124,136,10,28,66,30,17,52,90,44,129,61,34,72,53,46,62,49,63,64,24, </key>
<key name="edition"> 69, </key>
<key name="editor"> 69,40,58,144,48,62,63,64, </key>
<key name="edward"> 46, </key>
<key name="effect"> 145, </key>
<key name="eight"> 4, </key>
<key name="eith"> 122,0,2,109,57,80,58,41,8,9,10,83,84,37,112,107,17,114,18,19,20,115,144,129,61,34,72,85,47,35,63,73,64,74, </key>
<key name="element"> 62, </key>
<key name="eligibl"> 43, </key>
<key name="els"> 42, </key>
<key name="email"> 122,69,149,0,1,2,55,128,50,3,141,123,31,131,39,97,40,110,57,79,25,41,26,136,8,82,9,10,11,13,98,28,65,66,120,84,30,67,71,60,139,140,36,101,86,142,102,43,96,112,113,88,105,107,17,132,18,19,20,115,21,143,144,129,61,51,34,72,53,92,22,45,146,46,48,35,63,147,73,64,54,24,74,95, </key>
<key name="embed"> 64, </key>
<key name="employe"> 43, </key>
<key name="empty"> 96,88,85,94, </key>
<key name="enabl"> 69,141,31,131,41,65,36,142,112,105,107,108,91,143,144,147,87, </key>
<key name="enclos"> 112, </key>
<key name="encrypt"> 141,131, </key>
<key name="end"> 2,40,8,107,18,19,115,144,146,23,147, </key>
<key name="enforc"> 88, </key>
<key name="engineer"> 146, </key>
<key name="english"> 112, </key>
<key name="enough"> 142, </key>
<key name="ent"> 0,2,123,131,118,135,58,7,25,41,81,26,136,8,82,10,28,66,42,60,139,142,113,18,19,115,108,21,144,129,61,34,72,53,77,46,47,121,35,63,23,147,74, </key>
<key name="enter"> 0,123,58,136,28,112,114,51,24, </key>
<key name="entir"> 30,37,86,103,47, </key>
<key name="entri"> 30,102,24, </key>
<key name="entry"> 26,113,90,132, </key>
<key name="envelop"> 36, </key>
<key name="environment"> 40, </key>
<key name="equipment"> 2,20, </key>
<key name="equivalent"> 112, </key>
<key name="erica"> 46, </key>
<key name="erica878"> 46, </key>
<key name="error"> 45, </key>
<key name="esc"> 46,74, </key>
<key name="escap"> 68,74, </key>
<key name="establish"> 60, </key>
<key name="estimat"> 123, </key>
<key name="etc"> 118,110,135,112,117,63,116,74, </key>
<key name="ev"> 67, </key>
<key name="evaluat"> 67, </key>
<key name="even"> 40,41,98,65,37,67,138,36,102,35, </key>
<key name="event"> 69,0,1,2,4,66,18,19, </key>
<key name="every"> 8,67,99,139,144,51,45,87, </key>
<key name="everyon"> 26,107,51,35, </key>
<key name="ex"> 40,101, </key>
<key name="exact"> 0,131,111,65,101,43,112,90,146,68, </key>
<key name="exampl"> 75,131,109,97,40,79,111,59,7,81,136,8,82,28,65,66,37,67,99,60,139,112,113,107,19,115,144,61,53,70,146,46,121,35,63,116,68,73,87, </key>
<key name="excel"> 97,112,115,116, </key>
<key name="except"> 0,118,8,12,112,89,145,18,19,121,74, </key>
<key name="exchang"> 69,71,107, </key>
<key name="execut"> 66,67,113,108,144,116, </key>
<key name="executabl"> 97,40,102, </key>
<key name="exist"> 75,59,25,81,136,65,37,15,90,144,45,63,73, </key>
<key name="expand"> 40,90, </key>
<key name="expens"> 40, </key>
<key name="expir"> 138,139, </key>
<key name="explain"> 9,116, </key>
<key name="explanation"> 13, </key>
<key name="explor"> 78,73, </key>
<key name="export"> 69,29,14,32,144,24, </key>
<key name="extend"> 147, </key>
<key name="extension"> 40,101,115, </key>
<key name="external"> 122,141,131,10,140,144,129,61,51,34,72,53,63,64, </key>
<key name="extra"> 84, </key>
<key name="fac"> 63, </key>
<key name="facilitat"> 1,30, </key>
<key name="fact"> 46, </key>
<key name="fad"> 17, </key>
<key name="familiar"> 58,116, </key>
<key name="fast"> 80,139,43,144, </key>
<key name="favorit"> 144,77, </key>
<key name="fe"> 81,77, </key>
<key name="featur"> 122,69,149,1,110,79,80,26,84,30,67,71,139,36,142,102,103,112,113,145,132,108,144,93,70,46,121,63,116,23,147,73,24,74,87, </key>
<key name="february"> 112, </key>
<key name="feed"> 77, </key>
<key name="few"> 42,32,15,86,33,115,144,46, </key>
<key name="field"> 2,123,131,118,39,58,25,41,26,136,8,82,10,13,28,65,66,42,140,127,112,113,107,18,19,115,144,129,34,72,77,22,146,46,47,63, </key>
<key name="fil"> 69,123,109,39,97,40,58,7,25,29,14,65,42,67,32,15,101,102,43,103,112,113,88,106,115,144,34,72,63,116,73,64, </key>
<key name="filenam"> 40,112,115, </key>
<key name="filename:query"> 112, </key>
<key name="fill"> 104, </key>
<key name="filt"> 111,65,66,67,104,145,90,144,85,68, </key>
<key name="filter"> 69,79,111,65,66,37,67,102,43,144,85, </key>
<key name="fin"> 85, </key>
<key name="finaliz"> 2, </key>
<key name="find"> 2,109,118,40,26,8,112,113,132,18,19,85,117,121,63,116,73, </key>
<key name="finish"> 122,124,66, </key>
<key name="firefox"> 78,74, </key>
<key name="first"> 1,2,39,78,6,25,41,28,66,36,102,43,33,112,113,104,145,115,21,144,22,46, </key>
<key name="fit"> 70, </key>
<key name="fiv"> 2,144, </key>
<key name="flag"> 118,110,65,120,67,36,112, </key>
<key name="float"> 68, </key>
<key name="fly"> 63, </key>
<key name="fold"> 75,69,55,128,50,3,141,131,76,110,57,79,59,41,81,136,82,10,27,83,65,66,84,37,67,99,36,86,96,112,88,104,106,89,52,90,44,132,114,91,144,129,61,51,34,72,53,77,85,94,121,73,54,95, </key>
<key name="folder"> 75,69,50,110,79,59,81,136,82,83,65,66,84,37,67,99,36,86,96,88,89,90,144,51,53,77,85,70,121,73,54,87,95, </key>
<key name="follow"> 122,69,0,1,2,55,141,109,76,97,40,110,6,134,136,8,10,126,28,65,66,84,37,60,36,127,43,112,88,90,132,18,19,115,144,129,61,34,72,53,85,70,46,121,116,74,87,95, </key>
<key name="font"> 56,41,144,48,63, </key>
<key name="foot"> 58, </key>
<key name="forev"> 83, </key>
<key name="forget"> 137, </key>
<key name="format"> 39,40,58,41,98,29,32,15,103,112,144,48,62,63,73,64, </key>
<key name="forth"> 71,107,70, </key>
<key name="forward"> 69,141,78,110,136,65,66,42,37,67,140,112,89,90,143,144,146,121,54, </key>
<key name="four"> 8,95, </key>

</ftswdata>  
