<?xml version='1.0' encoding='windows-1252' ?>
<ftswdata>
<key name="classify"> 90,53,56,93, </key>
<key name="clear"> 57,48, </key>
<key name="click"> 0,50,2,1,107,3,26,51,90,32,33,13,97,96,21,7,22,34,17,54,8,10,23,11,12,55,91,71,24,43,92,56,35,72,27,100,29,73,58,101,74,36,14,31,75,68,69,84,85,60,76,61,77,15,103,62,37,95,86,16,80,18,89,64,65,57,66,67,19,47,104,38,39,20,40,93,108,28,109,110,105,48,111, </key>
<key name="clickabl"> 47, </key>
<key name="client"> 46,107,33,52,53,10,71,56,100,29,73,74,60,62,95,102,47,88,110,59,111, </key>
<key name="clip"> 70,33,74, </key>
<key name="clos"> 96,100,14,31,95,40,108,109, </key>
<key name="cod"> 4,33,71,85,5, </key>
<key name="collaboration"> 46,52,25,69, </key>
<key name="collective"> 44, </key>
<key name="colon"> 61,93, </key>
<key name="color"> 3,4,7,71,102,40,5, </key>
<key name="column"> 1,52,6,97,96,100,29,76,18,64,47,5, </key>
<key name="com"> 34,24,44,100,84,104,38,108,28, </key>
<key name="combin"> 42,44,14, </key>
<key name="combination"> 42, </key>
<key name="comma"> 27,102,38, </key>
<key name="command"> 50,33,58,47, </key>
<key name="comment"> 15, </key>
<key name="commit"> 24,103, </key>
<key name="common"> 32, </key>
<key name="communicat"> 25, </key>
<key name="company"> 2,97,21,7,22,25,44,36,87,28, </key>
<key name="compar"> 43, </key>
<key name="comparison"> 83,42,43,45, </key>
<key name="complet"> 21,34,17,8,11,24,27,68,37,16,89,19, </key>
<key name="completion"> 23,38, </key>
<key name="complex"> 44,85,88, </key>
<key name="component"> 36, </key>
<key name="compos"> 2,46,32,34,23,71,56,35,77,62,37,95,102,57,104,39,28, </key>
<key name="compound"> 84, </key>
<key name="compres"> 33, </key>
<key name="compression"> 33, </key>
<key name="comput"> 107,33,34,100,74,102, </key>
<key name="computer"> 33,74, </key>
<key name="concern"> 36, </key>
<key name="condition"> 83,42,43,44, </key>
<key name="conferenc"> 16, </key>
<key name="configur"> 33,21,34,99,36,69,79,102,57,48,59, </key>
<key name="configuration"> 56, </key>
<key name="confirm"> 0,97, </key>
<key name="confirmation"> 3,34, </key>
<key name="conflict"> 79, </key>
<key name="consider"> 81,42,30,44,73,74,45, </key>
<key name="consist"> 2,44,29,36, </key>
<key name="constrain"> 84, </key>
<key name="constraint"> 19, </key>
<key name="consum"> 60, </key>
<key name="contact"> 46,26,90,70,82,97,96,21,22,34,17,8,23,24,42,25,98,27,36,68,85,78,62,16,87,80,102,57,19,94,104,38,93,28,88,48,59, </key>
<key name="contain"> 46,81,70,33,82,96,83,71,42,56,25,44,72,29,73,49,74,36,84,85,76,15,87,80,63,64,45, </key>
<key name="content"> 107,51,90,70,82,21,34,41,23,55,56,29,74,36,84,76,86,87,102,64,65,57,94,88,48,59, </key>
<key name="context"> 30, </key>
<key name="contiguou"> 51, </key>
<key name="continu"> 32,43,30,99,95,38, </key>
<key name="contradictory"> 44, </key>
<key name="control"> 51,90,59, </key>
<key name="conv"> 84, </key>
<key name="convenienc"> 25,47, </key>
<key name="convention"> 47, </key>
<key name="conversation"> 46,26,90,53,92,30,72,29,73,58,31,75,84,76,77,62,80,102,66,19,47,93,59, </key>
<key name="convert"> 70,88, </key>
<key name="cook"> 83, </key>
<key name="copi"> 42,63,102,39, </key>
<key name="copy"> 34,42,89,57,39, </key>
<key name="copyright"> 106, </key>
<key name="corn"> 59, </key>
<key name="corporat"> 43,25,85,94,39,28, </key>
<key name="corporation"> 104, </key>
<key name="correct"> 33,94,40,28, </key>
<key name="correction"> 40, </key>
<key name="correctnes"> 22, </key>
<key name="correspond"> 44,74,38, </key>
<key name="correspondenc"> 52, </key>
<key name="could"> 33,54,24,42,43,30,44,74,36,85,87,104,28, </key>
<key name="count"> 56,84, </key>
<key name="creat"> 0,50,2,1,46,107,4,81,90,32,33,53,13,96,21,7,22,34,17,54,8,41,10,12,43,56,44,74,85,62,37,86,16,87,102,65,57,19,104,20,93,88,59, </key>
<key name="creator"> 108, </key>
<key name="criteria"> 81,82,24,30,84,87,80,110, </key>
<key name="criterion"> 84, </key>
<key name="csv"> 27, </key>
<key name="current"> 51,42,44,74,84,47,38,88,105,59, </key>
<key name="cursor"> 26,21,76,62,64,47,38, </key>
<key name="custom"> 54,8,55,42,30,59, </key>
<key name="customiz"> 3,8,41, </key>
<key name="d"> 38, </key>
<key name="dai"> 8,14, </key>
<key name="dal"> 38, </key>
<key name="dash"> 102, </key>
<key name="dat"> 0,107,82,13,17,8,42,30,84,16,79,87,19,88, </key>
<key name="data"> 85, </key>
<key name="david"> 38, </key>
<key name="day"> 0,2,1,4,6,8,30,100,14,84,60,16,102,57,20,5,48, </key>
<key name="db"> 84,38, </key>
<key name="dbrink"> 38, </key>
<key name="dd"> 84, </key>
<key name="de"> 51, </key>
<key name="decemb"> 87, </key>
<key name="decid"> 35, </key>
<key name="declin"> 9,10,15,79, </key>
<key name="decreas"> 47, </key>
<key name="ded"> 38, </key>
<key name="deep"> 5, </key>
<key name="default"> 1,21,22,34,8,41,71,42,56,72,29,76,103,86,63,102,57,66,38, </key>
<key name="defin"> 50,2,46,82,34,54,44,61,87,102, </key>
<key name="definition"> 87,93,111, </key>
<key name="delegat"> 1,46,10, </key>
<key name="delet"> 50,46,51,13,21,10,23,11,12,55,91,42,56,44,69,60,78,15,62,37,63,89,102,57,67,48, </key>
<key name="delimit"> 102, </key>
<key name="deliver"> 42,44,49,94, </key>
<key name="deliverabl"> 34, </key>
<key name="delivery"> 70,49, </key>
<key name="demand"> 72, </key>
<key name="denot"> 92, </key>
<key name="department"> 25, </key>
<key name="depend"> 32,70,34,43,56,27,36,77,62,59, </key>
<key name="descend"> 64, </key>
<key name="describ"> 3,32,44,84,85,37,80,102,88, </key>
<key name="description"> 2,17,8,84,85,16,87,102,88,111, </key>
<key name="descriptiv"> 47, </key>
<key name="design"> 33,52, </key>
<key name="designat"> 46,105, </key>
<key name="designation"> 44, </key>
<key name="desir"> 58,39,28, </key>
<key name="desktop"> 32, </key>
<key name="destination"> 58, </key>
<key name="detail"> 21,22,58,84,80,20,109,111, </key>
<key name="detect"> 33,95, </key>
<key name="determin"> 2,49,28, </key>
<key name="dialog"> 0,1,3,97,7,34,54,9,10,23,43,74,14,31,75,95,86,102,65,20,93,108,28,109,110,111, </key>
<key name="dictionary"> 111, </key>
<key name="different"> 1,107,4,81,52,82,7,17,8,42,56,30,36,95,87,47,93,88,59, </key>
<key name="difficult"> 75, </key>
<key name="direct"> 0,33,92,65,38,39,108, </key>
<key name="direction"> 109, </key>
<key name="directiv"> 43, </key>
<key name="directory"> 2,25,85, </key>
<key name="disabl"> 107,10,104,20, </key>
<key name="disappear"> 38, </key>
<key name="discard"> 42,44, </key>
<key name="disk"> 60, </key>
<key name="display"> 0,50,2,1,3,26,4,51,82,6,21,7,22,34,17,8,41,9,10,71,24,43,56,35,30,100,29,74,14,60,76,77,15,95,86,16,102,65,57,66,47,38,39,20,40,108,109,88,59,111, </key>
<key name="distanc"> 111, </key>
<key name="distinguish"> 92,87, </key>
<key name="distribution"> 25, </key>
<key name="division"> 104, </key>
<key name="do"> 81,33,52,82,34,42,35,44,14,76,77,103,87,108,109,110,111, </key>
<key name="doc"> 33, </key>
<key name="document"> 32,70,33,74,84,88, </key>
<key name="dodd"> 38, </key>
<key name="dog"> 88, </key>
<key name="domain"> 82,34,100,84,85,88, </key>
<key name="don"> 52,53,34,42,101,60,95,87,89,102,57,104,38,28,48, </key>
<key name="door"> 88, </key>
<key name="doubl"> 0,51,33,13,24,29,74,76,61,20,93,28, </key>
<key name="down"> 2,51,17,8,24,43,101,85,16,87,80,89,64,47,38,93,88, </key>
<key name="download"> 33,52, </key>
<key name="draft"> 34,56,78,62,37,95,57,59, </key>
<key name="drag"> 0,50,90,13,23,55,58,78,57,19,47,20, </key>
<key name="driv"> 109, </key>
<key name="drop"> 50,2,90,17,55,43,44,58,85,78,16,87,80,19,47,88, </key>
<key name="du"> 94, </key>
<key name="e"> 70,99,49, </key>
<key name="easi"> 71,88, </key>
<key name="eastern"> 17,8, </key>
<key name="easy"> 20, </key>
<key name="ed"> 39, </key>
<key name="edit"> 46,4,10,24,43,25,27,15,62,37,38,40, </key>
<key name="editor"> 33, </key>
<key name="edward"> 38, </key>
<key name="effect"> 103, </key>
<key name="eight"> 4, </key>
<key name="eith"> 0,2,81,21,34,17,8,9,10,55,71,56,30,68,84,15,86,16,79,87,102,57,39,108,28,48, </key>
<key name="eligibl"> 36, </key>
<key name="els"> 35, </key>
<key name="email"> 0,2,1,107,3,26,32,70,33,82,53,13,21,22,34,17,8,41,9,10,11,71,24,42,92,56,44,100,49,101,74,36,69,84,85,60,15,95,16,79,87,80,18,89,102,64,19,94,38,28,105,48, </key>
<key name="employe"> 36, </key>
<key name="empty"> 69,60,57,67,48, </key>
<key name="en"> 110, </key>
<key name="enabl"> 21,34,101,77,80,63,89,102,104,105, </key>
<key name="encyclopedia"> 110, </key>
<key name="end"> 33,17,8,84,77,16,87,102,20, </key>
<key name="enforc"> 60, </key>
<key name="engineer"> 104, </key>
<key name="enough"> 101, </key>
<key name="ent"> 0,2,90,97,21,7,22,34,17,54,8,41,24,43,35,100,101,85,16,87,80,18,65,38,39,20,93,108,28,109,110,105,111, </key>
<key name="enter"> 0,21,24,86,111, </key>
<key name="entir"> 25,30,58,75,39, </key>
<key name="entri"> 21,25,74, </key>

</ftswdata>  
