<?xml version='1.0' encoding='windows-1252' ?>
<ftswdata>
<key name="error"> 92, </key>
<key name="esc"> 39, </key>
<key name="escap"> 46, </key>
<key name="etc"> 81,35,87, </key>
<key name="ev"> 45, </key>
<key name="evaluat"> 45, </key>
<key name="evaluation"> 43,45, </key>
<key name="even"> 34,35,71,43,31,45,96,30,74,29, </key>
<key name="event"> 0,2,1,47,4,17,44,16, </key>
<key name="eventual"> 53, </key>
<key name="every"> 8,45,72,99,92,60, </key>
<key name="everyon"> 77,29, </key>
<key name="ex"> 34,50, </key>
<key name="exact"> 0,82,43,50,37,83,63,101,46, </key>
<key name="exampl"> 51,80,70,34,54,82,7,17,55,8,42,25,43,44,31,45,72,97,83,84,77,86,101,39,91,29,87,46, </key>
<key name="excel"> 70,83,86,87, </key>
<key name="except"> 0,88,17,8,12,83,62,100,16,91, </key>
<key name="exchang"> 47,77, </key>
<key name="exclusive"> 26, </key>
<key name="execut"> 44,83,84,79,99,87, </key>
<key name="executabl"> 70,34,74, </key>
<key name="exist"> 51,23,55,43,31,63,92, </key>
<key name="expand"> 34,63, </key>
<key name="expect"> 93, </key>
<key name="expens"> 34, </key>
<key name="expir"> 96, </key>
<key name="explain"> 9,87, </key>
<key name="explanation"> 13, </key>
<key name="explor"> 53, </key>
<key name="export"> 99, </key>
<key name="extend"> 102, </key>
<key name="extension"> 34,50,86, </key>
<key name="extra"> 57, </key>
<key name="facilitat"> 1,26, </key>
<key name="fact"> 39, </key>
<key name="fad"> 15, </key>
<key name="familiar"> 87, </key>
<key name="far"> 60, </key>
<key name="fast"> 37, </key>
<key name="favorit"> 66, </key>
<key name="fe"> 55,66, </key>
<key name="featur"> 1,47,104,81,54,22,57,26,45,30,98,74,75,83,84,100,93,79,99,67,48,101,39,20,91,87,102,60, </key>
<key name="feed"> 66, </key>
<key name="few"> 36,28,59,86,39, </key>
<key name="field"> 2,88,33,13,22,23,35,17,8,42,10,43,44,36,84,77,16,86,99,66,19,39,40,105,106,107, </key>
<key name="fil"> 47,80,33,70,34,22,7,23,43,36,45,28,50,74,37,75,83,84,61,78,86,99,87, </key>
<key name="filenam"> 34,83,86, </key>
<key name="fill"> 76, </key>
<key name="filt"> 21,82,43,44,45,76,100,99,58,46,49, </key>
<key name="filter"> 47,54,82,44,31,45,74,37,99,58,49, </key>
<key name="fin"> 58,49, </key>
<key name="find"> 80,88,34,83,84,93,66,58,91,87,49, </key>
<key name="finish"> 44, </key>
<key name="firefox"> 53, </key>
<key name="first"> 2,1,53,6,22,23,35,25,44,30,74,37,83,84,76,100,86,99,19,39, </key>
<key name="fit"> 48, </key>
<key name="fiv"> 108, </key>
<key name="flag"> 88,81,43,90,45,30,83, </key>
<key name="float"> 46, </key>
<key name="fold"> 51,3,52,81,54,22,35,55,42,24,56,43,44,57,31,45,72,30,59,69,83,61,76,78,62,63,38,93,85,64,99,66,58,68,49,60, </key>
<key name="folder"> 51,47,81,54,55,42,56,43,44,57,31,72,30,59,69,61,78,62,63,66,58,48,91,60, </key>
<key name="follow"> 0,2,1,80,52,34,81,6,17,8,43,44,57,31,37,83,61,93,16,86,99,58,48,39,91,87,60,108, </key>
<key name="font"> 35,99, </key>
<key name="forev"> 56, </key>
<key name="forget"> 95,61, </key>
<key name="format"> 33,34,35,71,28,75,83,99, </key>
<key name="forth"> 77,48, </key>
<key name="forward"> 47,81,36,31,62,63,99,91, </key>
<key name="four"> 8,105, </key>
<key name="fragment"> 76, </key>
<key name="fram"> 81, </key>
<key name="fre"> 2,1,47,22,82,17,8,16,18,107,5,46,108, </key>
<key name="friday"> 6,37, </key>
<key name="full"> 1,47,27,22,10,43,97,84,61,92,39,60, </key>
<key name="function"> 7,48, </key>
<key name="furth"> 52,8,45, </key>
<key name="futur"> 57, </key>
<key name="fwd"> 31, </key>
<key name="g"> 70, </key>
<key name="gal"> 26,84,79, </key>
<key name="general"> 53,94,50,37,99, </key>
<key name="generat"> 43,37,92, </key>
<key name="get"> 47,9,50,74,106,108, </key>
<key name="gif"> 33,34, </key>
<key name="gift"> 46, </key>
<key name="giv"> 9, </key>
<key name="global"> 17,8,26,84,16,79,29,87, </key>
<key name="go"> 104,42,43,44,72,28,30,99,67,101,105,87,107,108, </key>
<key name="good"> 53, </key>
<key name="googl"> 108, </key>
<key name="got"> 73,76, </key>
<key name="grammar"> 83, </key>
<key name="grant"> 3,10, </key>
<key name="grante"> 10, </key>
<key name="grantor"> 3,9,10, </key>
<key name="graphic"> 34, </key>
<key name="graphical"> 34,93, </key>
<key name="gray"> 23, </key>
<key name="great"> 83, </key>
<key name="green"> 4, </key>
<key name="group"> 1,54,44,31,45,30,76,99, </key>
<key name="grow"> 39, </key>
<key name="gui"> 93, </key>
<key name="guidelin"> 53, </key>
<key name="habit"> 93, </key>
<key name="hand"> 88,57,59,58,68,48, </key>
<key name="handl"> 99,58,49, </key>
<key name="happen"> 31,96,61,39, </key>
<key name="hav"> 2,45,73, </key>
<key name="haven"> 50, </key>
<key name="head"> 27,81,23,43,45,74,83,77,5,46, </key>
<key name="header"> 81,43,37,63,48, </key>
<key name="health"> 37, </key>
<key name="hello"> 83, </key>
<key name="help"> 58,49,60, </key>
<key name="her"> 2,34,17,57,86,99,108, </key>
<key name="hid"> 39, </key>
<key name="high"> 47,86,106, </key>
<key name="highlight"> 0,52,31,65,58,39,41,49, </key>
<key name="highway"> 106, </key>
<key name="him"> 10, </key>
<key name="hom"> 22,60, </key>
<key name="horizontal"> 17,8,16,18, </key>
<key name="hour"> 2,81,17,8,19, </key>
<key name="hov"> 0,104, </key>
<key name="how"> 94,22,31,73,37,14,69,61,76,77,99,87,102, </key>
<key name="htm"> 34, </key>
<key name="html"> 33,70,34,35,71,74,99,87, </key>
<key name="http"> 97,107, </key>
<key name="i"> 43,96,50,93,99,39,102, </key>
<key name="ical"> 7, </key>
<key name="icon"> 25,90,79,48,60, </key>
<key name="id"> 83, </key>
<key name="identify"> 45,48, </key>
<key name="if"> 0,2,104,3,27,80,88,70,34,53,81,13,94,22,23,35,17,8,42,11,56,71,43,44,57,31,45,95,96,97,30,50,59,98,74,37,14,61,76,77,15,63,93,85,16,79,18,99,58,67,19,92,48,101,39,40,20,87,107,49,60,108, </key>
<key name="ignor"> 43, </key>
<key name="iii"> 83, </key>
<key name="imag"> 80,33,70,34,74,86,87, </key>
<key name="immediat"> 45,91, </key>
<key name="immediate"> 35,12,43,72,98,85,101,102,46, </key>
<key name="implement"> 74, </key>
<key name="import"> 47,26,28,99, </key>
<key name="importanc"> 90, </key>
<key name="important"> 45,98, </key>
<key name="in"> 34, </key>
<key name="inactiv"> 45,96, </key>
<key name="inbound"> 54, </key>
<key name="inbox"> 51,55,42,43,57,31,45,72,83,76,15,63,99,65,58,49,60, </key>
<key name="inc"> 101,103, </key>
<key name="includ"> 1,47,34,23,55,43,36,31,30,14,83,77,93,16,86,99,48,106,87,5,46,60,108, </key>
<key name="incom"> 47,34,44,45,74,99, </key>
<key name="increas"> 34,48, </key>
<key name="increment"> 17,8, </key>
<key name="indefinite"> 31, </key>
<key name="indicat"> 34,90,72,76,65, </key>
<key name="indicator"> 90,5, </key>
<key name="individual"> 37,14,75,76,67, </key>
<key name="information"> 2,104,27,34,81,22,23,17,8,24,43,57,26,30,37,16,79,18,19,92,48,101,105,107, </key>
<key name="informational"> 60, </key>
<key name="initial"> 94,42,99,41, </key>
<key name="input"> 43, </key>
<key name="insensitiv"> 43,83, </key>
<key name="insert"> 37, </key>
<key name="insid"> 55, </key>
<key name="instal"> 34,74, </key>
<key name="install"> 34, </key>
<key name="instanc"> 80,81,13,11,15,86, </key>
<key name="integrat"> 104,57,60, </key>
<key name="interact"> 104,57, </key>
<key name="interest"> 40, </key>
<key name="interfac"> 57,83,61,63,93,48, </key>
<key name="internal"> 34,83, </key>
<key name="internet"> 53,35,37,77,93,99, </key>
<key name="interpret"> 0,43, </key>
<key name="interval"> 72,99, </key>
<key name="invit"> 17,12,20, </key>
<key name="invitation"> 0,2,1,17,8,9,10,15,16,19, </key>
<key name="isn"> 58,49, </key>
<key name="issu"> 92, </key>
<key name="item"> 51,80,52,88,34,54,13,82,56,89,90,57,45,59,74,83,84,63,86,79,99,58,68,48,91,87, </key>
<key name="itself"> 46, </key>
<key name="jan"> 45, </key>
<key name="january"> 83, </key>
<key name="jo"> 83,29, </key>
<key name="job"> 23, </key>
<key name="john"> 83,101, </key>
<key name="jpeg"> 80,34,74,86, </key>
<key name="jpg"> 33,34, </key>
<key name="js123"> 29, </key>
<key name="jsmith"> 29, </key>
<key name="junk"> 57,63,99,58,49,60, </key>
<key name="just"> 84,77,86,106, </key>
<key name="kb"> 81,83, </key>
<key name="keep"> 7,43,61, </key>
<key name="key"> 39, </key>
<key name="keyword"> 83,84,87, </key>
<key name="kilobyt"> 83, </key>
<key name="know"> 36,39,29, </key>
<key name="known"> 17,8,74,16,18,102, </key>
<key name="label"> 54, </key>
<key name="languag"> 83,84,99,87, </key>
<key name="larg"> 81,43,90,50,83,61,58,49, </key>
<key name="last"> 0,81,22,23,35,25,31,45,28,37,83,84,39,103, </key>
<key name="launch"> 104,34, </key>
<key name="layout"> 71, </key>
<key name="leaf"> 43,46, </key>
<key name="learn"> 84,87, </key>
<key name="least"> 83,92,40, </key>
<key name="leav"> 104,52,43,45,93,108, </key>
<key name="left"> 52,88,21,57,97,59,84,78,58,67,68,48,29,87,5,60, </key>
<key name="length"> 96,99, </key>
<key name="lenient"> 37, </key>
<key name="les"> 90, </key>

</ftswdata>  
