<?xml version='1.0' encoding='windows-1252' ?>
<ftswdata>
<key name="cc"> 29,98,99,23,39,57,40,101,102,95,125,20,43,44,33, </key>
<key name="cel"> 47, </key>
<key name="cell"> 47, </key>
<key name="central"> 56, </key>
<key name="certain"> 0,38,99,69,57,64,101,77,74,112,43,111,63, </key>
<key name="chanc"> 91, </key>
<key name="chang"> 1,4,6,48,13,116,115,49,39,17,8,71,10,88,26,35,59,51,34,90,93,94,95,126,114,97,80,125,52,107,32,83,20,62,43,21,45,55,105,22,76,85, </key>
<key name="charact"> 59,78,95,111,60, </key>
<key name="character"> 116,101,43,105,60, </key>
<key name="characteristic"> 61,69,59,64, </key>
<key name="charg"> 35, </key>
<key name="check"> 46,3,29,113,98,68,99,49,7,23,39,70,117,88,27,58,59,89,120,122,64,123,16,104,125,82,127,45,128,5,22,85, </key>
<key name="choic"> 58,15,79,62, </key>
<key name="choos"> 1,67,108,116,115,50,23,39,70,8,10,72,26,58,59,120,90,91,36,92,102,77,78,104,124,125,32,74,83,84,111,63,76, </key>
<key name="chooser"> 68, </key>
<key name="chos"> 125, </key>
<key name="chosen"> 4,40, </key>
<key name="cisco"> 130, </key>
<key name="claim"> 104, </key>
<key name="classification"> 111, </key>
<key name="classify"> 108,69,73,111, </key>
<key name="clear"> 74,63, </key>
<key name="click"> 0,66,2,1,61,130,46,3,29,47,113,67,108,37,38,48,13,116,115,49,7,50,23,39,17,70,24,117,8,10,25,11,12,72,109,88,26,27,58,110,73,40,89,30,51,120,34,122,90,75,123,91,41,14,36,92,31,86,101,102,77,93,94,78,95,15,126,79,42,114,103,16,97,19,124,52,32,81,82,74,83,84,20,62,127,43,44,53,21,45,111,33,55,128,63,65,85, </key>
<key name="clickabl"> 62, </key>
<key name="client"> 61,130,113,38,68,69,50,88,73,28,120,34,122,90,91,77,79,114,125,107,62,105,56,65,76,85, </key>
<key name="clip"> 87,38,91, </key>
<key name="clos"> 115,120,14,36,114,45,85, </key>
<key name="cod"> 4,38,88,102,5, </key>
<key name="collaboration"> 61,68,86,56, </key>
<key name="collective"> 59, </key>
<key name="colon"> 10,101,78,32,111, </key>
<key name="color"> 3,47,4,49,7,39,88,51,125,45,55,5, </key>
<key name="column"> 1,47,113,68,6,116,115,50,117,120,34,93,19,81,62,55,5, </key>
<key name="com"> 39,117,26,59,51,120,101,127,43,33, </key>
<key name="combin"> 57,59,14, </key>
<key name="combination"> 57, </key>
<key name="comma"> 27,30,125,43, </key>
<key name="command"> 38,75,62,65, </key>
<key name="comment"> 15, </key>
<key name="commit"> 26,126, </key>
<key name="common"> 37, </key>
<key name="communicat"> 28, </key>
<key name="company"> 2,116,7,23,24,10,28,59,41,104,32,33, </key>
<key name="compar"> 58, </key>
<key name="comparison"> 100,57,58,60, </key>
<key name="complet"> 113,39,17,117,8,11,26,30,122,31,42,16,124,20,22, </key>
<key name="completion"> 25,43, </key>
<key name="complex"> 59,102,105, </key>
<key name="component"> 41, </key>
<key name="compos"> 2,61,37,49,39,25,88,73,40,121,95,79,42,114,125,52,74,127,44,33,55,22,65,85, </key>
<key name="compound"> 101, </key>
<key name="compres"> 38, </key>
<key name="compression"> 38, </key>
<key name="comput"> 130,38,68,39,120,91,125, </key>
<key name="computer"> 38,91, </key>
<key name="concern"> 41, </key>
<key name="condition"> 100,57,58,59, </key>
<key name="conferenc"> 16, </key>
<key name="configur"> 47,38,39,117,119,121,122,123,41,86,18,125,74,55,63,76, </key>
<key name="configuration"> 73, </key>
<key name="confirm"> 0,116, </key>
<key name="confirmation"> 46,3,39, </key>
<key name="conflict"> 18, </key>
<key name="consider"> 98,57,35,59,90,91,60, </key>
<key name="consist"> 2,28,59,34,41,54, </key>
<key name="consistent"> 55, </key>
<key name="constrain"> 101, </key>
<key name="constraint"> 20, </key>
<key name="consum"> 77, </key>
<key name="contact"> 61,29,108,87,99,116,115,23,39,17,24,8,25,26,27,57,28,118,30,41,31,102,96,79,16,104,97,125,107,32,74,20,112,127,43,111,33,105,22,63,65,85, </key>
<key name="contain"> 61,98,87,38,99,115,100,24,88,57,73,28,59,89,34,90,64,91,41,101,102,93,15,104,97,80,81,106,60, </key>
<key name="content"> 130,47,67,108,87,99,48,49,39,71,72,73,34,91,41,101,93,103,104,125,52,107,32,81,82,74,112,106,53,55,105,56,22,63,76,85, </key>
<key name="context"> 35,65, </key>
<key name="contiguou"> 67, </key>
<key name="continu"> 37,58,35,119,114,43, </key>
<key name="contradictory"> 59, </key>
<key name="control"> 67,108,76, </key>
<key name="conv"> 101, </key>
<key name="convenienc"> 28,62, </key>
<key name="convention"> 62, </key>
<key name="conversation"> 61,29,108,69,110,35,89,34,90,75,36,92,101,93,95,79,97,125,83,20,62,111,76,85, </key>
<key name="convert"> 87,105, </key>
<key name="cook"> 100, </key>
<key name="copi"> 57,80,125,44, </key>
<key name="copy"> 57,124,52,74,44, </key>
<key name="copyright"> 129, </key>
<key name="corn"> 53,76, </key>
<key name="corporat"> 58,28,102,112,33, </key>
<key name="corporation"> 127, </key>
<key name="correct"> 113,38,58,112,45,33, </key>
<key name="correction"> 45, </key>
<key name="correctnes"> 23, </key>
<key name="correspond"> 59,91,43, </key>
<key name="correspondenc"> 68, </key>
<key name="could"> 38,50,70,26,57,58,35,59,91,41,102,104,52,127,33, </key>
<key name="count"> 73,101, </key>
<key name="couri"> 55, </key>
<key name="creat"> 0,66,2,1,61,130,47,4,113,98,108,37,38,69,13,115,49,7,50,23,39,17,70,24,117,8,71,10,25,12,58,73,59,30,51,121,122,91,102,79,42,103,16,104,125,52,32,82,74,20,127,53,54,21,111,55,105,128,56,22,65,76,85, </key>
<key name="criteria"> 98,99,26,35,101,104,97, </key>
<key name="criterion"> 101, </key>
<key name="csv"> 27,30,32, </key>
<key name="ctrl"> 85, </key>
<key name="current"> 67,57,59,91,101,62,43,105,128,65,76, </key>
<key name="cursor"> 29,93,79,81,62,43,22, </key>
<key name="custom"> 70,8,72,57,35,76, </key>
<key name="customiz"> 46,3,48,8,71, </key>
<key name="d"> 43,85, </key>
<key name="dai"> 8,14, </key>
<key name="dal"> 43, </key>
<key name="dash"> 125,54, </key>
<key name="dat"> 0,130,99,13,17,8,57,35,41,101,16,18,104,20,105,65, </key>
<key name="data"> 102, </key>
<key name="databas"> 55, </key>
<key name="david"> 43, </key>
<key name="day"> 0,2,1,4,6,8,35,120,14,101,77,16,125,74,21,5,63,65,85, </key>
<key name="db"> 101,43, </key>
<key name="dbrink"> 43, </key>
<key name="dd"> 101, </key>
<key name="de"> 67, </key>
<key name="decemb"> 104, </key>
<key name="decid"> 40, </key>
<key name="declin"> 9,10,15,18,107, </key>
<key name="decreas"> 62, </key>
<key name="ded"> 43, </key>
<key name="deep"> 5, </key>
<key name="default"> 1,113,49,23,39,117,8,71,88,27,57,73,89,34,93,94,95,126,103,80,125,74,83,43,22,85, </key>
<key name="defin"> 66,2,61,47,99,39,70,59,78,104,125,107,85, </key>
<key name="definition"> 104,111, </key>
<key name="delegat"> 1,61, </key>
<key name="delet"> 66,61,67,48,13,10,25,11,12,72,109,57,73,59,122,86,77,96,15,79,42,80,124,125,32,74,84,56,22,63,85, </key>
<key name="delimit"> 125, </key>
<key name="deliver"> 57,59,122,64,112, </key>
<key name="deliverabl"> 39, </key>
<key name="delivery"> 87,64, </key>
<key name="demand"> 89, </key>
<key name="denot"> 110, </key>
<key name="department"> 28, </key>
<key name="depend"> 37,87,39,58,73,30,41,95,79,52,22,76, </key>
<key name="descend"> 81, </key>
<key name="describ"> 46,3,37,10,59,101,102,42,97,125,32,105, </key>
<key name="description"> 2,17,8,101,102,16,104,125,105,85, </key>
<key name="descriptiv"> 117,62,55, </key>
<key name="design"> 38,68,49,56, </key>
<key name="designat"> 61,128, </key>
<key name="designation"> 59, </key>
<key name="desir"> 75,44,33, </key>
<key name="desktop"> 37, </key>
<key name="destination"> 75, </key>
<key name="detail"> 113,23,75,101,97,21,22,65, </key>
<key name="detect"> 38,121,114, </key>
<key name="determin"> 2,64,94,33, </key>
<key name="develop"> 56, </key>
<key name="dialog"> 0,1,46,3,48,116,7,50,39,70,9,10,25,27,58,51,91,14,36,92,114,103,125,52,32,82,44,21,111,33,65,85, </key>
<key name="different"> 1,130,4,98,68,99,7,39,17,117,8,57,73,35,121,41,114,104,125,62,111,55,105,56,76, </key>
<key name="difficult"> 92, </key>
<key name="direct"> 0,113,38,24,110,122,125,52,82,43,44, </key>
<key name="directiv"> 58, </key>
<key name="directory"> 2,24,28,102, </key>
<key name="disabl"> 130,48,10,122,125,32,127,21,22, </key>
<key name="disappear"> 113,43, </key>
<key name="discard"> 57,59, </key>
<key name="disk"> 27,77, </key>
<key name="display"> 0,66,2,1,46,3,29,4,113,67,99,6,48,49,7,50,23,39,17,24,117,8,71,9,88,26,27,58,73,40,35,30,120,34,91,14,102,77,93,94,95,15,114,103,16,125,52,32,82,74,83,62,43,44,21,45,55,105,56,22,65,76, </key>
<key name="distinguish"> 110,104, </key>
<key name="distribution"> 28, </key>
<key name="division"> 127, </key>
<key name="do"> 113,98,38,68,99,39,57,40,59,14,93,95,126,104,54,55,65, </key>
<key name="doc"> 38, </key>
<key name="document"> 61,46,37,87,38,48,50,51,91,101,102,125,52,107,53,54,55,105,56,76,85, </key>
<key name="dodd"> 43, </key>
<key name="dog"> 106,105, </key>
<key name="domain"> 99,39,120,101,102,105, </key>
<key name="don"> 68,69,39,57,122,77,114,104,124,125,74,127,43,33,63, </key>
<key name="door"> 106,105, </key>

</ftswdata>  
