﻿<?xml version='1.0' encoding='utf-8' ?>
<!-- saved from url=(0014)about:internet -->
<ftswdata>
<key name="box"> 131,109,5,110,124,41,26,136,98,28,66,67,32,36,86,33,112,113,115,108,144,70,146,46,35,116,147, </key>
<key name="boxman"> 109, </key>
<key name="br"> 47, </key>
<key name="bracket"> 107, </key>
<key name="breakfast"> 111, </key>
<key name="brief"> 36, </key>
<key name="briefcas"> 69,72,63,73, </key>
<key name="brink"> 46, </key>
<key name="brows"> 149,39,40,78,32,15,139,102,132,70,63,73,87, </key>
<key name="browser"> 40,78,80,139,144, </key>
<key name="browser'"> 78,103,112, </key>
<key name="buddi"> 69,71, </key>
<key name="buddy"> 69,71, </key>
<key name="budget"> 115, </key>
<key name="build"> 112,115, </key>
<key name="built"> 79, </key>
<key name="bullet"> 98,48, </key>
<key name="busines"> 144, </key>
<key name="busy"> 69,1,2,5,8,18,19,21, </key>
<key name="button"> 75,141,40,78,25,81,127,43,145,90,132,115,108,144,70,47,35,87, </key>
<key name="byt"> 110,112, </key>
<key name="cal"> 109,136,30,67,60,140,112,115,144,35,63,64, </key>
<key name="calendar"> 75,122,69,149,0,1,2,3,123,4,5,6,133,134,59,7,8,9,10,11,12,13,14,15,16,17,18,19,144,129,22,46,23,73,74,87, </key>
<key name="calendar'"> 4,16, </key>
<key name="california"> 8,19, </key>
<key name="call"> 149, </key>
<key name="camelcas"> 63, </key>
<key name="cancel"> 57,11, </key>
<key name="cannot"> 75,55,97,57,135,59,81,10,27,83,65,30,103,96,112,106,90,144,129,61,34,72,53,85,45,63,116,73,24, </key>
<key name="capabiliti"> 69, </key>
<key name="capital"> 63, </key>
<key name="capitaliz"> 63, </key>
<key name="capitalization"> 65, </key>
<key name="car"> 102,43, </key>
<key name="carbon"> 47, </key>
<key name="card"> 144,24, </key>
<key name="cas"> 65,60,139,102,112,106,46,116, </key>
<key name="casserol"> 65,68, </key>
<key name="categori"> 118,24, </key>
<key name="categoriz"> 79, </key>
<key name="caus"> 109,112,107,144,46, </key>
<key name="cc"> 31,109,110,25,65,42,67,112,113,107,22,46,47,35, </key>
<key name="cc'"> 47, </key>
<key name="cel"> 56, </key>
<key name="cell"> 56, </key>
<key name="central"> 51,64, </key>
<key name="certain"> 0,40,110,79,65,101,112,88,85,45,46, </key>
<key name="chanc"> 102, </key>
<key name="chang"> 1,55,50,141,131,4,6,57,124,80,133,135,134,58,41,8,82,10,13,28,37,67,71,60,139,36,100,104,105,107,145,52,132,19,108,91,144,129,61,34,72,53,93,22,70,46,49,63,116,23,73,24,74,87, </key>
<key name="charact"> 65,67,112,89,107,121,68, </key>
<key name="character"> 135,65,112,144,146,46,116,68, </key>
<key name="characteristic"> 69,79,67,101, </key>
<key name="charg"> 37, </key>
<key name="chat"> 69,144, </key>
<key name="check"> 75,69,55,3,31,131,109,5,78,110,124,58,7,25,41,81,136,98,29,65,66,67,139,101,142,33,112,18,115,144,77,49,147,24, </key>
<key name="checkbox"> 144, </key>
<key name="choic"> 66,17,90,70, </key>
<key name="choos"> 76,118,80,25,41,81,8,10,83,28,66,67,32,100,102,38,103,113,89,115,143,144,129,34,72,77,85,93,94,121, </key>
<key name="chos"> 144, </key>
<key name="chosen"> 4,42, </key>
<key name="cisco"> 149, </key>
<key name="claim"> 115, </key>
<key name="classification"> 121, </key>
<key name="classify"> 118,79,84,121, </key>
<key name="clear"> 85, </key>
<key name="click"> 75,69,149,0,1,2,55,128,50,3,141,123,31,56,131,76,118,39,40,78,57,124,80,135,134,58,59,125,7,25,41,81,26,136,8,10,126,27,83,119,11,12,13,28,29,14,66,120,84,42,99,32,15,60,139,36,100,86,127,142,102,43,38,103,33,16,96,112,113,104,105,89,107,17,145,52,90,44,132,114,18,19,108,21,143,144,129,61,34,72,53,92,130,77,85,93,94,22,70,146,46,47,62,49,121,35,63,23,147,73,74, </key>
<key name="clickabl"> 70, </key>
<key name="client"> 69,149,141,131,40,78,79,80,133,59,98,84,30,139,100,102,88,90,132,144,70,48,116,64,74,87,95, </key>
<key name="clip"> 97,40,36,102,63, </key>
<key name="clos"> 58,139,36,38,16,144,146,49, </key>
<key name="cod"> 4,40,5,98,112,113, </key>
<key name="collaboration"> 69,80,139,96,144,64, </key>
<key name="collective"> 67, </key>
<key name="colon"> 136,10,112,89,34,72,121, </key>
<key name="color"> 128,50,3,56,4,5,58,125,7,41,98,71,60,144,48,49,63, </key>
<key name="column"> 56,5,6,36,104,21,92,70,63,73, </key>
<key name="com"> 131,41,136,28,67,60,139,112,146,46,35, </key>
<key name="coma"> 144, </key>
<key name="combin"> 65,67,16, </key>
<key name="combination"> 65,95, </key>
<key name="comma"> 26,136,29,32,144,46, </key>
<key name="command"> 40,70,74, </key>
<key name="comment"> 17, </key>
<key name="commit"> 28,145, </key>
<key name="common"> 39,63,73, </key>
<key name="communicat"> 30, </key>
<key name="communication"> 69,71, </key>
<key name="company"> 2,135,7,25,26,28,30,67,43,115,35,116, </key>
<key name="company'"> 10,34,72, </key>
<key name="compar"> 66, </key>
<key name="comparison"> 111,65,66,68, </key>
<key name="complet"> 122,123,124,41,8,11,28,32,33,44,18,19,143,51,130,22,24, </key>
<key name="completion"> 122,27,46, </key>
<key name="complex"> 67,113,116, </key>
<key name="component"> 43, </key>
<key name="compos"> 69,2,131,39,57,58,41,136,27,84,42,140,107,90,44,132,91,144,61,53,85,146,47,48,35,63,24,74, </key>
<key name="compound"> 63, </key>
<key name="compres"> 40, </key>
<key name="compression"> 40, </key>
<key name="comput"> 149,55,40,78,133,41,139,102,144,73, </key>
<key name="computer"> 40,102, </key>
<key name="concern"> 43, </key>
<key name="condition"> 111,65,66,67, </key>
<key name="conferenc"> 18, </key>
<key name="confidential"> 19, </key>
<key name="configur"> 69,141,56,131,40,80,134,41,136,138,139,140,142,43,96,20,144,129,85,63, </key>
<key name="configuration"> 135,136,84,144, </key>
<key name="confirm"> 0,135, </key>
<key name="confirmation"> 55,128,50,3,41,12,73, </key>
<key name="conflict"> 20,73, </key>
<key name="connect"> 141, </key>
<key name="connection"> 141,131,80,139,144, </key>
<key name="consider"> 109,65,37,67,100,102,112,68, </key>
<key name="consist"> 2,30,36,43, </key>
<key name="consistent"> 63, </key>
<key name="consum"> 88, </key>
<key name="contact"> 75,122,69,141,123,31,118,97,110,135,25,41,26,8,27,28,29,65,30,137,32,71,43,33,113,106,90,18,19,115,108,144,34,85,22,45,46,121,35,116,24,74, </key>
<key name="contact'"> 71,22,46, </key>
<key name="contain"> 109,97,40,110,135,134,111,26,98,65,84,30,67,99,36,100,101,102,43,112,113,104,17,115,108,91,51,92,117,68, </key>
<key name="content"> 122,149,123,56,76,118,97,110,57,124,58,41,82,126,83,84,36,102,43,112,104,114,115,144,129,61,51,34,72,53,92,130,77,85,45,117,62,63,116,64,54,24,87, </key>
<key name="content:banana"> 112, </key>
<key name="context"> 37, </key>
<key name="continu"> 66,37,138,132,46, </key>
<key name="contradictory"> 67, </key>
<key name="control"> 76,118,87, </key>
<key name="convenienc"> 30,70, </key>
<key name="convention"> 70, </key>
<key name="conversation"> 69,31,118,79,120,37,99,71,36,100,86,38,103,104,107,90,108,144,93,22,70,121,87, </key>
<key name="convert"> 97,116, </key>
<key name="cook"> 111, </key>
<key name="copi"> 65,91,144,47,73,54, </key>
<key name="copy"> 65,143,61,51,53,85,47,54, </key>
<key name="copyright"> 148, </key>
<key name="corn"> 62, </key>
<key name="corporat"> 66,113,45,35, </key>
<key name="corporation"> 146, </key>
<key name="correct"> 123,131,40,66,144,45,49,35,63, </key>
<key name="correction"> 49, </key>
<key name="correctnes"> 25, </key>
<key name="correspond"> 140,102,144,46, </key>
<key name="could"> 40,59,81,28,65,66,37,67,102,43,113,115,61,53,146,35,73, </key>
<key name="count"> 84, </key>
<key name="couri"> 63, </key>
<key name="creat"> 75,122,69,149,0,1,2,141,123,31,56,131,4,109,118,39,40,79,134,58,59,125,7,25,41,81,26,136,8,82,10,27,12,13,65,66,84,67,32,15,60,140,127,102,112,113,90,44,114,18,19,115,144,129,61,51,34,72,53,77,85,22,146,48,62,121,63,116,23,147,73,64,54,24,74,87,95, </key>
<key name="creator"> 73, </key>
<key name="criteria"> 109,110,28,37,112,115,108, </key>
<key name="criterion"> 112, </key>
<key name="csv"> 29,32,34, </key>
<key name="ctrl"> 58, </key>
<key name="current"> 76,67,71,102,112,70,46,116,147,74,87, </key>
<key name="cursor"> 31,84,104,90,144,92,85,70,46,24, </key>
<key name="custom"> 69,81,8,83,65,37,144,87, </key>
<key name="customiz"> 55,128,3,57,8,82, </key>
<key name="d"> 46, </key>
<key name="dai"> 8, </key>
<key name="dal"> 46, </key>
<key name="dat"> 122,149,0,123,110,58,8,13,65,37,36,43,112,18,19,20,115,144,130,22,116,147,73,74, </key>
<key name="data"> 113, </key>
<key name="databas"> 63, </key>
<key name="david"> 46, </key>
<key name="day"> 0,1,2,4,5,6,8,37,139,16,88,18,144,85,23,74, </key>
<key name="day'"> 6, </key>
<key name="db"> 46, </key>
<key name="dbrink"> 46, </key>
<key name="dd"> 112, </key>
<key name="de"> 76, </key>
<key name="decemb"> 115, </key>
<key name="decid"> 42, </key>
<key name="declin"> 128,50,9,10,17,20, </key>
<key name="decreas"> 70, </key>
<key name="ded"> 46, </key>
<key name="deep"> 5, </key>
<key name="default"> 122,1,131,80,133,134,58,25,41,82,12,29,65,84,30,99,139,140,36,112,104,105,107,145,114,91,144,85,93,46,48,73,24, </key>
<key name="defaulttim"> 144, </key>
<key name="defin"> 75,122,2,56,110,134,41,81,67,36,89,115,144,129, </key>
<key name="definition"> 115,121, </key>
<key name="delegat"> 69,1,51, </key>

</ftswdata>  
