<?xml version='1.0' encoding='windows-1252' ?>
<ftswdata>
<key name="0"> 103, </key>
<key name="01"> 42, </key>
<key name="05"> 103, </key>
<key name="1"> 42,83,86,102, </key>
<key name="10"> 99, </key>
<key name="100"> 99, </key>
<key name="11"> 83, </key>
<key name="12"> 42,83,103, </key>
<key name="1212"> 101, </key>
<key name="123"> 83, </key>
<key name="12k"> 83, </key>
<key name="19"> 103, </key>
<key name="2"> 86, </key>
<key name="20"> 38, </key>
<key name="2005"> 42,36,83,102, </key>
<key name="2006"> 103, </key>
<key name="22"> 71, </key>
<key name="25"> 99, </key>
<key name="3"> 83,103, </key>
<key name="30"> 17,8,30,83, </key>
<key name="303"> 101, </key>
<key name="4"> 16, </key>
<key name="5"> 1,71,16,99, </key>
<key name="50"> 99, </key>
<key name="555"> 101, </key>
<key name="7"> 1,4, </key>
<key name="9"> 83, </key>
<key name="abbreviation"> 39, </key>
<key name="ability"> 0, </key>
<key name="abl"> 32,69,33,99, </key>
<key name="abov"> 4,29,83, </key>
<key name="absenc"> 44, </key>
<key name="accept"> 1,3,4,10,70,15,19,40, </key>
<key name="acces"> 1,3,52,10,97,78,65,91,59, </key>
<key name="accord"> 53, </key>
<key name="account"> 56,97,98,100,99, </key>
<key name="acm"> 25,83,101,38,28, </key>
<key name="acrobat"> 33, </key>
<key name="acros"> 28, </key>
<key name="action"> 51,42,43,90,44,15,62,47, </key>
<key name="activ"> 52,43,44,47, </key>
<key name="activat"> 73, </key>
<key name="activiti"> 0,1,4,6,7,10,5, </key>
<key name="activity"> 0,96,5, </key>
<key name="actual"> 33,36, </key>
<key name="ad"> 2,3,27,4,17,83,76,15,99,19,101,38,39,28, </key>
<key name="add"> 2,27,88,32,13,22,23,34,17,8,43,35,26,15,62,16,99,101,39,28,5, </key>
<key name="addition"> 80,54,8,68,57, </key>
<key name="additional"> 27,22,7,23,17,8,42,26,44,16,47,101, </key>
<key name="addres"> 2,27,81,22,23,34,17,8,10,24,25,42,26,44,97,98,73,36,83,84,76,62,16,79,18,99,19,92,47,38,39,28,87,59, </key>
<key name="addresse"> 35,39, </key>
<key name="administration"> 33,57,48, </key>
<key name="administrator"> 69,33,52,81,94,22,95,96,97,49,73,68,83,60,99,57,67,92,48, </key>
<key name="adob"> 80,33,86, </key>
<key name="advanc"> 46,81,83,87, </key>
<key name="advantag"> 22, </key>
<key name="advis"> 34, </key>
<key name="affect"> 100, </key>
<key name="again"> 32,96,85, </key>
<key name="aid"> 91,87, </key>
<key name="aka"> 57,48, </key>
<key name="allow"> 52,81,42,44,83,84,62,87, </key>
<key name="allowabl"> 83, </key>
<key name="almost"> 73, </key>
<key name="alon"> 84, </key>
<key name="along"> 53,74,60, </key>
<key name="already"> 88,96, </key>
<key name="alternative"> 88, </key>
<key name="although"> 84, </key>
<key name="alway"> 4,70,97,73,83,93,79,99,57,101,38,20,28, </key>
<key name="am"> 17,8,102, </key>
<key name="amb"> 83, </key>
<key name="amount"> 96,60, </key>
<key name="angl"> 76, </key>
<key name="animation"> 33, </key>
<key name="anoth"> 50,3,51,33,52,53,22,54,55,56,30,44,58,98,77,62,93,85,86,99,57,92,40,91,48, </key>
<key name="any"> 0,27,80,88,33,81,6,22,34,17,8,41,10,12,89,42,43,56,44,96,73,36,14,68,83,84,61,76,15,100,93,16,79,63,99,64,57,19,39,91,87,5,45,48,59, </key>
<key name="anyon"> 34, </key>
<key name="anyway"> 34, </key>
<key name="anywher"> 84,91, </key>
<key name="ap"> 51,88,22,42,43,44,62,93,91, </key>
<key name="appear"> 0,27,80,88,32,94,22,82,34,17,8,24,25,42,43,35,26,30,44,71,97,72,58,73,36,14,31,74,83,84,75,76,62,16,86,18,101,38,39,20,91,28, </key>
<key name="appli"> 51,88,42,43,30,44,83,86,91, </key>
<key name="application"> 1,33,52,21,94,44,97,73,36,93,99,38,59, </key>
<key name="apply"> 51,99, </key>
<key name="appointment"> 0,2,1,46,13,7,17,8,11,15,16,18,99,19,38,20, </key>
<key name="appropriat"> 32,73,15, </key>
<key name="archiv"> 68, </key>
<key name="area"> 2,10,25,56,84,16,86,79,59, </key>
<key name="around"> 83, </key>
<key name="arriv"> 81,43,57, </key>
<key name="arrow"> 0,23,17,54,8,25,29,84,16,86,79,64,65,66,47,38,91,87, </key>
<key name="ascend"> 64, </key>
<key name="ask"> 30,73,36,93, </key>
<key name="assign"> 88,94, </key>
<key name="associat"> 27,44, </key>
<key name="assum"> 33,86, </key>
<key name="assur"> 99, </key>
<key name="asterisk"> 87,45, </key>
<key name="atom"> 54,65, </key>
<key name="attach"> 32,33,73,86,19, </key>
<key name="attachment"> 46,80,32,69,33,81,13,34,17,8,42,35,44,29,49,73,36,83,84,60,76,15,16,86,79,99,19,87, </key>
<key name="attack"> 49, </key>
<key name="attende"> 0,2,46,13,17,8,11,12,16,18,99,19,38,20, </key>
<key name="attribut"> 83, </key>
<key name="audio"> 87, </key>
<key name="august"> 102, </key>
<key name="authenticat"> 97, </key>
<key name="auto"> 22,24,99,102, </key>
<key name="autocomplet"> 38, </key>
<key name="automat"> 57,48, </key>
<key name="automatic"> 71,60,101,38, </key>
<key name="automatical"> 27,33,53,22,54,12,42,43,71,96,36,68,77,76,15,99,57,67,101,102,48, </key>
<key name="availability"> 17,8,16,18, </key>
<key name="availabl"> 0,4,23,24,26,99,101,38,28,59, </key>
<key name="away"> 102, </key>
<key name="b"> 83, </key>
<key name="back"> 3,52,72,93,47,40, </key>
<key name="background"> 70, </key>
<key name="backslash"> 45, </key>
<key name="bad"> 92, </key>
<key name="ban"> 0,60,16, </key>
<key name="bana"> 82, </key>
<key name="banana"> 82,42,83,87,45, </key>
<key name="bananafloat"> 45, </key>
<key name="bananasboat"> 45, </key>
<key name="bandanna"> 45, </key>
<key name="bar"> 80,17,8,25,60,85,16,18,47,5,59, </key>
<key name="basi"> 55, </key>
<key name="basic"> 80,81,86, </key>
<key name="bcc"> 27,34,35,84,99,38,39,28, </key>
<key name="be"> 42,44, </key>
<key name="becom"> 2,17,36,19,38,5, </key>
<key name="befor"> 3,81,42,83,84,76,15,93,86,99,65,57,40,28,45,48, </key>
<key name="begin"> 30,62,38, </key>
<key name="behalf"> 10, </key>
<key name="behav"> 47,38, </key>
<key name="behavior"> 38, </key>
<key name="below"> 34,38,59, </key>
<key name="beneath"> 86, </key>
<key name="beta"> 103, </key>
<key name="billybob"> 38, </key>
<key name="blank"> 34, </key>
<key name="blind"> 39, </key>
<key name="block"> 69,33,49, </key>
<key name="blu"> 4, </key>
<key name="boat"> 45, </key>
<key name="bob"> 38, </key>
<key name="body"> 81,34,70,42,35,44,36,83,84,75,76,86,99,101,87, </key>
<key name="bold"> 56,71,29,72, </key>
<key name="book"> 22,23,73,84,28, </key>
<key name="bos"> 44, </key>
<key name="both"> 80,82,58,86,45, </key>
<key name="bottom"> 66, </key>
<key name="bounc"> 60,92, </key>
<key name="box"> 80,81,22,34,70,25,43,44,29,84,86,79,99,66,47,101,38,28,87,102,5,59, </key>
<key name="boxman"> 80, </key>
<key name="br"> 39, </key>
<key name="bracket"> 76, </key>
<key name="breakfast"> 82, </key>
<key name="brink"> 38, </key>
<key name="brows"> 32,33,52,97,73,74,93,47,59, </key>
<key name="browser"> 33,52, </key>
<key name="budget"> 86, </key>
<key name="build"> 80,81,85,86,79,87, </key>
<key name="built"> 53, </key>
<key name="bullet"> 70, </key>
<key name="busines"> 101, </key>
<key name="busy"> 2,1,46,17,8,16,18,5, </key>
<key name="button"> 50,33,52,23,17,54,8,97,36,100,62,93,16,86,79,65,47,101,39,28,59, </key>
<key name="byt"> 81,83, </key>
<key name="cal"> 80,44,83,86,28, </key>
<key name="calendar"> 0,2,1,46,3,4,6,13,21,7,17,8,9,10,11,12,14,15,78,16,99,19,38,20,5,59, </key>
<key name="california"> 17,8, </key>
<key name="cancel"> 11, </key>
<key name="cannot"> 50,69,22,54,10,55,42,26,74,68,83,77,62,57,92,87, </key>
<key name="capitalization"> 42, </key>
<key name="car"> 73,36, </key>
<key name="carbon"> 39, </key>
<key name="card"> 22, </key>
<key name="cas"> 42,73,83,77,38,87, </key>
<key name="casserol"> 42,45, </key>
<key name="categori"> 88, </key>
<key name="categoriz"> 53, </key>
<key name="caus"> 80,76,93,99,38, </key>
<key name="cc"> 27,80,81,34,42,35,83,84,76,99,19,38,39,28, </key>
<key name="certain"> 0,33,81,53,42,49,83,60,57,92,38,91,48, </key>
<key name="chanc"> 73, </key>
<key name="chang"> 1,4,6,13,21,94,22,34,17,8,41,10,70,25,30,44,29,72,75,76,100,93,79,63,99,66,19,47,38,20,40,87,59, </key>
<key name="charact"> 44,61,76,91,45, </key>
<key name="character"> 94,83,38,87,45, </key>
<key name="characteristic"> 46,53,44,49, </key>
<key name="charg"> 30, </key>
<key name="check"> 3,80,52,81,7,23,34,54,70,43,44,71,49,98,16,86,99,65,101,40,102,5, </key>
<key name="choic"> 43,15,62,47, </key>
<key name="choos"> 1,51,88,21,94,23,34,54,8,55,25,43,44,97,72,73,31,74,84,60,61,86,99,57,66,67,91,48,59, </key>
<key name="chooser"> 52, </key>
<key name="chos"> 99, </key>
<key name="chosen"> 4,35, </key>
<key name="claim"> 86, </key>
<key name="classification"> 91, </key>
<key name="classify"> 88,53,56,91, </key>
<key name="clear"> 57,48, </key>

</ftswdata>  
