<?xml version='1.0' encoding='windows-1252' ?>
<ftswdata>
<key name="web"> 32,20,78,38,39,21,80,42,30,43,83,16,58,47,49,71,85,52,33,46, </key>
<key name="week"> 0,66,1,85, </key>
<key name="weight"> 23, </key>
<key name="welcom"> 32, </key>
<key name="well"> 32,9,42,59,60,49,71,87, </key>
<key name="what"> 19,29,17,23,70,85,33,25,46, </key>
<key name="whatev"> 9,72, </key>
<key name="whenev"> 84,54, </key>
<key name="wherea"> 22,15, </key>
<key name="wheth"> 20,3,1,75,82,59,85,51,72, </key>
<key name="whit"> 13,31, </key>
<key name="whol"> 11,68,71, </key>
<key name="whom"> 21,67, </key>
<key name="whos"> 32,20,35,67,25,31, </key>
<key name="why"> 22,77, </key>
<key name="wid"> 20, </key>
<key name="wide"> 20, </key>
<key name="widget"> 87, </key>
<key name="wildcard"> 27,28,71,31, </key>
<key name="will"> 37,73,19,55,20,78,38,7,1,56,80,29,17,30,23,60,67,63,62,69,6,71,77,33,87,25,26,15,72,88,31,34,46, </key>
<key name="window"> 20,78,66,21,1,10,22,83,45,18,60,61,62,6,70,33,87,72, </key>
<key name="winzip"> 20, </key>
<key name="wish"> 40,24, </key>
<key name="within"> 64,20,78,38,66,27,21,29,42,13,17,30,57,16,58,45,18,60,67,61,49,70,71,15, </key>
<key name="without"> 0,38,28,68,6,70,26, </key>
<key name="wmv"> 20, </key>
<key name="won"> 77, </key>
<key name="word"> 64,19,55,20,66,11,28,29,30,59,67,68,71,72, </key>
<key name="wordpad"> 20, </key>
<key name="work"> 0,78,38,8,17,30,82,70,71,85,77, </key>
<key name="workgroup"> 70, </key>
<key name="workspac"> 46, </key>
<key name="workstation"> 20,59, </key>
<key name="would"> 64,73,27,9,28,17,30,67,68,70,71,85, </key>
<key name="writ"> 87, </key>
<key name="written"> 62, </key>
<key name="x"> 64, </key>
<key name="x111"> 87, </key>
<key name="xl"> 20,70, </key>
<key name="xyz"> 25, </key>
<key name="y"> 64, </key>
<key name="yahoo"> 30, </key>
<key name="year"> 1,70, </key>
<key name="yes"> 75, </key>
<key name="york"> 7,1, </key>
<key name="your"> 36,0,32,14,19,55,20,78,38,66,39,3,79,8,9,21,40,11,80,28,29,42,12,13,17,30,57,4,81,82,43,83,44,16,35,84,59,23,60,54,67,68,47,61,62,5,86,49,24,69,6,70,71,65,50,85,51,53,77,33,87,25,26,76,15,72,34,46, </key>
<key name="yourself"> 6,87, </key>
<key name="yyyy"> 28,67, </key>
<key name="zero"> 31, </key>
<key name="zimbra"> 0,32,55,20,78,38,66,39,21,80,42,13,30,81,82,43,83,16,58,35,84,59,54,67,68,47,86,49,71,85,52,53,33,15,72,34,46, </key>
<key name="zip"> 55,20,35,59, </key>
<key name="zon"> 7,1,85, </key>

</ftswdata>  
