<?xml version='1.0' encoding='windows-1252' ?>
<ftswdata>
<key name="0"> 101, </key>
<key name="01"> 40, </key>
<key name="05"> 101, </key>
<key name="1"> 40,80,83,100, </key>
<key name="10"> 101, </key>
<key name="11"> 80,101, </key>
<key name="12"> 40,80, </key>
<key name="1212"> 99, </key>
<key name="123"> 80, </key>
<key name="12k"> 80, </key>
<key name="2"> 83, </key>
<key name="20"> 36, </key>
<key name="2005"> 40,34,80,100,101, </key>
<key name="22"> 70, </key>
<key name="25"> 97, </key>
<key name="3"> 80,101, </key>
<key name="30"> 16,8,28,80, </key>
<key name="303"> 99, </key>
<key name="4"> 15, </key>
<key name="5"> 1,15, </key>
<key name="555"> 99, </key>
<key name="7"> 1,4, </key>
<key name="9"> 80, </key>
<key name="abbreviation"> 37, </key>
<key name="ability"> 0, </key>
<key name="abl"> 30,68,31,76,97, </key>
<key name="abov"> 4,40,80, </key>
<key name="absenc"> 42, </key>
<key name="accept"> 1,3,4,10,14,38, </key>
<key name="acces"> 1,3,50,32,10,95,64,89,58, </key>
<key name="accord"> 51, </key>
<key name="account"> 54,96,98,97, </key>
<key name="acm"> 22,80,99,36,26, </key>
<key name="acrobat"> 31, </key>
<key name="acros"> 26, </key>
<key name="action"> 49,40,41,88,42,14,61,45, </key>
<key name="activ"> 50,42,45, </key>
<key name="activat"> 72, </key>
<key name="activiti"> 0,1,4,6,7,10,5, </key>
<key name="activity"> 0,4,6,94,5, </key>
<key name="actual"> 31,34, </key>
<key name="ad"> 2,3,25,4,30,80,75,14,99,37,26, </key>
<key name="add"> 2,25,86,30,13,19,20,32,16,8,41,33,24,14,61,15,97,45,99,37,26,5, </key>
<key name="addition"> 77,52,8,67, </key>
<key name="additional"> 25,19,7,20,16,8,40,24,15,45,99, </key>
<key name="addres"> 2,25,79,19,20,32,16,8,10,21,22,40,23,24,42,95,96,72,34,80,81,75,61,15,78,97,90,45,36,37,26,85,58, </key>
<key name="addresse"> 33,37, </key>
<key name="administration"> 31,46, </key>
<key name="administrator"> 68,31,50,79,92,19,93,94,95,47,72,67,80,59,97,66,90,46, </key>
<key name="adob"> 77,31,83, </key>
<key name="advanc"> 44,79,80,85, </key>
<key name="advantag"> 19, </key>
<key name="advis"> 32, </key>
<key name="affect"> 98, </key>
<key name="again"> 30,94,82,90,85, </key>
<key name="aid"> 89,85, </key>
<key name="aka"> 46, </key>
<key name="allow"> 50,79,40,42,70,80,61,85, </key>
<key name="allowabl"> 80, </key>
<key name="almost"> 72, </key>
<key name="alon"> 81, </key>
<key name="along"> 51,73,59,37,43, </key>
<key name="already"> 86,94, </key>
<key name="alternative"> 86,37, </key>
<key name="although"> 81, </key>
<key name="alway"> 4,91,95,72,80,81,78,97,99,17,26, </key>
<key name="am"> 16,8,100, </key>
<key name="amb"> 80, </key>
<key name="amount"> 94,59, </key>
<key name="angl"> 75, </key>
<key name="animation"> 31, </key>
<key name="anoth"> 48,3,49,31,91,50,51,19,52,53,54,28,42,27,57,96,76,61,82,83,97,90,38,89, </key>
<key name="any"> 77,0,25,49,86,31,91,79,6,19,16,52,8,10,12,53,87,69,40,41,42,70,94,56,27,72,34,67,80,81,60,75,14,98,15,84,78,62,97,63,99,37,89,5,43,46,58, </key>
<key name="anyon"> 32, </key>
<key name="anyway"> 32, </key>
<key name="anywher"> 32,81,89, </key>
<key name="ap"> 49,86,91,19,40,41,42,61,89, </key>
<key name="appear"> 77,0,25,86,30,92,19,39,32,16,8,21,22,40,41,24,28,42,70,95,71,57,72,34,29,73,80,81,74,75,61,35,15,83,65,99,36,37,17,89,26, </key>
<key name="appli"> 49,86,40,41,28,42,80,83,89, </key>
<key name="application"> 1,31,91,50,18,92,42,55,95,72,97,58, </key>
<key name="apply"> 49, </key>
<key name="appointment"> 0,2,1,44,13,7,16,8,11,14,15,97,17, </key>
<key name="appropriat"> 30,72,14, </key>
<key name="archiv"> 67, </key>
<key name="area"> 2,19,10,22,54,42,81,15,83,78,58, </key>
<key name="around"> 86,80,97, </key>
<key name="arriv"> 79,70, </key>
<key name="arrow"> 0,20,16,52,8,22,81,15,83,78,63,64,65,45,89,85, </key>
<key name="ascend"> 63, </key>
<key name="ask"> 91,28,72,34, </key>
<key name="assign"> 92, </key>
<key name="associat"> 25,42,27, </key>
<key name="assum"> 31,83, </key>
<key name="asterisk"> 43, </key>
<key name="atom"> 64, </key>
<key name="attach"> 30,31,83,97, </key>
<key name="attachment"> 77,2,44,30,68,31,79,13,32,16,8,40,33,42,27,47,72,34,80,81,59,75,14,15,83,84,78,85, </key>
<key name="attack"> 47, </key>
<key name="attende"> 0,2,44,13,16,8,11,12,15,17, </key>
<key name="attribut"> 80, </key>
<key name="audio"> 80,84, </key>
<key name="august"> 100, </key>
<key name="authenticat"> 95, </key>
<key name="auto"> 19,21,97,36,100, </key>
<key name="automat"> 46, </key>
<key name="automatic"> 59, </key>
<key name="automatical"> 25,31,51,19,32,12,40,41,94,34,67,76,75,14,97,66,99,100,46, </key>
<key name="availability"> 16,8,15, </key>
<key name="availabl"> 0,4,20,21,24,26,58, </key>
<key name="away"> 100, </key>
<key name="b"> 80, </key>
<key name="back"> 3,91,50,71,45,38, </key>
<key name="backslash"> 43, </key>
<key name="bad"> 90, </key>
<key name="ban"> 0,59,15,58, </key>
<key name="bana"> 39, </key>
<key name="banana"> 39,40,80,84,43, </key>
<key name="bananafloat"> 43, </key>
<key name="bananasboat"> 43, </key>
<key name="bandanna"> 43, </key>
<key name="bar"> 77,16,8,22,59,82,15,45,5,58, </key>
<key name="basi"> 53, </key>
<key name="basic"> 77,79,83, </key>
<key name="bcc"> 25,79,32,40,33,81,97,36,37,26, </key>
<key name="be"> 40,42,85, </key>
<key name="becom"> 2,16,36,5, </key>
<key name="befor"> 3,91,79,40,56,80,81,75,14,83,97,38,26,43,46, </key>
<key name="begin"> 28,61, </key>
<key name="begun"> 36, </key>
<key name="behalf"> 10, </key>
<key name="behav"> 45, </key>
<key name="below"> 86,32,58, </key>
<key name="beneath"> 83, </key>
<key name="beta2"> 101, </key>
<key name="blank"> 32, </key>
<key name="blind"> 37, </key>
<key name="block"> 68,31,47, </key>
<key name="blu"> 4, </key>
<key name="boat"> 43, </key>
<key name="body"> 79,32,40,33,42,34,80,81,74,75,83,84,99, </key>
<key name="bold"> 27,71, </key>
<key name="boldfac"> 54,70, </key>
<key name="book"> 19,20,72,81,26, </key>
<key name="bos"> 42, </key>
<key name="both"> 77,39,57,83,43, </key>
<key name="bottom"> 65, </key>
<key name="bounc"> 32,59,90, </key>
<key name="box"> 77,79,32,22,42,81,83,78,97,45,99,36,26,85,100,5,58, </key>
<key name="boxman"> 77, </key>
<key name="br"> 37, </key>
<key name="bracket"> 75, </key>
<key name="breakfast"> 39, </key>
<key name="brink"> 36, </key>
<key name="brought"> 89, </key>
<key name="brown"> 36, </key>
<key name="brows"> 30,31,91,50,95,72,73,45,58, </key>
<key name="browser"> 31,50, </key>
<key name="budget"> 83, </key>
<key name="build"> 77,79,54,82,83,78,85, </key>
<key name="built"> 51, </key>
<key name="busines"> 99, </key>
<key name="busy"> 2,1,44,16,8,15,5, </key>
<key name="button"> 48,86,91,50,20,16,52,8,41,95,34,98,61,15,83,78,64,65,45,99,37,26,85,58, </key>
<key name="byt"> 79,80, </key>
<key name="cal"> 77,42,80,83,26, </key>
<key name="calendar"> 0,2,1,44,3,4,6,13,18,7,16,8,9,10,11,12,14,15,97,17,5,58, </key>
<key name="california"> 16,8, </key>
<key name="cannot"> 48,19,32,52,10,53,40,24,55,73,80,84,90, </key>
<key name="capitalization"> 40, </key>
<key name="car"> 72,34, </key>
<key name="carbon"> 37, </key>
<key name="card"> 19, </key>
<key name="cas"> 40,94,72,80,76,84,97,36, </key>
<key name="casserol"> 40,43, </key>
<key name="categori"> 86, </key>
<key name="categoriz"> 51, </key>
<key name="caus"> 77,91,75,97, </key>
<key name="cc"> 77,25,79,32,40,33,80,81,75,97,36,37,26, </key>
<key name="certain"> 0,31,79,51,40,47,80,59,90,89,46, </key>
<key name="chanc"> 72, </key>
<key name="chang"> 1,4,91,6,13,18,92,19,32,16,8,10,22,28,42,55,71,74,75,98,84,78,62,97,65,45,38,85,58, </key>
<key name="charact"> 42,60,75,89,43, </key>
<key name="character"> 92,80,84,36,43, </key>
<key name="characteristic"> 44,51,42,47, </key>
<key name="charg"> 28, </key>
<key name="check"> 77,3,50,79,7,20,42,47,96,15,83,64,99,38,100,5, </key>
<key name="choic"> 41,14,61,45, </key>
<key name="choos"> 1,49,86,18,92,20,32,52,8,53,22,40,41,42,55,95,71,72,29,73,81,59,60,83,97,65,66,37,89,46,58, </key>
<key name="chooser"> 50, </key>
<key name="chosen"> 4, </key>
<key name="claim"> 83, </key>
<key name="classification"> 89, </key>
<key name="classify"> 86,51,54,89, </key>
<key name="clear"> 46, </key>
<key name="click"> 0,48,2,1,3,25,49,86,30,31,91,13,18,92,19,7,20,32,16,52,8,10,21,11,12,53,87,22,41,88,33,42,95,56,27,71,57,96,72,34,29,73,80,81,59,74,60,75,14,98,61,35,82,15,78,63,64,65,66,45,99,36,37,17,38,89,26,85,100,46,58, </key>
<key name="clickabl"> 45, </key>
<key name="client"> 44,31,91,50,51,32,10,54,42,55,95,27,71,59,61,84,97,65,45,58, </key>
<key name="clip"> 31, </key>
<key name="clos"> 91,18,95,29,38, </key>
<key name="cod"> 4,31,69,81,97,5, </key>
<key name="collaboration"> 44,67, </key>
<key name="collection"> 56, </key>
<key name="collective"> 42, </key>

</ftswdata>  
