<?xml version='1.0' encoding='windows-1252' ?>
<ftswdata>
<key name="inlin"> 85, </key>
<key name="input"> 57, </key>
<key name="insensitiv"> 57,100, </key>
<key name="insert"> 46,41,52,54,55, </key>
<key name="insid"> 70, </key>
<key name="instal"> 38,91, </key>
<key name="install"> 38, </key>
<key name="instanc"> 97,98,14,12,16,103, </key>
<key name="instead"> 54,55, </key>
<key name="instruction"> 11, </key>
<key name="integrat"> 0,73,76, </key>
<key name="interact"> 0,73,65, </key>
<key name="interest"> 44, </key>
<key name="interfac"> 73,100,77,79,111,119,62, </key>
<key name="internal"> 38,100,51,32,55, </key>
<key name="internet"> 68,39,41,94,111,119, </key>
<key name="interpret"> 1,57, </key>
<key name="interval"> 89,119, </key>
<key name="invit"> 3,18,13,19,22, </key>
<key name="invitation"> 1,3,2,18,9,10,11,16,17,105,32,21, </key>
<key name="isn"> 74,63, </key>
<key name="issu"> 110, </key>
<key name="italic"> 55, </key>
<key name="item"> 66,97,67,106,38,69,14,99,72,107,108,73,59,50,75,91,100,101,79,103,96,119,74,84,62,109,104,85, </key>
<key name="itself"> 60, </key>
<key name="j"> 85, </key>
<key name="jan"> 59, </key>
<key name="january"> 100, </key>
<key name="jdo"> 50, </key>
<key name="jo"> 100,33, </key>
<key name="job"> 24, </key>
<key name="john"> 100,121, </key>
<key name="jpeg"> 97,38,91,103, </key>
<key name="jpg"> 37,38, </key>
<key name="js123"> 33, </key>
<key name="jsmith"> 33, </key>
<key name="junk"> 73,79,119,74,63,76,85, </key>
<key name="just"> 31,101,94,103, </key>
<key name="kb"> 98,100, </key>
<key name="keep"> 8,57,77,118,52,55, </key>
<key name="key"> 43,85, </key>
<key name="keyboard"> 65,85, </key>
<key name="keyword"> 48,100,101,54,55,104, </key>
<key name="kilobyt"> 100, </key>
<key name="know"> 18,9,40,50,17,51,52,43,53,54,33, </key>
<key name="known"> 18,9,91,17,20,122, </key>
<key name="l"> 85, </key>
<key name="label"> 69, </key>
<key name="languag"> 100,101,119,104, </key>
<key name="larg"> 98,57,108,64,100,77,74,63, </key>
<key name="last"> 1,98,24,39,26,35,59,30,41,100,101,43,123, </key>
<key name="launch"> 0,38, </key>
<key name="layout"> 46,48,88,55, </key>
<key name="leaf"> 57,60, </key>
<key name="learn"> 101,104, </key>
<key name="least"> 100,110,44, </key>
<key name="leav"> 0,67,57,59,116,111, </key>
<key name="left"> 67,106,112,73,116,75,101,95,74,83,84,62,33,104,6,76,85, </key>
<key name="length"> 115,119, </key>
<key name="lenient"> 41, </key>
<key name="les"> 108, </key>
<key name="let"> 2,0,38,39,9,73,119,44,54,55,104,6,23, </key>
<key name="letter"> 54, </key>
<key name="level"> 66,49,70,77,119,55, </key>
<key name="lick"> 93, </key>
<key name="lik"> 71,26,41,119, </key>
<key name="like"> 35,59, </key>
<key name="limit"> 98,77,23, </key>
<key name="lin"> 29,97,37,38,69,99,39,57,40,35,34,41,101,93,94,119,60, </key>
<key name="link"> 87,38,48,9,11,88,50,82,52,62,54,55,56,76, </key>
<key name="list"> 66,3,4,29,67,106,98,8,24,39,18,70,9,11,25,13,27,58,108,28,35,59,30,50,34,41,31,101,93,16,79,17,103,96,119,51,32,82,74,21,110,62,43,44,109,33,55,104,6,23,76, </key>
<key name="literal"> 104, </key>
<key name="local"> 77,118, </key>
<key name="locat"> 37,69,30, </key>
<key name="location"> 3,18,70,9,34,75,91,17,19,20,83,22,76, </key>
<key name="log"> 68,71,89,115,116,77,120,119,74,76, </key>
<key name="login"> 116, </key>
<key name="long"> 47,25,86,77,95,62,44, </key>
<key name="look"> 5,39,57,89,77, </key>
<key name="los"> 41,111, </key>
<key name="lot"> 117, </key>
<key name="low"> 93,96,62, </key>
<key name="lowercas"> 54, </key>
<key name="m"> 57,85, </key>
<key name="macintosh"> 68, </key>
<key name="mail"> 66,61,4,29,37,38,68,69,112,49,24,39,71,25,88,57,58,108,73,40,35,59,89,116,34,90,117,91,41,92,100,101,77,93,95,94,79,42,111,103,80,118,119,51,32,74,84,110,62,121,44,109,33,122,63,65,76,85, </key>
<key name="mailbox"> 5,70,71,59,34,117,77,118,119,105,82,83,110,55,76, </key>
<key name="main"> 60, </key>
<key name="maintain"> 28,55, </key>
<key name="majority"> 91, </key>
<key name="mak"> 1,0,97,14,11,88,26,100,101,16,96,51,105,32,54,22,55,104, </key>
<key name="malform"> 57, </key>
<key name="man"> 43, </key>
<key name="manag"> 2,61,47,11,34,51,105,32, </key>
<key name="manageabl"> 77, </key>
<key name="management"> 58, </key>
<key name="manual"> 74,84, </key>
<key name="mark"> 67,57,73,59,90,94,16,79,60,85, </key>
<key name="marketingwikipag"> 54, </key>
<key name="markup"> 119, </key>
<key name="martin"> 97, </key>
<key name="match"> 3,97,38,99,18,9,26,57,58,35,59,17,96,43,104,60,23, </key>
<key name="maximum"> 115,100,23, </key>
<key name="maxm"> 100, </key>
<key name="mb"> 98,100, </key>
<key name="md5sumsafterburn"> 54, </key>
<key name="mean"> 99,57,58,35,100,119,110,6, </key>
<key name="meant"> 68, </key>
<key name="mechanism"> 0,73, </key>
<key name="media"> 38, </key>
<key name="medium"> 109, </key>
<key name="meet"> 1,3,0,97,14,18,9,11,59,16,17,19,20,32,21, </key>
<key name="meeting"> 1,3,2,61,14,18,9,11,13,15,19,20,32,21, </key>
<key name="megabyt"> 100, </key>
<key name="menu"> 29,67,106,59,90,101,79,83,62,33,85, </key>
<key name="merg"> 46, </key>
<key name="messag"> 1,66,3,2,61,0,4,29,97,106,37,87,38,98,47,69,24,39,71,10,11,72,88,57,58,108,73,40,35,59,89,34,90,64,75,91,41,36,92,86,100,101,77,93,95,94,16,79,42,111,103,96,80,118,119,51,32,81,74,83,21,110,62,121,43,44,45,109,33,104,122,23,63,65,76,85, </key>
<key name="met"> 58, </key>
<key name="method"> 69,99,58,90, </key>
<key name="microsoft"> 37,38,68,73,91,100,103,104, </key>
<key name="middl"> 111,60, </key>
<key name="might"> 98,64,100,94,111,74,43,109,60,63, </key>
<key name="migrat"> 73, </key>
<key name="mik"> 35, </key>
<key name="mini"> 1,2,98,119,21,76, </key>
<key name="minimum"> 119, </key>
<key name="minm"> 100, </key>
<key name="minut"> 89,30,119, </key>
<key name="mission"> 41, </key>
<key name="mix"> 103, </key>
<key name="mm"> 100, </key>
<key name="mod"> 88,22, </key>
<key name="modifi"> 26,55, </key>
<key name="monday"> 7, </key>
<key name="money"> 60, </key>
<key name="month"> 1,2,98,7,9,15,65, </key>
<key name="mous"> 1,66,29,67,93,79,111,81,62,43,6,23, </key>
<key name="mov"> 66,4,67,69,72,57,35,59,75,95,16,79,74,43,33,23,63,85, </key>
<key name="movabl"> 62, </key>
<key name="movi"> 38, </key>
<key name="mozilla"> 68, </key>
<key name="mpeg"> 38, </key>
<key name="mpg"> 38, </key>
<key name="much"> 77, </key>
<key name="multi"> 17, </key>
<key name="multipl"> 3,61,97,67,106,98,18,57,58,59,92,17,109,6,56,23,85, </key>
<key name="must"> 66,97,37,113,99,49,26,57,58,35,59,50,116,91,100,101,93,120,119,51,32, </key>
<key name="my"> 99,57,59,100,111,52, </key>
<key name="myra"> 116, </key>
<key name="myra123"> 116, </key>
<key name="n"> 85, </key>
<key name="nam"> 66,3,0,4,29,97,67,106,47,48,8,49,24,39,18,70,9,11,25,107,26,27,57,58,28,89,30,50,116,41,15,31,100,101,77,93,78,94,79,102,17,96,20,51,82,21,52,43,54,109,33,55,104,6,23,65,76, </key>
<key name="navigat"> 111,119,76,85, </key>
<key name="ne"> 38,18,9,116,111,51,52,22, </key>
<key name="nearest"> 57, </key>
<key name="necessary"> 9,58, </key>
<key name="need"> 37,39,108,77,33, </key>
<key name="negativ"> 59, </key>
<key name="network"> 91, </key>
<key name="nev"> 103,110, </key>
<key name="new"> 1,61,106,37,38,47,113,48,8,49,24,39,18,70,9,58,73,40,35,59,89,30,90,75,117,41,100,93,94,16,120,79,42,103,119,51,32,82,74,121,43,44,54,109,33,55,104,23,65,76,85, </key>
<key name="newest"> 93, </key>
<key name="next"> 24,18,9,57,58,73,89,34,91,41,31,93,17,103,20,83,62,44,109,85, </key>
<key name="non"> 11,57,32, </key>
<key name="nop"> 54, </key>
<key name="normal"> 57,42,55,60, </key>
<key name="not"> 0,37,38,24,18,9,116,64,100,94,103,51,32,62,104,23,65, </key>
<key name="notab"> 38, </key>
<key name="notebook"> 47,48,49,51,56, </key>
<key name="notepad"> 38, </key>
<key name="noth"> 67, </key>
<key name="notic"> 4,50,16, </key>
<key name="notifi"> 117, </key>
<key name="notification"> 38,11,64,117,77,16,119,51,32, </key>
<key name="notify"> 47,11,51, </key>
<key name="novemb"> 5, </key>
<key name="numb"> 0,38,108,73,89,30,34,100,101,77,93,94,119,74,54,23,63, </key>
<key name="number"> 98,88,62,23, </key>
<key name="nut"> 103, </key>
<key name="o"> 85, </key>
<key name="object"> 98,100,20,56, </key>
<key name="occur"> 3,115,94, </key>
<key name="occurrenc"> 14, </key>
<key name="of"> 105, </key>
<key name="off"> 68,108,59,115,116,119,83,122,76, </key>
<key name="offer"> 61,34,104,65, </key>
<key name="offic"> 3,37,20,119,104,122, </key>
<key name="often"> 38,113,119, </key>
<key name="ok"> 106,47,14,113,8,49,18,70,9,11,27,58,30,50,75,15,102,17,51,32,82,21,22,109,33,65, </key>
<key name="old"> 113,35,86,77,94, </key>
<key name="omit"> 57,119, </key>
<key name="on"> 1,66,2,61,29,5,97,67,106,38,7,69,14,8,24,70,71,25,57,58,35,59,34,75,41,15,31,100,95,19,103,119,81,110,62,43,44,22,109,60,23,65,76, </key>
<key name="onc"> 5,67,106,108,28,35,43,122, </key>

</ftswdata>  
