<?xml version='1.0' encoding='windows-1252' ?>
<ftswdata>
<key name="recipient"> 44,30,51,33,42,34,80,75,90,37,26,100, </key>
<key name="recogniz"> 31, </key>
<key name="recommend"> 72, </key>
<key name="record"> 22, </key>
<key name="recov"> 53,76, </key>
<key name="recover"> 76, </key>
<key name="recur"> 0,2,1,13,8, </key>
<key name="recurrenc"> 8, </key>
<key name="red"> 5, </key>
<key name="reduc"> 59, </key>
<key name="refer"> 97, </key>
<key name="referenc"> 31, </key>
<key name="reflect"> 16,8, </key>
<key name="refresh"> 78, </key>
<key name="regard"> 67, </key>
<key name="regardles"> 68,94,47,81,100, </key>
<key name="regular"> 53, </key>
<key name="reject"> 1,3,68,90, </key>
<key name="relat"> 28,27,81,99, </key>
<key name="relativ"> 45, </key>
<key name="releas"> 30, </key>
<key name="relevant"> 46, </key>
<key name="reliabl"> 44, </key>
<key name="reload"> 91,64, </key>
<key name="remain"> 50,67,66, </key>
<key name="rememb"> 16,8,83,100, </key>
<key name="remind"> 91, </key>
<key name="remot"> 7, </key>
<key name="remov"> 86,21,87,41,67,14,35,26, </key>
<key name="renam"> 48,55,60,61, </key>
<key name="rep"> 44,9,40,33,28,42,34,75,14,61,97,100, </key>
<key name="repeat"> 8,41,17,26, </key>
<key name="repli"> 79,28,27,75,97,100, </key>
<key name="reply"> 75, </key>
<key name="report"> 46, </key>
<key name="represent"> 54,56,74,45, </key>
<key name="request"> 9,10,14, </key>
<key name="requir"> 92,16,8,96,15, </key>
<key name="reschedul"> 0, </key>
<key name="reset"> 93,98, </key>
<key name="resid"> 72, </key>
<key name="resourc"> 59, </key>
<key name="respective"> 37, </key>
<key name="respond"> 75,14, </key>
<key name="respons"> 56,96,75,14, </key>
<key name="restor"> 98, </key>
<key name="result"> 77,40,28,78,85, </key>
<key name="resum"> 38, </key>
<key name="retriev"> 51,35, </key>
<key name="return"> 16,8,40,59,15,100, </key>
<key name="retyp"> 92, </key>
<key name="reus"> 92, </key>
<key name="revert"> 38, </key>
<key name="review"> 80,46, </key>
<key name="revok"> 10, </key>
<key name="rich"> 85, </key>
<key name="right"> 0,48,25,49,86,31,13,7,20,52,10,11,12,53,87,22,40,71,29,59,74,60,14,61,15,78,64,66,45,37,89,26,85,46, </key>
<key name="rivendell"> 83, </key>
<key name="rol"> 3,10, </key>
<key name="ros"> 36, </key>
<key name="rout"> 44, </key>
<key name="rs"> 64, </key>
<key name="rul"> 77,91,51,18,92,40,41,28,42,98,97,43, </key>
<key name="run"> 31, </key>
<key name="s"> 44,3,25,4,91,50,6,32,12,28,42,96,72,34,73,80,83,78,90,37, </key>
<key name="safari"> 50, </key>
<key name="safety"> 72, </key>
<key name="sal"> 26, </key>
<key name="sam"> 77,49,30,68,91,51,92,52,40,28,42,56,27,71,72,34,80,74,84,89,5, </key>
<key name="sash"> 45, </key>
<key name="sav"> 48,91,79,18,20,32,16,8,53,22,40,54,96,72,80,59,98,35,82,15,62,97,99,85,100, </key>
<key name="saw"> 75, </key>
<key name="say"> 97, </key>
<key name="scan"> 72, </key>
<key name="schedul"> 0,2,1,44,6,13,7,16,8,15,5, </key>
<key name="scratch"> 20, </key>
<key name="screen"> 91,41,94,95,45,58, </key>
<key name="scrol"> 29, </key>
<key name="scroll"> 96,83, </key>
<key name="se"> 1,44,68,31,7,16,8,10,54,24,94,27,71,80,74,75,14,15,97,37,85,5,58, </key>
<key name="search"> 77,48,44,86,79,51,19,21,22,41,54,23,28,42,56,80,81,61,82,83,84,78,97,65,37,26,85,43,58, </key>
<key name="second"> 30,40,41, </key>
<key name="section"> 72,98,82, </key>
<key name="security"> 68,47, </key>
<key name="select"> 77,0,2,3,4,49,86,30,68,79,6,13,19,7,20,32,16,52,8,10,21,11,12,22,40,27,57,29,73,14,82,15,83,78,97,64,65,36,37,17,38,89,26,85,5, </key>
<key name="selection"> 77,49,78,26,85, </key>
<key name="semicolon"> 16,8,80,15, </key>
<key name="send"> 0,48,44,3,30,31,51,19,32,9,10,40,33,42,72,34,29,73,80,75,14,35,83,78,90,36,37,100, </key>
<key name="sender"> 47,72, </key>
<key name="sensitiv"> 84, </key>
<key name="sent"> 0,48,2,30,79,51,13,19,16,52,8,11,40,54,24,28,56,96,34,80,59,75,14,35,15,83,62,97,64,90,37,100,58, </key>
<key name="separat"> 79,19,16,8,34,29,73,15,45, </key>
<key name="separate"> 6, </key>
<key name="sequenc"> 8,45, </key>
<key name="seri"> 13, </key>
<key name="servic"> 44, </key>
<key name="session"> 1,91,50,6,94,95, </key>
<key name="set"> 0,1,68,79,19,16,8,41,42,94,55,96,67,81,59,75,98,15,83,97,85,100, </key>
<key name="setting"> 18,56,81,98,78,85,58, </key>
<key name="seven"> 6, </key>
<key name="shar"> 1,3,4,9,10,95,56,74,5, </key>
<key name="shift"> 49,86, </key>
<key name="shop"> 52, </key>
<key name="short"> 81, </key>
<key name="shortcut"> 54,45, </key>
<key name="should"> 40,42,95,47,34,97,99, </key>
<key name="show"> 77,2,4,86,30,51,19,54,56,27,57,72,29,80,74,75,78,97,63,36,89,26,5,58, </key>
<key name="shown"> 86,41,27,71,75,58, </key>
<key name="sid"> 7,54,5,43, </key>
<key name="sign"> 99, </key>
<key name="signatur"> 32,34,75,97,99, </key>
<key name="signifi"> 4, </key>
<key name="signify"> 71, </key>
<key name="silent"> 42, </key>
<key name="similar"> 86,40,42,80,58, </key>
<key name="simp"> 94,81, </key>
<key name="simultaneous"> 86, </key>
<key name="sinc"> 75,90, </key>
<key name="singl"> 77,2,86,51,16,41,71,29,80,45, </key>
<key name="sit"> 68,91,50,47,67,64,46, </key>
<key name="siz"> 79,40,27,47,80,59,45,85, </key>
<key name="skip"> 15, </key>
<key name="slash"> 60,89,43, </key>
<key name="slid"> 30, </key>
<key name="slight"> 84, </key>
<key name="smal"> 79,40,80,36, </key>
<key name="small"> 45,58, </key>
<key name="smith"> 22,42,80,99,26, </key>
<key name="smith23"> 42, </key>
<key name="so"> 4,53,33,75,83,97, </key>
<key name="softwar"> 30,31,91,58, </key>
<key name="someon"> 31,33,83,37, </key>
<key name="someth"> 91,22,72,34, </key>
<key name="sometim"> 40,97,90,26, </key>
<key name="somewher"> 39, </key>
<key name="soon"> 78,36,85, </key>
<key name="sort"> 31,8,41,63, </key>
<key name="sortabl"> 63, </key>
<key name="sourc"> 44, </key>
<key name="south"> 84, </key>
<key name="spac"> 19,59,43, </key>
<key name="spam"> 40,54,47,34,46, </key>
<key name="span"> 28, </key>
<key name="special"> 44,31,79,41,42,84, </key>
<key name="specifi"> 77,44,79,39,8,40,41,42,67,80,66,43,46, </key>
<key name="specific"> 2,79,92,32,8,80,83,99,85,58, </key>
<key name="specify"> 77,39,40,41,42,80,83,78,97,43, </key>
<key name="spel"> 38, </key>
<key name="spell"> 38, </key>
<key name="split"> 45, </key>
<key name="spot"> 70, </key>
<key name="spread"> 31,47,72, </key>
<key name="spreadsheet"> 30,31,72,83, </key>
<key name="stand"> 37, </key>
<key name="standard"> 2,44,10,40,72,29,73,75,97,45,58, </key>
<key name="start"> 0,16,8,80,15,83,90,36,17, </key>
<key name="statement"> 34,80, </key>
<key name="statu"> 1,10,80,58, </key>
<key name="stay"> 53, </key>
<key name="step"> 32,41,15, </key>
<key name="still"> 85, </key>
<key name="stop"> 40,42, </key>
<key name="stor"> 48,40,28,27, </key>
<key name="str"> 39,41,80,84,78,97,43, </key>
<key name="straight"> 80, </key>
<key name="string"> 40,42, </key>
<key name="styl"> 32,69,75,97, </key>
<key name="subject"> 2,30,79,51,39,32,16,8,40,41,28,42,56,27,34,80,81,74,75,15,17,43, </key>
<key name="subscrib"> 64, </key>
<key name="subsequent"> 91,40,42, </key>
<key name="substitution"> 39,43, </key>
<key name="substr"> 40, </key>
<key name="substring"> 40, </key>
<key name="suggest"> 36,38, </key>
<key name="suit"> 44,67, </key>
<key name="sup"> 32,43, </key>
<key name="supervisor"> 41,42,34, </key>
<key name="support"> 31,50,40,24,59,84,85, </key>
<key name="suppos"> 77,36, </key>
<key name="sur"> 81, </key>
<key name="surround"> 43, </key>
<key name="switch"> 44,34, </key>
<key name="synchroniz"> 7, </key>
<key name="syntax"> 84, </key>
<key name="system"> 48,30,31,92,52,53,54,42,94,55,72,34,84,97,90,89,46, </key>
<key name="t"> 86,50,32,40,47,96,59,83,97,90,99,46, </key>
<key name="tab"> 1,6,18,92,19,16,8,69,41,42,96,98,15,62,97,99,100, </key>
<key name="tag"> 44,49,86,79,51,19,87,69,40,41,54,42,27,80,61,83,97,89,85, </key>
<key name="tak"> 50,51,40, </key>
<key name="task"> 91,97, </key>
<key name="technology"> 91, </key>
<key name="tell"> 70,71,74, </key>
<key name="temporari"> 47, </key>
<key name="tentativ"> 2,1,14, </key>
<key name="term"> 42, </key>
<key name="test"> 40,42, </key>
<key name="text"> 77,0,2,44,30,68,31,91,13,32,16,8,69,40,41,33,72,34,80,81,75,15,84,78,97,45,99,85,100, </key>
<key name="th"> 84, </key>
<key name="them"> 77,0,49,30,53,41,28,42,72,67,80,59,76,97,63,45,37,85,46, </key>
<key name="themselv"> 72, </key>
<key name="therefor"> 31,94,72, </key>
<key name="thing"> 59, </key>
<key name="think"> 47,82,83, </key>
<key name="thos"> 77,53,28,80,59,63,46, </key>
<key name="though"> 32, </key>
<key name="thre"> 0,31,50,19,16,8,28,80,85,43, </key>
<key name="tim"> 0,2,1,49,50,79,6,16,8,10,42,94,27,67,80,81,35,15,62,97,63,66,99,17,85,100,5,43,46,58, </key>
<key name="time"> 96, </key>
<key name="tip"> 25,19,21,74,45, </key>

</ftswdata>  
