<?xml version='1.0' encoding='windows-1252' ?>
<ftswdata>
<key name="th"> 105, </key>
<key name="them"> 0,2,130,98,67,37,72,58,35,91,101,77,96,42,18,125,107,81,74,62,105,22,63, </key>
<key name="themselv"> 109,91,125, </key>
<key name="therefor"> 38,119,91, </key>
<key name="thing"> 77, </key>
<key name="think"> 64,103,104, </key>
<key name="third"> 130,73,76, </key>
<key name="thos"> 98,35,101,77,52,74,43,111,33,63, </key>
<key name="though"> 39, </key>
<key name="thre"> 0,47,38,68,100,23,17,8,25,35,101,55,105,60, </key>
<key name="thread"> 20, </key>
<key name="ti"> 70, </key>
<key name="tim"> 0,2,1,67,68,99,6,17,8,10,59,119,120,34,41,86,101,102,15,42,16,18,19,80,125,107,32,81,74,84,20,21,105,128,5,60,63,65,76, </key>
<key name="time"> 123, </key>
<key name="tip"> 29,25,93,62,22, </key>
<key name="titl"> 23,35,81,55, </key>
<key name="toc"> 49, </key>
<key name="today"> 0,85, </key>
<key name="todo"> 71, </key>
<key name="togeth"> 35,101,54, </key>
<key name="toggl"> 83,53,85, </key>
<key name="tomorrow"> 0, </key>
<key name="too"> 57,64,41,96,62, </key>
<key name="tool"> 29,49,17,8,25,102,93,62,55,105,22, </key>
<key name="toolbar"> 0,1,47,6,49,7,23,39,17,70,24,8,25,88,89,121,122,14,101,95,16,97,82,74,127,44,53,45,111,55,63,76, </key>
<key name="top"> 0,66,50,23,70,40,16,125,52,74,21,45, </key>
<key name="topic"> 61,101,105, </key>
<key name="total"> 89,101, </key>
<key name="track"> 1,61,7,55, </key>
<key name="traditional"> 61,34,93,114,83, </key>
<key name="train"> 63, </key>
<key name="transf"> 75, </key>
<key name="trash"> 66,46,3,70,25,72,57,73,59,86,77,96,15,79,125,74,84,76,85, </key>
<key name="travel"> 125, </key>
<key name="tre"> 100, </key>
<key name="trig"> 43, </key>
<key name="trigger"> 0, </key>
<key name="troubl"> 125, </key>
<key name="truck"> 57, </key>
<key name="try"> 112, </key>
<key name="tun"> 74,63, </key>
<key name="turn"> 58,110,59,94,125,20,128, </key>
<key name="turnaround"> 111, </key>
<key name="two"> 66,67,70,8,88,28,59,34,104,125,54,33,55,105,60, </key>
<key name="txt"> 38,101, </key>
<key name="typ"> 0,66,2,130,47,113,98,37,87,38,99,7,50,39,17,70,24,8,71,10,58,73,28,59,120,64,91,101,102,95,79,114,103,16,104,97,19,125,52,107,32,82,127,43,54,33,55,105,60,22,65,85, </key>
<key name="typical"> 37,87,38, </key>
<key name="u"> 85, </key>
<key name="ui"> 125, </key>
<key name="unacceptabl"> 87, </key>
<key name="uncheck"> 113,94, </key>
<key name="undeliverabl"> 112, </key>
<key name="undergo"> 59, </key>
<key name="undo"> 12, </key>
<key name="unflag"> 99,101, </key>
<key name="uniqu"> 66,50, </key>
<key name="unknown"> 112,45, </key>
<key name="unles"> 40,41, </key>
<key name="unread"> 67,99,71,73,89,34,90,101,93,79,85, </key>
<key name="unsav"> 114, </key>
<key name="unsolicit"> 74,63, </key>
<key name="unus"> 22, </key>
<key name="unwant"> 74,63, </key>
<key name="up"> 0,113,23,39,17,117,58,59,121,122,79,114,16,18,19,125,81,62,43,44,53,45,56,22,85, </key>
<key name="updat"> 130,98,122,97,82,129, </key>
<key name="upload"> 55,56, </key>
<key name="uppercas"> 54, </key>
<key name="url"> 130,99,7,70,10,120,101,52,107,32,82,55,105, </key>
<key name="us"> 0,66,2,61,113,98,67,108,37,38,68,99,6,48,115,100,49,10,88,57,110,73,40,59,89,51,120,34,122,64,91,101,77,93,78,95,126,114,104,97,125,52,107,32,74,83,20,112,62,106,43,53,54,21,45,111,33,55,105,60,56,63,65,76,85, </key>
<key name="usag"> 77, </key>
<key name="useful"> 123,22, </key>
<key name="user"> 37,38,10,28,91,52,107,32,22, </key>
<key name="usernam"> 113, </key>
<key name="usingdocumentstyl"> 54, </key>
<key name="usual"> 38,17,8,41, </key>
<key name="v"> 85, </key>
<key name="vacation"> 101,125,128, </key>
<key name="valid"> 7,39,10,32,112, </key>
<key name="valu"> 101,102, </key>
<key name="variant"> 105, </key>
<key name="variety"> 37,38, </key>
<key name="variou"> 1,38, </key>
<key name="various"> 33, </key>
<key name="vary"> 41, </key>
<key name="ve"> 90,93,114, </key>
<key name="verifi"> 24, </key>
<key name="verify"> 112, </key>
<key name="version"> 129, </key>
<key name="versu"> 104, </key>
<key name="vertical"> 22, </key>
<key name="via"> 38,56, </key>
<key name="vic"> 127, </key>
<key name="view"> 0,2,1,61,29,4,67,87,6,48,115,7,17,8,71,10,88,73,35,89,51,34,75,91,14,36,101,93,94,15,16,19,125,52,107,32,74,83,62,21,111,5,56,22,65,76,85, </key>
<key name="viewabl"> 87,105, </key>
<key name="viru"> 64,91, </key>
<key name="virus"> 87,38,64,91, </key>
<key name="visibl"> 125,5, </key>
<key name="visit"> 76, </key>
<key name="voic"> 128, </key>
<key name="voip"> 130, </key>
<key name="vs"> 98,59,105, </key>
<key name="w"> 60,85, </key>
<key name="want"> 99,115,49,23,39,117,8,72,59,51,122,91,41,102,77,93,95,114,103,18,97,124,125,52,127,43,54,111,55,5,60,65, </key>
<key name="way"> 0,17,8,25,16,111,65,76, </key>
<key name="web"> 61,130,113,38,68,69,50,88,73,28,120,34,122,90,77,79,114,125,107,82,62,54,55,105,56,65,76,85, </key>
<key name="week"> 0,1,99,6,8,14,125,21,65,85, </key>
<key name="weight"> 41, </key>
<key name="welcom"> 61, </key>
<key name="well"> 61,23,73,91,92,127,105,76, </key>
<key name="what"> 37,68,117,58,35,41,104,125,107,62,53,56,22,65,76, </key>
<key name="whatev"> 23,105, </key>
<key name="wherea"> 40,33, </key>
<key name="wherev"> 54,111, </key>
<key name="wheth"> 113,38,13,24,8,10,110,119,91,94,19,125,32,81,105, </key>
<key name="whichev"> 2, </key>
<key name="whil"> 125, </key>
<key name="whit"> 28,5,60, </key>
<key name="whol"> 26,102,105, </key>
<key name="whom"> 39,10,101,52,32, </key>
<key name="whos"> 61,38,24,64,101,43,60, </key>
<key name="why"> 9,40,112, </key>
<key name="wid"> 38, </key>
<key name="wide"> 38, </key>
<key name="widget"> 127, </key>
<key name="width"> 47, </key>
<key name="wiki"> 52, </key>
<key name="wildcard"> 100,57,106,105,60, </key>
<key name="will"> 2,113,37,87,38,68,48,117,8,58,35,120,122,41,92,101,93,95,114,103,125,52,74,112,62,127,43,33,105,128,60,63, </key>
<key name="window"> 130,38,39,25,120,121,75,36,92,95,114,125,52,62,127,44,65,85, </key>
<key name="winzip"> 38, </key>
<key name="within"> 0,2,130,98,38,68,99,100,50,70,58,28,35,59,89,34,90,75,36,92,101,93,79,114,104,52,33,55,105,5,56,76, </key>
<key name="without"> 0,130,68,48,10,57,59,102,16,104,125,32,44,54,65, </key>
<key name="wmv"> 38, </key>
<key name="word"> 98,87,38,71,26,57,58,59,91,101,102,125,106,54,45,55,105, </key>
<key name="wordpad"> 38, </key>
<key name="work"> 1,68,6,49,7,71,35,119,120,114,104,125,55,105,56,22,65,85, </key>
<key name="workgroup"> 104, </key>
<key name="workstation"> 38,91, </key>
<key name="would"> 98,108,100,49,71,57,35,59,101,102,104,125,21, </key>
<key name="writ"> 2, </key>
<key name="written"> 95,125, </key>
<key name="x"> 98, </key>
<key name="x111"> 127, </key>
<key name="xl"> 38,104, </key>
<key name="xyz"> 43, </key>
<key name="y"> 98, </key>
<key name="yahoo"> 59, </key>
<key name="year"> 8,104, </key>
<key name="yellow"> 4, </key>
<key name="yes"> 46,3,110, </key>
<key name="yet"> 73, </key>
<key name="york"> 17,8, </key>
<key name="your"> 0,66,2,1,61,130,46,3,29,47,4,113,37,87,38,68,99,6,48,69,13,116,115,49,50,23,39,17,70,24,117,8,71,10,25,12,88,26,27,57,58,73,28,35,59,89,118,119,30,51,120,121,34,122,64,123,91,41,14,92,86,101,102,77,93,94,96,95,15,126,79,42,114,103,16,18,104,97,80,124,125,52,107,32,81,82,74,84,20,112,62,127,43,44,53,54,21,45,111,33,55,105,5,56,22,63,65,76, </key>
<key name="yourself"> 17,16, </key>
<key name="yyyy"> 101, </key>
<key name="zc"> 121,129, </key>
<key name="zero"> 60, </key>
<key name="zimbra"> 66,2,1,61,130,113,87,38,68,99,6,69,50,39,70,88,73,28,118,119,120,34,122,90,64,123,86,101,102,77,15,126,79,114,124,125,107,82,74,84,20,62,33,105,129,56,22,63,65,76,85, </key>
<key name="zimbranotebook"> 54,55, </key>
<key name="zimlet"> 130,99,73,76, </key>
<key name="zip"> 87,38,64,91, </key>
<key name="zon"> 17,8,125, </key>
<key name="zwc"> 113,85, </key>

</ftswdata>  
