<?xml version='1.0' encoding='windows-1252' ?>
<ftswdata>
<key name="0"> 123, </key>
<key name="1"> 50,99,102,122,84, </key>
<key name="10"> 119, </key>
<key name="100"> 119, </key>
<key name="11"> 99, </key>
<key name="12"> 99,119, </key>
<key name="1212"> 121, </key>
<key name="123"> 99, </key>
<key name="12k"> 99, </key>
<key name="2"> 102,123, </key>
<key name="20"> 42, </key>
<key name="2005"> 40,99,122, </key>
<key name="2006"> 123, </key>
<key name="21"> 123, </key>
<key name="22"> 88, </key>
<key name="25"> 119, </key>
<key name="3"> 99,84, </key>
<key name="30"> 34,99, </key>
<key name="303"> 121, </key>
<key name="4"> 123, </key>
<key name="5"> 1,88,119,84, </key>
<key name="50"> 119, </key>
<key name="555"> 121, </key>
<key name="7"> 1,4,16,84, </key>
<key name="9"> 99,123, </key>
<key name="abbreviation"> 43, </key>
<key name="ability"> 0,105,22, </key>
<key name="abl"> 36,86,37,119, </key>
<key name="abov"> 4,33,99, </key>
<key name="absenc"> 58, </key>
<key name="accept"> 1,45,3,4,10,87,50,15,18,105,20,44, </key>
<key name="acces"> 1,45,3,67,47,10,72,50,116,51,105,31,81,109,22,75, </key>
<key name="accord"> 68, </key>
<key name="account"> 17,8,72,116,117,120,16,18,118,119,31, </key>
<key name="acm"> 25,99,121,42,32, </key>
<key name="acrobat"> 37, </key>
<key name="acros"> 32, </key>
<key name="action"> 66,56,57,108,58,15,78,51,61,75, </key>
<key name="activ"> 67,57,58,61, </key>
<key name="activat"> 90, </key>
<key name="activiti"> 0,1,4,6,47,7,10,54,5, </key>
<key name="activity"> 0,115,5, </key>
<key name="actual"> 37,40, </key>
<key name="ad"> 2,45,3,28,46,4,48,23,17,50,99,93,15,119,20,121,42,43,32,54,22, </key>
<key name="add"> 2,28,46,106,36,47,13,48,23,38,17,8,10,57,39,27,50,15,78,16,118,119,51,31,121,53,32,54,5,55,22,64,84, </key>
<key name="addition"> 96,69,8,50,85,73,54, </key>
<key name="additional"> 28,7,23,17,8,10,56,27,58,16,51,31,61,121,22, </key>
<key name="addres"> 65,60,124,28,97,49,23,38,17,8,10,24,25,26,56,27,58,29,50,116,117,90,40,30,99,100,93,78,16,18,19,118,119,51,105,31,20,110,61,42,43,32,54,103,22,64,75,84, </key>
<key name="addresse"> 39,43, </key>
<key name="administration"> 37,73,62, </key>
<key name="administrator"> 124,86,37,67,97,113,17,8,114,115,116,63,90,85,99,76,16,18,119,73,83,110,22,62, </key>
<key name="adob"> 96,37,102, </key>
<key name="adres"> 64, </key>
<key name="advanc"> 60,97,99,103,64, </key>
<key name="advantag"> 54, </key>
<key name="advis"> 38, </key>
<key name="affect"> 120, </key>
<key name="again"> 36,115,101, </key>
<key name="aid"> 109,103, </key>
<key name="aka"> 73,62, </key>
<key name="alignment"> 46, </key>
<key name="allow"> 67,97,47,56,58,90,99,100,78,51,53,103, </key>
<key name="allowabl"> 99, </key>
<key name="almost"> 90, </key>
<key name="alon"> 100, </key>
<key name="along"> 68,91,76, </key>
<key name="alphabetiz"> 29, </key>
<key name="already"> 28,106,115,18,54, </key>
<key name="alt"> 84, </key>
<key name="alternative"> 106, </key>
<key name="although"> 100, </key>
<key name="alway"> 4,87,116,90,99,111,95,119,73,121,42,21,32, </key>
<key name="am"> 122, </key>
<key name="amb"> 99, </key>
<key name="amount"> 115,76, </key>
<key name="angl"> 93, </key>
<key name="animation"> 37, </key>
<key name="anoth"> 65,45,3,66,37,67,68,49,69,71,72,34,58,74,117,94,78,111,101,102,119,73,110,44,109, </key>
<key name="any"> 0,65,2,28,96,106,37,97,6,49,38,17,8,70,10,24,12,107,56,57,72,58,115,90,40,14,85,99,100,77,93,15,120,111,16,18,95,79,119,51,105,31,80,73,20,43,109,103,5,59,22,62,64,75, </key>
<key name="anyon"> 10,51,105,31, </key>
<key name="anyway"> 38, </key>
<key name="anywher"> 100,109, </key>
<key name="ap"> 66,106,56,57,58,78,111,109,22, </key>
<key name="appear"> 0,28,96,106,36,113,98,38,17,8,10,24,25,56,39,27,34,58,88,116,89,74,90,40,14,35,91,99,100,92,93,78,16,102,19,31,121,42,43,21,109,32, </key>
<key name="appli"> 66,106,56,57,34,58,99,102,109, </key>
<key name="application"> 1,37,67,113,112,49,58,116,90,40,111,119,42,55,75,84, </key>
<key name="apply"> 66,119, </key>
<key name="appointment"> 0,2,1,60,13,7,17,8,11,15,16,19,119,20,42,21,64,84, </key>
<key name="appropriat"> 36,90,15, </key>
<key name="area"> 2,10,25,57,72,100,16,102,95,51,31,75, </key>
<key name="arial"> 119, </key>
<key name="around"> 99,53, </key>
<key name="arriv"> 97,57,73, </key>
<key name="arrow"> 0,23,17,69,8,25,33,30,100,93,16,102,95,80,81,82,61,42,109,103,84, </key>
<key name="ascend"> 80, </key>
<key name="ask"> 34,90,40,111, </key>
<key name="assign"> 106,113,51,22, </key>
<key name="assistant"> 64,84, </key>
<key name="associat"> 28,58, </key>
<key name="assum"> 37,102, </key>
<key name="assur"> 119, </key>
<key name="asterisk"> 104,103,59, </key>
<key name="atom"> 69,81, </key>
<key name="attach"> 36,37,90,102,20, </key>
<key name="attachment"> 60,96,36,86,37,97,13,38,17,8,56,39,58,33,63,90,40,99,100,76,93,15,16,102,95,119,20,54,103,55,84, </key>
<key name="attack"> 63, </key>
<key name="attende"> 0,2,60,13,17,8,11,12,16,19,119,20,42,21, </key>
<key name="attribut"> 99, </key>
<key name="audio"> 103, </key>
<key name="august"> 122, </key>
<key name="authenticat"> 116, </key>
<key name="author"> 60, </key>
<key name="auto"> 28,24,119,122,22, </key>
<key name="autocomplet"> 50,42, </key>
<key name="automat"> 73,62, </key>
<key name="automatic"> 88,76,121,42, </key>
<key name="automatical"> 28,37,68,69,12,56,57,88,115,40,85,94,93,15,118,119,73,83,121,53,54,122,62, </key>
<key name="availability"> 17,8,16,18,19, </key>
<key name="availabl"> 0,124,4,23,17,8,24,27,16,119,121,42,32,54,75, </key>
<key name="averylongpagenameispossibl"> 53, </key>
<key name="away"> 122, </key>
<key name="b"> 99, </key>
<key name="back"> 45,3,67,116,89,111,61,53,44, </key>
<key name="background"> 46,87,119,54, </key>
<key name="backslash"> 59, </key>
<key name="backspac"> 84, </key>
<key name="bad"> 110,53, </key>
<key name="ban"> 0,76,16, </key>
<key name="bana"> 98, </key>
<key name="banana"> 98,56,99,103,59, </key>
<key name="bananafloat"> 59, </key>
<key name="bananasboat"> 59, </key>
<key name="bandanna"> 59, </key>
<key name="bar"> 96,49,17,8,25,76,101,16,19,61,5,75, </key>
<key name="basi"> 71, </key>
<key name="basic"> 96,97,102,52,54, </key>
<key name="bcc"> 28,23,38,39,100,119,42,43,32, </key>
<key name="be"> 48,56,58,51, </key>
<key name="becom"> 2,17,8,40,16,20,42,54,5, </key>
<key name="befor"> 2,45,3,97,56,99,100,93,15,111,102,119,81,73,53,44,32,59,62, </key>
<key name="begin"> 46,34,78,42, </key>
<key name="behav"> 61,42, </key>
<key name="behavior"> 42, </key>
<key name="below"> 38,42,64,75, </key>
<key name="beneath"> 102, </key>
<key name="billybob"> 42, </key>
<key name="black"> 119, </key>
<key name="blank"> 48,38,53, </key>
<key name="blind"> 43, </key>
<key name="block"> 86,37,63, </key>
<key name="blu"> 4, </key>
<key name="boat"> 59, </key>
<key name="bob"> 42, </key>
<key name="body"> 97,38,87,56,39,58,40,99,100,92,93,102,119,121,103,64, </key>
<key name="bold"> 72,88,33,89, </key>
<key name="book"> 65,60,124,28,49,23,24,26,27,29,90,30,100,105,31,32,22,64,75,84, </key>
<key name="bord"> 46, </key>
<key name="bos"> 58, </key>
<key name="both"> 28,96,98,74,102,59, </key>
<key name="bottom"> 82, </key>
<key name="bounc"> 76,110, </key>
<key name="box"> 96,97,38,87,25,57,58,29,33,100,102,95,119,82,61,121,42,32,103,122,5,75, </key>
<key name="boxman"> 96, </key>
<key name="br"> 43, </key>
<key name="bracket"> 93, </key>
<key name="breakfast"> 98, </key>
<key name="brink"> 42, </key>
<key name="brows"> 124,36,37,67,29,116,90,91,111,61,55,75, </key>
<key name="browser"> 37,67, </key>
<key name="budget"> 102, </key>
<key name="build"> 96,97,101,102,95,103, </key>
<key name="built"> 68, </key>
<key name="bullet"> 87, </key>
<key name="busines"> 121, </key>
<key name="busy"> 2,1,60,17,8,16,19,5, </key>
<key name="button"> 65,37,67,23,69,116,40,120,78,111,102,95,81,61,121,43,32,75, </key>
<key name="byt"> 97,99, </key>
<key name="c"> 84, </key>
<key name="cal"> 96,27,58,50,99,102,32,55, </key>
<key name="calendar"> 0,65,2,1,60,124,3,4,6,13,112,7,49,17,8,9,10,11,12,14,15,16,119,105,20,42,21,5,64,75,84, </key>
<key name="california"> 17,8, </key>
<key name="call"> 124, </key>
<key name="camelcas"> 53, </key>
<key name="cancel"> 47,11,84, </key>
<key name="cannot"> 65,86,47,49,69,10,71,56,27,91,85,99,94,78,51,105,31,73,110,54,103,22, </key>
<key name="capability"> 60, </key>
<key name="capital"> 53, </key>
<key name="capitalization"> 56, </key>
<key name="car"> 90,40, </key>
<key name="carbon"> 43, </key>
<key name="card"> 22, </key>
<key name="cas"> 56,50,90,99,94,42,53,103, </key>
<key name="casserol"> 56,59, </key>
<key name="categori"> 106,22,84, </key>
<key name="categoriz"> 68, </key>
<key name="caus"> 96,93,111,119,42, </key>
<key name="cc"> 28,96,97,23,38,56,39,99,100,93,119,20,42,43,32, </key>
<key name="cel"> 46, </key>
<key name="cell"> 46, </key>
<key name="central"> 55, </key>

</ftswdata>  
