<?xml version='1.0' encoding='windows-1252' ?>
<ftswdata>
<key name="0"> 121, </key>
<key name="1"> 49,98,101,120,83, </key>
<key name="10"> 117, </key>
<key name="100"> 117, </key>
<key name="11"> 98, </key>
<key name="12"> 98,117, </key>
<key name="1212"> 119, </key>
<key name="123"> 98, </key>
<key name="12k"> 98, </key>
<key name="2"> 101, </key>
<key name="20"> 42, </key>
<key name="2005"> 40,98,120, </key>
<key name="2006"> 121, </key>
<key name="22"> 87, </key>
<key name="23"> 121, </key>
<key name="25"> 117, </key>
<key name="3"> 98,83, </key>
<key name="30"> 34,98, </key>
<key name="303"> 119, </key>
<key name="4"> 121, </key>
<key name="5"> 1,87,117,83, </key>
<key name="50"> 117, </key>
<key name="555"> 119, </key>
<key name="7"> 1,4,16,83, </key>
<key name="8"> 121, </key>
<key name="9"> 98, </key>
<key name="abbreviation"> 43, </key>
<key name="ability"> 0,103,22, </key>
<key name="abl"> 36,85,37,117, </key>
<key name="abov"> 4,33,98, </key>
<key name="absenc"> 57, </key>
<key name="accept"> 1,3,4,10,86,15,18,103,20,44, </key>
<key name="acces"> 1,3,66,46,10,71,49,114,50,103,31,80,107,22,74, </key>
<key name="accord"> 67, </key>
<key name="account"> 17,8,71,114,115,118,16,18,116,117,31, </key>
<key name="acm"> 25,98,119,42,32, </key>
<key name="acrobat"> 37, </key>
<key name="acros"> 32, </key>
<key name="action"> 65,55,56,106,57,15,77,50,60,74, </key>
<key name="activ"> 66,56,57,60, </key>
<key name="activat"> 89, </key>
<key name="activiti"> 0,1,4,6,7,10,53,5, </key>
<key name="activity"> 0,113,5, </key>
<key name="actual"> 37,40, </key>
<key name="ad"> 2,3,28,45,4,47,23,17,98,92,15,117,20,119,42,43,32,53,22, </key>
<key name="add"> 2,28,45,104,36,46,13,47,23,38,17,8,10,56,39,27,49,15,77,16,116,117,50,31,119,32,53,5,54,22,63,83, </key>
<key name="addition"> 95,68,8,84,72,53, </key>
<key name="additional"> 28,7,23,17,8,10,55,27,57,16,50,31,60,119,54,22, </key>
<key name="addres"> 64,59,122,28,96,48,23,38,17,8,10,24,25,26,55,27,57,29,49,114,115,89,40,30,98,99,92,77,16,18,94,19,116,117,50,103,31,20,108,60,42,43,32,53,102,22,63,74,83, </key>
<key name="addresse"> 39,43, </key>
<key name="administration"> 37,72,61, </key>
<key name="administrator"> 122,85,37,66,96,111,17,8,112,113,114,62,89,84,98,75,16,18,117,72,82,108,22,61, </key>
<key name="adob"> 95,37,101, </key>
<key name="adres"> 63, </key>
<key name="advanc"> 59,96,98,102,63, </key>
<key name="advantag"> 53, </key>
<key name="advis"> 38, </key>
<key name="affect"> 118, </key>
<key name="again"> 36,113,100, </key>
<key name="aid"> 107,102, </key>
<key name="aka"> 72,61, </key>
<key name="alignment"> 45, </key>
<key name="allow"> 66,96,46,55,57,89,98,99,77,50,52,102, </key>
<key name="allowabl"> 98, </key>
<key name="almost"> 89, </key>
<key name="alon"> 99, </key>
<key name="along"> 67,90,75, </key>
<key name="alphabetiz"> 29, </key>
<key name="already"> 28,104,113,18, </key>
<key name="alt"> 83, </key>
<key name="alternative"> 104, </key>
<key name="although"> 99, </key>
<key name="alway"> 4,86,114,89,98,109,94,117,72,119,42,21,32, </key>
<key name="am"> 120, </key>
<key name="amb"> 98, </key>
<key name="amount"> 113,75, </key>
<key name="angl"> 92, </key>
<key name="animation"> 37, </key>
<key name="anoth"> 64,3,65,37,66,67,68,70,71,34,57,73,115,93,77,109,100,101,117,72,108,44,107, </key>
<key name="any"> 0,64,2,28,95,104,37,96,6,48,38,17,8,69,10,24,12,105,55,56,71,57,113,89,40,14,84,98,99,76,92,15,118,109,16,18,94,78,117,50,103,31,79,72,20,43,107,102,5,58,22,61,63,74, </key>
<key name="anyon"> 10,50,103,31, </key>
<key name="anyway"> 38, </key>
<key name="anywher"> 99,107, </key>
<key name="ap"> 65,104,55,56,57,77,109,107,22, </key>
<key name="appear"> 0,28,95,104,36,111,97,38,17,8,10,24,25,55,39,27,34,57,87,114,88,73,89,40,14,35,90,98,99,91,92,77,16,101,19,31,119,42,43,21,107,32, </key>
<key name="appli"> 65,104,55,56,34,57,98,101,107, </key>
<key name="application"> 1,37,66,111,110,48,57,114,89,40,109,117,42,54,74,83, </key>
<key name="apply"> 65,117, </key>
<key name="appointment"> 0,2,1,59,13,7,17,8,11,15,16,19,117,20,42,21,63,83, </key>
<key name="appropriat"> 36,89,15, </key>
<key name="area"> 2,10,25,56,71,99,16,101,94,50,31,74, </key>
<key name="arial"> 117, </key>
<key name="around"> 98, </key>
<key name="arriv"> 96,56,72, </key>
<key name="arrow"> 0,23,17,68,8,25,33,30,99,92,16,101,94,79,80,81,60,42,107,102,83, </key>
<key name="ascend"> 79, </key>
<key name="ask"> 34,89,40,109, </key>
<key name="assign"> 104,111,50,22, </key>
<key name="assistant"> 63,83, </key>
<key name="associat"> 28,57, </key>
<key name="assum"> 37,101, </key>
<key name="assur"> 117, </key>
<key name="asterisk"> 102,58, </key>
<key name="atom"> 68,80, </key>
<key name="attach"> 36,37,89,101,20,54, </key>
<key name="attachment"> 59,95,36,85,37,96,13,38,17,8,55,39,57,33,62,89,40,98,99,75,92,15,16,101,94,117,20,53,102,54,83, </key>
<key name="attack"> 62, </key>
<key name="attende"> 0,2,59,13,17,8,11,12,16,19,117,20,42,21, </key>
<key name="attribut"> 98, </key>
<key name="audio"> 102, </key>
<key name="august"> 120, </key>
<key name="authenticat"> 114, </key>
<key name="author"> 59, </key>
<key name="auto"> 28,24,117,120,22, </key>
<key name="autocomplet"> 49,42, </key>
<key name="automat"> 72,61, </key>
<key name="automatic"> 87,75,119,42, </key>
<key name="automatical"> 28,37,67,68,12,55,56,87,113,40,84,93,92,15,116,117,72,82,119,52,53,120,61, </key>
<key name="availability"> 17,8,16,18,19, </key>
<key name="availabl"> 0,122,4,23,17,8,24,27,16,117,119,42,32,53,74, </key>
<key name="averylongpagenameispossibl"> 52, </key>
<key name="away"> 120, </key>
<key name="b"> 98, </key>
<key name="back"> 3,66,114,88,109,60,44, </key>
<key name="background"> 45,86,117,53, </key>
<key name="backslash"> 58, </key>
<key name="backspac"> 83, </key>
<key name="bad"> 108,52, </key>
<key name="ban"> 0,75,16, </key>
<key name="bana"> 97, </key>
<key name="banana"> 97,55,98,102,58, </key>
<key name="bananafloat"> 58, </key>
<key name="bananasboat"> 58, </key>
<key name="bandanna"> 58, </key>
<key name="bar"> 95,48,17,8,25,75,100,16,19,60,5,74, </key>
<key name="basi"> 70, </key>
<key name="basic"> 95,96,101,51,53, </key>
<key name="bcc"> 28,23,38,39,99,117,42,43,32, </key>
<key name="be"> 47,55,57,50,52, </key>
<key name="becom"> 2,17,8,40,16,20,42,5, </key>
<key name="befor"> 2,3,96,55,98,99,92,15,109,101,117,80,72,52,44,32,58,61, </key>
<key name="begin"> 45,34,77,42, </key>
<key name="behav"> 60,42, </key>
<key name="behavior"> 42, </key>
<key name="below"> 38,42,63,74, </key>
<key name="beneath"> 101, </key>
<key name="billybob"> 42, </key>
<key name="black"> 117, </key>
<key name="blank"> 47,38,52, </key>
<key name="blind"> 43, </key>
<key name="block"> 85,37,62, </key>
<key name="blu"> 4, </key>
<key name="boat"> 58, </key>
<key name="bob"> 42, </key>
<key name="body"> 96,38,86,55,39,57,40,98,99,91,92,101,117,119,102,63, </key>
<key name="bold"> 71,87,33,88, </key>
<key name="book"> 64,59,122,28,48,23,24,26,27,29,89,30,99,103,31,32,22,63,74,83, </key>
<key name="bord"> 45, </key>
<key name="bos"> 57, </key>
<key name="both"> 28,95,97,73,101,58, </key>
<key name="bottom"> 81, </key>
<key name="bounc"> 75,108, </key>
<key name="box"> 95,96,38,86,25,56,57,29,33,99,101,94,117,81,60,119,42,32,102,120,5,74, </key>
<key name="boxman"> 95, </key>
<key name="br"> 43, </key>
<key name="bracket"> 92, </key>
<key name="breakfast"> 97, </key>
<key name="brink"> 42, </key>
<key name="brows"> 122,36,37,66,29,114,89,90,109,60,54,74, </key>
<key name="browser"> 37,66, </key>
<key name="budget"> 101, </key>
<key name="build"> 95,96,100,101,94,102, </key>
<key name="built"> 67, </key>
<key name="bullet"> 86, </key>
<key name="busines"> 119, </key>
<key name="busy"> 2,1,59,17,8,16,19,5, </key>
<key name="button"> 64,37,66,23,68,114,40,118,77,109,101,94,80,60,119,43,32,74, </key>
<key name="byt"> 96,98, </key>
<key name="c"> 83, </key>
<key name="cal"> 95,27,57,49,98,101,32,53,54, </key>
<key name="calendar"> 0,64,2,1,59,122,3,4,6,13,110,7,48,17,8,9,10,11,12,14,15,16,117,103,20,42,21,5,63,74,83, </key>
<key name="california"> 17,8, </key>
<key name="call"> 122, </key>
<key name="cancel"> 46,11,83, </key>
<key name="cannot"> 64,85,46,48,68,10,70,55,27,90,84,98,93,77,50,103,31,72,108,53,102,22, </key>
<key name="capability"> 59, </key>
<key name="capital"> 52,53, </key>
<key name="capitalization"> 55, </key>
<key name="car"> 89,40, </key>
<key name="carbon"> 43, </key>
<key name="card"> 22, </key>
<key name="cas"> 55,89,98,93,42,52,102, </key>
<key name="casserol"> 55,58, </key>
<key name="categori"> 104,22,83, </key>
<key name="categoriz"> 67, </key>
<key name="caus"> 95,92,109,117,42, </key>
<key name="cc"> 28,95,96,23,38,55,39,98,99,92,117,20,42,43,32, </key>
<key name="cel"> 45, </key>
<key name="cell"> 45, </key>
<key name="certain"> 0,37,96,67,55,62,98,75,72,108,42,107,61, </key>
<key name="chanc"> 89, </key>

</ftswdata>  
