<?xml version='1.0' encoding='windows-1252' ?>
<ftswdata>
<key name="mean"> 39,40,41,28,55,80,97,90,5, </key>
<key name="medium"> 89, </key>
<key name="meet"> 77,0,2,13,16,8,10,42,14,15, </key>
<key name="meeting"> 0,2,1,44,13,16,8,10,12, </key>
<key name="megabyt"> 80, </key>
<key name="menu"> 25,49,86,42,71,81,61,97,65,45,26, </key>
<key name="messag"> 77,0,48,2,1,44,3,25,86,30,68,31,91,79,51,20,32,9,10,53,69,40,41,88,54,33,23,28,42,70,56,27,71,47,57,96,72,34,29,73,67,80,81,59,74,76,75,14,61,35,83,84,78,62,97,65,90,45,99,36,37,38,89,26,85,100,46,58, </key>
<key name="met"> 41, </key>
<key name="method"> 51,71, </key>
<key name="microsoft"> 30,31,50,72,80,83,84, </key>
<key name="middl"> 91,43, </key>
<key name="might"> 91,79,47,80,75,90,36,89,43,46, </key>
<key name="migrat"> 54, </key>
<key name="mik"> 28, </key>
<key name="mini"> 0,1,79, </key>
<key name="minm"> 80, </key>
<key name="minu"> 41, </key>
<key name="minut"> 16,8, </key>
<key name="miscellaneou"> 54, </key>
<key name="mission"> 34, </key>
<key name="mix"> 83, </key>
<key name="mm"> 40,80, </key>
<key name="mod"> 69,17, </key>
<key name="modifi"> 22, </key>
<key name="monday"> 6, </key>
<key name="money"> 43, </key>
<key name="month"> 0,1,79,6,8, </key>
<key name="mous"> 48,25,91,19,74,61,63,45,5, </key>
<key name="mov"> 48,49,51,19,53,40,28,42,55,57,76,61,26,46, </key>
<key name="movabl"> 45, </key>
<key name="movi"> 31, </key>
<key name="mozilla"> 50, </key>
<key name="mpeg"> 31, </key>
<key name="mpg"> 31, </key>
<key name="much"> 30,59, </key>
<key name="multi"> 15, </key>
<key name="multipl"> 77,2,44,49,86,79,19,16,40,41,42,73,15,89,5, </key>
<key name="must"> 77,30,92,39,22,40,41,28,42,95,56,72,80,81,98,97, </key>
<key name="my"> 91,39,40,42,80, </key>
<key name="myra"> 95, </key>
<key name="myra123"> 95, </key>
<key name="nam"> 77,2,3,25,49,86,19,7,20,32,16,52,8,10,21,87,22,40,41,54,23,42,70,95,34,80,81,59,74,60,75,61,82,15,84,78,97,64,45,36,37,89,26,5,58, </key>
<key name="navigat"> 91, </key>
<key name="navigation"> 58, </key>
<key name="ne"> 31,91,16,8,69,17, </key>
<key name="near"> 40, </key>
<key name="need"> 30,32,88,59,26, </key>
<key name="negativ"> 42, </key>
<key name="network"> 72, </key>
<key name="nev"> 83,90, </key>
<key name="new"> 0,44,25,49,86,30,31,92,19,7,20,32,16,52,8,41,54,33,28,42,70,71,57,96,34,80,74,75,14,98,61,35,83,97,64,99,36,37,89,26,85, </key>
<key name="newest"> 74, </key>
<key name="next"> 20,16,8,41,54,42,70,34,74,15,83,65,45,89, </key>
<key name="non"> 40, </key>
<key name="normal"> 40,35,43, </key>
<key name="not"> 86,30,31,19,20,16,8,53,54,56,80,81,76,75,83,84,45,38,85, </key>
<key name="notab"> 31, </key>
<key name="notepad"> 31, </key>
<key name="noth"> 49, </key>
<key name="notic"> 3,14, </key>
<key name="notifi"> 96, </key>
<key name="notification"> 31,10,70,27,47,96,59,14,97, </key>
<key name="notify"> 10, </key>
<key name="novemb"> 4, </key>
<key name="numb"> 31,19,88,54,70,27,80,81,59,74,75,84,97,45,46, </key>
<key name="number"> 79,19, </key>
<key name="nut"> 83, </key>
<key name="object"> 79,80,85, </key>
<key name="occur"> 94,75, </key>
<key name="occurrenc"> 13, </key>
<key name="off"> 50,88,42,94,95,97,65,100,58, </key>
<key name="offer"> 44,27,85, </key>
<key name="offic"> 2,30,84,97,100, </key>
<key name="often"> 92, </key>
<key name="ok"> 86,13,92,7,16,52,8,10,41,57,82,15,64,17,89,26, </key>
<key name="old"> 30,92,28,67,59,75, </key>
<key name="omit"> 40,97, </key>
<key name="on"> 77,0,48,1,44,4,49,86,31,79,6,51,13,7,52,40,41,54,28,42,27,57,34,80,74,83,84,63,90,45,37,17,89,43,58, </key>
<key name="onc"> 4,49,86,88,24,27,65,100, </key>
<key name="ongo"> 75, </key>
<key name="onto"> 86, </key>
<key name="open"> 77,0,2,1,44,3,49,30,68,31,79,6,13,20,32,16,52,8,22,41,33,28,95,71,72,73,74,75,14,35,82,15,83,78,64,99,17,26,85, </key>
<key name="operat"> 91, </key>
<key name="operator"> 40,43, </key>
<key name="oppos"> 91, </key>
<key name="opt"> 31, </key>
<key name="option"> 77,0,2,1,25,86,68,6,18,92,19,39,32,16,8,9,69,40,41,42,55,27,75,98,15,78,62,97,65,17,85,58, </key>
<key name="optional"> 44,3,16,8,69,33,34,15, </key>
<key name="ord"> 77,86,20,41,28,42,95,59,98,63, </key>
<key name="order"> 28, </key>
<key name="organiz"> 48,44,51, </key>
<key name="organization"> 10,23,24,70,47,26, </key>
<key name="original"> 2,12,33,27,75,97,90,38, </key>
<key name="originator"> 11, </key>
<key name="other"> 1,40,72, </key>
<key name="otherwis"> 88,74,37, </key>
<key name="out"> 2,50,51,19,40,94,97,100, </key>
<key name="outbound"> 97, </key>
<key name="outgo"> 97,99, </key>
<key name="outlook"> 54, </key>
<key name="outsid"> 72, </key>
<key name="overrid"> 97, </key>
<key name="overview"> 48,86,52,54,82,64,89,58, </key>
<key name="own"> 44, </key>
<key name="pacific"> 16,8, </key>
<key name="packag"> 30, </key>
<key name="pag"> 2,31,13,32,16,8,24,73,97,45,17,58, </key>
<key name="paint"> 31, </key>
<key name="pan"> 77,48,86,79,18,7,20,52,87,54,33,27,57,74,14,82,83,78,97,63,64,65,66,45,89,85,58, </key>
<key name="panel"> 74, </key>
<key name="parameter"> 2, </key>
<key name="parent"> 52, </key>
<key name="parenthes"> 54,70,74, </key>
<key name="part"> 31,41,28,34,80,75,90, </key>
<key name="particular"> 44,42,80,63,85, </key>
<key name="partner"> 44, </key>
<key name="pas"> 25,19,74,61,63,45, </key>
<key name="password"> 92,93,95,98,97, </key>
<key name="past"> 64,99, </key>
<key name="pattern"> 8, </key>
<key name="pdf"> 77,68,31,80,83, </key>
<key name="peopl"> 0,1,10,42,80,45,100, </key>
<key name="per"> 97, </key>
<key name="perform"> 77,49,79,61,84,45, </key>
<key name="performanc"> 44, </key>
<key name="perhap"> 42,78, </key>
<key name="period"> 31,94,67,66,100,46, </key>
<key name="periodical"> 94, </key>
<key name="permission"> 44,10, </key>
<key name="permit"> 31, </key>
<key name="person"> 3,25,30,19,32,10,75,61,100, </key>
<key name="personal"> 1,44,19,7,10,22,24,42,72,81,61,78,45,89,26,85, </key>
<key name="phon"> 79,19,80,81, </key>
<key name="photoshop"> 31, </key>
<key name="phras"> 41,83,84, </key>
<key name="pick"> 16,8, </key>
<key name="pictur"> 30, </key>
<key name="plac"> 68,52,40,54,47,57,74,66,46, </key>
<key name="placehold"> 43, </key>
<key name="plain"> 32,69,97, </key>
<key name="plu"> 84,90, </key>
<key name="plug"> 31, </key>
<key name="pm"> 16,8, </key>
<key name="podcast"> 64, </key>
<key name="point"> 25,68,72,81,58, </key>
<key name="polici"> 31,67, </key>
<key name="policy"> 68,47,80,59, </key>
<key name="pop"> 91,10,61,38, </key>
<key name="popular"> 50, </key>
<key name="populat"> 20,75, </key>
<key name="popup"> 38, </key>
<key name="portion"> 91,40,80,61,36,26, </key>
<key name="possib"> 46, </key>
<key name="possibl"> 91,83,36, </key>
<key name="post"> 10, </key>
<key name="potential"> 50, </key>
<key name="powerful"> 81, </key>
<key name="powerpoint"> 68,84, </key>
<key name="pr"> 79,20,52,53, </key>
<key name="practic"> 50,72, </key>
<key name="preced"> 40, </key>
<key name="pref"> 17, </key>
<key name="preferenc"> 18,55,75,98,97, </key>
<key name="prefix"> 80,75,97, </key>
<key name="pres"> 36, </key>
<key name="presenc"> 40,42, </key>
<key name="preserv"> 33,59,75, </key>
<key name="president"> 99, </key>
<key name="presum"> 34, </key>
<key name="prevent"> 40,42, </key>
<key name="previou"> 49,41,54,75,97, </key>
<key name="previous"> 79,80,83, </key>
<key name="primary"> 97,37, </key>
<key name="print"> 1,49,29,73, </key>
<key name="priority"> 83,89, </key>
<key name="privacy"> 95, </key>
<key name="privileg"> 10, </key>
<key name="problem"> 92,90, </key>
<key name="proce"> 41, </key>
<key name="procedur"> 83, </key>
<key name="proces"> 30,72,84, </key>
<key name="processor"> 30, </key>
<key name="produc"> 80, </key>
<key name="program"> 30,31,34, </key>
<key name="project"> 28, </key>
<key name="prompt"> 31,91, </key>
<key name="properti"> 4,10, </key>
<key name="protect"> 95, </key>
<key name="provid"> 31,51,95,34,64,90,89, </key>
<key name="purg"> 53,67,59,76,66,46, </key>
<key name="purpl"> 86, </key>
<key name="put"> 28,80, </key>
<key name="queri"> 54,80,81,82,85, </key>
<key name="query"> 77,86,79,80,81,82,78,97,85, </key>
<key name="question"> 50,43, </key>
<key name="quick"> 0,1,25,86,51,81,14,78,17,85, </key>
<key name="quickadd"> 0,1,17, </key>
<key name="quot"> 86,80,60,97,89, </key>
<key name="quota"> 59,58, </key>
<key name="radio"> 83,78, </key>
<key name="rang"> 83, </key>
<key name="rath"> 43, </key>
<key name="re"> 28,98,65,85, </key>
<key name="reach"> 19,42,46, </key>
<key name="read"> 44,30,31,79,69,40,28,42,71,72,34,73,80,74,14,61,97,65,99,37,85, </key>
<key name="readabl"> 84, </key>
<key name="ready"> 30, </key>
<key name="reason"> 47,90, </key>
<key name="receiv"> 48,3,31,79,51,19,32,24,28,27,47,96,72,80,59,14,83,65,90,46, </key>
<key name="recent"> 30,27, </key>

</ftswdata>  
