<?xml version='1.0' encoding='windows-1252' ?>
<ftswdata>
<key name="pick"> 17,8, </key>
<key name="pictur"> 32, </key>
<key name="plac"> 70,54,42,56,49,58,76,57,67,48, </key>
<key name="placehold"> 45, </key>
<key name="plain"> 34,71,102, </key>
<key name="plan"> 2, </key>
<key name="play"> 33, </key>
<key name="playabl"> 33, </key>
<key name="plu"> 94,88, </key>
<key name="plug"> 33, </key>
<key name="podcast"> 65, </key>
<key name="point"> 26,70,74,59, </key>
<key name="pol"> 72,102, </key>
<key name="polici"> 33,69, </key>
<key name="policy"> 70,49,84,60, </key>
<key name="pop"> 10,62,95,40,111, </key>
<key name="popular"> 52,111, </key>
<key name="populat"> 22,77,19, </key>
<key name="portion"> 42,62,95,38,28, </key>
<key name="possib"> 57,48, </key>
<key name="possibl"> 71,95,87,38, </key>
<key name="post"> 10, </key>
<key name="potential"> 52, </key>
<key name="powerful"> 85, </key>
<key name="powerpoint"> 70,88, </key>
<key name="pr"> 82,22,54, </key>
<key name="practic"> 52,74, </key>
<key name="preced"> 42, </key>
<key name="pref"> 20, </key>
<key name="preferenc"> 96,34,71,43,72,77,103,102,57, </key>
<key name="prefix"> 84,77,102,88, </key>
<key name="pres"> 17,8,16, </key>
<key name="presenc"> 42,44,29, </key>
<key name="present"> 42,14, </key>
<key name="preserv"> 35,60,77, </key>
<key name="president"> 104, </key>
<key name="presum"> 36, </key>
<key name="prevent"> 42,44,100, </key>
<key name="preview"> 107, </key>
<key name="previou"> 51,43,56,14,77,102, </key>
<key name="previous"> 82,84,87, </key>
<key name="primary"> 102,39, </key>
<key name="print"> 1,14,31,75,68, </key>
<key name="priority"> 87,93, </key>
<key name="privacy"> 100, </key>
<key name="privileg"> 10, </key>
<key name="probab"> 52, </key>
<key name="problem"> 97,94, </key>
<key name="proce"> 43, </key>
<key name="procedur"> 87, </key>
<key name="proceed"> 65, </key>
<key name="proces"> 74,88, </key>
<key name="produc"> 34,84,102, </key>
<key name="program"> 107,32,33,36, </key>
<key name="project"> 30, </key>
<key name="prompt"> 33,95, </key>
<key name="pronunciation"> 111, </key>
<key name="properti"> 4,10, </key>
<key name="protect"> 100, </key>
<key name="provid"> 33,53,100,36,65,94,93, </key>
<key name="purg"> 55,69,60,78,57,67,48, </key>
<key name="purpl"> 90, </key>
<key name="put"> 30,84,57, </key>
<key name="queri"> 56,84,85,86,88, </key>
<key name="query"> 81,90,82,84,85,86,80,102,88,111, </key>
<key name="question"> 52,45, </key>
<key name="quick"> 0,2,1,26,90,53,34,56,85,15,80,19,38,20,88, </key>
<key name="quickadd"> 0,1,102,20, </key>
<key name="quot"> 41,84,61,102,93, </key>
<key name="quota"> 60,59, </key>
<key name="quotation"> 111, </key>
<key name="radio"> 87,80, </key>
<key name="rang"> 87, </key>
<key name="rath"> 102,45, </key>
<key name="re"> 30,103,94,88, </key>
<key name="reach"> 21,44,57,48, </key>
<key name="read"> 46,32,33,82,34,71,42,30,44,73,74,75,84,76,15,62,102,66,104,39,88,59, </key>
<key name="readabl"> 88, </key>
<key name="reader"> 110, </key>
<key name="ready"> 32, </key>
<key name="real"> 57, </key>
<key name="reason"> 49,94, </key>
<key name="receiv"> 3,70,33,82,53,21,34,25,30,72,29,49,101,74,84,60,15,79,87,102,64,57,66,94,48, </key>
<key name="recent"> 29,102,19, </key>
<key name="recipient"> 46,32,53,35,36,84,77,102,94,39,28,105, </key>
<key name="recogniz"> 33, </key>
<key name="recommend"> 74, </key>
<key name="record"> 24, </key>
<key name="recov"> 55,78, </key>
<key name="recover"> 69,78, </key>
<key name="recur"> 0,2,1,13,8,11,15,79, </key>
<key name="recurrenc"> 8,19, </key>
<key name="red"> 5, </key>
<key name="reduc"> 60, </key>
<key name="refer"> 102, </key>
<key name="referenc"> 33,110, </key>
<key name="reflect"> 17,8, </key>
<key name="refresh"> 52,17,80, </key>
<key name="regard"> 69, </key>
<key name="regardles"> 70,99,49,105, </key>
<key name="regular"> 55, </key>
<key name="reject"> 1,3,70,94, </key>
<key name="relat"> 46,30,29,85,104, </key>
<key name="relativ"> 47, </key>
<key name="relevant"> 57,48, </key>
<key name="reliabl"> 46, </key>
<key name="reload"> 52,95,65, </key>
<key name="remain"> 52,69,57,67, </key>
<key name="rememb"> 100,87,105, </key>
<key name="remind"> 15,95,102, </key>
<key name="remot"> 7, </key>
<key name="remov"> 90,23,91,78,15,37,28, </key>
<key name="renam"> 50,61,62,57, </key>
<key name="rep"> 46,9,42,35,30,44,36,77,15,62,102,105, </key>
<key name="repeat"> 8,43,20,28, </key>
<key name="replac"> 38, </key>
<key name="repli"> 82,30,29,77,102,105, </key>
<key name="reply"> 77, </key>
<key name="report"> 57,48, </key>
<key name="represent"> 56,47, </key>
<key name="request"> 2,9,10,15,19,109, </key>
<key name="requir"> 21,17,8,100,101,16,19, </key>
<key name="reschedul"> 0, </key>
<key name="reserv"> 2,17,8,16,79, </key>
<key name="reset"> 98,103, </key>
<key name="resid"> 74, </key>
<key name="resolv"> 94, </key>
<key name="resourc"> 2,17,8,60,16,79,18, </key>
<key name="respective"> 39, </key>
<key name="respond"> 15, </key>
<key name="respons"> 101,77,15, </key>
<key name="restart"> 100, </key>
<key name="restor"> 103, </key>
<key name="result"> 81,42,30,86,80,102,38,111, </key>
<key name="resum"> 40, </key>
<key name="retain"> 89, </key>
<key name="retriev"> 53,37, </key>
<key name="return"> 17,8,42,60,16,38,88,105,111, </key>
<key name="retyp"> 97, </key>
<key name="reus"> 97, </key>
<key name="review"> 84,57,48, </key>
<key name="revok"> 10, </key>
<key name="right"> 0,50,107,26,51,90,33,13,7,22,34,54,10,11,12,55,91,24,42,73,31,69,60,61,15,62,16,80,65,57,67,47,93,108,28,109,48,111, </key>
<key name="rivendell"> 87, </key>
<key name="rol"> 3,10, </key>
<key name="room"> 2, </key>
<key name="rout"> 46, </key>
<key name="rs"> 54,65, </key>
<key name="rul"> 81,53,97,96,42,43,30,44,76,103,95,102, </key>
<key name="run"> 33, </key>
<key name="s"> 46,3,26,4,52,6,34,17,8,10,12,42,30,73,101,74,36,14,75,84,95,16,87,80,19,94,38,39,108,111, </key>
<key name="safari"> 52, </key>
<key name="safety"> 74, </key>
<key name="sal"> 28, </key>
<key name="sam"> 81,51,70,53,97,54,42,30,44,73,74,36,84,95,102,38,93,88,5, </key>
<key name="sash"> 47, </key>
<key name="sav"> 2,82,96,22,34,17,8,55,24,42,56,27,101,74,84,60,103,37,95,86,16,63,89,102,57,104,88,105,59, </key>
<key name="saw"> 77, </key>
<key name="say"> 102, </key>
<key name="scan"> 74, </key>
<key name="schedul"> 0,2,1,46,107,6,13,7,17,8,14,16,79,18,5, </key>
<key name="scratch"> 22, </key>
<key name="screen"> 17,99,100,95,47,59, </key>
<key name="scrol"> 31, </key>
<key name="scroll"> 101,87,89, </key>
<key name="se"> 0,2,1,46,107,70,7,17,8,41,10,71,56,25,72,99,73,84,76,77,15,16,18,102,57,39,109,5,59, </key>
<key name="search"> 2,46,81,90,82,53,21,34,17,8,41,23,24,56,30,44,84,85,62,86,16,87,80,102,108,28,109,88,110,45,59,111, </key>
<key name="second"> 32,42, </key>
<key name="section"> 34,74,103,86, </key>
<key name="security"> 70,49, </key>
<key name="select"> 0,2,3,4,81,51,90,32,70,82,6,13,21,7,22,34,17,54,8,10,23,11,12,71,24,42,43,58,31,75,68,69,85,78,15,86,16,87,80,18,102,65,66,38,20,40,93,108,28,109,88,5,111, </key>
<key name="selection"> 81,51,80,38,28, </key>
<key name="semicolon"> 17,8,84,16,38, </key>
<key name="send"> 0,46,3,32,33,53,21,34,9,10,42,35,44,74,36,31,75,84,77,15,37,87,80,102,57,19,94,38,39,105, </key>
<key name="sender"> 49,74,36, </key>
<key name="sensitiv"> 88, </key>
<key name="sent"> 0,50,2,32,53,13,21,17,54,8,11,71,42,56,25,30,101,36,84,60,77,15,62,37,16,87,63,102,65,57,94,39,105,59, </key>
<key name="separat"> 82,6,21,34,17,8,27,36,31,75,16,102,47, </key>
<key name="sequenc"> 51,8,47, </key>
<key name="seri"> 13,11,15, </key>
<key name="servic"> 46, </key>
<key name="session"> 1,52,6,99,100,29,95,66, </key>
<key name="set"> 0,70,82,21,17,71,43,44,72,99,100,101,74,69,84,60,77,103,16,79,87,18,89,102,57,19,105, </key>
<key name="setting"> 96,103,80,88,59, </key>
<key name="seven"> 6, </key>
<key name="shar"> 1,3,4,17,9,10,100,5, </key>
<key name="shift"> 51,90, </key>
<key name="shop"> 54, </key>
<key name="shortcut"> 85,47, </key>
<key name="should"> 44,100,49,36,102,104, </key>
<key name="show"> 2,4,81,90,32,53,21,56,27,29,58,74,31,84,60,76,77,79,80,18,102,64,38,93,28,109,5,59, </key>
<key name="shown"> 43,29,73,77,5,59, </key>
<key name="sid"> 7,56,5,45, </key>
<key name="sign"> 104, </key>
<key name="signatur"> 34,36,77,102,104, </key>
<key name="signifi"> 4, </key>
<key name="silent"> 44, </key>
<key name="similar"> 90,44,84,59, </key>
<key name="simp"> 99,85,19, </key>
<key name="simultaneous"> 90, </key>
<key name="sinc"> 77, </key>
<key name="singl"> 2,81,90,53,17,43,73,31,84,47,38, </key>
<key name="sit"> 107,70,52,49,69,95,65,57,48, </key>
<key name="siz"> 82,42,27,29,49,84,60,102,47,88, </key>
<key name="skip"> 16, </key>
<key name="skyp"> 107, </key>
<key name="slash"> 61,93,45, </key>
<key name="slid"> 32, </key>
<key name="slight"> 88, </key>
<key name="smal"> 82,42,84,38, </key>
<key name="small"> 107,47,109, </key>

</ftswdata>  
