<?xml version='1.0' encoding='windows-1252' ?>
<ftswdata>
<key name="softwar"> 33,34,94,60, </key>
<key name="someon"> 34,36,87,40, </key>
<key name="someth"> 25,74,37,94, </key>
<key name="sometim"> 43,100,58,93,29,49, </key>
<key name="somewher"> 83, </key>
<key name="soon"> 80,39, </key>
<key name="sort"> 34,8,44,65, </key>
<key name="sortabl"> 65, </key>
<key name="sourc"> 47, </key>
<key name="south"> 88, </key>
<key name="spac"> 22,61,46, </key>
<key name="spam"> 43,57,50,37,58,49, </key>
<key name="span"> 31, </key>
<key name="special"> 47,34,39,88, </key>
<key name="specifi"> 47,81,82,83,8,43,44,45,69,84,58,68,107,46,49, </key>
<key name="specific"> 82,95,8,45,84,87,19,88, </key>
<key name="specify"> 81,83,43,44,45,14,84,87,80,100,46, </key>
<key name="spel"> 35,41,88, </key>
<key name="spell"> 35,41, </key>
<key name="split"> 48, </key>
<key name="spot"> 72, </key>
<key name="spread"> 34,50,74, </key>
<key name="spreadsheet"> 33,34,74,87, </key>
<key name="stand"> 40, </key>
<key name="standard"> 47,10,43,74,32,75,77,100,48,60, </key>
<key name="star"> 107, </key>
<key name="start"> 0,2,47,53,17,8,84,16,87,93,39,20,106,107,108,109, </key>
<key name="stat"> 107, </key>
<key name="statement"> 37,84, </key>
<key name="statu"> 1,82,10,28,73,84,60, </key>
<key name="stay"> 56, </key>
<key name="step"> 35,44,16, </key>
<key name="still"> 10,74, </key>
<key name="stop"> 43,45, </key>
<key name="stor"> 51,43,31,30, </key>
<key name="str"> 83,84,80,100,88,46, </key>
<key name="street"> 107, </key>
<key name="string"> 45, </key>
<key name="styl"> 35,77,100, </key>
<key name="subject"> 2,33,82,54,83,35,17,8,43,31,45,30,74,37,84,85,77,16,65,19,20,46, </key>
<key name="subscrib"> 55,66, </key>
<key name="subsequent"> 43,45,94, </key>
<key name="substitution"> 83,46, </key>
<key name="substr"> 43, </key>
<key name="successful"> 28, </key>
<key name="suggest"> 39,41, </key>
<key name="suit"> 47,53,26,69, </key>
<key name="sup"> 35,46, </key>
<key name="supervisor"> 44,45,37, </key>
<key name="support"> 34,53,43,26,61,88, </key>
<key name="suppos"> 81,39, </key>
<key name="sur"> 85, </key>
<key name="surround"> 46, </key>
<key name="switch"> 47,37, </key>
<key name="synchroniz"> 7, </key>
<key name="syntax"> 100,88, </key>
<key name="system"> 51,105,33,70,34,95,55,56,57,45,97,74,37,101,63,100,58,93,92,88,49,60, </key>
<key name="t"> 53,35,43,50,99,61,87,100,58,102,49, </key>
<key name="tab"> 2,1,6,21,95,22,35,17,8,71,44,45,72,30,99,101,16,18,64,100,67,102,39,103, </key>
<key name="tabl"> 35, </key>
<key name="tag"> 47,52,89,82,54,22,42,90,71,43,44,57,45,30,84,63,87,100,92,88,60, </key>
<key name="tak"> 53,54,43,28, </key>
<key name="taken"> 19, </key>
<key name="taught"> 49, </key>
<key name="technology"> 94, </key>
<key name="tell"> 73,76, </key>
<key name="temporari"> 10,50, </key>
<key name="tentativ"> 2,1,15,18, </key>
<key name="term"> 45,109, </key>
<key name="test"> 43,45, </key>
<key name="text"> 0,2,47,81,33,70,34,13,35,17,8,71,43,44,36,28,74,37,84,85,77,94,86,16,80,100,19,48,102,39,88,103, </key>
<key name="th"> 88, </key>
<key name="them"> 0,2,105,81,52,33,56,44,31,74,84,61,78,38,79,100,65,58,48,88,49, </key>
<key name="themselv"> 90,74,100, </key>
<key name="therefor"> 34,97,74, </key>
<key name="thing"> 61, </key>
<key name="think"> 50,86,87, </key>
<key name="third"> 105,57,60, </key>
<key name="thos"> 81,31,84,61,58,39,92,49, </key>
<key name="though"> 35, </key>
<key name="thre"> 0,34,53,22,83,17,8,31,84,106,88,46, </key>
<key name="thread"> 19, </key>
<key name="ti"> 55, </key>
<key name="tim"> 0,2,1,52,53,82,6,17,8,10,45,97,30,69,84,85,15,38,16,79,18,64,100,65,58,68,19,20,88,103,5,46,49,60, </key>
<key name="time"> 99, </key>
<key name="tip"> 27,22,24,76,48, </key>
<key name="titl"> 23,31,65,106,109, </key>
<key name="today"> 0, </key>
<key name="todo"> 42, </key>
<key name="togeth"> 31,84, </key>
<key name="toggl"> 67, </key>
<key name="tomorrow"> 0, </key>
<key name="too"> 43,50,37,78,48, </key>
<key name="tool"> 27,22,17,8,24,85,76,48,88, </key>
<key name="toolbar"> 0,1,6,7,23,35,17,55,8,71,72,14,84,77,16,80,66,58,102,41,92,49,60, </key>
<key name="top"> 0,23,55,36,16,100,58,20,41, </key>
<key name="topic"> 47,84,88, </key>
<key name="total"> 72,84, </key>
<key name="track"> 1,47,7, </key>
<key name="traditional"> 47,30,76,94,67, </key>
<key name="train"> 49, </key>
<key name="transf"> 59, </key>
<key name="trash"> 51,3,55,24,56,43,57,45,69,61,78,15,63,100,58,68,60, </key>
<key name="travel"> 100, </key>
<key name="tre"> 83, </key>
<key name="trig"> 39, </key>
<key name="trigger"> 0, </key>
<key name="troubl"> 100, </key>
<key name="truck"> 43, </key>
<key name="try"> 93, </key>
<key name="tun"> 58,49, </key>
<key name="turn"> 44,91,45,100,19,103, </key>
<key name="turnaround"> 92, </key>
<key name="two"> 51,52,55,8,71,26,45,30,87,100,29,88,46, </key>
<key name="txt"> 34,84, </key>
<key name="typ"> 0,51,2,105,81,33,70,34,82,7,35,17,55,8,42,10,44,57,26,45,98,50,74,84,85,77,63,94,86,16,87,80,100,66,102,39,106,107,88,108,46, </key>
<key name="typical"> 33,70,34, </key>
<key name="unacceptabl"> 70, </key>
<key name="undeliverabl"> 93, </key>
<key name="undergo"> 45, </key>
<key name="undo"> 12, </key>
<key name="unflag"> 82,84, </key>
<key name="unknown"> 93,41, </key>
<key name="unles"> 36,37, </key>
<key name="unread"> 52,82,42,57,72,30,73,84,76,63, </key>
<key name="unsav"> 94, </key>
<key name="unsolicit"> 58,49, </key>
<key name="unus"> 22, </key>
<key name="unwant"> 58,49, </key>
<key name="up"> 0,22,35,17,10,44,45,63,94,16,79,18,65,48,39,40,41,106,109, </key>
<key name="updat"> 105,81,80,66,104, </key>
<key name="url"> 105,82,7,55,98,84,66,88, </key>
<key name="us"> 0,51,2,47,81,52,89,33,34,53,82,6,21,83,71,43,91,57,36,26,45,72,98,30,50,74,84,61,76,62,77,101,94,87,80,100,58,67,19,93,48,39,20,41,92,106,29,107,88,108,46,60,109, </key>
<key name="usag"> 61,60, </key>
<key name="useful"> 99, </key>
<key name="user"> 33,34,26,74, </key>
<key name="usual"> 34,17,8,37, </key>
<key name="vacation"> 84,100,103, </key>
<key name="valid"> 7,35,93, </key>
<key name="valu"> 84,85, </key>
<key name="variant"> 88, </key>
<key name="variety"> 33,34, </key>
<key name="variou"> 1,34, </key>
<key name="various"> 29, </key>
<key name="vary"> 37, </key>
<key name="ve"> 73,76,94, </key>
<key name="verify"> 93, </key>
<key name="version"> 104, </key>
<key name="versu"> 87, </key>
<key name="vertical"> 22, </key>
<key name="via"> 34, </key>
<key name="vic"> 102, </key>
<key name="view"> 0,2,1,47,27,4,52,70,6,21,22,7,17,8,42,10,71,57,31,72,30,59,74,14,32,84,76,15,16,18,100,58,67,48,20,92,107,5,60, </key>
<key name="viewabl"> 70,88, </key>
<key name="viru"> 50,74, </key>
<key name="virus"> 70,34,50,74, </key>
<key name="visibl"> 100,5, </key>
<key name="visit"> 106,107,60, </key>
<key name="voic"> 103, </key>
<key name="voip"> 105, </key>
<key name="vs"> 81,45,88, </key>
<key name="w"> 46, </key>
<key name="want"> 82,21,22,35,8,10,56,45,74,37,85,61,76,77,94,86,79,80,100,102,39,92,5,46, </key>
<key name="way"> 0,17,8,16,92,60, </key>
<key name="web"> 47,105,34,53,54,10,71,57,98,30,73,61,63,94,100,66,48,88,108,60,109, </key>
<key name="websit"> 106,108,109, </key>
<key name="week"> 0,1,82,6,8,14,100,20, </key>
<key name="weight"> 37, </key>
<key name="welcom"> 47, </key>
<key name="well"> 47,23,57,74,75,102,88,60, </key>
<key name="what"> 33,53,44,31,37,87,100,48,60, </key>
<key name="whatev"> 23,88, </key>
<key name="whenev"> 99, </key>
<key name="wherea"> 36,29, </key>
<key name="wherev"> 92, </key>
<key name="wheth"> 34,13,8,91,97,74,18,100,65,88, </key>
<key name="whichev"> 2, </key>
<key name="whil"> 100, </key>
<key name="whit"> 26,5,46, </key>
<key name="whol"> 25,85,88, </key>
<key name="whom"> 35,10,84, </key>
<key name="whos"> 47,34,50,84,39,46, </key>
<key name="why"> 9,36,93, </key>
<key name="wid"> 34, </key>
<key name="wide"> 34, </key>
<key name="widget"> 102, </key>
<key name="wiki"> 108, </key>
<key name="wikipedia"> 108,109, </key>
<key name="wiktionary"> 109, </key>
<key name="wildcard"> 83,43,88,46, </key>
<key name="will"> 2,33,70,34,53,8,44,31,37,75,84,76,77,94,86,100,58,93,48,102,39,29,88,103,46,49, </key>
<key name="window"> 105,34,35,10,24,98,59,32,75,77,94,87,100,48,102,40,106,107, </key>
<key name="winzip"> 34, </key>
<key name="within"> 0,2,105,81,34,53,82,83,55,44,26,31,45,72,30,73,59,32,75,84,76,63,94,87,29,88,108,5,60, </key>
<key name="without"> 0,105,53,10,43,45,85,16,87,100,40,109, </key>
<key name="wmv"> 34, </key>
<key name="word"> 81,70,34,42,25,43,44,45,74,84,85,100,41,88,108,109, </key>
<key name="wordpad"> 34, </key>
<key name="work"> 1,53,6,22,7,42,31,97,94,87,100,106,107,88,108,109, </key>
<key name="workgroup"> 87, </key>
<key name="workspac"> 60, </key>
<key name="workstation"> 34,74, </key>
<key name="would"> 81,89,83,23,42,43,31,45,84,85,87,100,20, </key>
<key name="writ"> 2, </key>

</ftswdata>  
