<?xml version='1.0' encoding='windows-1252' ?>
<ftswdata>
<key name="0"> 101, </key>
<key name="01"> 38, </key>
<key name="05"> 101, </key>
<key name="1"> 38,79,82,100, </key>
<key name="11"> 79,101, </key>
<key name="12"> 38,79, </key>
<key name="1212"> 99, </key>
<key name="123"> 79, </key>
<key name="12k"> 79, </key>
<key name="2"> 82, </key>
<key name="20"> 34, </key>
<key name="2005"> 38,32,79,100,101, </key>
<key name="22"> 69, </key>
<key name="25"> 97, </key>
<key name="3"> 79,101, </key>
<key name="30"> 14,6,26,79, </key>
<key name="303"> 99, </key>
<key name="4"> 13, </key>
<key name="5"> 0,13, </key>
<key name="555"> 99, </key>
<key name="7"> 0, </key>
<key name="9"> 79,101, </key>
<key name="abbreviation"> 35, </key>
<key name="abl"> 28,67,29,75,97, </key>
<key name="abov"> 38,79, </key>
<key name="absenc"> 40, </key>
<key name="accept"> 0,1,2,8,12,36, </key>
<key name="acces"> 0,1,49,30,8,95,63,88,57, </key>
<key name="accord"> 50, </key>
<key name="account"> 92,53,96,98,97, </key>
<key name="acm"> 20,79,99,34,24, </key>
<key name="acrobat"> 29, </key>
<key name="acros"> 24, </key>
<key name="action"> 48,38,39,87,40,12,60,43, </key>
<key name="activ"> 49,40,43, </key>
<key name="activat"> 71, </key>
<key name="activiti"> 46,0,2,4,5,8,3, </key>
<key name="activity"> 46,2,4,94,3, </key>
<key name="actual"> 29,32, </key>
<key name="ad"> 1,23,2,28,14,79,74,12,99,35,24, </key>
<key name="add"> 23,85,28,11,17,18,30,14,6,39,31,22,12,60,13,97,43,99,35,24,3, </key>
<key name="addition"> 76,51,6,66, </key>
<key name="additional"> 23,17,18,14,6,38,22,13,43,99, </key>
<key name="addres"> 23,78,17,18,30,14,6,8,19,20,92,38,21,22,40,95,96,71,32,79,80,74,60,13,77,97,89,43,34,35,24,84,57, </key>
<key name="addresse"> 31,35, </key>
<key name="administration"> 29,44, </key>
<key name="administrator"> 67,29,49,78,91,17,92,93,94,95,45,71,66,79,58,97,65,89,44, </key>
<key name="adob"> 76,29,82, </key>
<key name="advanc"> 42,78,79,84, </key>
<key name="advantag"> 17, </key>
<key name="advis"> 30, </key>
<key name="affect"> 98, </key>
<key name="again"> 28,94,81,89,84, </key>
<key name="aid"> 88,84, </key>
<key name="aka"> 44, </key>
<key name="allow"> 49,78,92,38,40,69,79,60,84,3, </key>
<key name="allowabl"> 79, </key>
<key name="almost"> 71, </key>
<key name="alon"> 80, </key>
<key name="along"> 50,72,58,35,41, </key>
<key name="already"> 85,94, </key>
<key name="alternative"> 85,35, </key>
<key name="although"> 80, </key>
<key name="alway"> 2,90,95,71,79,80,77,97,99,15,24, </key>
<key name="am"> 14,6,100, </key>
<key name="amb"> 79, </key>
<key name="amount"> 94,58, </key>
<key name="angl"> 74, </key>
<key name="animation"> 29, </key>
<key name="anoth"> 47,1,48,29,90,49,50,17,51,52,53,26,40,25,56,96,75,60,81,82,97,89,36,88, </key>
<key name="any"> 76,23,48,85,29,90,78,4,17,14,51,6,8,10,52,86,68,92,38,39,40,69,94,55,25,71,32,66,79,80,59,74,12,98,13,83,77,61,97,62,99,35,88,3,41,44,57, </key>
<key name="anyon"> 30, </key>
<key name="anytim"> 0, </key>
<key name="anyway"> 30, </key>
<key name="anywher"> 30,80,88, </key>
<key name="ap"> 48,85,90,17,38,39,40,60,88, </key>
<key name="appear"> 76,23,85,28,91,17,37,30,14,6,19,20,38,39,22,26,40,69,95,70,56,71,32,27,72,79,80,73,74,60,33,13,82,64,99,34,35,15,88,24, </key>
<key name="appli"> 48,85,38,39,26,40,79,82,88, </key>
<key name="application"> 0,29,90,49,16,91,40,54,95,71,97,57, </key>
<key name="apply"> 48, </key>
<key name="appointment"> 46,0,42,11,5,14,6,9,12,13,97,15, </key>
<key name="appropriat"> 28,71,12, </key>
<key name="archiv"> 66, </key>
<key name="area"> 17,8,20,53,40,80,13,82,77,57, </key>
<key name="around"> 85,79,97, </key>
<key name="arriv"> 78,69, </key>
<key name="arrow"> 18,14,51,6,20,80,13,82,77,62,63,64,43,88,84, </key>
<key name="ascend"> 62, </key>
<key name="ask"> 90,26,71,32, </key>
<key name="assign"> 91,92, </key>
<key name="associat"> 23,40,25, </key>
<key name="assum"> 29,82, </key>
<key name="asterisk"> 41, </key>
<key name="atom"> 63, </key>
<key name="attach"> 28,29,82,97, </key>
<key name="attachment"> 76,42,28,67,29,78,11,30,14,6,38,31,40,25,45,71,32,79,80,58,74,12,13,82,83,77,84, </key>
<key name="attack"> 45, </key>
<key name="attende"> 46,42,11,14,6,9,10,13,15, </key>
<key name="attribut"> 79, </key>
<key name="audio"> 79,83, </key>
<key name="august"> 100, </key>
<key name="authenticat"> 95, </key>
<key name="auto"> 17,19,97,34,100, </key>
<key name="automat"> 44, </key>
<key name="automatic"> 58, </key>
<key name="automatical"> 23,29,50,17,30,10,38,39,94,32,66,75,74,12,97,65,99,100,44, </key>
<key name="availability"> 14,6,13,3, </key>
<key name="availabl"> 2,18,19,92,22,24,57, </key>
<key name="away"> 100, </key>
<key name="b"> 79, </key>
<key name="back"> 1,90,49,70,43,36, </key>
<key name="backslash"> 41, </key>
<key name="bad"> 89, </key>
<key name="ban"> 58,57, </key>
<key name="bana"> 37, </key>
<key name="banana"> 37,38,79,83,41, </key>
<key name="bananafloat"> 41, </key>
<key name="bananasboat"> 41, </key>
<key name="bandanna"> 41, </key>
<key name="bar"> 76,14,6,20,58,81,13,43,57, </key>
<key name="basi"> 52, </key>
<key name="basic"> 76,78,82, </key>
<key name="bcc"> 23,78,30,38,31,80,97,34,35,24, </key>
<key name="be"> 38,40,84, </key>
<key name="becom"> 34,3, </key>
<key name="befor"> 1,90,78,38,55,79,80,74,12,82,97,36,24,41,44, </key>
<key name="begin"> 26,60, </key>
<key name="begun"> 34, </key>
<key name="behalf"> 8, </key>
<key name="behav"> 43, </key>
<key name="below"> 85,30,57, </key>
<key name="beneath"> 82, </key>
<key name="beta2"> 101, </key>
<key name="blank"> 30, </key>
<key name="blind"> 35, </key>
<key name="block"> 67,29,45, </key>
<key name="boat"> 41, </key>
<key name="body"> 78,30,38,31,40,32,79,80,73,74,82,83,99, </key>
<key name="bold"> 25,70, </key>
<key name="boldfac"> 53,69, </key>
<key name="book"> 17,18,92,71,80,24, </key>
<key name="bos"> 40, </key>
<key name="both"> 76,37,56,82,41, </key>
<key name="bottom"> 64, </key>
<key name="bounc"> 30,58,89, </key>
<key name="box"> 76,78,30,20,40,80,82,77,97,43,99,34,24,84,100,57, </key>
<key name="boxman"> 76, </key>
<key name="br"> 35, </key>
<key name="bracket"> 74, </key>
<key name="breakfast"> 37, </key>
<key name="brink"> 34, </key>
<key name="brought"> 88, </key>
<key name="brown"> 34, </key>
<key name="brows"> 28,29,90,49,95,71,72,43,57, </key>
<key name="browser"> 29,49, </key>
<key name="budget"> 82, </key>
<key name="build"> 76,78,92,53,81,82,77,84, </key>
<key name="built"> 50, </key>
<key name="busines"> 99, </key>
<key name="busy"> 0,42,14,6,13,3, </key>
<key name="button"> 47,85,90,49,18,14,51,6,39,95,32,98,60,13,82,77,63,64,43,99,35,24,84,57, </key>
<key name="byt"> 78,79, </key>
<key name="cal"> 76,40,79,82,24, </key>
<key name="calendar"> 46,0,42,1,2,4,11,16,5,14,6,7,8,9,10,92,12,13,97,15,3,57, </key>
<key name="california"> 6, </key>
<key name="cannot"> 47,17,30,51,8,52,38,22,54,72,79,83,89, </key>
<key name="capitalization"> 38, </key>
<key name="car"> 71,32, </key>
<key name="carbon"> 35, </key>
<key name="card"> 17, </key>
<key name="cas"> 38,94,71,79,75,83,97,34, </key>
<key name="casserol"> 38,41, </key>
<key name="categori"> 85, </key>
<key name="categoriz"> 50, </key>
<key name="caus"> 76,90,74,97, </key>
<key name="cc"> 76,23,78,30,38,31,79,80,74,97,34,35,24, </key>
<key name="certain"> 29,78,50,38,45,79,58,89,88,44, </key>
<key name="chanc"> 71, </key>
<key name="chang"> 0,2,90,4,11,16,91,17,30,14,6,8,20,92,26,40,54,70,73,74,98,83,77,61,97,64,43,36,84,57, </key>
<key name="charact"> 40,59,74,88,41, </key>
<key name="character"> 91,79,83,34,41, </key>
<key name="characteristic"> 42,50,40,45, </key>
<key name="charg"> 26, </key>
<key name="check"> 76,1,49,78,5,18,40,45,96,13,82,63,99,36,100, </key>
<key name="choic"> 39,12,60,43, </key>
<key name="choos"> 0,48,85,16,91,18,30,51,6,52,20,38,39,40,54,95,70,71,27,72,80,58,59,82,97,64,65,35,88,44,57, </key>
<key name="chooser"> 49, </key>
<key name="chosen"> 2, </key>
<key name="claim"> 82, </key>
<key name="classification"> 88, </key>
<key name="classify"> 85,50,53,88, </key>
<key name="clear"> 44, </key>
<key name="click"> 47,0,1,23,48,85,28,29,90,11,16,91,17,5,18,30,14,51,6,8,19,9,10,52,86,20,39,87,31,40,95,55,25,70,56,96,71,32,27,72,79,80,58,73,59,74,12,98,60,33,81,13,77,62,63,64,65,43,99,34,35,15,36,88,24,84,100,44,57, </key>
<key name="clickabl"> 43, </key>
<key name="client"> 42,29,90,49,50,30,8,92,53,40,54,95,25,70,58,60,83,97,64,43,57, </key>
<key name="clip"> 29, </key>
<key name="clos"> 90,16,95,27,36, </key>
<key name="cod"> 2,29,68,80,97,3, </key>
<key name="collaboration"> 42,92,66, </key>
<key name="collection"> 55, </key>
<key name="collective"> 40, </key>
<key name="colon"> 59,88, </key>
<key name="color"> 1,2,5,92,36,3, </key>

</ftswdata>  
