<?xml version='1.0' encoding='windows-1252' ?>
<!-- saved from url=(0014)about:internet -->
<ftswdata>
<key name="mov"> 74,54,49,3,75,77,25,80,27,66,36,68,83,125,104,126,16,87,139,82,45,34,53,72, </key>
<key name="movabl"> 71, </key>
<key name="movi"> 39, </key>
<key name="mozilla"> 76, </key>
<key name="mpeg"> 39, </key>
<key name="mpg"> 39, </key>
<key name="much"> 85, </key>
<key name="multi"> 17, </key>
<key name="multipl"> 70,2,107,75,116,5,108,25,66,67,68,135,101,110,17,18,119,64,23, </key>
<key name="must"> 74,107,38,131,109,58,10,27,66,67,36,68,59,134,100,110,111,102,140,139,127,60,50,33,52,62, </key>
<key name="my"> 128,109,66,68,129, </key>
<key name="myra"> 134, </key>
<key name="myra123"> 134, </key>
<key name="�"> 131, </key>
<key name="nam"> 74,144,2,54,49,3,121,30,128,107,75,116,5,56,57,58,123,7,24,40,78,25,8,26,117,27,28,66,67,29,97,31,59,134,135,42,32,15,110,111,85,102,86,105,126,87,112,17,18,106,20,127,60,52,90,21,45,62,119,34,114,23,73,84, </key>
<key name="navigat"> 134,129,139,84,93, </key>
<key name="navigation"> 49,121,123,125,126,50,53, </key>
<key name="ne"> 120,128,39,40,8,134,129,18,127,60,50,52,22, </key>
<key name="nearest"> 66, </key>
<key name="necessary"> 8,67,110, </key>
<key name="need"> 120,40,118,85,34, </key>
<key name="negativ"> 68, </key>
<key name="network"> 100, </key>
<key name="nev"> 113,44, </key>
<key name="new"> 70,0,121,30,128,116,38,39,56,131,57,58,123,7,24,40,78,25,8,67,81,41,36,68,97,31,14,134,135,136,98,83,125,137,42,110,102,105,16,140,87,43,18,113,139,60,33,52,90,82,141,45,46,62,119,34,114,53,23,73,84, </key>
<key name="newest"> 102, </key>
<key name="next"> 122,24,8,66,67,81,97,35,100,42,32,102,17,18,113,20,91,71,46,119, </key>
<key name="nolink"> 62, </key>
<key name="non"> 56,10,66,127,33,52, </key>
<key name="normal"> 120,66,43,63,69, </key>
<key name="not"> 144,121,128,38,39,131,57,24,25,8,10,59,134,135,99,105,18,113,127,60,33,52,71,114,23,73, </key>
<key name="notab"> 39, </key>
<key name="notebook"> 70,54,55,56,57,58,59,85,60,62,63,64, </key>
<key name="notepad"> 39, </key>
<key name="noth"> 75, </key>
<key name="notic"> 54,49,3,126,16, </key>
<key name="notifi"> 137,63, </key>
<key name="notification"> 39,10,59,99,137,85,16,139,127,60,33,52, </key>
<key name="notify"> 56,127,60,52, </key>
<key name="novemb"> 4, </key>
<key name="now"> 128, </key>
<key name="numb"> 144,128,39,118,81,97,31,35,110,111,85,102,105,139,82,62,23,72, </key>
<key name="number"> 108,96,71,47,23, </key>
<key name="numeric"> 139, </key>
<key name="nut"> 113, </key>
<key name="�"> 131, </key>
<key name="object"> 108,110,20,64, </key>
<key name="occur"> 2,133,105, </key>
<key name="occurrenc"> 13, </key>
<key name="off"> 76,118,68,133,134,103,139,91,142,84, </key>
<key name="offer"> 70,134,114,73, </key>
<key name="offic"> 120,2,38,20,139,50,114,142, </key>
<key name="often"> 39,131,139,50, </key>
<key name="ok"> 116,56,131,58,123,7,78,8,10,13,28,65,67,31,14,59,83,125,15,51,112,17,18,127,60,33,52,90,21,119,34,22,73, </key>
<key name="old"> 131,36,94,85,105, </key>
<key name="omit"> 66, </key>
<key name="on"> 74,70,0,1,30,4,107,75,116,39,6,77,7,24,40,78,79,10,26,13,66,67,36,68,135,35,83,125,42,32,15,110,111,19,113,139,50,33,89,44,71,45,46,119,22,69,64,53,23,73,84, </key>
<key name="onc"> 4,75,116,118,29,36,45,142, </key>
<key name="ongo"> 105, </key>
<key name="onto"> 116, </key>
<key name="open"> 70,0,1,54,49,3,121,107,75,38,95,39,108,6,56,122,57,123,24,40,78,79,124,13,27,28,67,41,36,59,134,135,98,125,100,101,110,102,105,126,16,43,112,113,106,20,139,90,82,21,141,34,114,22,53,73, </key>
<key name="operat"> 129, </key>
<key name="operation"> 55, </key>
<key name="operator"> 66,110,69, </key>
<key name="oppos"> 129, </key>
<key name="opt"> 39, </key>
<key name="option"> 0,1,2,30,128,107,116,95,6,56,77,131,130,109,40,8,79,9,10,96,28,65,66,67,41,68,97,31,14,134,135,35,136,137,110,103,105,16,140,17,18,106,88,138,139,127,60,33,52,91,141,46,47,63,22,142,23,73,84,93, </key>
<key name="optional"> 70,54,49,3,121,128,41,59,135,42,126,62,84, </key>
<key name="orclick"> 105, </key>
<key name="ord"> 107,116,40,67,36,68,59,134,110,85,140,89,62, </key>
<key name="order"> 36, </key>
<key name="organiz"> 74,120,70,128,77,139,50,64, </key>
<key name="organization"> 70,29,59,99,34,64, </key>
<key name="original"> 2,12,135,35,105,87,139,44,48, </key>
<key name="originator"> 11, </key>
<key name="other"> 1,121,10,66,134,100,127,64,23, </key>
<key name="otherwis"> 118,102,46, </key>
<key name="out"> 2,76,77,66,133,134,20,139,50,90,142,72, </key>
<key name="outgo"> 135,139, </key>
<key name="outlook"> 81, </key>
<key name="outsid"> 100,64, </key>
<key name="overview"> 74,144,116,58,7,78,79,117,81,35,112,90,119,84, </key>
<key name="own"> 70,59, </key>
<key name="pacific"> 8,18, </key>
<key name="packag"> 38, </key>
<key name="pad"> 55, </key>
<key name="pag"> 70,2,121,55,39,56,122,57,40,79,13,29,68,134,125,101,111,85,105,18,139,60,52,21,71,61,62,63,114,22,64,73,84, </key>
<key name="paint"> 39, </key>
<key name="pan"> 74,120,144,49,121,128,107,116,108,122,57,58,123,7,24,40,78,79,117,81,36,135,35,83,125,110,102,103,126,16,112,113,106,139,50,89,90,82,91,92,71,119,114,53,84, </key>
<key name="pap"> 95,100, </key>
<key name="paragraph"> 63, </key>
<key name="paramet"> 110, </key>
<key name="parameter"> 2, </key>
<key name="parent"> 78, </key>
<key name="parenthes"> 81,97,35,110,102, </key>
<key name="parenthesi"> 110, </key>
<key name="part"> 55,39,67,36,42,105,44,45,63,84, </key>
<key name="particular"> 70,128,68,136,89,114, </key>
<key name="partner"> 70, </key>
<key name="party"> 144,81,84, </key>
<key name="pas"> 30,102,87,89,71,23, </key>
<key name="password"> 128,131,10,132,134,140,139,127,60,50,33,52, </key>
<key name="path"> 59, </key>
<key name="pattern"> 8, </key>
<key name="pdf"> 107,95,39,110,113, </key>
<key name="peopl"> 120,0,1,110,142, </key>
<key name="per"> 15,19,139, </key>
<key name="percentag"> 120,121, </key>
<key name="perform"> 107,75,108,67,110,87,71,114, </key>
<key name="performanc"> 70, </key>
<key name="perhap"> 68,106, </key>
<key name="period"> 39,5,133,134,94,82,92,114,142, </key>
<key name="periodical"> 133, </key>
<key name="permanent"> 94, </key>
<key name="permission"> 70,56,10,51,127,60,50,33,52,64,53, </key>
<key name="permit"> 39, </key>
<key name="person"> 54,49,3,40,135,105,126,87,139,142, </key>
<key name="personal"> 120,70,1,7,24,25,29,135,100,111,87,139,119,34,114,23, </key>
<key name="phon"> 144,108,110,111,23, </key>
<key name="photoshop"> 39, </key>
<key name="phras"> 67,113,114, </key>
<key name="pick"> 8,18, </key>
<key name="pictur"> 38, </key>
<key name="plac"> 128,95,58,78,66,81,135,99,83,102,105,82,92,141,64,72, </key>
<key name="placehold"> 69, </key>
<key name="placement"> 139, </key>
<key name="plain"> 40,96,135,139, </key>
<key name="plan"> 2, </key>
<key name="play"> 39, </key>
<key name="playabl"> 39, </key>
<key name="plu"> 44,114, </key>
<key name="plug"> 39, </key>
<key name="podcast"> 90, </key>
<key name="point"> 95,100,84, </key>
<key name="pol"> 97,139, </key>
<key name="polici"> 39,94, </key>
<key name="policy"> 95,99,110,85, </key>
<key name="pop"> 70,128,135,136,87,129,139,48, </key>
<key name="popular"> 76, </key>
<key name="populat"> 24,105,21,23, </key>
<key name="port"> 128, </key>
<key name="portion"> 66,87,129,45,34, </key>
<key name="possib"> 82,72, </key>
<key name="possibl"> 96,129,113,45, </key>
<key name="post"> 10, </key>
<key name="potential"> 76, </key>
<key name="powerful"> 111, </key>
<key name="powerpoint"> 95,114, </key>
<key name="pr"> 108,24,78, </key>
<key name="practic"> 76,100, </key>
<key name="preced"> 66, </key>
<key name="predefin"> 63, </key>
<key name="pref"> 57,134,139,22,73, </key>
<key name="preferenc"> 130,40,96,67,97,135,105,140,139,82, </key>
<key name="prefix"> 135,110,105,139,115,114, </key>
<key name="preformat"> 63, </key>
<key name="pres"> 121,8,17,18, </key>
<key name="presenc"> 66,68,35, </key>
<key name="present"> 66,15, </key>
<key name="preserv"> 41,85,105, </key>
<key name="president"> 141, </key>
<key name="presum"> 42, </key>
<key name="prevent"> 66,68,134, </key>
<key name="preview"> 144, </key>
<key name="previou"> 75,67,81,135,15,105,139, </key>
<key name="previous"> 108,113, </key>
<key name="primary"> 46, </key>
<key name="print"> 1,37,101,32,15,87, </key>
<key name="priority"> 120,70,121,113,119, </key>
<key name="privacy"> 134, </key>
<key name="privileg"> 56,10,59,127,60,33,52,23, </key>
<key name="probab"> 76, </key>
<key name="problem"> 131,44, </key>
<key name="proce"> 67, </key>
<key name="procedur"> 113, </key>
<key name="proceed"> 90, </key>
<key name="proces"> 55,100,63,114, </key>
<key name="produc"> 40,110,139, </key>
<key name="product"> 50, </key>
<key name="program"> 144,38,39,42, </key>
<key name="progres"> 120,70,121, </key>
<key name="project"> 120,121,36,59, </key>
<key name="project1"> 59, </key>
<key name="prompt"> 39,129, </key>
<key name="properti"> 55,4,56,10,51,127,60,33,52,63, </key>
<key name="protect"> 134, </key>
<key name="provid"> 128,39,77,134,42,90,44,73, </key>
<key name="pt"> 139, </key>
<key name="public"> 120,70,10,59,127,60,50,33,52, </key>
<key name="pull"> 27,135, </key>
<key name="punctuation"> 110, </key>

</ftswdata>  
