<?xml version='1.0' encoding='windows-1252' ?>
<ftswdata>
<key name="on"> 0,49,1,45,4,90,50,100,33,6,52,13,21,7,53,54,23,41,42,30,43,29,58,36,14,77,93,87,88,96,112,64,104,46,38,39,20,103,44,76,59, </key>
<key name="onc"> 4,50,100,102,25,30,38,115, </key>
<key name="ongo"> 86, </key>
<key name="onto"> 100, </key>
<key name="open"> 0,1,45,3,90,50,32,79,33,91,6,13,70,22,34,53,54,24,42,35,30,110,82,69,83,84,77,85,87,86,15,37,95,96,89,18,112,72,65,57,19,114,20,119,28,97,121,117,68, </key>
<key name="operat"> 105, </key>
<key name="operator"> 41,44, </key>
<key name="oppos"> 105, </key>
<key name="opt"> 33, </key>
<key name="option"> 0,2,1,26,90,100,79,6,107,106,21,92,34,17,8,54,9,10,80,41,42,35,43,81,27,29,111,69,93,86,15,113,16,89,63,112,66,114,39,20,59, </key>
<key name="optional"> 45,3,35,36,114,74,59, </key>
<key name="ord"> 90,100,34,42,30,43,110,60,113,72,64, </key>
<key name="order"> 30, </key>
<key name="org"> 121, </key>
<key name="organiz"> 49,45,52,21,76, </key>
<key name="organization"> 10,25,48,69,99,28,76, </key>
<key name="original"> 2,12,29,86,62,112,104,40, </key>
<key name="originator"> 11,112, </key>
<key name="other"> 1,10,41,110,69,83,99, </key>
<key name="otherwis"> 102,85,39, </key>
<key name="out"> 2,51,52,41,109,110,18,112,65,115, </key>
<key name="outgo"> 112,114, </key>
<key name="outlook"> 56, </key>
<key name="outsid"> 83, </key>
<key name="overview"> 49,118,100,71,53,54,101,56,29,87,95,65,103,119,120,121,59,122, </key>
<key name="own"> 45,72,76, </key>
<key name="p"> 68, </key>
<key name="pa"> 68, </key>
<key name="pacific"> 17,8, </key>
<key name="packag"> 32, </key>
<key name="pad"> 75, </key>
<key name="pag"> 2,33,13,70,34,17,54,35,25,43,69,84,112,72,19,46,73,74,20,120,75,121,76,59,68, </key>
<key name="paint"> 33, </key>
<key name="pan"> 49,118,90,100,91,106,70,7,71,22,34,53,54,101,56,30,29,58,85,87,15,95,96,89,112,64,65,57,66,67,46,103,119,120,97,121,59,122,68, </key>
<key name="pap"> 79,83, </key>
<key name="parameter"> 2, </key>
<key name="parent"> 53, </key>
<key name="parenthes"> 56,81,29,85, </key>
<key name="part"> 33,42,30,36,93,86,104,38,75,59, </key>
<key name="particular"> 45,21,43,93,64,97, </key>
<key name="partner"> 45, </key>
<key name="party"> 118,56,59, </key>
<key name="pas"> 26,21,85,62,64,46, </key>
<key name="password"> 107,108,110,113,112,72, </key>
<key name="path"> 72, </key>
<key name="pattern"> 8, </key>
<key name="pdf"> 90,79,33,93,96, </key>
<key name="peopl"> 0,1,10,93,99,115, </key>
<key name="per"> 14,88,112, </key>
<key name="perform"> 90,50,91,42,62,46,97, </key>
<key name="performanc"> 45, </key>
<key name="perhap"> 43,89, </key>
<key name="period"> 33,109,110,78,57,67,97,115,5,47, </key>
<key name="periodical"> 109, </key>
<key name="permanent"> 78, </key>
<key name="permission"> 45,10,69,72,99,76, </key>
<key name="permit"> 33, </key>
<key name="person"> 3,26,21,34,10,86,62,112,99,115, </key>
<key name="personal"> 1,45,7,10,24,25,69,83,94,62,89,103,28,97,76, </key>
<key name="phon"> 118,91,21,93,94, </key>
<key name="photoshop"> 33, </key>
<key name="phras"> 42,96,97, </key>
<key name="pick"> 17,8, </key>
<key name="pictur"> 32, </key>
<key name="plac"> 79,71,53,41,56,48,58,85,57,67,47, </key>
<key name="placehold"> 44, </key>
<key name="plain"> 34,80,112, </key>
<key name="plan"> 2, </key>
<key name="play"> 33, </key>
<key name="playabl"> 33, </key>
<key name="plu"> 104,97, </key>
<key name="plug"> 33, </key>
<key name="podcast"> 65, </key>
<key name="point"> 26,79,83,59, </key>
<key name="pol"> 81,112, </key>
<key name="polici"> 33,78, </key>
<key name="policy"> 79,48,93,60, </key>
<key name="pop"> 10,62,105,40,122, </key>
<key name="popular"> 51,122, </key>
<key name="populat"> 22,69,86,19, </key>
<key name="portion"> 41,62,105,38,28, </key>
<key name="possib"> 57,47, </key>
<key name="possibl"> 80,105,96,38, </key>
<key name="post"> 10, </key>
<key name="potential"> 51, </key>
<key name="powerful"> 94, </key>
<key name="powerpoint"> 79,97, </key>
<key name="pr"> 91,22,53, </key>
<key name="practic"> 51,83, </key>
<key name="preced"> 41, </key>
<key name="predefin"> 75, </key>
<key name="pref"> 70,20, </key>
<key name="preferenc"> 106,34,80,42,81,86,113,112,57, </key>
<key name="prefix"> 93,86,112,97, </key>
<key name="pres"> 17,8,16, </key>
<key name="presenc"> 41,43,29, </key>
<key name="present"> 41,14, </key>
<key name="preserv"> 35,60,86, </key>
<key name="president"> 114, </key>
<key name="presum"> 36, </key>
<key name="prevent"> 41,43,110, </key>
<key name="preview"> 118, </key>
<key name="previou"> 50,42,56,14,86,112,68, </key>
<key name="previous"> 91,93,96, </key>
<key name="primary"> 112,39, </key>
<key name="print"> 1,14,31,84,77,62,68, </key>
<key name="priority"> 96,103, </key>
<key name="privacy"> 110, </key>
<key name="privileg"> 21,10,72,99, </key>
<key name="probab"> 51, </key>
<key name="problem"> 107,104, </key>
<key name="proce"> 42, </key>
<key name="procedur"> 96, </key>
<key name="proceed"> 65, </key>
<key name="proces"> 83,75,97, </key>
<key name="produc"> 34,93,112, </key>
<key name="program"> 118,32,33,36, </key>
<key name="project"> 30,72,76, </key>
<key name="prompt"> 33,105, </key>
<key name="pronunciation"> 122, </key>
<key name="properti"> 4,10,72,75, </key>
<key name="protect"> 110, </key>
<key name="provid"> 33,52,110,36,65,104,103, </key>
<key name="pt"> 112, </key>
<key name="public"> 72,99, </key>
<key name="purg"> 55,78,60,87,57,67,47, </key>
<key name="purpl"> 100, </key>
<key name="put"> 30,93,57, </key>
<key name="queri"> 56,93,94,95,97, </key>
<key name="query"> 90,100,91,93,94,95,89,112,97,122, </key>
<key name="quest"> 72, </key>
<key name="question"> 51,44, </key>
<key name="quick"> 0,2,1,26,100,52,34,56,69,94,15,89,19,38,20,75,97,76,117, </key>
<key name="quickadd"> 0,1,112,20, </key>
<key name="quot"> 54,93,61,112,103, </key>
<key name="quota"> 60,59, </key>
<key name="quotation"> 122, </key>
<key name="r"> 68, </key>
<key name="radio"> 96,89, </key>
<key name="rang"> 96, </key>
<key name="rath"> 112,44, </key>
<key name="re"> 30,113,104,97, </key>
<key name="reach"> 21,43,57,47, </key>
<key name="read"> 45,32,33,91,34,80,41,30,43,82,83,84,93,85,15,62,112,72,66,114,39,97,76,59,68, </key>
<key name="readabl"> 97, </key>
<key name="reader"> 121, </key>
<key name="ready"> 32, </key>
<key name="real"> 57, </key>
<key name="reason"> 48,104, </key>
<key name="receiv"> 3,79,33,91,52,25,30,81,29,48,111,83,36,93,60,15,88,96,112,72,64,57,66,104,47, </key>
<key name="recent"> 29,112,19, </key>
<key name="recipient"> 45,32,52,35,36,93,86,112,104,39,28,115, </key>
<key name="recogniz"> 33, </key>
<key name="recommend"> 83, </key>
<key name="record"> 24, </key>
<key name="recov"> 55,87, </key>
<key name="recover"> 78,87, </key>
<key name="recur"> 0,2,1,13,8,11,15,88, </key>
<key name="recurrenc"> 8,19, </key>
<key name="red"> 5, </key>
<key name="reduc"> 60, </key>
<key name="refer"> 112, </key>
<key name="referenc"> 33,121, </key>
<key name="reflect"> 17,8, </key>
<key name="refresh"> 51,17,89, </key>
<key name="regard"> 78, </key>
<key name="regardles"> 79,109,48,115, </key>
<key name="regular"> 55, </key>
<key name="reject"> 1,3,79,104, </key>
<key name="relat"> 45,30,29,94,114, </key>
<key name="relativ"> 46, </key>
<key name="relevant"> 57,47, </key>
<key name="reliabl"> 45, </key>
<key name="reload"> 51,105,65, </key>
<key name="remain"> 51,78,57,67, </key>
<key name="rememb"> 110,96,115, </key>
<key name="remind"> 15,105,112, </key>
<key name="remot"> 7, </key>
<key name="remov"> 100,23,101,87,15,37,99,28, </key>
<key name="renam"> 49,61,62,57, </key>
<key name="rep"> 45,9,41,35,30,43,36,86,15,62,112,115,68, </key>
<key name="repeat"> 8,42,20,28, </key>
<key name="replac"> 38, </key>
<key name="repli"> 91,30,29,86,112,115, </key>
<key name="reply"> 86, </key>
<key name="report"> 57,47, </key>
<key name="repository"> 69,76, </key>
<key name="represent"> 56,46, </key>
<key name="request"> 2,9,10,15,19,120, </key>
<key name="requir"> 21,17,8,110,111,16,19, </key>
<key name="reschedul"> 0, </key>
<key name="resend"> 10,72, </key>
<key name="reserv"> 2,17,8,16,88, </key>
<key name="reset"> 108,113, </key>
<key name="resid"> 83, </key>
<key name="resolv"> 104, </key>
<key name="resourc"> 2,17,8,60,16,88,18, </key>
<key name="respective"> 39, </key>
<key name="respond"> 15, </key>
<key name="respons"> 111,86,15, </key>
<key name="rest"> 75, </key>
<key name="restart"> 110, </key>
<key name="restor"> 113, </key>
<key name="result"> 90,41,30,95,89,112,38,122, </key>
<key name="resum"> 40, </key>
<key name="retain"> 98, </key>
<key name="retriev"> 52,37, </key>
<key name="return"> 17,8,41,60,16,38,97,115,122,68, </key>
<key name="retyp"> 107, </key>
<key name="reus"> 107,75, </key>
<key name="review"> 93,57,47, </key>
<key name="revok"> 10,72,99, </key>
<key name="rich"> 70,69,73,75,76, </key>
<key name="right"> 0,49,118,26,50,100,33,13,7,71,22,34,53,10,23,11,12,55,101,24,41,42,82,31,78,60,61,15,62,16,89,72,65,57,67,46,103,119,28,120,47,122,68, </key>
<key name="rivendell"> 96, </key>
<key name="rol"> 3,21,10,72, </key>
<key name="room"> 2, </key>
<key name="rout"> 45, </key>
<key name="row"> 75, </key>

</ftswdata>  
