<?xml version='1.0' encoding='windows-1252' ?>
<!-- saved from url=(0014)about:internet -->
<ftswdata>
<key name="highlight"> 0,75,36,89,82,45,48,72, </key>
<key name="hint"> 62, </key>
<key name="hold"> 125, </key>
<key name="holiday"> 58, </key>
<key name="hom"> 128,23,84, </key>
<key name="horizontal"> 8,17,18,20, </key>
<key name="host"> 128, </key>
<key name="hour"> 2,108,8,18,21, </key>
<key name="hov"> 144,0,81,82, </key>
<key name="how"> 55,131,24,36,97,134,135,35,98,42,15,94,85,102,105,139,62,63,114,142, </key>
<key name="htm"> 39, </key>
<key name="html"> 70,38,95,39,57,40,96,134,135,100,139,47,61,62,63,114,64, </key>
<key name="http"> 134, </key>
<key name="i"> 66,97,133,135,99,129,139,45,142, </key>
<key name="ic"> 65,14, </key>
<key name="ical"> 7,65,14, </key>
<key name="icon"> 55,128,25,118,135,32,111,106,71,63,84, </key>
<key name="identify"> 128,68,136,138,139,50,71,63, </key>
<key name="identiti"> 70,40,135,105,139,141, </key>
<key name="identity"> 128,40,135,139,141, </key>
<key name="if"> 120,144,0,2,54,49,3,121,30,107,116,95,39,76,108,131,57,58,40,25,8,79,80,11,13,96,66,67,81,36,68,132,133,14,59,134,135,35,136,99,83,137,100,42,32,15,110,85,102,103,105,126,16,87,129,112,17,18,19,106,20,138,139,60,52,82,91,21,44,71,141,45,46,61,62,63,114,22,53,23,72,73,84, </key>
<key name="ignor"> 66,110, </key>
<key name="iii"> 110, </key>
<key name="imag"> 107,38,95,39,100,85,113,63,114,64, </key>
<key name="immediat"> 68,119, </key>
<key name="immediate"> 40,12,66,97,137,112,50,141,142,69, </key>
<key name="implement"> 100, </key>
<key name="import"> 70,29,31,14,139,23, </key>
<key name="importanc"> 118, </key>
<key name="important"> 68,137, </key>
<key name="in"> 39, </key>
<key name="inactiv"> 68,133, </key>
<key name="inbound"> 77, </key>
<key name="inbox"> 74,128,78,79,66,81,36,68,97,136,110,102,16,87,139,50,89,82,72,84, </key>
<key name="inc"> 141,143, </key>
<key name="includ"> 1,121,55,39,5,24,78,25,10,66,41,36,135,35,136,15,110,111,105,129,17,113,139,60,50,33,52,71,141,47,63,114,69,84, </key>
<key name="incom"> 70,128,39,67,68,100,139, </key>
<key name="increas"> 39,71, </key>
<key name="indefinite"> 36, </key>
<key name="indicat"> 39,118,97,102,89, </key>
<key name="indicator"> 5,118, </key>
<key name="individual"> 70,42,101,15,102,91, </key>
<key name="information"> 120,144,2,121,30,128,39,108,122,24,8,10,26,27,66,67,81,29,59,35,136,42,32,103,87,17,18,106,20,127,60,50,33,52,90,21,44,71,141,64,53,23, </key>
<key name="informational"> 84, </key>
<key name="initial"> 131,79,139,62,48, </key>
<key name="input"> 66, </key>
<key name="insensitiv"> 66,110, </key>
<key name="insert"> 55,42,63, </key>
<key name="insid"> 78, </key>
<key name="instal"> 39,100, </key>
<key name="install"> 39, </key>
<key name="instanc"> 107,108,11,13,110,16,113, </key>
<key name="instead"> 128,136,110,139,50, </key>
<key name="integrat"> 144,81,84, </key>
<key name="interact"> 144,81,73, </key>
<key name="interest"> 46, </key>
<key name="interfac"> 81,110,85,87,129,139,71, </key>
<key name="internal"> 120,39,10,127,60,50,33,52, </key>
<key name="internet"> 128,76,40,134,42,129, </key>
<key name="interpret"> 0,66,110, </key>
<key name="interval"> 97,139, </key>
<key name="invit"> 2,12,18,19,22, </key>
<key name="invitation"> 0,1,2,8,9,10,16,17,18,21, </key>
<key name="isn"> 82, </key>
<key name="issu"> 44, </key>
<key name="italic"> 63, </key>
<key name="item"> 74,107,75,116,39,77,109,80,117,13,118,81,68,83,100,110,111,87,113,106,139,82,92,71,115,119,114, </key>
<key name="itself"> 69, </key>
<key name="jan"> 68, </key>
<key name="jdo"> 59, </key>
<key name="jo"> 110,34, </key>
<key name="job"> 70,24,135,139, </key>
<key name="john"> 135,110,141, </key>
<key name="jpeg"> 107,39,100,113, </key>
<key name="jpg"> 38,39, </key>
<key name="js123"> 34, </key>
<key name="jsmith"> 34, </key>
<key name="junk"> 81,87,139,52,82,53,72,84, </key>
<key name="just"> 32,110,111,113,64, </key>
<key name="kb"> 108,110, </key>
<key name="keep"> 120,30,7,66,85,138,63, </key>
<key name="key"> 77,45,93, </key>
<key name="keyboard"> 139,73,93, </key>
<key name="keyword"> 57,110,111,62,63,114, </key>
<key name="kilobyt"> 110, </key>
<key name="know"> 8,10,41,97,59,32,111,17,18,127,60,33,52,45,61,62,34, </key>
<key name="known"> 8,100,17,18,20,142, </key>
<key name="label"> 77, </key>
<key name="languag"> 110,111,139,114, </key>
<key name="larg"> 108,66,118,99,110,85,139,82,72, </key>
<key name="last"> 0,108,24,40,27,36,68,31,42,111,45,143, </key>
<key name="latest"> 136, </key>
<key name="launch"> 144,39, </key>
<key name="layout"> 55,57,96,63, </key>
<key name="leaf"> 66,69, </key>
<key name="learn"> 111,114, </key>
<key name="least"> 44,46, </key>
<key name="leav"> 144,128,75,66,68,134,129, </key>
<key name="left"> 128,75,116,5,81,135,83,125,111,104,82,91,92,71,34,114,84, </key>
<key name="length"> 121,133,139, </key>
<key name="lenient"> 42, </key>
<key name="les"> 118,110, </key>
<key name="let"> 120,144,1,30,39,5,40,8,81,135,32,111,139,46,62,63,114, </key>
<key name="letter"> 131,127,62, </key>
<key name="level"> 74,57,58,78,85,60,52,63, </key>
<key name="lick"> 102, </key>
<key name="lif"> 70,135,139, </key>
<key name="light"> 49, </key>
<key name="lik"> 79,27,42,139, </key>
<key name="like"> 36,68, </key>
<key name="limit"> 108,85,23, </key>
<key name="lin"> 121,30,107,38,39,77,109,40,25,66,41,36,135,35,42,111,102,105,139,69, </key>
<key name="link"> 70,128,95,39,57,8,96,59,134,90,71,47,62,63,64,84, </key>
<key name="list"> 74,120,70,144,2,54,49,3,121,30,128,75,116,5,108,56,122,131,123,7,24,40,78,25,8,10,124,26,12,27,28,67,118,29,36,68,31,59,135,35,125,42,37,32,111,102,126,16,51,87,17,18,113,106,139,127,60,50,33,52,90,82,21,44,71,45,46,119,34,63,114,23,84,93, </key>
<key name="literal"> 114, </key>
<key name="local"> 110,85,138, </key>
<key name="locat"> 38,77,31,14, </key>
<key name="location"> 2,57,78,8,35,83,100,17,18,19,20,91,22, </key>
<key name="log"> 128,76,79,97,133,134,136,85,103,140,139,50,82,84, </key>
<key name="login"> 134, </key>
<key name="long"> 56,26,134,32,94,110,85,71,46, </key>
<key name="look"> 4,40,66,97,85, </key>
<key name="los"> 42,129, </key>
<key name="lot"> 137, </key>
<key name="low"> 120,102,106,71, </key>
<key name="lowercas"> 62, </key>
<key name="m"> 66, </key>
<key name="macintosh"> 76, </key>
<key name="mail"> 74,70,54,49,3,30,128,38,39,76,77,130,58,24,40,25,79,10,26,96,66,67,118,81,41,36,68,97,134,135,136,98,137,100,42,101,110,111,85,102,103,104,105,51,87,43,129,113,88,138,139,60,50,33,52,82,92,44,71,141,46,119,34,142,53,72,73,84,93, </key>
<key name="mailbox"> 70,49,30,4,95,58,78,79,68,134,35,137,85,138,139,50,52,90,91,44,53,84, </key>
<key name="main"> 69, </key>
<key name="maintain"> 29,63, </key>
<key name="majority"> 100, </key>
<key name="mak"> 144,0,107,122,10,13,96,27,110,111,16,106,127,60,50,33,52,47,63,114,22, </key>
<key name="malform"> 66, </key>
<key name="man"> 45, </key>
<key name="manag"> 120,70,1,56,10,135,35,136,139,127,60,50,33,52,53, </key>
<key name="manageabl"> 85, </key>
<key name="management"> 67, </key>
<key name="manual"> 82,92,141, </key>
<key name="mark"> 75,122,66,81,68,135,98,110,103,105,16,87,139,69,53, </key>
<key name="markup"> 139, </key>
<key name="martin"> 107, </key>
<key name="mat"> 119, </key>
<key name="match"> 2,107,39,109,25,8,27,66,67,36,68,110,17,18,106,127,45,114,69,23, </key>
<key name="maximum"> 133,23, </key>
<key name="mb"> 108, </key>
<key name="md5sumsafterburn"> 62, </key>
<key name="mean"> 5,109,66,67,36,110,44, </key>
<key name="meant"> 76, </key>
<key name="mechanism"> 144,81, </key>
<key name="media"> 39, </key>
<key name="medium"> 119, </key>
<key name="meet"> 120,144,0,2,121,107,8,10,13,68,110,16,17,18,19,20,21, </key>
<key name="meeting"> 70,0,1,2,8,10,12,13,15,18,19,20,21, </key>
<key name="megabyt"> 110, </key>
<key name="member"> 25, </key>
<key name="mention"> 70, </key>
<key name="menu"> 30,75,116,27,68,98,111,103,87,91,71,34, </key>
<key name="merg"> 55, </key>
<key name="messag"> 74,120,70,144,0,1,2,54,49,3,121,30,128,107,116,38,95,39,108,56,77,24,40,25,79,9,10,80,96,66,67,118,81,41,36,68,97,134,135,35,136,98,99,83,100,42,37,101,94,110,111,85,102,103,104,105,126,16,51,87,43,129,113,106,88,138,139,127,60,50,33,52,89,82,91,21,44,71,141,45,46,47,48,119,34,114,142,53,23,72,73,84,93, </key>
<key name="met"> 67, </key>
<key name="method"> 77,109,67,98, </key>
<key name="microsoft"> 38,39,76,81,100,110,113,114, </key>
<key name="middl"> 129,69, </key>
<key name="might"> 108,99,110,105,129,82,45,119,69,72, </key>
<key name="migrat"> 81, </key>
<key name="mik"> 36, </key>
<key name="mini"> 0,1,108,139,21,84, </key>
<key name="minimum"> 139, </key>
<key name="minu"> 110, </key>
<key name="minut"> 97,31,14,139, </key>
<key name="miscellaneou"> 30, </key>
<key name="mission"> 42, </key>
<key name="mix"> 113, </key>
<key name="mm"> 110, </key>
<key name="mod"> 96,22, </key>
<key name="modifi"> 27,63, </key>
<key name="modify"> 120, </key>
<key name="monday"> 6, </key>
<key name="money"> 69, </key>
<key name="month"> 0,1,108,6,8,15,73, </key>
<key name="mous"> 74,0,30,75,5,125,102,87,129,139,89,71,45,23, </key>

</ftswdata>  
