<?xml version='1.0' encoding='windows-1252' ?>
<ftswdata>
<key name="repeat"> 8,60,124,21,33, </key>
<key name="replac"> 120,44, </key>
<key name="repli"> 113,101,35,120,34,98,124,126,127, </key>
<key name="reply"> 113,120,98, </key>
<key name="report"> 75,65, </key>
<key name="represent"> 74,64, </key>
<key name="request"> 2,9,10,15,20, </key>
<key name="requir"> 17,8,10,119,122,16,32,20,22, </key>
<key name="reschedul"> 0, </key>
<key name="reserv"> 2,17,8,16,18, </key>
<key name="reset"> 117,125, </key>
<key name="resid"> 93, </key>
<key name="resolv"> 43, </key>
<key name="resourc"> 2,17,8,78,16,18,19, </key>
<key name="respective"> 45, </key>
<key name="respond"> 113,15, </key>
<key name="respons"> 122,98,15, </key>
<key name="restart"> 119, </key>
<key name="restor"> 125, </key>
<key name="result"> 100,59,35,105,99,124,44, </key>
<key name="resum"> 47, </key>
<key name="retain"> 123, </key>
<key name="retriev"> 70,120,121,42, </key>
<key name="return"> 17,24,8,59,78,16,108,44,107,127, </key>
<key name="retyp"> 116, </key>
<key name="reus"> 116, </key>
<key name="review"> 103,75,65, </key>
<key name="revok"> 50,10,32, </key>
<key name="rich"> 51,46,55,56,57,58, </key>
<key name="right"> 0,67,129,29,49,113,68,109,38,50,13,7,52,23,39,71,10,25,11,12,73,110,26,59,60,53,120,121,91,36,87,79,15,80,16,99,54,32,83,75,85,64,55,112,33,65, </key>
<key name="rivendell"> 106, </key>
<key name="rol"> 63,48,3,50,10,120,124,54,32,22, </key>
<key name="room"> 2, </key>
<key name="rout"> 63, </key>
<key name="row"> 49,57, </key>
<key name="rs"> 71,83, </key>
<key name="rul"> 100,70,116,115,59,60,35,61,95,125,114,124, </key>
<key name="run"> 38,124,56, </key>
<key name="s"> 63,48,3,29,49,4,113,69,6,50,51,39,17,8,10,12,59,35,120,121,91,122,93,41,14,94,103,114,16,106,99,54,32,20,43,44,45,56, </key>
<key name="s3"> 124, </key>
<key name="safari"> 69, </key>
<key name="safety"> 93, </key>
<key name="sal"> 33, </key>
<key name="sam"> 67,100,68,88,70,116,52,71,59,35,61,120,91,93,41,103,114,124,44,56,112,57,107,5, </key>
<key name="sash"> 64, </key>
<key name="sav"> 2,29,113,101,70,115,51,23,39,17,24,8,73,26,27,59,74,30,120,121,122,93,103,78,125,42,114,105,16,81,123,124,75,126,107,127,77, </key>
<key name="saw"> 98, </key>
<key name="say"> 124, </key>
<key name="scan"> 93, </key>
<key name="schedul"> 0,2,1,63,129,6,13,7,17,8,14,16,18,19,57,5, </key>
<key name="screen"> 17,118,119,114,64,77, </key>
<key name="scrol"> 36, </key>
<key name="scroll"> 122,106,123, </key>
<key name="se"> 0,2,1,63,129,113,88,115,7,17,8,72,10,89,74,90,118,121,91,103,95,98,15,16,19,124,75,45,5,77,86, </key>
<key name="search"> 2,63,100,109,101,70,39,17,24,8,72,25,26,74,35,61,103,104,80,105,16,106,99,124,108,33,107,62,58,22,77, </key>
<key name="second"> 37,59,53,120, </key>
<key name="section"> 50,39,120,93,125,105,57, </key>
<key name="secure"> 113, </key>
<key name="security"> 88,92, </key>
<key name="select"> 0,2,3,29,49,4,113,100,68,109,37,88,101,6,50,13,116,51,7,52,23,39,17,71,24,8,10,25,11,12,26,27,59,60,30,53,120,121,76,36,94,31,87,104,97,98,15,105,16,106,99,19,124,54,32,83,84,126,44,45,55,21,47,112,33,57,107,5, </key>
<key name="selection"> 100,68,99,44,45,33, </key>
<key name="semi"> 10,120,32, </key>
<key name="semicolon"> 17,24,8,103,16,44, </key>
<key name="send"> 0,63,48,3,29,37,38,50,70,39,9,10,59,40,28,61,120,93,41,36,94,103,98,15,42,106,99,81,124,54,32,83,75,20,43,44,45,127,58,22,66, </key>
<key name="sender"> 92,93,41, </key>
<key name="sensitiv"> 107, </key>
<key name="sent"> 0,67,2,113,37,50,70,13,17,71,8,10,11,89,59,74,35,120,41,103,78,98,15,80,42,16,106,81,124,54,32,75,43,45,127,77, </key>
<key name="separat"> 29,101,6,23,39,17,24,8,27,30,120,41,36,94,16,124,64, </key>
<key name="sequenc"> 68,8,64,56, </key>
<key name="seri"> 13,11,15, </key>
<key name="serv"> 113,100,10,32, </key>
<key name="servic"> 113, </key>
<key name="session"> 1,69,6,118,119,34,114,84,22, </key>
<key name="set"> 0,63,49,113,88,101,17,89,60,61,90,118,53,120,121,122,93,87,103,78,96,98,125,16,18,106,19,123,124,75,20,46,56,57,127,22, </key>
<key name="setting"> 113,115,125,99,124,46,107,77, </key>
<key name="seven"> 6, </key>
<key name="shar"> 1,63,48,3,4,69,50,17,24,9,10,53,104,54,32,33,5,58,22, </key>
<key name="shift"> 68,109,66, </key>
<key name="shop"> 71, </key>
<key name="shortcut"> 70,104,124,64,66,86, </key>
<key name="should"> 49,10,61,119,120,92,41,98,124,32,126,57, </key>
<key name="show"> 2,4,113,100,109,37,70,51,24,74,30,34,76,93,36,103,78,95,96,98,80,18,99,19,124,82,44,45,112,33,5,22,77, </key>
<key name="shown"> 60,34,91,98,5,77, </key>
<key name="sid"> 7,74,5,62, </key>
<key name="sign"> 126, </key>
<key name="signatur"> 39,120,41,98,124,126, </key>
<key name="signifi"> 4, </key>
<key name="silent"> 61, </key>
<key name="similar"> 109,61,103,108,77, </key>
<key name="simp"> 118,104,20, </key>
<key name="simpl"> 83, </key>
<key name="simultaneous"> 109, </key>
<key name="sinc"> 98, </key>
<key name="singl"> 2,100,109,70,17,60,91,36,103,64,44, </key>
<key name="sit"> 129,88,69,92,87,114,83,75,65, </key>
<key name="six"> 57, </key>
<key name="siz"> 101,59,30,34,92,103,78,124,64,46,57,107, </key>
<key name="skip"> 16, </key>
<key name="skyp"> 129, </key>
<key name="slash"> 79,112,62, </key>
<key name="slid"> 37, </key>
<key name="slight"> 107, </key>
<key name="smal"> 101,59,103,44, </key>
<key name="small"> 129,64, </key>
<key name="smith"> 26,61,103,126,44,33, </key>
<key name="smith23"> 61, </key>
<key name="so"> 2,4,69,73,40,120,98,106,57, </key>
<key name="softphon"> 129, </key>
<key name="softwar"> 37,38,114,77, </key>
<key name="someon"> 38,40,106,45, </key>
<key name="someth"> 26,93,41,114, </key>
<key name="sometim"> 59,28,124,75,43,33, </key>
<key name="somewher"> 102, </key>
<key name="soon"> 99,44, </key>
<key name="sort"> 38,8,60,82, </key>
<key name="sortabl"> 82, </key>
<key name="sourc"> 63,51,55,56,57, </key>
<key name="south"> 107, </key>
<key name="spac"> 78,62,22, </key>
<key name="spam"> 59,74,92,41,75,65, </key>
<key name="span"> 35, </key>
<key name="special"> 63,38,44,107, </key>
<key name="specifi"> 63,100,101,102,8,59,60,61,121,87,103,75,85,62,65, </key>
<key name="specific"> 101,116,115,8,61,120,31,103,106,124,20,107,22,66, </key>
<key name="specify"> 113,100,102,59,60,61,120,121,14,103,106,99,124,126,62,66, </key>
<key name="spel"> 51,39,47,107, </key>
<key name="spell"> 39,47, </key>
<key name="spelling"> 108, </key>
<key name="split"> 49,64, </key>
<key name="spot"> 90, </key>
<key name="spread"> 38,92,93, </key>
<key name="spreadsheet"> 63,37,38,51,93,106,57,58, </key>
<key name="ssl"> 113, </key>
<key name="stand"> 45, </key>
<key name="standard"> 51,10,59,93,36,94,54,32,64,77, </key>
<key name="start"> 0,2,63,69,39,17,24,8,103,16,106,43,44,21, </key>
<key name="statement"> 41,103, </key>
<key name="statu"> 1,101,10,30,91,103,77, </key>
<key name="stay"> 73, </key>
<key name="step"> 39,60,16,66, </key>
<key name="still"> 50,10,32, </key>
<key name="stop"> 59,61, </key>
<key name="stor"> 67,59,35,34,22, </key>
<key name="str"> 102,103,99,124,107,62, </key>
<key name="string"> 61, </key>
<key name="styl"> 49,51,39,124,46,57, </key>
<key name="subfold"> 113, </key>
<key name="subject"> 2,37,101,70,102,39,17,8,59,60,35,61,34,93,41,103,104,98,16,82,20,21,62,66, </key>
<key name="subscrib"> 71,83, </key>
<key name="subsequent"> 59,61,114, </key>
<key name="substitution"> 102,62, </key>
<key name="substr"> 59, </key>
<key name="successful"> 30, </key>
<key name="suggest"> 44,47, </key>
<key name="suit"> 63,69,87, </key>
<key name="sup"> 39,62, </key>
<key name="supervisor"> 60,61,41, </key>
<key name="support"> 38,69,59,28,78,107, </key>
<key name="suppos"> 100,44, </key>
<key name="sur"> 104, </key>
<key name="surround"> 62, </key>
<key name="switch"> 63,41,56,57,66, </key>
<key name="synchroniz"> 7, </key>
<key name="syndication"> 83, </key>
<key name="syntax"> 51,124,56,107, </key>
<key name="system"> 67,63,129,37,88,38,116,17,71,8,73,74,61,118,119,93,41,125,80,16,124,75,43,112,107,65,77, </key>
<key name="t"> 69,39,59,121,92,106,123,75,126,65, </key>
<key name="t3"> 124, </key>
<key name="tab"> 2,1,113,6,70,116,115,39,17,8,89,60,61,90,120,34,121,122,96,125,16,19,81,123,124,84,126,44,46,127,22,77, </key>
<key name="tabl"> 63,49,51,39,57,58, </key>
<key name="tag"> 63,68,109,101,70,51,72,110,89,59,60,74,61,34,103,80,106,124,55,56,112,57,107,22,77, </key>
<key name="tak"> 69,70,59,30,57, </key>
<key name="taken"> 20, </key>
<key name="task"> 57,66, </key>
<key name="taught"> 65, </key>
<key name="team"> 120, </key>
<key name="technology"> 114, </key>
<key name="tell"> 91,95, </key>
<key name="temporari"> 50,10,92,32, </key>
<key name="tentativ"> 2,1,15,19, </key>
<key name="term"> 61, </key>
<key name="test"> 113,59,61, </key>
<key name="text"> 0,2,63,49,100,37,88,38,13,51,39,17,8,89,27,59,60,40,30,120,93,41,103,104,98,114,105,16,99,124,20,64,126,44,46,55,56,57,107,127,58,22, </key>
<key name="th"> 107, </key>

</ftswdata>  
