<?xml version='1.0' encoding='windows-1252' ?>
<!-- saved from url=(0014)about:internet -->
<ftswdata>
<key name="purg"> 80,94,85,104,82,92,72, </key>
<key name="purpl"> 116, </key>
<key name="put"> 10,36,50,33,82, </key>
<key name="queri"> 81,111,112,114, </key>
<key name="query"> 107,116,108,110,111,112,106,139,114, </key>
<key name="quest"> 60,33,52, </key>
<key name="question"> 76,69, </key>
<key name="quick"> 120,0,1,2,121,30,116,77,122,40,81,111,16,106,139,21,45,114,22,64,73, </key>
<key name="quickadd"> 0,1,139,22, </key>
<key name="quot"> 79,135,110,86,105,139,119,73, </key>
<key name="quota"> 85,84, </key>
<key name="quotation"> 110, </key>
<key name="radio"> 113,106, </key>
<key name="random"> 30, </key>
<key name="rang"> 113, </key>
<key name="rath"> 139,69, </key>
<key name="re"> 36,140,44,114, </key>
<key name="reach"> 68,82,23,72, </key>
<key name="read"> 120,70,121,128,38,39,108,56,40,96,66,36,68,98,100,101,110,102,103,16,87,139,127,60,33,52,91,141,46,47,114,84, </key>
<key name="readabl"> 114, </key>
<key name="ready"> 38, </key>
<key name="real"> 90,82, </key>
<key name="reason"> 99,44, </key>
<key name="receiv"> 70,54,49,3,128,95,39,108,77,29,36,97,135,35,136,99,137,100,42,110,85,126,16,19,113,139,89,82,91,44,72, </key>
<key name="recent"> 135,35,139,21, </key>
<key name="recipient"> 70,38,77,41,42,110,105,139,44,46,34,142, </key>
<key name="recogniz"> 39, </key>
<key name="recommend"> 100, </key>
<key name="record"> 27, </key>
<key name="recov"> 80,104, </key>
<key name="recover"> 94,104, </key>
<key name="recur"> 0,1,2,8,11,13,16,19, </key>
<key name="recurrenc"> 8,21, </key>
<key name="red"> 5, </key>
<key name="reduc"> 85, </key>
<key name="refer"> 139, </key>
<key name="referenc"> 39, </key>
<key name="reflect"> 8,18, </key>
<key name="refresh"> 76,136,18,106, </key>
<key name="regard"> 94, </key>
<key name="regardles"> 95,133,99,142, </key>
<key name="regular"> 80, </key>
<key name="reject"> 1,54,3,95,44, </key>
<key name="relat"> 70,36,35,111,141, </key>
<key name="relativ"> 71, </key>
<key name="relevant"> 121,82, </key>
<key name="reliabl"> 70, </key>
<key name="reload"> 76,129,90, </key>
<key name="remain"> 76,134,94,82,92, </key>
<key name="rememb"> 134,113,60,52,142, </key>
<key name="remind"> 16,129,139, </key>
<key name="remot"> 7,110, </key>
<key name="remov"> 128,116,56,10,124,26,117,16,51,43,127,60,33,34,23, </key>
<key name="renam"> 74,86,87,82, </key>
<key name="rep"> 70,128,9,66,41,36,68,135,136,42,105,16,87,139,50,142,53, </key>
<key name="repeat"> 8,67,139,34,22, </key>
<key name="replac"> 135,45, </key>
<key name="repli"> 128,108,36,135,35,110,105,139,141,142, </key>
<key name="reply"> 128,135,105, </key>
<key name="report"> 82,72, </key>
<key name="represent"> 81,71, </key>
<key name="request"> 2,9,10,16,50,21, </key>
<key name="requir"> 8,10,134,137,17,18,127,33,21,23, </key>
<key name="reschedul"> 0, </key>
<key name="reserv"> 2,8,17,18,19, </key>
<key name="reset"> 132,140, </key>
<key name="resid"> 100, </key>
<key name="resolv"> 44, </key>
<key name="resourc"> 2,8,85,17,18,19,20, </key>
<key name="respective"> 46, </key>
<key name="respond"> 128,16,50, </key>
<key name="respons"> 137,105,16, </key>
<key name="restart"> 134, </key>
<key name="restor"> 140, </key>
<key name="result"> 107,66,36,110,112,106,139,45, </key>
<key name="resum"> 48, </key>
<key name="retain"> 138,53, </key>
<key name="retriev"> 77,135,136,43, </key>
<key name="return"> 25,8,66,110,85,17,18,115,45,114,142, </key>
<key name="retyp"> 131, </key>
<key name="reus"> 131, </key>
<key name="review"> 82,72, </key>
<key name="revok"> 56,10,51,127,33,52, </key>
<key name="rich"> 57,47,61,62,63,64, </key>
<key name="right"> 74,144,0,30,55,128,75,116,39,56,58,123,7,24,40,78,10,124,26,80,117,11,12,13,27,66,67,59,135,136,98,125,37,94,86,16,51,87,17,106,127,60,33,52,90,82,92,71,61,119,34,72,84, </key>
<key name="rivendell"> 113, </key>
<key name="rol"> 70,54,49,3,56,10,135,126,139,127,60,33,52,23, </key>
<key name="room"> 2, </key>
<key name="rout"> 70, </key>
<key name="row"> 55,63, </key>
<key name="rs"> 78,90, </key>
<key name="rul"> 107,77,131,130,66,67,36,68,110,102,140,129,139, </key>
<key name="run"> 39,139,62, </key>
<key name="s"> 70,54,49,3,30,55,128,4,76,6,56,57,40,8,10,12,66,36,135,136,98,137,100,42,101,15,110,126,129,17,18,113,106,127,60,50,33,52,21,44,45,46,62,53, </key>
<key name="s3"> 139, </key>
<key name="safari"> 76, </key>
<key name="safety"> 100, </key>
<key name="sal"> 50,34, </key>
<key name="sam"> 74,107,75,95,5,77,131,58,78,66,36,68,135,98,100,42,110,129,139,45,62,119,63,114, </key>
<key name="sash"> 71, </key>
<key name="sav"> 2,121,30,128,108,77,122,130,57,24,40,25,8,124,80,27,28,65,66,81,31,14,135,136,137,100,85,140,43,129,112,17,18,88,138,139,82,141,114,142,53,84, </key>
<key name="saw"> 105, </key>
<key name="say"> 139, </key>
<key name="scan"> 100, </key>
<key name="scenario"> 50, </key>
<key name="schedul"> 70,144,0,1,2,5,6,7,8,13,15,17,18,19,20,63, </key>
<key name="screen"> 120,133,134,129,18,71,84, </key>
<key name="scrol"> 37, </key>
<key name="scroll"> 137,113,138, </key>
<key name="se"> 70,144,0,1,2,128,95,5,130,7,8,79,10,96,81,97,133,136,98,110,102,105,16,17,18,20,139,127,82,46,53,84,93, </key>
<key name="search"> 70,2,107,116,108,77,40,25,8,79,26,27,81,36,68,110,111,87,112,17,18,113,106,139,115,119,34,114,69,64,84, </key>
<key name="second"> 66,59,135, </key>
<key name="section"> 121,56,40,135,100,140,51,112,127,63, </key>
<key name="secure"> 128, </key>
<key name="security"> 95,99, </key>
<key name="select"> 74,120,0,1,2,49,3,121,30,55,128,4,107,75,116,38,95,5,108,6,56,122,131,57,58,123,7,24,40,78,25,8,10,124,26,11,12,13,27,28,65,66,67,31,14,59,135,136,83,125,37,101,32,94,110,111,105,126,16,51,112,17,18,113,106,20,139,127,60,50,33,52,90,91,141,45,46,61,48,119,34,63,114,22, </key>
<key name="selection"> 107,75,110,106,45,46,34, </key>
<key name="semi"> 10,135,33, </key>
<key name="semicolon"> 25,8,17,18,45, </key>
<key name="send"> 70,0,54,49,3,30,38,39,56,77,40,9,10,66,41,29,68,135,100,42,37,101,110,105,126,16,43,113,106,88,139,127,60,50,33,52,90,82,21,44,45,46,142,64,53,23,73, </key>
<key name="sender"> 99,100,42, </key>
<key name="sensitiv"> 114, </key>
<key name="sent"> 74,0,2,128,38,56,77,78,8,10,11,13,96,66,81,36,135,42,110,85,105,16,51,87,43,17,18,113,88,139,127,60,33,52,82,44,46,142,84, </key>
<key name="sentenc"> 134, </key>
<key name="separat"> 30,108,6,24,40,25,8,28,31,135,42,37,101,110,17,18,139,71, </key>
<key name="sequenc"> 75,8,71,62, </key>
<key name="seri"> 11,13,16, </key>
<key name="serv"> 128,107,10,110,33, </key>
<key name="servic"> 128, </key>
<key name="session"> 1,76,6,133,134,35,129,91,23, </key>
<key name="set"> 120,70,0,121,55,128,95,108,96,67,68,97,133,59,134,135,136,137,100,94,110,85,103,105,140,17,18,19,113,20,138,139,50,82,21,47,62,63,142,23, </key>
<key name="setting"> 128,130,140,106,139,47,114,84, </key>
<key name="seven"> 6, </key>
<key name="shar"> 120,70,1,54,49,3,121,4,5,76,56,25,9,10,59,110,111,126,51,18,127,60,50,33,52,34,64,53,23, </key>
<key name="shift"> 75,116,73, </key>
<key name="shop"> 78, </key>
<key name="shortcut"> 77,111,139,71,73,93, </key>
<key name="shot"> 120, </key>
<key name="should"> 120,55,10,68,134,135,99,42,110,105,51,139,127,50,33,141,63, </key>
<key name="show"> 120,2,128,4,107,116,38,5,77,57,25,81,31,35,83,100,37,110,85,102,103,105,87,19,106,20,139,89,45,46,34,23,84, </key>
<key name="shown"> 5,67,35,98,105,84, </key>
<key name="sid"> 5,7,81,69, </key>
<key name="sign"> 110,141, </key>
<key name="signatur"> 40,135,42,105,139,141, </key>
<key name="signifi"> 4, </key>
<key name="silent"> 68, </key>
<key name="similar"> 116,68,110,115,84, </key>
<key name="simp"> 121,133,111,21, </key>
<key name="simpl"> 120,110,90, </key>
<key name="simultaneous"> 116, </key>
<key name="sinc"> 105, </key>
<key name="singl"> 2,107,116,77,67,35,98,37,110,18,71,45, </key>
<key name="sit"> 144,95,76,99,94,129,90,82,72, </key>
<key name="six"> 63, </key>
<key name="siz"> 108,66,81,31,14,35,99,110,85,139,82,71,47,63,114, </key>
<key name="skip"> 17, </key>
<key name="skyp"> 144, </key>
<key name="slash"> 86,119,69, </key>
<key name="slid"> 38, </key>
<key name="slight"> 114, </key>
<key name="slow"> 134, </key>
<key name="smal"> 108,66,110,45, </key>
<key name="small"> 144,71, </key>
<key name="smith"> 27,68,110,141,45,34, </key>
<key name="smith23"> 68, </key>
<key name="so"> 2,4,76,80,41,135,110,105,113,50,63, </key>
<key name="softphon"> 144, </key>
<key name="softwar"> 38,39,129,84, </key>
<key name="someon"> 39,41,110,113,46, </key>
<key name="someth"> 27,100,42,129,53, </key>
<key name="sometim"> 66,29,139,82,44,34, </key>
<key name="somewher"> 109, </key>
<key name="soon"> 106,45, </key>
<key name="sort"> 39,8,67,89, </key>
<key name="sortabl"> 89, </key>
<key name="sourc"> 70,57,61,62,63, </key>
<key name="south"> 114, </key>
<key name="spac"> 110,85,69,23, </key>
<key name="spam"> 66,81,99,42,82,53,72, </key>
<key name="span"> 36, </key>
<key name="special"> 70,39,110,45,114, </key>
<key name="specifi"> 70,107,108,109,8,66,67,68,136,94,110,82,92,69,72, </key>

</ftswdata>  
