<?xml version='1.0' encoding='windows-1252' ?>
<!-- saved from url=(0014)about:internet -->
<ftswdata>
<key name="presenc"> 65,67,36, </key>
<key name="present"> 65,16, </key>
<key name="presentation"> 74, </key>
<key name="preserv"> 42,88,108, </key>
<key name="president"> 147, </key>
<key name="presum"> 43, </key>
<key name="prevent"> 65,67,140, </key>
<key name="preview"> 150,145, </key>
<key name="previou"> 77,78,66,84,16,108,145, </key>
<key name="previous"> 111,116, </key>
<key name="primary"> 145,47, </key>
<key name="print"> 1,38,104,33,16,90,145, </key>
<key name="priority"> 123,69,124,116,122, </key>
<key name="privacy"> 140, </key>
<key name="privileg"> 57,10,60,131,61,34,73,53,24, </key>
<key name="probab"> 78, </key>
<key name="problem"> 136,45, </key>
<key name="proce"> 58,66, </key>
<key name="procedur"> 116, </key>
<key name="proceed"> 93, </key>
<key name="proces"> 56,103,63,117, </key>
<key name="produc"> 41,113, </key>
<key name="product"> 51, </key>
<key name="program"> 69,150,39,40,43,145,74, </key>
<key name="progres"> 123,69,124, </key>
<key name="project"> 123,124,37,60, </key>
<key name="project1"> 60, </key>
<key name="prompt"> 40,134, </key>
<key name="properti"> 56,4,57,10,52,131,61,34,73,53,63, </key>
<key name="protect"> 140, </key>
<key name="provid"> 142,133,40,79,140,43,93,45,75, </key>
<key name="pt"> 145, </key>
<key name="public"> 123,69,10,60,131,61,51,34,73,53, </key>
<key name="pull"> 28, </key>
<key name="punctuation"> 113, </key>
<key name="purg"> 83,97,88,107,85,95,72, </key>
<key name="purpl"> 119, </key>
<key name="put"> 10,37,51,34,73,85, </key>
<key name="queri"> 84,114,115,117, </key>
<key name="query"> 110,119,111,113,114,115,109,145,117, </key>
<key name="quest"> 61,34,53, </key>
<key name="question"> 78,68, </key>
<key name="quick"> 123,69,0,1,2,124,31,119,79,126,41,84,71,114,17,109,145,22,46,117,23,74,64,75, </key>
<key name="quickadd"> 0,1,145,23, </key>
<key name="quot"> 82,113,89,108,145,122,75, </key>
<key name="quota"> 88,74,87, </key>
<key name="quotation"> 113, </key>
<key name="radio"> 116,109, </key>
<key name="random"> 31, </key>
<key name="rang"> 116, </key>
<key name="rath"> 145,68, </key>
<key name="re"> 37,71,146,45,117, </key>
<key name="reach"> 67,85,24,72, </key>
<key name="read"> 123,69,124,39,40,111,57,41,99,65,37,67,101,103,104,113,105,106,17,90,145,131,61,34,53,94,147,47,48,117,74, </key>
<key name="readabl"> 117, </key>
<key name="ready"> 39, </key>
<key name="real"> 69,71,93,85, </key>
<key name="reason"> 102,45, </key>
<key name="receiv"> 69,55,130,50,3,142,133,98,40,111,79,137,30,37,100,71,36,102,143,103,43,113,88,17,20,116,144,145,92,85,94,45,148,72, </key>
<key name="recent"> 36,145,22, </key>
<key name="recipient"> 69,39,79,42,71,43,113,108,145,45,47,35,148,74, </key>
<key name="recogniz"> 40, </key>
<key name="recommend"> 103,145, </key>
<key name="record"> 28, </key>
<key name="recov"> 83,107, </key>
<key name="recover"> 97,107, </key>
<key name="recur"> 0,1,2,8,11,13,17,20,22, </key>
<key name="recurrenc"> 8,22, </key>
<key name="red"> 5, </key>
<key name="reduc"> 88, </key>
<key name="referenc"> 40, </key>
<key name="reflect"> 8,19, </key>
<key name="refresh"> 142,78,19,109, </key>
<key name="regard"> 97, </key>
<key name="regardles"> 98,139,102,148, </key>
<key name="regular"> 83, </key>
<key name="reject"> 1,55,3,98,45, </key>
<key name="relat"> 69,37,36,114, </key>
<key name="relativ"> 70, </key>
<key name="relevant"> 124,85, </key>
<key name="reliabl"> 69, </key>
<key name="reload"> 78,134,93, </key>
<key name="remain"> 78,140,97,85,95, </key>
<key name="rememb"> 140,116,61,53,148, </key>
<key name="remember"> 140, </key>
<key name="remind"> 17,145, </key>
<key name="remot"> 7,113, </key>
<key name="remov"> 119,57,10,128,27,120,17,52,44,131,61,34,73,35,24, </key>
<key name="renam"> 76,89,90,85, </key>
<key name="rep"> 69,142,133,137,9,65,42,37,67,141,43,108,17,90,145,51,148,54, </key>
<key name="repeat"> 8,66,145,35,23, </key>
<key name="replac"> 46,74, </key>
<key name="repli"> 133,111,137,37,36,113,108,145,147,148, </key>
<key name="reply"> 137,108, </key>
<key name="report"> 85,72, </key>
<key name="represent"> 84,70, </key>
<key name="request"> 2,9,10,71,17,51,22, </key>
<key name="requir"> 8,10,140,143,18,19,131,34,73,24, </key>
<key name="reschedul"> 0, </key>
<key name="reserv"> 2,8,18,19,20, </key>
<key name="reset"> 138,146, </key>
<key name="resid"> 103, </key>
<key name="resolv"> 45, </key>
<key name="resourc"> 2,8,88,18,19,20,21, </key>
<key name="respective"> 47, </key>
<key name="respond"> 17,51, </key>
<key name="respons"> 143,108,17, </key>
<key name="restart"> 140, </key>
<key name="restor"> 146, </key>
<key name="result"> 110,65,37,113,115,109,145,46, </key>
<key name="resum"> 49, </key>
<key name="retain"> 144,54, </key>
<key name="retriev"> 142,79,141,44,145, </key>
<key name="return"> 58,26,8,65,113,88,18,19,118,46,117,148, </key>
<key name="retyp"> 136, </key>
<key name="reus"> 136, </key>
<key name="review"> 85,22,72, </key>
<key name="revok"> 57,10,52,131,34,73,53, </key>
<key name="rich"> 58,48,62,63,64, </key>
<key name="right"> 76,150,0,31,56,77,119,40,57,59,127,7,25,41,81,10,128,27,83,120,11,12,13,28,65,66,60,101,86,129,38,97,89,17,52,90,18,109,131,61,34,73,53,93,85,95,70,62,122,35,74,72,87, </key>
<key name="rivendell"> 116, </key>
<key name="rol"> 69,55,130,50,3,57,137,10,141,131,61,34,73,53,24, </key>
<key name="room"> 2, </key>
<key name="rout"> 69, </key>
<key name="row"> 56,63, </key>
<key name="rs"> 81,93, </key>
<key name="rul"> 110,79,136,135,65,66,37,67,113,105,134,145, </key>
<key name="run"> 40,145, </key>
<key name="s"> 69,55,130,50,3,142,31,56,4,78,6,57,41,137,8,10,12,65,37,71,101,143,103,43,104,16,113,18,19,116,109,131,61,51,34,73,53,22,45,46,47,54, </key>
<key name="s3"> 145, </key>
<key name="safar"> 75, </key>
<key name="safari"> 78, </key>
<key name="safety"> 103, </key>
<key name="sal"> 51,35, </key>
<key name="sam"> 76,110,77,98,5,79,136,59,81,65,37,67,101,103,43,113,134,145,46,122,63,117,74, </key>
<key name="sash"> 70, </key>
<key name="sav"> 69,2,142,124,31,133,111,79,126,80,135,58,25,41,26,137,8,83,28,29,14,65,84,32,15,143,103,88,146,44,134,115,18,19,91,144,145,85,147,117,148,74,54,87,96, </key>
<key name="saw"> 108, </key>
<key name="say"> 145, </key>
<key name="scan"> 103, </key>
<key name="scenario"> 51, </key>
<key name="schedul"> 69,150,0,1,2,5,6,7,8,13,16,18,19,20,21,63, </key>
<key name="screen"> 123,139,140,134,19,70,87, </key>
<key name="scrol"> 38, </key>
<key name="scroll"> 116,144, </key>
<key name="se"> 69,150,0,1,2,142,133,98,5,135,7,137,8,82,10,128,99,84,100,139,71,101,97,113,105,108,17,18,19,21,145,131,73,85,147,47,74,54,87,96, </key>
<key name="search"> 69,2,110,119,111,79,41,26,8,82,27,28,84,37,67,113,114,90,115,18,19,116,109,145,118,122,35,117,68,64,87,96, </key>
<key name="second"> 137,65,60, </key>
<key name="section"> 124,133,57,80,41,137,143,103,146,52,115,144,145,131,147,63,148, </key>
<key name="secur"> 133, </key>
<key name="secure"> 142, </key>
<key name="security"> 98,102, </key>
<key name="select"> 76,123,69,0,1,2,130,50,3,142,124,31,56,133,4,110,77,119,39,98,5,111,6,57,126,80,136,58,59,125,127,7,25,41,81,26,137,8,10,128,27,11,13,28,29,14,65,66,32,15,71,60,140,86,129,38,104,33,97,113,114,108,17,52,115,18,19,116,109,21,144,145,131,61,51,34,73,53,132,93,94,147,46,47,62,49,122,35,63,117,23,74, </key>
<key name="selection"> 110,77,80,113,109,145,46,47,35, </key>
<key name="semi"> 137,10,34,73, </key>
<key name="semicolon"> 26,8,18,19,46, </key>
<key name="send"> 69,0,55,130,50,3,31,133,39,40,57,79,41,137,9,10,65,42,30,67,71,141,143,103,43,38,104,113,108,17,44,116,109,91,145,131,61,51,34,73,53,93,85,22,45,46,47,148,74,64,54,24,75, </key>
<key name="sender"> 102,103,43, </key>
<key name="sensitiv"> 117, </key>
<key name="sent"> 76,0,2,133,39,57,79,81,137,8,10,11,13,99,65,84,37,43,113,88,108,17,52,90,44,18,19,116,91,145,131,61,34,73,53,85,45,47,148,74,87, </key>
<key name="separat"> 31,111,6,25,41,26,137,8,29,32,43,38,104,113,18,19,145,70, </key>
<key name="sequenc"> 77,8,70, </key>
<key name="seri"> 11,13,17, </key>
<key name="serv"> 142,133,110,10,113,34,73, </key>
<key name="servic"> 142,133,145, </key>
<key name="session"> 1,78,6,139,140,36,134,94,24, </key>
<key name="set"> 123,69,0,142,124,56,133,98,111,80,99,66,67,100,139,71,60,140,141,143,103,97,113,88,106,108,146,18,19,20,116,21,144,145,51,85,22,48,63,148,24, </key>
<key name="setting"> 142,133,135,137,141,146,109,145,48,117,87, </key>
<key name="seven"> 6, </key>
<key name="shar"> 123,69,1,55,130,50,3,124,4,5,78,57,26,9,10,60,113,114,52,19,131,61,51,34,73,53,35,74,64,54,24, </key>
<key name="shift"> 77,119,75, </key>
<key name="shop"> 81, </key>
<key name="shortcut"> 69,79,114,145,70,75,96, </key>
<key name="shot"> 123, </key>
<key name="should"> 123,142,56,133,137,10,67,140,102,43,113,108,52,145,131,51,34,73,147,63,74, </key>
<key name="show"> 123,2,133,4,110,119,39,5,79,26,84,32,71,36,86,103,38,113,88,105,108,90,19,20,109,21,145,92,46,47,35,24,87, </key>
<key name="shown"> 133,5,137,66,36,101,108,87, </key>

</ftswdata>  
