﻿<?xml version='1.0' encoding='utf-8' ?>
<!-- saved from url=(0014)about:internet -->
<ftswdata>
<key name="se"> 69,149,0,1,2,141,131,97,5,134,7,136,8,82,10,126,98,84,99,138,71,100,96,112,104,107,17,18,19,21,144,129,72,85,146,47,73,54,87,95, </key>
<key name="search"> 69,2,109,118,110,79,41,26,8,82,27,28,84,37,67,112,113,90,114,18,19,115,108,144,117,121,35,116,68,64,87,95, </key>
<key name="second"> 136,65,60,63, </key>
<key name="section"> 123,131,57,80,41,136,142,102,52,114,19,143,144,129,146,63,147, </key>
<key name="secur"> 131, </key>
<key name="secure"> 141, </key>
<key name="security"> 97,101, </key>
<key name="select"> 75,122,69,0,1,2,128,50,3,141,123,31,56,131,4,109,76,118,39,97,5,110,6,57,124,80,135,58,59,125,7,25,41,81,26,136,8,10,126,27,11,13,28,29,14,65,66,15,71,60,139,86,127,38,103,33,96,112,113,107,17,52,114,18,19,115,108,21,143,144,129,61,51,34,72,53,130,77,93,146,46,47,62,49,121,35,63,116,23,73, </key>
<key name="selection"> 109,76,80,112,19,108,144,46,47,35, </key>
<key name="semi"> 136,10,34,72, </key>
<key name="semicolon"> 26,8,18,19,46, </key>
<key name="send"> 69,0,55,128,50,3,31,131,39,40,57,79,41,136,9,10,65,42,30,67,71,140,36,142,43,38,103,112,107,17,44,115,91,144,129,61,51,34,72,53,77,85,22,45,46,47,147,73,64,54,24,74, </key>
<key name="sender"> 101,102,43, </key>
<key name="sender'"> 102,43,108, </key>
<key name="sensitiv"> 116, </key>
<key name="sent"> 75,0,2,131,39,57,79,81,136,8,10,11,13,98,65,84,37,43,112,88,107,17,52,90,44,18,19,115,91,144,129,61,34,72,53,85,45,47,147,73,87, </key>
<key name="separat"> 110,6,25,41,26,136,8,29,32,36,43,38,103,112,18,19,144,70, </key>
<key name="sequenc"> 76,8,70, </key>
<key name="seri"> 11,13,17, </key>
<key name="serv"> 141,131,109,10,112,34,72, </key>
<key name="servic"> 141,131,144, </key>
<key name="session"> 1,78,6,138,139,36,132,93,24, </key>
<key name="set"> 122,69,0,141,123,31,56,131,97,110,80,133,134,98,66,67,99,138,71,60,139,140,142,102,96,112,88,105,107,145,18,19,20,115,21,143,144,51,85,22,48,63,23,147,24, </key>
<key name="setting"> 141,131,134,136,140,145,108,144,48,116,24,87, </key>
<key name="seven"> 6, </key>
<key name="shar"> 122,69,1,2,55,128,50,3,123,4,5,78,57,26,9,10,60,112,113,52,19,129,61,51,34,72,53,35,73,64,54,24, </key>
<key name="shift"> 76,118,74, </key>
<key name="shop"> 81, </key>
<key name="shortcut"> 69,79,113,144,70,74,95, </key>
<key name="shot"> 122, </key>
<key name="should"> 122,141,56,131,136,10,67,139,101,43,112,107,52,144,129,51,34,72,146,63,73, </key>
<key name="show"> 122,2,131,4,109,118,39,5,79,58,26,84,32,71,36,86,102,38,112,88,104,107,90,19,20,108,21,144,92,46,47,35,24,87, </key>
<key name="shown"> 2,131,5,136,66,36,100,107,87, </key>
<key name="sid"> 5,7,84,68, </key>
<key name="sign"> 71,112, </key>
<key name="signatur"> 131,41,136,140,43,107,144,146, </key>
<key name="signifi"> 4, </key>
<key name="silent"> 67, </key>
<key name="similar"> 118,67,112,117,87, </key>
<key name="simp"> 123,138,113,22,63, </key>
<key name="simpl"> 122,112,77, </key>
<key name="simultaneous"> 118, </key>
<key name="sinc"> 107, </key>
<key name="singl"> 2,109,118,79,136,66,140,36,100,38,112,19,70,46, </key>
<key name="sit"> 149,97,78,101,96,77,85, </key>
<key name="six"> 63, </key>
<key name="siz"> 110,65,84,32,15,36,101,112,88,105,144,85,70,48,63,116,73, </key>
<key name="skip"> 18, </key>
<key name="skyp"> 149, </key>
<key name="slash"> 89,121,68, </key>
<key name="slid"> 39, </key>
<key name="slight"> 116, </key>
<key name="slow"> 80,139,144, </key>
<key name="smal"> 110,65,112,46, </key>
<key name="small"> 149,70, </key>
<key name="smith"> 28,67,112,146,46,35, </key>
<key name="smith23"> 67, </key>
<key name="snippet"> 36,144, </key>
<key name="so"> 69,2,4,78,83,42,140,112,107,115,144,51, </key>
<key name="softphon"> 149, </key>
<key name="softwar"> 39,40,73,87, </key>
<key name="solo"> 112, </key>
<key name="someon"> 40,42,112,115,47, </key>
<key name="someth"> 28,102,43,132,54, </key>
<key name="sometim"> 141,65,85,45,35, </key>
<key name="somewher"> 111, </key>
<key name="soon"> 108,46, </key>
<key name="sort"> 40,8,66,67,92,130, </key>
<key name="sortabl"> 92, </key>
<key name="sourc"> 69,133,58,62,63, </key>
<key name="south"> 116, </key>
<key name="spac"> 112,88,63,68,24, </key>
<key name="spam"> 65,84,101,43,85,54, </key>
<key name="span"> 37,36, </key>
<key name="special"> 40,112,46,116, </key>
<key name="specifi"> 69,141,109,110,111,8,65,66,67,96,112,85,94,68,64, </key>
<key name="specific"> 122,110,135,134,136,8,67,112,115,144,51,22,146,116,73,24,74, </key>
<key name="specify"> 141,109,111,65,66,67,16,112,115,108,144,51,68,73,74, </key>
<key name="spel"> 58,41,49,116, </key>
<key name="spell"> 41,49, </key>
<key name="spelling"> 112,117, </key>
<key name="split"> 56,70, </key>
<key name="spot"> 99, </key>
<key name="spread"> 40,101,102, </key>
<key name="spreadsheet"> 69,39,40,58,102,115,63,73,64, </key>
<key name="ssl"> 141,131, </key>
<key name="stamp"> 133, </key>
<key name="stand"> 47, </key>
<key name="standard"> 141,57,80,133,58,10,65,139,102,103,144,61,34,72,53,70,87, </key>
<key name="standardi"> 144, </key>
<key name="start"> 122,69,0,2,123,78,41,26,8,71,18,19,115,45,46,23,147, </key>
<key name="statement"> 43, </key>
<key name="statu"> 122,69,1,123,110,10,32,71,36,100,112,19,130, </key>
<key name="stay"> 83, </key>
<key name="step"> 41,66,18,74, </key>
<key name="still"> 78,57,10,71,129,34,72,53, </key>
<key name="stor"> 75,65,37,36,24, </key>
<key name="str"> 111,112,108,144,116,68, </key>
<key name="string"> 67, </key>
<key name="structur"> 112, </key>
<key name="styl"> 56,58,41,144,48,63, </key>
<key name="sub"> 51,53, </key>
<key name="subject"> 2,123,39,110,79,111,41,8,65,66,37,67,36,102,43,112,113,107,18,19,144,92,130,22,23,68,74, </key>
<key name="subscrib"> 81,77, </key>
<key name="subsequent"> 67,132, </key>
<key name="substitution"> 111,68, </key>
<key name="substr"> 65, </key>
<key name="successful"> 32, </key>
<key name="suggest"> 46,49, </key>
<key name="suit"> 69,96, </key>
<key name="sup"> 41,68, </key>
<key name="supervisor"> 66,67,43, </key>
<key name="support"> 40,78,65,30,88,116, </key>
<key name="suppos"> 109,46, </key>
<key name="sur"> 113, </key>
<key name="surround"> 68, </key>
<key name="switch"> 69,43,63, </key>
<key name="symbol"> 112, </key>
<key name="synchroniz"> 7, </key>
<key name="syndication"> 77, </key>
<key name="synonym"> 112, </key>
<key name="syntax"> 58,144,116, </key>
<key name="system"> 75,69,149,39,97,40,135,81,8,83,84,138,139,102,43,145,90,18,19,144,85,45,121,116,87, </key>
<key name="t3"> 144, </key>
<key name="tab"> 1,2,31,131,6,79,80,133,135,134,59,125,7,41,136,8,98,28,66,42,67,99,139,140,36,142,96,112,105,145,18,19,21,91,143,144,93,146,46,48,147,73,24,74,87,95, </key>
<key name="tabl"> 69,56,58,41,48,63,64, </key>
<key name="tag"> 69,76,118,110,79,58,82,119,98,65,66,84,67,36,112,90,115,144,62,121,63,116,73,24,87,95, </key>
<key name="tag:amb"> 112, </key>
<key name="tag:purpl"> 118, </key>
<key name="tag:todo"> 82, </key>
<key name="tak"> 78,79,65,32,15,63, </key>
<key name="talk"> 71, </key>
<key name="task"> 122,69,128,123,124,125,126,127,129,130,121,63,116,74, </key>
<key name="team"> 131,136, </key>
<key name="technology"> 132, </key>
<key name="tell"> 100,104, </key>
<key name="temporari"> 57,10,101,129,34,72,53, </key>
<key name="tentativ"> 1,2,17, </key>
<key name="tentative"> 21, </key>
<key name="term"> 67,112, </key>
<key name="test"> 65,67, </key>
<key name="text"> 122,69,0,2,123,56,131,109,39,97,40,58,41,136,8,13,98,29,65,66,42,32,71,36,102,43,112,113,107,132,114,18,19,108,144,22,70,146,46,48,62,63,116,147,73,64,24, </key>
<key name="th"> 116, </key>
<key name="them"> 149,0,1,2,55,131,109,76,39,83,66,37,67,71,102,112,88,106,44,20,144,129,51,72,92,85,70,146,63,116,24, </key>
<key name="themselv"> 119,102,144, </key>
<key name="therefor"> 40,138,102, </key>
<key name="thing"> 88, </key>
<key name="think"> 101,114,115, </key>
<key name="third"> 149,84,87, </key>
<key name="thoma"> 112, </key>
<key name="thos"> 109,37,140,112,88,144,61,53,85,46,121,35, </key>
<key name="though"> 41, </key>
<key name="thre"> 122,0,56,40,78,111,25,8,27,37,19,63,68, </key>
<key name="thread"> 22, </key>
<key name="thumbnail"> 73, </key>
<key name="ti"> 81, </key>
<key name="tild"> 74, </key>
<key name="tim"> 69,0,1,2,141,76,5,78,110,6,80,133,8,10,30,67,138,71,139,36,43,96,112,113,17,52,44,18,19,20,21,91,144,129,51,34,72,92,85,94,22,116,23,147,68,73,74, </key>
<key name="time"> 142, </key>
<key name="tip"> 31,27,112,104,70,24, </key>
<key name="titl"> 25,37,92,63, </key>
<key name="to:nam"> 74, </key>
<key name="today"> 0, </key>
<key name="todo"> 82, </key>
<key name="togeth"> 37,112, </key>
<key name="toggl"> 93,62, </key>
<key name="tomorrow"> 0, </key>
<key name="too"> 65,101,43,70,73, </key>
<key name="tool"> 123,31,58,8,27,113,104,19,70,63,116,24, </key>
<key name="toolbar"> 0,1,141,123,56,6,124,58,7,25,41,81,26,126,27,42,16,112,107,18,19,108,130,85,93,47,62,49,121,63,73,87, </key>
<key name="top"> 75,0,123,59,25,81,42,38,18,61,53,85,49,23,73,87, </key>
<key name="topic"> 69,134,43,112,116, </key>
<key name="total"> 84,99,38,112, </key>
<key name="track"> 122,69,1,123,7,63, </key>

</ftswdata>  
