<?xml version='1.0' encoding='windows-1252' ?>
<ftswdata>
<key name="far"> 58, </key>
<key name="fast"> 34, </key>
<key name="favorit"> 64, </key>
<key name="fe"> 64, </key>
<key name="featur"> 1,44,91,79,51,19,69,24,42,56,96,73,80,81,98,84,78,97,65,45,99,36,17,89,85,100,58, </key>
<key name="feed"> 64, </key>
<key name="few"> 33,57,83,84, </key>
<key name="field"> 2,30,13,19,20,32,16,8,10,40,41,33,81,75,15,83,97,64,36,37, </key>
<key name="fil"> 77,44,30,68,31,19,20,40,33,42,27,47,72,34,80,81,59,76,83,84,97,85, </key>
<key name="filenam"> 31,80,83, </key>
<key name="filt"> 18,40,41,42,98,97,43,46, </key>
<key name="filter"> 44,51,39,41,28,42,72,34,74,97,46, </key>
<key name="fin"> 46, </key>
<key name="financ"> 41, </key>
<key name="find"> 77,86,91,23,80,81,84,89,85,46, </key>
<key name="finish"> 41, </key>
<key name="firefox"> 50, </key>
<key name="first"> 2,1,50,6,92,19,20,32,22,41,55,27,72,34,80,81,74,98,83,97,36, </key>
<key name="fit"> 45, </key>
<key name="flag"> 86,79,40,88,42,27,80, </key>
<key name="float"> 43, </key>
<key name="fold"> 48,49,91,79,51,18,19,52,53,40,41,54,28,42,70,55,56,27,57,67,80,59,74,76,60,61,35,82,62,97,64,66,85,46,58, </key>
<key name="folder"> 48,44,79,51,52,53,40,41,54,28,70,57,67,59,60,61,64,45,89,85,58, </key>
<key name="follow"> 77,0,2,1,49,31,91,79,6,16,8,69,40,41,54,28,34,80,59,15,83,84,97,45,36,89, </key>
<key name="font"> 32,69, </key>
<key name="forev"> 53, </key>
<key name="forget"> 93,59, </key>
<key name="format"> 30,31,32,69,40,73,80,97, </key>
<key name="forth"> 75,45, </key>
<key name="forward"> 44,79,33,28,60,61,97,89, </key>
<key name="four"> 8, </key>
<key name="fragment"> 74, </key>
<key name="fram"> 79, </key>
<key name="fre"> 2,1,44,19,39,16,8,15,5,43, </key>
<key name="friday"> 6,34, </key>
<key name="full"> 1,44,25,19,10,40,95,81,59,90,58, </key>
<key name="function"> 7,45,58, </key>
<key name="furth"> 49,40,42, </key>
<key name="futur"> 54, </key>
<key name="fwd"> 28, </key>
<key name="g"> 68, </key>
<key name="gal"> 23,24,81,78, </key>
<key name="gb"> 79,80, </key>
<key name="general"> 50,92,42,47,34,97, </key>
<key name="generat"> 40,34,97,90, </key>
<key name="get"> 9,47,72, </key>
<key name="gif"> 30,31, </key>
<key name="gift"> 43, </key>
<key name="gigabyt"> 80, </key>
<key name="giv"> 9, </key>
<key name="global"> 16,8,23,24,81,15,78,26,85, </key>
<key name="go"> 40,41, </key>
<key name="good"> 50, </key>
<key name="got"> 71,74,90, </key>
<key name="grammar"> 80, </key>
<key name="grant"> 3,10, </key>
<key name="grante"> 10, </key>
<key name="grantor"> 3,9, </key>
<key name="graphic"> 31, </key>
<key name="graphical"> 31,91, </key>
<key name="gray"> 20, </key>
<key name="great"> 80, </key>
<key name="green"> 4, </key>
<key name="group"> 1,51,23,28,42,27, </key>
<key name="grow"> 36, </key>
<key name="gui"> 91, </key>
<key name="guidelin"> 50, </key>
<key name="habit"> 91, </key>
<key name="hand"> 86,87,54,57,74,66,45, </key>
<key name="handl"> 42,46, </key>
<key name="happen"> 7,28,59,36, </key>
<key name="hard"> 97, </key>
<key name="hav"> 2,55,71, </key>
<key name="haven"> 47, </key>
<key name="head"> 25,79,20,40,42,72,34,80,75,37,5,43, </key>
<key name="header"> 40,34,61,45, </key>
<key name="health"> 34, </key>
<key name="hello"> 80, </key>
<key name="help"> 46,58, </key>
<key name="her"> 2,31,16,54,83, </key>
<key name="high"> 44,83, </key>
<key name="highlight"> 0,49,28,63,36,38,46, </key>
<key name="him"> 10, </key>
<key name="hom"> 19,58, </key>
<key name="horizontal"> 16,8,15, </key>
<key name="hour"> 79,16,8, </key>
<key name="how"> 92,19,28,42,70,71,34,67,59,74,75,97,100, </key>
<key name="htm"> 31, </key>
<key name="html"> 30,68,31,32,69,84,97, </key>
<key name="http"> 95, </key>
<key name="i"> 91,40,94,47,100, </key>
<key name="icon"> 22,88,78,45, </key>
<key name="id"> 80, </key>
<key name="identify"> 42,45, </key>
<key name="if"> 77,2,3,25,49,86,30,68,31,91,50,79,13,92,19,20,32,16,8,53,69,40,41,54,28,42,70,93,94,95,27,47,57,96,72,34,59,74,75,61,35,82,15,84,78,97,65,90,45,99,36,37,17,85,46, </key>
<key name="ignor"> 40, </key>
<key name="iii"> 80, </key>
<key name="imag"> 77,30,68,31,72,80,83,84, </key>
<key name="immediat"> 42,89, </key>
<key name="immediate"> 32,12,40,96,99,85,100,43, </key>
<key name="implement"> 72, </key>
<key name="import"> 44,24,97, </key>
<key name="importanc"> 88, </key>
<key name="important"> 51,42,96, </key>
<key name="in"> 31, </key>
<key name="inactiv"> 42,94, </key>
<key name="inbound"> 51, </key>
<key name="inbox"> 48,52,53,40,54,28,42,70,55,56,80,74,14,97,63,46,58, </key>
<key name="inc"> 99, </key>
<key name="includ"> 1,44,31,91,20,69,40,33,28,56,27,80,75,15,83,84,45,37,5,43,58, </key>
<key name="incom"> 44,31,41,42,72,97, </key>
<key name="increas"> 31,45, </key>
<key name="increment"> 16,8, </key>
<key name="indefinite"> 28, </key>
<key name="indicat"> 31,88,54,70,74,63,90, </key>
<key name="indicator"> 88,5, </key>
<key name="individual"> 56,34,74,65, </key>
<key name="information"> 2,25,31,79,19,20,16,8,21,40,54,24,27,34,15,78,90,45,99,85, </key>
<key name="informational"> 58, </key>
<key name="initial"> 97,38, </key>
<key name="insensitiv"> 40,80, </key>
<key name="insert"> 34, </key>
<key name="insid"> 52, </key>
<key name="instal"> 31, </key>
<key name="install"> 31, </key>
<key name="instanc"> 77,79,13,83, </key>
<key name="interest"> 37, </key>
<key name="interfac"> 91,54,80,59,61,45, </key>
<key name="internal"> 31,80, </key>
<key name="internet"> 91,50,32,34,75,97,36, </key>
<key name="interpret"> 0,40, </key>
<key name="invit"> 16,12,17, </key>
<key name="invitation"> 0,2,1,16,8,9,10,14,15, </key>
<key name="isn"> 46, </key>
<key name="issu"> 90, </key>
<key name="item"> 77,48,49,86,31,51,13,39,11,53,87,88,54,42,56,71,57,72,80,81,61,83,78,63,66,45,89,58, </key>
<key name="itself"> 69,43, </key>
<key name="jan"> 42, </key>
<key name="january"> 80, </key>
<key name="jo"> 80,26, </key>
<key name="job"> 20, </key>
<key name="john"> 80,99, </key>
<key name="jpeg"> 77,31,72,83, </key>
<key name="jpg"> 30,31, </key>
<key name="js123"> 26, </key>
<key name="jsmith"> 26, </key>
<key name="junk"> 54,97,46,58, </key>
<key name="just"> 28,81,75,83,37, </key>
<key name="kb"> 79,80, </key>
<key name="keep"> 7,40,59, </key>
<key name="keyword"> 80,81, </key>
<key name="kilobyt"> 80, </key>
<key name="know"> 33,42,26, </key>
<key name="known"> 16,8,72,15,100, </key>
<key name="label"> 51, </key>
<key name="languag"> 80,81,85, </key>
<key name="larg"> 2,79,40,88,47,80,59,46, </key>
<key name="last"> 0,79,19,20,32,22,28,42,34,80,81,36,101, </key>
<key name="launch"> 31, </key>
<key name="layout"> 69, </key>
<key name="leaf"> 40,43, </key>
<key name="learn"> 81, </key>
<key name="least"> 54,80,90,37, </key>
<key name="leav"> 49,91,40,42, </key>
<key name="left"> 49,86,18,87,54,95,57,76,66,45,26,85,5,58, </key>
<key name="length"> 94, </key>
<key name="lenient"> 34, </key>
<key name="les"> 88, </key>
<key name="let"> 1,31,32,8,36,37,85,5, </key>
<key name="level"> 52,59, </key>
<key name="lik"> 20,22,34,97, </key>
<key name="like"> 28,42, </key>
<key name="limit"> 79,19,59,84, </key>
<key name="lin"> 77,25,30,31,79,51,39,32,40,33,28,56,27,34,80,81,74,75,97,43, </key>
<key name="link"> 68,31,8,64,45, </key>
<key name="list"> 48,2,3,25,49,86,19,7,20,16,52,8,10,21,12,41,88,54,23,24,28,42,70,56,27,34,81,14,61,15,83,78,97,63,64,90,45,36,37,89,26,85,5, </key>
<key name="listing"> 54, </key>
<key name="literal"> 84, </key>
<key name="load"> 55, </key>
<key name="local"> 59, </key>
<key name="locat"> 30,51, </key>
<key name="location"> 2,16,52,8,27,57,72,80,15,17,58, </key>
<key name="log"> 50,92,94,55,95,59,98,97,58, </key>
<key name="logic"> 41, </key>
<key name="login"> 94,95, </key>
<key name="long"> 21,56,67,59,76,45,37,100, </key>
<key name="look"> 4,32,40,70,59, </key>
<key name="los"> 91,34, </key>
<key name="lot"> 96, </key>
<key name="low"> 33,74,78,45,85, </key>
<key name="m"> 40, </key>
<key name="macintosh"> 50, </key>
<key name="mail"> 48,44,3,25,30,31,91,50,51,18,19,20,32,21,69,40,41,54,33,23,24,28,42,70,95,56,71,57,96,72,34,73,80,81,59,74,76,75,35,83,84,62,97,65,66,90,99,37,89,26,85,100,46, </key>
<key name="mailbox"> 4,92,42,59,64,90, </key>
<key name="main"> 43, </key>
<key name="maintain"> 24, </key>
<key name="majority"> 72, </key>
<key name="mak"> 77,0,13,10,69,22,80,81,14,78,97,17,85, </key>
<key name="malform"> 40, </key>
<key name="manag"> 1,44,10,27, </key>
<key name="manageabl"> 59, </key>
<key name="management"> 41, </key>
<key name="manual"> 51,66, </key>
<key name="mark"> 40,54,42,71,14,61,43, </key>
<key name="martin"> 77, </key>
<key name="match"> 77,31,39,16,8,22,40,41,28,42,15,84,78,36,43, </key>
<key name="maximum"> 19,94,80, </key>
<key name="maxm"> 80, </key>
<key name="mb"> 79,80, </key>

</ftswdata>  
