<?xml version='1.0' encoding='windows-1252' ?>
<ftswdata>
<key name="flag"> 73,66,28,75,30,16,67, </key>
<key name="float"> 31, </key>
<key name="fold"> 36,37,78,66,39,8,40,41,28,29,42,17,30,57,43,44,16,45,54,67,47,61,63,48,49,24,69,50,85,53,72,34,46, </key>
<key name="folder"> 36,32,66,39,40,41,80,28,29,42,17,57,45,54,47,48,49,33,76,72,46, </key>
<key name="follow"> 64,0,37,20,78,66,56,28,29,42,17,23,67,47,70,71,85,33,25,76, </key>
<key name="font"> 21,56,80, </key>
<key name="forev"> 41, </key>
<key name="forget"> 81,47, </key>
<key name="format"> 19,20,21,56,28,60,67,85, </key>
<key name="forth"> 62,33, </key>
<key name="forward"> 32,66,22,17,48,49,85,76, </key>
<key name="fragment"> 61, </key>
<key name="fram"> 66, </key>
<key name="fre"> 0,32,8,27,7,1,4,6,31, </key>
<key name="friday"> 23, </key>
<key name="full"> 0,32,14,8,28,83,68,47,77,46, </key>
<key name="function"> 33,46, </key>
<key name="furth"> 37,28,30, </key>
<key name="futur"> 0,42, </key>
<key name="fwd"> 17, </key>
<key name="g"> 55, </key>
<key name="gal"> 12,13,68,65, </key>
<key name="gb"> 66,67, </key>
<key name="general"> 38,79,30,35,23,85, </key>
<key name="generat"> 28,23,85,77, </key>
<key name="get"> 35,59, </key>
<key name="gif"> 19,20, </key>
<key name="gift"> 31, </key>
<key name="gigabyt"> 67, </key>
<key name="global"> 12,13,68,65,15,72, </key>
<key name="go"> 28,29, </key>
<key name="good"> 38, </key>
<key name="got"> 58,61,77, </key>
<key name="grammar"> 67, </key>
<key name="graphic"> 20, </key>
<key name="graphical"> 20,78, </key>
<key name="gray"> 9, </key>
<key name="great"> 67, </key>
<key name="group"> 0,39,80,12,17,30,16, </key>
<key name="grow"> 25, </key>
<key name="gui"> 78, </key>
<key name="guid"> 80, </key>
<key name="guidelin"> 38, </key>
<key name="habit"> 78, </key>
<key name="hand"> 73,74,42,45,61,53,33, </key>
<key name="handl"> 30,34, </key>
<key name="happen"> 17,47,25, </key>
<key name="hard"> 85, </key>
<key name="hav"> 43,58, </key>
<key name="haven"> 35, </key>
<key name="head"> 14,66,9,28,30,59,23,67,62,26,31, </key>
<key name="header"> 28,23,49,33, </key>
<key name="health"> 23, </key>
<key name="hello"> 67, </key>
<key name="help"> 80,34,46, </key>
<key name="her"> 20,42,70,46, </key>
<key name="hidden"> 80, </key>
<key name="high"> 32,70, </key>
<key name="highlight"> 37,17,51,25,34, </key>
<key name="hom"> 8,46, </key>
<key name="horizontal"> 7,1,4,6, </key>
<key name="hour"> 66,7,1, </key>
<key name="how"> 79,8,1,80,17,30,57,4,58,23,54,47,61,62,85,88, </key>
<key name="htm"> 20, </key>
<key name="html"> 19,55,20,21,56,80,71,85, </key>
<key name="http"> 83, </key>
<key name="i"> 78,28,82,35,88, </key>
<key name="icon"> 11,75,65,33, </key>
<key name="id"> 67, </key>
<key name="identify"> 30,33, </key>
<key name="if"> 64,14,37,73,19,55,20,78,38,66,3,79,8,9,21,7,1,41,56,80,28,29,42,17,30,57,4,81,82,83,16,35,45,84,59,23,47,61,62,49,24,69,6,71,65,85,52,77,33,87,25,26,72,34, </key>
<key name="ignor"> 28, </key>
<key name="iii"> 67, </key>
<key name="imag"> 64,19,55,20,59,67,70,71, </key>
<key name="immediat"> 30,76, </key>
<key name="immediate"> 21,28,84,87,72,88,31, </key>
<key name="implement"> 59, </key>
<key name="import"> 32,13,85, </key>
<key name="importanc"> 75, </key>
<key name="important"> 39,30,84, </key>
<key name="in"> 20, </key>
<key name="inactiv"> 30,82, </key>
<key name="inbound"> 39, </key>
<key name="inbox"> 36,40,41,28,42,17,30,57,43,44,67,61,5,85,51,34,46, </key>
<key name="inc"> 87, </key>
<key name="includ"> 0,32,20,78,9,56,28,22,17,44,16,67,62,70,71,33,26,31,46, </key>
<key name="incom"> 32,20,29,30,59,85, </key>
<key name="increas"> 20,33, </key>
<key name="increment"> 7,1, </key>
<key name="indefinite"> 17, </key>
<key name="indicat"> 20,75,42,57,61,51,77, </key>
<key name="indicator"> 75, </key>
<key name="individual"> 44,23,61,52, </key>
<key name="information"> 14,20,66,8,9,7,1,10,80,28,42,13,16,23,6,65,77,33,87,72, </key>
<key name="initial"> 85, </key>
<key name="insensitiv"> 28,67, </key>
<key name="insert"> 23, </key>
<key name="insid"> 40, </key>
<key name="instal"> 20, </key>
<key name="install"> 20, </key>
<key name="installation"> 80, </key>
<key name="instanc"> 64,66,3,70, </key>
<key name="interest"> 26, </key>
<key name="interfac"> 78,80,42,67,47,49,33, </key>
<key name="internal"> 20,67, </key>
<key name="internet"> 78,38,21,23,85,25, </key>
<key name="interpret"> 28, </key>
<key name="invitation"> 0,7,1,5,6, </key>
<key name="isn"> 34, </key>
<key name="issu"> 77, </key>
<key name="item"> 64,36,37,73,20,39,3,27,2,41,74,75,42,30,44,58,45,59,67,68,49,70,65,51,53,33,76,46, </key>
<key name="itself"> 56,31, </key>
<key name="jan"> 30, </key>
<key name="january"> 67, </key>
<key name="jo"> 67,15, </key>
<key name="job"> 9, </key>
<key name="john"> 67,87, </key>
<key name="jpeg"> 64,20,59,70, </key>
<key name="jpg"> 19,20, </key>
<key name="js123"> 15, </key>
<key name="jsmith"> 15, </key>
<key name="junk"> 42,85,34,46, </key>
<key name="just"> 17,68,70,26, </key>
<key name="kb"> 66,67, </key>
<key name="keep"> 28,47, </key>
<key name="keyword"> 67,68, </key>
<key name="kilobyt"> 67, </key>
<key name="know"> 22,30,15, </key>
<key name="known"> 4,59,88, </key>
<key name="label"> 39,80, </key>
<key name="languag"> 67,68,72, </key>
<key name="larg"> 66,28,75,35,67,47,34, </key>
<key name="last"> 66,8,9,21,11,17,30,23,67,68,25,89, </key>
<key name="launch"> 20, </key>
<key name="layout"> 56, </key>
<key name="leaf"> 28,31, </key>
<key name="learn"> 68, </key>
<key name="least"> 42,67,77,26, </key>
<key name="leav"> 0,37,78,28,30, </key>
<key name="left"> 37,73,74,42,83,45,63,85,53,33,15,72,46, </key>
<key name="length"> 82, </key>
<key name="lenient"> 23, </key>
<key name="les"> 75, </key>
<key name="let"> 0,20,21,25,26,72, </key>
<key name="level"> 40,47, </key>
<key name="lik"> 9,11,23,85, </key>
<key name="like"> 17,30, </key>
<key name="limit"> 66,8,47,71, </key>
<key name="lin"> 64,14,19,20,66,39,27,21,80,28,22,17,44,16,23,67,68,61,62,85,31, </key>
<key name="link"> 55,20,33, </key>
<key name="list"> 36,14,37,73,3,8,9,40,10,80,29,75,42,12,13,17,30,57,4,44,16,23,68,49,70,65,85,51,77,33,25,26,76,15,72, </key>
<key name="listing"> 42, </key>
<key name="literal"> 71, </key>
<key name="load"> 43, </key>
<key name="local"> 47, </key>
<key name="locat"> 19,39, </key>
<key name="location"> 7,40,1,16,45,59,67,6,46, </key>
<key name="log"> 38,79,82,43,83,47,86,85,46, </key>
<key name="logic"> 29, </key>
<key name="login"> 82,83, </key>
<key name="long"> 10,44,54,47,63,33,26,88, </key>
<key name="look"> 21,28,57,47, </key>
<key name="los"> 78,23, </key>
<key name="lot"> 84, </key>
<key name="low"> 22,61,65,33,72, </key>
<key name="m"> 28, </key>
<key name="macintosh"> 38, </key>
<key name="mail"> 36,32,14,19,20,78,38,39,8,9,21,10,56,80,28,29,42,22,12,13,17,30,57,83,44,58,45,84,59,23,60,67,68,47,61,63,62,24,70,71,50,85,52,53,77,87,26,76,15,72,88,34, </key>
<key name="mailbox"> 79,80,30,47,77, </key>
<key name="main"> 0,31, </key>
<key name="maintain"> 80,13, </key>
<key name="majority"> 59, </key>
<key name="mak"> 64,3,56,11,67,68,5,65,85,72, </key>
<key name="malform"> 28, </key>
<key name="manag"> 80,16, </key>
<key name="manageabl"> 47, </key>
<key name="management"> 29, </key>
<key name="manual"> 39,53, </key>
<key name="mark"> 28,42,30,58,49,31, </key>
<key name="martin"> 64, </key>
<key name="match"> 64,20,27,11,80,28,29,17,30,71,65,25,31, </key>
<key name="maximum"> 8,82,67, </key>
<key name="maxm"> 67, </key>
<key name="mb"> 66,67, </key>
<key name="mean"> 27,28,29,17,43,67,85,77, </key>
<key name="medium"> 76, </key>
<key name="meet"> 64,7,1,30,4,5,6, </key>
<key name="meeting"> 0,32,3,7,1,80, </key>
<key name="megabyt"> 67, </key>
<key name="menu"> 14,37,73,30,58,68,49,85,52,33,15, </key>
<key name="messag"> 64,36,0,32,14,73,19,55,20,78,66,39,9,21,41,56,80,28,29,75,42,22,12,17,30,57,44,16,58,35,45,84,59,23,18,60,54,67,68,47,61,63,62,5,49,24,70,71,65,50,85,52,77,33,87,25,26,76,15,72,88,34,46, </key>
<key name="met"> 29, </key>
<key name="method"> 39,58, </key>
<key name="microsoft"> 19,20,38,59,67,70,71, </key>
<key name="middl"> 78,31, </key>
<key name="might"> 78,66,35,67,62,77,25,76,31,34, </key>
<key name="migrat"> 42, </key>
<key name="mik"> 17, </key>
<key name="mini"> 0,66, </key>
<key name="minm"> 67, </key>
<key name="minu"> 29, </key>
<key name="minut"> 7,1, </key>
<key name="miscellaneou"> 42, </key>
<key name="mission"> 23, </key>
<key name="mix"> 70, </key>
<key name="mm"> 28,67, </key>
<key name="mod"> 56, </key>
<key name="modifi"> 11, </key>
<key name="money"> 31, </key>
<key name="month"> 0,66,1, </key>
<key name="mous"> 36,14,78,8,61,49,51,33, </key>
<key name="mov"> 36,37,39,8,41,28,17,30,43,45,63,49,15,34, </key>
<key name="movabl"> 33, </key>
<key name="movi"> 20, </key>
<key name="mozilla"> 38, </key>

</ftswdata>  
