﻿<?xml version='1.0' encoding='utf-8' ?>
<!-- saved from url=(0014)about:internet -->
<ftswdata>
<key name="permission"> 69,57,10,52,131,61,51,34,73,53,64,54, </key>
<key name="permit"> 40, </key>
<key name="person"> 41,71,108,91,146,149, </key>
<key name="person'"> 55,130,50,3,41, </key>
<key name="persona"> 143,133,41,138,142,146, </key>
<key name="personal"> 123,69,1,7,25,26,138,30,142,103,114,91,146,122,35,74,24, </key>
<key name="phon"> 151,111,71,113,114,24, </key>
<key name="photo"> 25, </key>
<key name="photoshop"> 40, </key>
<key name="phras"> 66,116,117, </key>
<key name="pick"> 8,19, </key>
<key name="pictur"> 39,146, </key>
<key name="plac"> 98,59,82,65,85,102,87,105,108,86,95,148,74,64,72, </key>
<key name="placehold"> 68, </key>
<key name="placement"> 146, </key>
<key name="plain"> 41,99,146, </key>
<key name="plan"> 2, </key>
<key name="play"> 40, </key>
<key name="playabl"> 40, </key>
<key name="plu"> 45,117, </key>
<key name="plug"> 40, </key>
<key name="podcast"> 78, </key>
<key name="point"> 98,103,146,88, </key>
<key name="pol"> 100,146, </key>
<key name="polici"> 40,97, </key>
<key name="policy"> 98,102,97,113,89, </key>
<key name="pop"> 143,133,142,91,146,49, </key>
<key name="pop3"> 69, </key>
<key name="popular"> 79, </key>
<key name="populat"> 25,108,22,24, </key>
<key name="port"> 143,133, </key>
<key name="portion"> 65,91,134,46,35, </key>
<key name="possib"> 86,72, </key>
<key name="possibl"> 99,134,116,46, </key>
<key name="post"> 10, </key>
<key name="powerful"> 114, </key>
<key name="powerpoint"> 98,117, </key>
<key name="pr"> 111,25,82, </key>
<key name="practic"> 103, </key>
<key name="preced"> 65, </key>
<key name="predefin"> 63, </key>
<key name="pref"> 81,58,141,146,23,75, </key>
<key name="prefer"> 81, </key>
<key name="preferenc"> 69,0,1,133,6,80,81,135,137,136,41,138,8,83,99,29,14,66,42,67,100,32,15,141,142,36,144,97,113,106,108,147,18,19,109,92,145,146,86,94,148,48,149,24,75,88,96, </key>
<key name="prefix"> 113,108,146,118,117, </key>
<key name="preformat"> 63, </key>
<key name="pres"> 124,8,18,19, </key>
<key name="presenc"> 65,67,36, </key>
<key name="present"> 65,16, </key>
<key name="presentation"> 74, </key>
<key name="preserv"> 42,89,108, </key>
<key name="president"> 148, </key>
<key name="presum"> 43, </key>
<key name="prevent"> 65,67,141, </key>
<key name="preview"> 151,146, </key>
<key name="previou"> 77,79,66,85,16,108,146, </key>
<key name="previous"> 111,116, </key>
<key name="primary"> 146,47, </key>
<key name="print"> 1,38,104,33,16,91,146, </key>
<key name="priority"> 123,69,124,116,122, </key>
<key name="privacy"> 141, </key>
<key name="privat"> 1,2,19, </key>
<key name="privileg"> 57,10,60,131,61,34,73,53,24, </key>
<key name="probab"> 79, </key>
<key name="problem"> 137,45, </key>
<key name="proce"> 58,66, </key>
<key name="procedur"> 116, </key>
<key name="proceed"> 78, </key>
<key name="proces"> 56,103,63,117, </key>
<key name="produc"> 41,113, </key>
<key name="product"> 51, </key>
<key name="program"> 69,151,39,40,43,146,74, </key>
<key name="progres"> 123,69,124, </key>
<key name="project"> 123,124,37,60, </key>
<key name="project1"> 60, </key>
<key name="prompt"> 40,134, </key>
<key name="properti"> 56,4,57,10,52,131,61,34,73,53,63, </key>
<key name="protect"> 141, </key>
<key name="provid"> 143,133,40,80,141,43,78,45,75, </key>
<key name="public"> 123,69,1,2,10,60,19,131,61,51,34,73,53, </key>
<key name="pull"> 28, </key>
<key name="punctuation"> 113, </key>
<key name="purg"> 84,97,89,107,86,95,72, </key>
<key name="purpl"> 119, </key>
<key name="put"> 10,37,51,34,73,86, </key>
<key name="queri"> 85,114,115,117, </key>
<key name="query"> 110,119,111,113,114,115,109,146,117, </key>
<key name="quest"> 61,34,53, </key>
<key name="quest'"> 61,53, </key>
<key name="question"> 79,68, </key>
<key name="quick"> 123,69,0,1,2,124,31,119,80,126,41,85,71,114,17,109,146,22,46,117,23,74,64,75, </key>
<key name="quickadd"> 0,1,146,23, </key>
<key name="quot"> 83,113,90,108,146,122,75, </key>
<key name="quota"> 89,74,88, </key>
<key name="quotation"> 113, </key>
<key name="radio"> 116,109, </key>
<key name="random"> 31, </key>
<key name="rang"> 116, </key>
<key name="rath"> 146,68, </key>
<key name="re"> 37,147,45,117, </key>
<key name="reach"> 67,86,24,72, </key>
<key name="read"> 123,69,124,39,40,111,57,41,99,65,37,67,101,103,104,113,105,106,17,91,146,131,61,34,53,94,148,47,48,117,74, </key>
<key name="readabl"> 117, </key>
<key name="ready"> 39, </key>
<key name="real"> 69,71,78,86, </key>
<key name="reason"> 102,45, </key>
<key name="receiv"> 69,55,130,50,3,143,133,98,40,111,80,138,30,37,100,71,36,102,144,103,43,113,89,17,20,116,145,146,93,86,94,45,149,72, </key>
<key name="recent"> 36,146,22, </key>
<key name="recipient"> 69,39,80,42,43,113,108,146,45,47,35,149,74, </key>
<key name="recipient'"> 71,45, </key>
<key name="recogniz"> 40, </key>
<key name="recommend"> 103,146, </key>
<key name="record"> 28, </key>
<key name="recov"> 84,107, </key>
<key name="recover"> 97,107, </key>
<key name="recur"> 0,1,2,8,11,13,17,20,22, </key>
<key name="recurrenc"> 8,22, </key>
<key name="red"> 5, </key>
<key name="reduc"> 89, </key>
<key name="referenc"> 40, </key>
<key name="reflect"> 8,19, </key>
<key name="refresh"> 143,79,19,109, </key>
<key name="regard"> 97, </key>
<key name="regardles"> 98,140,102,149, </key>
<key name="regular"> 84, </key>
<key name="reject"> 1,55,3,98,45, </key>
<key name="relat"> 69,37,36,114, </key>
<key name="relativ"> 70, </key>
<key name="relevant"> 124,86, </key>
<key name="reliabl"> 69, </key>
<key name="reload"> 79,134, </key>
<key name="remain"> 79,141,97,86,95, </key>
<key name="rememb"> 141,116,61,53,149, </key>
<key name="remember"> 141, </key>
<key name="remind"> 17,146, </key>
<key name="remot"> 7,113, </key>
<key name="remov"> 119,57,10,128,27,120,17,52,44,131,61,34,73,35,24, </key>
<key name="renam"> 76,90,91,86, </key>
<key name="reoccurrenc"> 2, </key>
<key name="rep"> 69,143,133,138,9,65,42,37,142,43,108,17,91,146,51,149,54, </key>
<key name="repeat"> 8,66,146,35,23, </key>
<key name="replac"> 46,74, </key>
<key name="repli"> 133,111,138,37,36,113,108,146,148,149, </key>
<key name="reply"> 138,108, </key>
<key name="report"> 86,72, </key>
<key name="represent"> 65,85,70, </key>
<key name="request"> 2,9,10,71,17,51,22, </key>
<key name="requir"> 8,10,141,144,18,19,131,34,73,24, </key>
<key name="reschedul"> 0, </key>
<key name="reserv"> 2,8,18,19,20, </key>
<key name="reset"> 139,147, </key>
<key name="resid"> 103, </key>
<key name="resolv"> 45, </key>
<key name="resourc"> 2,8,89,18,19,20,21, </key>
<key name="respective"> 47, </key>
<key name="respond"> 17,51, </key>
<key name="respons"> 144,108,17, </key>
<key name="restart"> 141, </key>
<key name="restor"> 147, </key>
<key name="result"> 110,65,37,113,115,109,146,46, </key>
<key name="resum"> 49, </key>
<key name="retain"> 145,54, </key>
<key name="retriev"> 143,80,142,44,146, </key>
<key name="return"> 58,26,8,65,113,89,18,19,118,46,117,149, </key>
<key name="retyp"> 137, </key>
<key name="reus"> 137, </key>
<key name="review"> 86,22,72, </key>
<key name="revok"> 57,10,52,131,34,73,53, </key>
<key name="rich"> 58,48,62,63,64, </key>
<key name="right"> 76,151,0,31,56,77,119,40,57,59,127,7,25,41,82,10,128,27,84,120,11,12,13,28,65,66,60,101,87,129,38,97,90,17,52,91,18,109,131,61,34,73,53,86,95,70,62,122,35,74,72,88, </key>
<key name="rivendell"> 116, </key>
<key name="rol"> 69,55,130,50,3,57,138,10,142,131,61,34,73,53,24, </key>
<key name="room"> 2, </key>
<key name="root"> 78, </key>
<key name="rout"> 69, </key>
<key name="row"> 56,63, </key>
<key name="rs"> 82,78, </key>
<key name="rul"> 110,80,137,136,65,66,37,67,113,105,134,146, </key>
<key name="run"> 40,146, </key>
<key name="s"> 56,138,51, </key>
<key name="s3"> 146, </key>
<key name="safar"> 75, </key>
<key name="safari"> 79, </key>
<key name="safety"> 103, </key>
<key name="sal"> 51,35, </key>
<key name="sam"> 76,110,77,98,5,80,137,59,82,65,37,67,101,103,43,113,134,146,78,46,122,63,117,74, </key>
<key name="sash"> 70, </key>
<key name="sav"> 69,2,143,124,31,133,111,80,126,81,136,58,25,41,26,138,8,84,28,29,14,65,85,32,15,144,103,89,147,44,134,115,18,19,92,145,146,86,148,117,149,74,54,88,96, </key>
<key name="saw"> 108, </key>
<key name="say"> 146, </key>
<key name="scan"> 103, </key>
<key name="scenario"> 51, </key>
<key name="schedul"> 69,151,0,1,2,5,6,7,8,13,16,18,19,20,21,63, </key>
<key name="screen"> 123,140,141,134,19,70,88, </key>
<key name="scrol"> 38, </key>
<key name="scroll"> 116,145, </key>
<key name="se"> 69,151,0,1,2,143,133,98,5,136,7,138,8,83,10,128,99,85,100,140,71,101,97,113,105,108,17,18,19,21,146,131,73,86,148,47,74,54,88,96, </key>
<key name="search"> 69,2,110,119,111,80,41,26,8,83,27,28,85,37,67,113,114,91,115,18,19,116,109,146,118,122,35,117,68,64,88,96, </key>
<key name="second"> 138,65,60, </key>
<key name="section"> 124,133,57,81,41,138,144,103,52,115,19,145,146,131,148,63,149, </key>
<key name="secur"> 133, </key>
<key name="secure"> 143, </key>
<key name="security"> 98,102, </key>

</ftswdata>  
