<?xml version='1.0' encoding='windows-1252' ?>
<ftswdata>
<key name="themselv"> 110,93,124, </key>
<key name="therefor"> 38,118,93, </key>
<key name="thing"> 78, </key>
<key name="think"> 92,105,106, </key>
<key name="third"> 129,74,77, </key>
<key name="thos"> 100,35,120,103,78,54,75,44,112,33,65, </key>
<key name="though"> 39, </key>
<key name="thre"> 0,49,38,69,102,23,17,8,25,35,120,103,57,62, </key>
<key name="thread"> 20, </key>
<key name="ti"> 71, </key>
<key name="tim"> 0,2,1,68,69,101,6,17,8,10,61,118,119,34,41,87,103,104,15,42,16,18,19,81,124,32,82,75,85,20,21,107,127,5,62,66,77, </key>
<key name="time"> 122, </key>
<key name="tip"> 29,25,95,64,22, </key>
<key name="titl"> 23,35,82,57, </key>
<key name="toc"> 51, </key>
<key name="today"> 0, </key>
<key name="todo"> 72, </key>
<key name="togeth"> 35,103,56, </key>
<key name="toggl"> 84,55, </key>
<key name="tomorrow"> 0, </key>
<key name="too"> 59,92,41,97,64, </key>
<key name="tool"> 29,51,17,8,25,104,95,124,64,57,107,22, </key>
<key name="toolbar"> 0,1,49,6,51,7,23,39,17,71,24,8,25,40,90,120,121,14,103,98,16,99,83,75,126,45,55,47,112,57,65,77, </key>
<key name="top"> 0,67,52,23,39,71,40,16,54,75,21,47,77, </key>
<key name="topic"> 63,115,41,103,107, </key>
<key name="total"> 90,103, </key>
<key name="track"> 1,63,7,57, </key>
<key name="traditional"> 63,34,95,114,84, </key>
<key name="train"> 120,65, </key>
<key name="transf"> 76, </key>
<key name="trash"> 67,48,3,71,25,73,59,74,61,87,78,97,15,80,124,75,85,77, </key>
<key name="travel"> 124, </key>
<key name="tre"> 102, </key>
<key name="trig"> 44, </key>
<key name="trigger"> 0, </key>
<key name="troubl"> 124, </key>
<key name="truck"> 59, </key>
<key name="try"> 43, </key>
<key name="tun"> 75,65, </key>
<key name="turn"> 60,111,61,96,124,20,127, </key>
<key name="turnaround"> 112, </key>
<key name="two"> 67,68,101,71,8,89,28,61,34,106,56,33,57,107,62, </key>
<key name="txt"> 38,103, </key>
<key name="typ"> 0,67,2,129,49,113,100,37,88,38,101,7,52,39,17,71,24,8,72,10,60,74,28,61,119,120,92,93,103,104,98,80,114,105,16,106,99,19,124,54,32,83,126,44,56,33,57,107,62,22,66, </key>
<key name="typical"> 37,88,38, </key>
<key name="ui"> 124, </key>
<key name="unacceptabl"> 88, </key>
<key name="uncheck"> 96,126, </key>
<key name="undeliverabl"> 43, </key>
<key name="undergo"> 61, </key>
<key name="undo"> 12, </key>
<key name="unflag"> 101,103, </key>
<key name="uniqu"> 67,52, </key>
<key name="unknown"> 43,47, </key>
<key name="unles"> 40,120,41, </key>
<key name="unread"> 68,101,72,74,90,34,91,103,95,80, </key>
<key name="unsav"> 114, </key>
<key name="unsolicit"> 75,65, </key>
<key name="unus"> 22, </key>
<key name="unwant"> 75,65, </key>
<key name="up"> 0,63,113,23,39,17,60,61,120,121,80,114,16,18,19,124,82,64,44,45,55,47,58,22, </key>
<key name="updat"> 129,100,121,99,83,128, </key>
<key name="upload"> 57,58, </key>
<key name="uppercas"> 56, </key>
<key name="url"> 129,101,7,71,10,119,103,54,32,83,57,107, </key>
<key name="us"> 0,67,2,63,113,100,68,109,37,38,69,101,6,50,115,102,51,39,10,89,59,111,74,40,61,90,53,119,120,34,121,92,93,103,78,95,79,98,125,114,106,99,124,54,32,75,84,20,43,64,108,44,46,55,56,21,47,112,33,57,107,62,58,65,66,77,86, </key>
<key name="usag"> 78, </key>
<key name="useful"> 122,22, </key>
<key name="user"> 37,38,10,28,93,54,32,22, </key>
<key name="usernam"> 113, </key>
<key name="usingdocumentstyl"> 56, </key>
<key name="usual"> 38,17,8,41, </key>
<key name="v3"> 124, </key>
<key name="vacation"> 103,124,127, </key>
<key name="valid"> 7,39,10,32,43, </key>
<key name="valu"> 103,104, </key>
<key name="variant"> 107, </key>
<key name="variety"> 37,38, </key>
<key name="variou"> 1,38,86, </key>
<key name="various"> 33, </key>
<key name="vary"> 41, </key>
<key name="ve"> 91,95,114, </key>
<key name="verifi"> 24, </key>
<key name="verify"> 43, </key>
<key name="version"> 128, </key>
<key name="versu"> 106, </key>
<key name="vertical"> 22, </key>
<key name="via"> 38,58, </key>
<key name="vic"> 126, </key>
<key name="view"> 0,2,1,63,29,4,68,88,6,50,115,7,17,8,72,10,89,74,35,90,53,34,76,93,14,36,103,95,96,15,16,19,124,54,32,75,84,64,21,112,5,58,22,66,77,86, </key>
<key name="viewabl"> 88,107, </key>
<key name="viru"> 92,93, </key>
<key name="virus"> 88,38,92,93, </key>
<key name="visibl"> 124,5, </key>
<key name="visit"> 77, </key>
<key name="voic"> 127, </key>
<key name="voip"> 129, </key>
<key name="vs"> 100,61,107, </key>
<key name="w"> 62, </key>
<key name="want"> 101,115,51,23,39,24,8,73,61,53,120,121,93,41,104,78,95,98,114,105,18,99,123,124,54,126,44,56,112,57,5,62,66, </key>
<key name="way"> 0,17,8,25,16,112,66, </key>
<key name="web"> 63,129,113,38,69,70,52,74,28,119,34,121,91,78,80,114,124,83,64,46,56,57,107,58,66,77,86, </key>
<key name="week"> 0,1,101,6,8,14,124,21,66, </key>
<key name="weight"> 41, </key>
<key name="welcom"> 63, </key>
<key name="well"> 23,74,93,94,126,107,77, </key>
<key name="what"> 37,69,60,35,120,106,124,64,55,58,22,66,77, </key>
<key name="whatev"> 23,107, </key>
<key name="wherea"> 40,33, </key>
<key name="wherev"> 56,112, </key>
<key name="wheth"> 113,38,13,24,8,10,111,118,120,93,96,19,124,32,82,107, </key>
<key name="whichev"> 2, </key>
<key name="whil"> 124, </key>
<key name="whit"> 28,5,62, </key>
<key name="whol"> 26,104,107, </key>
<key name="whom"> 39,10,103,54,32, </key>
<key name="whos"> 63,38,24,92,103,44,62, </key>
<key name="why"> 9,40,43, </key>
<key name="wid"> 38, </key>
<key name="wide"> 38, </key>
<key name="widget"> 126, </key>
<key name="width"> 49, </key>
<key name="wildcard"> 102,59,108,107,62, </key>
<key name="will"> 2,113,37,88,38,69,50,39,8,60,35,119,120,121,41,94,103,95,98,114,105,124,54,75,43,64,44,33,107,127,62, </key>
<key name="window"> 129,38,39,25,40,119,120,76,36,94,98,114,124,54,64,126,45,66, </key>
<key name="winzip"> 38, </key>
<key name="within"> 0,2,63,129,100,38,69,101,102,52,71,60,28,35,61,90,34,91,76,36,94,103,95,80,114,106,124,54,33,57,107,5,58,66,77, </key>
<key name="without"> 0,129,69,50,10,59,61,104,16,106,124,32,45,56,66, </key>
<key name="wmv"> 38, </key>
<key name="word"> 100,88,38,72,26,59,60,61,120,93,103,104,124,108,56,47,57,107, </key>
<key name="wordpad"> 38, </key>
<key name="work"> 1,69,6,51,7,72,35,118,114,106,124,57,107,58,22,66,86, </key>
<key name="workgroup"> 106, </key>
<key name="workstation"> 38,93, </key>
<key name="would"> 100,109,102,51,72,59,35,61,103,104,106,124,21, </key>
<key name="writ"> 2, </key>
<key name="written"> 120,98,124, </key>
<key name="x"> 100, </key>
<key name="x111"> 126, </key>
<key name="xl"> 38,106, </key>
<key name="xyz"> 44, </key>
<key name="y"> 100, </key>
<key name="y3"> 124, </key>
<key name="yahoo"> 61, </key>
<key name="year"> 8,106, </key>
<key name="yellow"> 4, </key>
<key name="yes"> 48,3,111, </key>
<key name="yet"> 74, </key>
<key name="york"> 17,8, </key>
<key name="your"> 0,67,2,1,63,129,48,3,29,49,4,113,37,88,38,69,101,6,50,70,13,116,115,51,52,23,39,17,71,24,8,72,10,25,12,89,26,27,59,60,74,28,35,61,90,117,118,30,53,119,120,34,121,92,122,93,41,14,94,87,103,104,78,95,96,97,98,15,125,80,42,114,105,16,18,106,99,81,123,124,54,32,82,83,75,85,20,43,64,126,44,45,46,55,56,21,47,112,33,57,107,5,58,22,65,66,77,86, </key>
<key name="yourself"> 17,16, </key>
<key name="yyyy"> 103, </key>
<key name="zc"> 128, </key>
<key name="zero"> 62, </key>
<key name="zimbra"> 67,2,1,63,129,113,88,38,69,101,6,70,52,39,71,74,28,117,118,119,34,121,91,92,122,87,103,104,78,15,125,80,114,123,124,83,75,85,20,64,33,107,128,58,22,65,66,77,86, </key>
<key name="zimbranotebook"> 56,57, </key>
<key name="zimlet"> 129,101,74,77, </key>
<key name="zip"> 88,38,92,93, </key>
<key name="zon"> 17,8,124, </key>
<key name="zwc"> 63,113,121,86, </key>

</ftswdata>  
