<?xml version='1.0' encoding='windows-1252' ?>
<ftswdata>
<key name="rul"> 95,67,111,110,55,56,34,57,91,118,109,117, </key>
<key name="run"> 37,52,53, </key>
<key name="s"> 59,3,28,4,66,6,38,17,8,10,12,55,34,88,115,89,40,14,90,98,109,16,101,94,50,31,20,108,42,43,52,83, </key>
<key name="safari"> 66, </key>
<key name="safety"> 89, </key>
<key name="sal"> 32, </key>
<key name="sam"> 64,95,65,85,67,111,48,68,55,34,57,88,89,40,98,109,117,42,52,107,53,102,5, </key>
<key name="sash"> 60, </key>
<key name="sav"> 2,28,96,110,47,23,38,17,8,70,25,26,55,71,29,115,89,98,75,118,41,109,100,16,78,116,117,72,119,102,120,74,83, </key>
<key name="saw"> 92, </key>
<key name="say"> 117, </key>
<key name="scan"> 89, </key>
<key name="schedul"> 0,2,1,59,122,6,13,7,17,8,14,16,18,19,53,5, </key>
<key name="screen"> 17,113,114,109,60,74, </key>
<key name="scrol"> 35, </key>
<key name="scroll"> 115,101,116, </key>
<key name="se"> 0,2,1,59,122,85,7,17,8,69,10,86,71,87,113,88,98,91,92,15,16,19,117,103,72,43,5,74,83, </key>
<key name="search"> 2,59,95,104,96,67,38,17,8,69,24,25,71,34,57,98,99,77,100,16,101,94,117,32,102,58,54,22,74,83, </key>
<key name="second"> 36,55, </key>
<key name="section"> 48,38,49,89,118,100,50,52,53,54, </key>
<key name="security"> 85,62, </key>
<key name="select"> 0,2,3,28,45,4,95,65,104,36,85,96,6,46,13,47,7,48,23,38,17,68,8,10,24,11,12,86,25,26,55,56,29,49,73,35,90,30,84,99,93,92,15,100,16,101,94,19,117,50,31,80,81,42,43,51,21,44,107,32,53,102,5,83, </key>
<key name="selection"> 95,65,94,42,43,32,83, </key>
<key name="semi"> 10,31, </key>
<key name="semicolon"> 17,8,98,16,42, </key>
<key name="send"> 0,59,3,28,36,37,46,67,38,9,10,55,39,27,57,89,40,35,90,98,92,15,41,101,94,78,117,50,31,72,20,108,42,43,120,54,22,63,83, </key>
<key name="sender"> 62,89,40, </key>
<key name="sensitiv"> 102, </key>
<key name="sent"> 0,64,2,36,46,67,13,17,68,8,10,11,86,55,71,34,40,98,75,92,15,77,41,16,101,78,117,50,31,80,72,108,43,120,74,83, </key>
<key name="separat"> 28,96,6,23,38,17,8,26,29,40,35,90,16,117,60, </key>
<key name="sequenc"> 65,8,60,52, </key>
<key name="seri"> 13,11,15, </key>
<key name="serv"> 10,31, </key>
<key name="servic"> 59, </key>
<key name="session"> 1,66,6,113,114,33,109,81,22, </key>
<key name="set"> 0,45,85,96,17,86,56,57,87,113,114,115,89,84,98,75,92,118,16,18,101,19,116,117,72,20,53,120,22, </key>
<key name="setting"> 110,118,94,117,102,74, </key>
<key name="seven"> 6, </key>
<key name="shar"> 1,59,3,4,66,46,17,9,10,49,114,50,103,31,32,5,54,22, </key>
<key name="shift"> 65,104,63,83, </key>
<key name="shop"> 68, </key>
<key name="shortcut"> 99,60,63,83, </key>
<key name="should"> 45,10,57,114,62,40,92,117,31,119,53, </key>
<key name="show"> 2,4,95,104,36,67,47,71,29,49,33,73,89,35,98,75,91,92,77,18,94,19,117,79,42,43,107,32,53,5,22,74, </key>
<key name="shown"> 56,33,88,92,5,74, </key>
<key name="sid"> 7,71,5,58, </key>
<key name="sign"> 119, </key>
<key name="signatur"> 38,40,92,117,119, </key>
<key name="signifi"> 4, </key>
<key name="silent"> 57, </key>
<key name="similar"> 104,57,98,74, </key>
<key name="simp"> 113,99,20, </key>
<key name="simultaneous"> 104, </key>
<key name="sinc"> 92, </key>
<key name="singl"> 2,95,104,67,17,56,88,35,98,60,42, </key>
<key name="singular"> 52, </key>
<key name="sit"> 122,85,66,62,84,109,80,72,61, </key>
<key name="six"> 53, </key>
<key name="siz"> 96,55,29,33,62,98,75,117,60,53,102, </key>
<key name="skip"> 16, </key>
<key name="skyp"> 122, </key>
<key name="slash"> 76,107,58, </key>
<key name="slid"> 36, </key>
<key name="slight"> 102, </key>
<key name="smal"> 96,55,98,42, </key>
<key name="small"> 122,60, </key>
<key name="smart"> 117, </key>
<key name="smith"> 25,57,98,119,42,32, </key>
<key name="smith23"> 57, </key>
<key name="so"> 2,4,66,70,39,92,101, </key>
<key name="softphon"> 122, </key>
<key name="softwar"> 36,37,109,74, </key>
<key name="someon"> 37,39,101,43, </key>
<key name="someth"> 25,89,40,109, </key>
<key name="sometim"> 55,27,117,72,108,32, </key>
<key name="somewher"> 97, </key>
<key name="soon"> 94,42, </key>
<key name="sort"> 37,8,56,79, </key>
<key name="sortabl"> 79, </key>
<key name="sourc"> 59,47,51,53, </key>
<key name="south"> 102, </key>
<key name="spac"> 75,58,22, </key>
<key name="spacebar"> 83, </key>
<key name="spam"> 55,71,62,40,72,61,83, </key>
<key name="span"> 34, </key>
<key name="special"> 59,37,42,102, </key>
<key name="specifi"> 59,95,96,97,8,55,56,57,84,98,72,82,58,61, </key>
<key name="specific"> 96,111,8,57,30,98,101,103,20,52,102,22,63, </key>
<key name="specify"> 95,97,55,56,57,14,98,101,94,117,58,63, </key>
<key name="spel"> 47,38,44,102, </key>
<key name="spell"> 38,44,83, </key>
<key name="split"> 45,60, </key>
<key name="spot"> 87, </key>
<key name="spread"> 37,62,89, </key>
<key name="spreadsheet"> 36,37,47,89,101,53,54, </key>
<key name="stand"> 43, </key>
<key name="standard"> 59,47,10,55,89,35,90,92,117,50,31,60,74, </key>
<key name="start"> 0,2,59,66,17,8,98,16,101,108,42,21, </key>
<key name="statement"> 40,98, </key>
<key name="statu"> 1,96,10,29,88,98,74, </key>
<key name="stay"> 70, </key>
<key name="step"> 38,56,16,63, </key>
<key name="still"> 10,31, </key>
<key name="stop"> 55,57,52, </key>
<key name="stor"> 64,55,34,33,22, </key>
<key name="str"> 97,98,94,117,102,58, </key>
<key name="string"> 57, </key>
<key name="styl"> 45,47,38,92,117,53, </key>
<key name="subject"> 2,36,96,67,97,38,17,8,55,56,34,57,33,89,40,98,99,92,16,79,20,21,58,63, </key>
<key name="subscrib"> 68,80, </key>
<key name="subsequent"> 55,57,109, </key>
<key name="substitution"> 97,58, </key>
<key name="substr"> 55, </key>
<key name="successful"> 29,52, </key>
<key name="suggest"> 42,44, </key>
<key name="suit"> 59,66,84, </key>
<key name="sup"> 38,58, </key>
<key name="supervisor"> 56,57,40, </key>
<key name="support"> 37,66,55,27,75,102, </key>
<key name="suppos"> 95,42, </key>
<key name="sur"> 99, </key>
<key name="surround"> 58, </key>
<key name="switch"> 59,40,53,63, </key>
<key name="synchroniz"> 7, </key>
<key name="syntax"> 47,117,52,102, </key>
<key name="system"> 64,122,36,85,37,111,17,68,8,70,71,57,113,89,40,118,77,16,117,72,108,107,102,61,74, </key>
<key name="t"> 66,38,55,62,75,101,116,117,72,119,61,83, </key>
<key name="tab"> 2,1,6,111,110,38,17,8,86,56,57,87,33,115,118,16,19,78,116,117,81,119,42,120,22, </key>
<key name="tabl"> 45,47,38,53,54, </key>
<key name="tag"> 59,65,104,96,67,47,69,105,86,55,56,71,57,33,98,77,101,117,51,107,53,102,22,74,83, </key>
<key name="tak"> 66,67,55,29,53, </key>
<key name="taken"> 20, </key>
<key name="task"> 53,63, </key>
<key name="taught"> 61, </key>
<key name="technology"> 109, </key>
<key name="tell"> 88,91, </key>
<key name="temporari"> 10,62,31, </key>
<key name="tentativ"> 2,1,15,19, </key>
<key name="term"> 57, </key>
<key name="test"> 55,57, </key>
<key name="text"> 0,2,59,45,95,36,85,37,13,47,38,17,8,86,26,55,56,39,29,89,40,98,99,92,109,100,16,94,117,20,60,119,42,51,52,53,102,120,54,22, </key>
<key name="th"> 102, </key>
<key name="them"> 0,2,122,95,65,36,70,56,34,89,98,75,93,41,18,117,103,79,72,60,102,22,61, </key>
<key name="themselv"> 105,89,117, </key>
<key name="therefor"> 37,113,89, </key>
<key name="thing"> 75, </key>
<key name="think"> 62,100,101, </key>
<key name="third"> 122,71,74, </key>
<key name="thos"> 95,34,98,75,50,72,42,107,32,61, </key>
<key name="though"> 38, </key>
<key name="thre"> 0,45,37,66,97,23,17,8,24,34,98,53,102,58, </key>
<key name="thread"> 20, </key>
<key name="ti"> 68, </key>
<key name="tim"> 0,2,1,65,66,96,6,17,8,10,57,113,114,33,40,84,98,99,15,41,16,18,19,78,117,103,31,79,72,82,20,21,102,120,5,58,61,63,74, </key>
<key name="time"> 115, </key>
<key name="tip"> 28,24,91,60,22, </key>
<key name="titl"> 23,34,79,53, </key>
<key name="toc"> 47, </key>
<key name="today"> 0,83, </key>
<key name="todo"> 69, </key>
<key name="togeth"> 34,98,52,53, </key>
<key name="toggl"> 81,51,83, </key>
<key name="tomorrow"> 0, </key>
<key name="too"> 55,62,40,93,60, </key>
<key name="tool"> 28,47,17,8,24,99,91,60,53,102,22, </key>
<key name="toolbar"> 0,1,45,6,47,7,23,38,17,68,8,24,86,87,14,98,92,16,94,80,72,119,43,51,44,107,53,61,74, </key>
<key name="top"> 0,64,48,23,68,39,16,117,72,21,44, </key>
<key name="topic"> 59,98,52,102, </key>
<key name="total"> 87,98, </key>
<key name="track"> 1,59,7,53, </key>
<key name="traditional"> 59,33,91,109,81, </key>
<key name="train"> 61, </key>
<key name="transf"> 73, </key>
<key name="trash"> 64,3,68,24,70,55,71,57,84,75,93,15,77,117,72,82,74,83, </key>
<key name="travel"> 117, </key>
<key name="tre"> 97, </key>
<key name="trig"> 42, </key>
<key name="trigger"> 0, </key>
<key name="troubl"> 117, </key>
<key name="truck"> 55, </key>
<key name="try"> 108, </key>
<key name="tun"> 72,61, </key>
<key name="turn"> 56,106,57,117,20,52,120, </key>
<key name="turnaround"> 107, </key>

</ftswdata>  
