<?xml version='1.0' encoding='windows-1252' ?>
<!-- saved from url=(0014)about:internet -->
<ftswdata>
<key name="sid"> 5,7,84,68, </key>
<key name="sign"> 71,113, </key>
<key name="signatur"> 133,41,137,141,43,108,145,147, </key>
<key name="signifi"> 4, </key>
<key name="silent"> 67, </key>
<key name="similar"> 119,67,113,118,87, </key>
<key name="simp"> 124,139,114,22, </key>
<key name="simpl"> 123,113,93, </key>
<key name="simultaneous"> 119, </key>
<key name="sinc"> 108, </key>
<key name="singl"> 2,110,119,79,137,66,141,36,101,38,113,19,70,46, </key>
<key name="sit"> 150,98,78,102,97,93,85,72, </key>
<key name="six"> 63, </key>
<key name="siz"> 111,65,84,32,15,36,102,113,88,106,145,85,70,48,63,117,74, </key>
<key name="skip"> 18, </key>
<key name="skyp"> 150, </key>
<key name="slash"> 89,122,68, </key>
<key name="slid"> 39, </key>
<key name="slight"> 117, </key>
<key name="slow"> 80,140,145, </key>
<key name="smal"> 111,65,113,46, </key>
<key name="small"> 150,70, </key>
<key name="smith"> 28,67,113,147,46,35, </key>
<key name="smith23"> 67, </key>
<key name="snippet"> 145, </key>
<key name="so"> 69,2,4,78,83,42,141,113,108,116,145,51,63, </key>
<key name="softphon"> 150, </key>
<key name="softwar"> 39,40,74,87, </key>
<key name="someon"> 40,42,113,116,47, </key>
<key name="someth"> 28,103,43,134,54, </key>
<key name="sometim"> 142,65,30,85,45,35, </key>
<key name="somewher"> 112, </key>
<key name="soon"> 109,46, </key>
<key name="sort"> 40,8,66,92,132, </key>
<key name="sortabl"> 92, </key>
<key name="sourc"> 69,58,62,63, </key>
<key name="south"> 117, </key>
<key name="spac"> 113,88,68,24, </key>
<key name="spam"> 65,84,102,43,85,54,72, </key>
<key name="span"> 37, </key>
<key name="special"> 40,113,46,117, </key>
<key name="specifi"> 69,142,110,111,112,8,65,66,67,97,113,85,95,68,72, </key>
<key name="specific"> 123,111,136,135,137,8,67,33,113,116,145,51,22,147,117,74,24,75, </key>
<key name="specify"> 142,110,112,65,66,67,16,113,116,109,145,51,68,74,75, </key>
<key name="spel"> 58,41,49,117, </key>
<key name="spell"> 41,49, </key>
<key name="spelling"> 113,118, </key>
<key name="split"> 56,70, </key>
<key name="spot"> 100, </key>
<key name="spread"> 40,102,103, </key>
<key name="spreadsheet"> 69,39,40,58,103,116,63,74,64, </key>
<key name="ssl"> 142,133, </key>
<key name="stand"> 47, </key>
<key name="standard"> 142,80,58,10,65,140,103,104,145,61,34,73,53,70,87, </key>
<key name="standardi"> 145, </key>
<key name="start"> 123,69,0,2,124,78,41,26,8,71,18,19,116,45,46,23, </key>
<key name="statement"> 43, </key>
<key name="statu"> 123,69,1,124,111,10,32,71,101,113,132, </key>
<key name="stay"> 83, </key>
<key name="step"> 41,66,18,75, </key>
<key name="still"> 78,57,10,71,131,34,73,53, </key>
<key name="stop"> 65,67, </key>
<key name="stor"> 76,65,37,36,24, </key>
<key name="str"> 112,113,109,145,117,68, </key>
<key name="string"> 67, </key>
<key name="structur"> 113, </key>
<key name="styl"> 56,58,41,145,48,63, </key>
<key name="sub"> 51,53, </key>
<key name="subject"> 2,124,39,111,79,112,41,8,65,66,37,67,36,103,43,113,114,108,18,19,145,92,132,22,23,68,75, </key>
<key name="subscrib"> 81,93, </key>
<key name="subsequent"> 65,67,134, </key>
<key name="substitution"> 112,68, </key>
<key name="substr"> 65, </key>
<key name="successful"> 32, </key>
<key name="suggest"> 46,49, </key>
<key name="suit"> 69,97, </key>
<key name="sup"> 41,68, </key>
<key name="supervisor"> 66,67,43, </key>
<key name="support"> 40,78,65,30,88,117, </key>
<key name="suppos"> 110,46, </key>
<key name="sur"> 114, </key>
<key name="surround"> 68, </key>
<key name="switch"> 69,43,63, </key>
<key name="symbol"> 113, </key>
<key name="synchroniz"> 7, </key>
<key name="syndication"> 93, </key>
<key name="synonym"> 113, </key>
<key name="syntax"> 58,145,117, </key>
<key name="system"> 76,69,150,39,98,40,136,81,8,83,84,67,139,140,103,43,146,90,18,19,145,85,45,122,117,87, </key>
<key name="t"> 41,65,102,116,144,85,72, </key>
<key name="t3"> 145, </key>
<key name="tab"> 1,2,133,6,79,80,136,135,59,125,127,7,41,137,8,99,66,42,67,100,140,141,36,143,97,106,146,18,19,21,91,144,145,94,147,46,48,148,74,24,75,87,96, </key>
<key name="tabl"> 69,56,58,41,48,63,64, </key>
<key name="tag"> 69,77,119,111,79,58,82,120,99,65,66,84,67,36,113,90,116,145,62,122,63,117,74,24,87,96, </key>
<key name="tak"> 78,79,65,32,15,63, </key>
<key name="talk"> 71, </key>
<key name="task"> 123,69,130,124,126,125,127,128,129,131,132,63,75, </key>
<key name="taught"> 72, </key>
<key name="team"> 133,137, </key>
<key name="technology"> 134, </key>
<key name="tell"> 101,105, </key>
<key name="temporari"> 57,10,102,131,34,73,53, </key>
<key name="tentativ"> 1,2,17, </key>
<key name="tentative"> 21, </key>
<key name="term"> 67,113, </key>
<key name="test"> 65,67, </key>
<key name="text"> 123,69,0,2,124,56,133,110,39,98,40,58,41,137,8,13,99,29,65,66,42,32,71,103,43,113,114,108,134,115,18,19,109,145,22,70,147,46,48,62,63,117,148,74,64,24, </key>
<key name="th"> 117, </key>
<key name="them"> 150,0,2,133,110,77,39,83,66,37,71,103,113,88,107,44,20,145,131,51,73,92,85,70,147,117,24,72, </key>
<key name="themselv"> 120,103,145, </key>
<key name="therefor"> 40,139,103, </key>
<key name="thing"> 88, </key>
<key name="think"> 102,115,116, </key>
<key name="third"> 150,84,87, </key>
<key name="thoma"> 113, </key>
<key name="thos"> 110,37,141,113,88,145,61,53,85,46,122,35,72, </key>
<key name="though"> 41, </key>
<key name="thre"> 123,0,56,40,78,112,25,8,27,37,19,63,68, </key>
<key name="thread"> 22, </key>
<key name="thumbnail"> 74, </key>
<key name="ti"> 81, </key>
<key name="tild"> 75, </key>
<key name="tim"> 69,0,1,2,142,77,5,78,111,6,80,8,10,67,139,71,140,36,43,97,113,114,17,52,44,18,19,20,21,91,145,131,51,34,73,92,85,95,22,117,23,148,68,74,75, </key>
<key name="time"> 143, </key>
<key name="tip"> 31,27,113,105,70,24, </key>
<key name="titl"> 25,37,92,63, </key>
<key name="today"> 0, </key>
<key name="todo"> 82, </key>
<key name="togeth"> 37,113, </key>
<key name="toggl"> 94,62, </key>
<key name="tomorrow"> 0, </key>
<key name="too"> 65,102,43,70,74, </key>
<key name="tool"> 124,31,58,8,27,114,105,19,70,63,117,24, </key>
<key name="toolbar"> 0,1,142,124,56,6,126,58,7,25,41,81,26,8,128,27,42,16,113,108,18,19,109,132,93,85,94,47,62,49,122,63,74,72,87, </key>
<key name="top"> 76,0,124,59,25,41,81,42,38,18,61,53,85,49,23,74,87, </key>
<key name="topic"> 69,135,43,113,117, </key>
<key name="total"> 84,100,38,113, </key>
<key name="track"> 123,69,1,124,7,63, </key>
<key name="traditional"> 69,36,94, </key>
<key name="train"> 133,137,72, </key>
<key name="transf"> 86, </key>
<key name="transfer"> 74, </key>
<key name="trash"> 76,55,130,50,3,81,128,27,83,65,84,67,97,88,107,17,90,145,53,85,95,54,87, </key>
<key name="travel"> 145, </key>
<key name="tre"> 112, </key>
<key name="treat"> 74, </key>
<key name="trig"> 46, </key>
<key name="trigger"> 0, </key>
<key name="troubl"> 145, </key>
<key name="tru"> 113, </key>
<key name="truck"> 65, </key>
<key name="try"> 45, </key>
<key name="tun"> 85,72, </key>
<key name="turn"> 66,121,67,106,145,22,148, </key>
<key name="turnaround"> 122, </key>
<key name="two"> 76,77,111,81,8,99,30,67,140,116,35,63,117,68, </key>
<key name="txt"> 40,113, </key>
<key name="typ"> 76,123,69,150,0,2,142,124,56,133,110,39,98,40,111,80,59,125,127,7,41,81,26,137,8,82,10,66,84,30,67,140,102,103,113,114,108,90,115,18,19,116,109,21,145,131,61,51,34,73,53,93,147,46,35,117,68,74,24,75, </key>
<key name="typical"> 39,98,40, </key>
<key name="unacceptabl"> 98, </key>
<key name="uncheck"> 106, </key>
<key name="undeliverabl"> 45, </key>
<key name="undergo"> 67, </key>
<key name="undo"> 12, </key>
<key name="unflag"> 111,113, </key>
<key name="unforward"> 113, </key>
<key name="uniqu"> 76,59,74, </key>
<key name="unit"> 113, </key>
<key name="unknown"> 45,49,74, </key>
<key name="unles"> 42,141,43,113, </key>
<key name="unread"> 77,111,82,84,100,36,101,113,105,90, </key>
<key name="unrepli"> 113, </key>
<key name="unsav"> 134, </key>
<key name="unsolicit"> 85,72, </key>
<key name="untitl"> 124, </key>
<key name="unus"> 24, </key>
<key name="unwant"> 85,72, </key>
<key name="up"> 69,0,142,133,25,41,66,67,141,106,90,18,19,20,21,145,92,70,46,47,62,49,64,24, </key>
<key name="updat"> 150,142,110,126,113,109,93,149,74, </key>
<key name="upload"> 69,25,63,74,64, </key>
<key name="url"> 150,111,7,81,10,140,113,131,61,51,34,73,53,93,63,117, </key>
<key name="us"> 76,69,0,2,142,133,110,77,119,39,40,78,111,6,57,135,112,58,41,137,10,99,65,121,84,42,67,100,60,140,141,36,102,103,113,88,105,89,108,134,116,109,145,61,34,73,53,85,94,22,45,70,118,147,46,48,62,49,122,35,63,117,23,68,74,64,72,75,87,96, </key>
<key name="usag"> 88, </key>
<key name="useful"> 124,143,24, </key>
<key name="user"> 123,39,40,78,80,10,30,140,103,52,131,61,51,34,73,53,24, </key>
<key name="usernam"> 133, </key>
<key name="usual"> 40,8,43,19,35, </key>
<key name="v3"> 145, </key>
<key name="vacation"> 113,145,148, </key>
<key name="valid"> 7,41,10,34,73,45, </key>
<key name="valu"> 113,114, </key>
<key name="variant"> 117, </key>
<key name="variety"> 39,40,74, </key>
<key name="variou"> 1,40, </key>

</ftswdata>  
