<?xml version='1.0' encoding='windows-1252' ?>
<ftswdata>
<key name="click"> 0,50,2,1,3,27,51,88,32,33,13,21,94,22,7,23,34,17,54,8,10,24,11,12,55,89,70,25,43,90,56,35,71,97,29,72,58,98,73,36,14,31,74,68,83,84,60,75,61,76,15,100,62,37,93,85,16,79,18,64,65,57,66,67,19,47,101,38,39,20,40,91,28,102,48,59, </key>
<key name="clickabl"> 47, </key>
<key name="client"> 46,33,52,53,10,70,56,97,29,72,73,60,62,93,99,47,87,59, </key>
<key name="clip"> 69,33,73, </key>
<key name="clos"> 21,97,14,31,93,40, </key>
<key name="cod"> 4,33,70,84,5, </key>
<key name="collaboration"> 46,52,26,68, </key>
<key name="collective"> 44, </key>
<key name="colon"> 61,91, </key>
<key name="color"> 3,4,7,70,99,40,5, </key>
<key name="column"> 1,52,6,21,94,97,29,75,64,47,5, </key>
<key name="com"> 34,25,44,97,83,101,38,28, </key>
<key name="combin"> 42,44,14, </key>
<key name="combination"> 42, </key>
<key name="comma"> 99,38, </key>
<key name="command"> 50,33,58,47, </key>
<key name="comment"> 15, </key>
<key name="commit"> 25,100, </key>
<key name="common"> 32, </key>
<key name="communicat"> 26, </key>
<key name="company"> 2,94,22,7,23,26,44,36,86,28, </key>
<key name="compar"> 43, </key>
<key name="comparison"> 82,42,43,45, </key>
<key name="complet"> 22,34,17,8,11,25,37,16,19, </key>
<key name="completion"> 24,38, </key>
<key name="complex"> 44,84,87, </key>
<key name="component"> 36, </key>
<key name="compos"> 2,46,32,34,24,70,56,35,76,62,37,93,99,57,101,39,28, </key>
<key name="compound"> 83, </key>
<key name="compres"> 33, </key>
<key name="compression"> 33, </key>
<key name="comput"> 33,34,97,73,99, </key>
<key name="computer"> 33,73, </key>
<key name="concern"> 36, </key>
<key name="condition"> 82,42,43,44, </key>
<key name="conferenc"> 16, </key>
<key name="configur"> 33,22,34,96,36,68,99,57,48, </key>
<key name="confirm"> 0,94, </key>
<key name="confirmation"> 3,34, </key>
<key name="consider"> 80,42,30,44,72,73,45, </key>
<key name="consist"> 44,29,36, </key>
<key name="constrain"> 83, </key>
<key name="constraint"> 19, </key>
<key name="consum"> 60, </key>
<key name="contact"> 46,27,88,69,81,21,94,22,23,34,17,8,24,25,42,26,95,36,84,77,62,16,86,79,99,57,19,92,101,38,91,28,87,48,59, </key>
<key name="contain"> 46,80,69,33,81,21,82,70,42,56,26,44,71,29,72,49,73,36,83,84,75,15,86,79,63,64,45, </key>
<key name="content"> 51,88,69,81,22,34,41,24,55,29,36,83,75,85,86,99,64,65,57,92,87,48,59, </key>
<key name="context"> 30, </key>
<key name="contiguou"> 51, </key>
<key name="continu"> 32,43,30,96,93,38, </key>
<key name="contradictory"> 44, </key>
<key name="control"> 51,88,59, </key>
<key name="conv"> 83, </key>
<key name="convenienc"> 26,47, </key>
<key name="convention"> 47, </key>
<key name="conversation"> 46,27,88,53,90,30,71,29,72,58,31,74,83,75,76,62,79,99,66,19,47,91,59, </key>
<key name="convert"> 69,87, </key>
<key name="cook"> 82, </key>
<key name="copi"> 42,63,99,39, </key>
<key name="copy"> 34,42,57,39, </key>
<key name="copyright"> 103, </key>
<key name="corn"> 59, </key>
<key name="corporat"> 43,26,84,92,39,28, </key>
<key name="corporation"> 101, </key>
<key name="correct"> 33,17,92,40,28, </key>
<key name="correction"> 40, </key>
<key name="correctnes"> 23, </key>
<key name="correspond"> 44,38, </key>
<key name="correspondenc"> 52, </key>
<key name="could"> 33,54,25,42,43,30,44,73,36,84,86,101,28, </key>
<key name="count"> 56,83, </key>
<key name="creat"> 0,50,2,1,46,4,80,88,32,33,53,13,21,22,7,23,34,17,54,8,41,10,12,43,56,44,73,84,62,37,85,16,86,99,65,57,19,101,20,91,87,59, </key>
<key name="criteria"> 80,81,25,30,83,86,79, </key>
<key name="criterion"> 83, </key>
<key name="current"> 51,42,44,73,83,47,38,87,102,59, </key>
<key name="cursor"> 27,22,75,62,64,47,38, </key>
<key name="custom"> 54,8,55,42,30,59, </key>
<key name="customiz"> 3,8,41, </key>
<key name="d"> 38, </key>
<key name="dai"> 8,14, </key>
<key name="dal"> 38, </key>
<key name="dash"> 99, </key>
<key name="dat"> 0,81,13,17,8,42,30,83,16,86,19,87, </key>
<key name="data"> 84, </key>
<key name="david"> 38, </key>
<key name="day"> 0,2,1,4,6,8,30,14,83,60,16,99,57,20,5,48, </key>
<key name="db"> 83,38, </key>
<key name="dbrink"> 38, </key>
<key name="dd"> 83, </key>
<key name="de"> 51, </key>
<key name="decemb"> 86, </key>
<key name="decid"> 35, </key>
<key name="declin"> 9,10,15, </key>
<key name="decreas"> 47, </key>
<key name="ded"> 38, </key>
<key name="deep"> 5, </key>
<key name="default"> 1,22,23,34,8,41,70,42,56,71,29,75,100,85,63,99,57,66,38, </key>
<key name="defin"> 50,2,46,81,34,54,44,61,86,99, </key>
<key name="definition"> 86,91, </key>
<key name="delegat"> 1,46,10, </key>
<key name="delet"> 50,46,51,13,22,10,24,11,12,55,89,42,56,44,68,60,77,15,62,37,63,57,67,48, </key>
<key name="delimit"> 99, </key>
<key name="deliver"> 42,44,49,92, </key>
<key name="deliverabl"> 34, </key>
<key name="delivery"> 69,49, </key>
<key name="demand"> 71, </key>
<key name="denot"> 90, </key>
<key name="department"> 26, </key>
<key name="depend"> 32,69,34,43,36,76,62,59, </key>
<key name="descend"> 64, </key>
<key name="describ"> 3,32,44,83,84,37,79,99,87, </key>
<key name="description"> 2,17,83,84,86,99,87, </key>
<key name="descriptiv"> 47, </key>
<key name="design"> 33,52, </key>
<key name="designat"> 46,102, </key>
<key name="designation"> 44, </key>
<key name="desir"> 58,39,28, </key>
<key name="desktop"> 32, </key>
<key name="destination"> 58, </key>
<key name="detail"> 2,22,23,58,83,79,20, </key>
<key name="detect"> 33,93, </key>
<key name="determin"> 2,49,28, </key>
<key name="dialog"> 0,1,3,94,7,34,17,54,8,9,10,24,43,73,14,31,74,93,85,16,99,65,20,91,28, </key>
<key name="different"> 1,4,80,52,81,7,17,8,42,30,36,93,86,47,91,87,59, </key>
<key name="difficult"> 74, </key>
<key name="direct"> 0,33,90,65,38,39, </key>
<key name="directiv"> 43, </key>
<key name="directory"> 26,84, </key>
<key name="disabl"> 10,101,20, </key>
<key name="disappear"> 38, </key>
<key name="discard"> 42,44, </key>
<key name="disk"> 60, </key>
<key name="display"> 0,50,2,1,3,27,4,51,81,6,22,7,23,34,17,8,41,9,10,70,25,43,56,35,30,97,29,73,14,60,75,76,15,93,85,16,99,65,57,66,47,38,39,20,40,87,59, </key>
<key name="distinguish"> 90,86, </key>
<key name="distribution"> 26, </key>
<key name="division"> 101, </key>
<key name="do"> 80,33,52,81,34,42,35,44,14,75,76,100,86, </key>
<key name="doc"> 33, </key>
<key name="document"> 32,69,33,73,83,87, </key>
<key name="dodd"> 38, </key>
<key name="dog"> 87, </key>
<key name="domain"> 81,34,97,83,84,87, </key>
<key name="don"> 52,53,34,42,98,60,93,86,99,57,101,38,28,48, </key>
<key name="door"> 87, </key>
<key name="doubl"> 0,51,33,13,25,29,73,75,61,20,91,28, </key>
<key name="down"> 2,51,17,8,25,43,98,84,16,86,79,64,47,38,91,87, </key>
<key name="download"> 33,52, </key>
<key name="draft"> 34,56,77,62,37,93,57,59, </key>
<key name="drag"> 0,50,88,13,24,55,58,77,57,19,47,20,48, </key>
<key name="drop"> 50,2,88,17,55,43,44,58,84,77,16,86,79,19,47,87, </key>
<key name="du"> 92, </key>
<key name="e"> 69,96,49, </key>
<key name="easi"> 2,70,87, </key>
<key name="eastern"> 17,8, </key>
<key name="easy"> 20, </key>
<key name="ed"> 39, </key>
<key name="edit"> 46,4,10,25,43,26,15,62,37,38,40, </key>
<key name="editor"> 33, </key>
<key name="edward"> 38, </key>
<key name="effect"> 100, </key>
<key name="eight"> 4, </key>
<key name="eith"> 0,2,80,22,34,17,8,9,10,55,70,56,30,83,15,85,16,86,99,57,39,28,48, </key>
<key name="eligibl"> 36, </key>
<key name="els"> 35, </key>
<key name="email"> 0,2,1,3,27,32,69,33,81,53,13,22,23,34,17,8,41,9,10,11,70,25,42,90,44,97,49,98,73,36,68,83,84,60,15,93,16,86,79,18,99,64,19,92,38,28,102,48, </key>
<key name="employe"> 36, </key>
<key name="empty"> 68,60,57,67,48, </key>
<key name="enabl"> 22,34,98,76,79,63,99,101,102, </key>
<key name="end"> 33,17,8,83,76,16,86,99,20, </key>
<key name="enforc"> 60, </key>
<key name="engineer"> 101, </key>
<key name="enough"> 98, </key>
<key name="ent"> 0,2,88,94,22,7,23,34,17,54,8,41,25,43,35,97,98,84,16,86,79,18,65,38,39,20,91,28,102, </key>
<key name="enter"> 0,2,22,25,85, </key>
<key name="entir"> 26,30,58,74,39, </key>
<key name="entri"> 22,26,73, </key>
<key name="entry"> 84,62,93, </key>
<key name="environment"> 33, </key>
<key name="erica"> 38, </key>
<key name="erica878"> 38, </key>
<key name="error"> 92, </key>
<key name="esc"> 38, </key>
<key name="escap"> 45, </key>
<key name="etc"> 81,34,87, </key>
<key name="ev"> 44, </key>
<key name="evaluat"> 44, </key>
<key name="evaluation"> 42,44, </key>
<key name="even"> 33,34,70,42,30,44,96,29,73,28, </key>
<key name="event"> 0,2,1,46,4,17,43,16, </key>
<key name="eventual"> 52, </key>
<key name="every"> 8,44,71,99,92,59, </key>
<key name="everyon"> 76,28, </key>
<key name="ex"> 33,49, </key>
<key name="exact"> 0,82,42,49,36,83,62,101,45, </key>
<key name="exampl"> 50,80,69,33,53,82,7,17,54,8,41,25,42,43,30,44,71,97,83,84,76,86,101,38,91,28,87,45, </key>
<key name="excel"> 69,83,86,87, </key>
<key name="except"> 0,88,17,8,12,83,61,100,16,91, </key>

</ftswdata>  
