﻿<?xml version='1.0' encoding='utf-8' ?>
<!-- saved from url=(0014)about:internet -->
<ftswdata>
<key name="mail"> 76,69,55,50,3,143,31,39,40,80,136,59,25,41,26,138,83,10,27,99,65,66,121,85,42,37,67,100,141,101,144,103,43,104,97,113,114,89,105,106,107,108,147,52,91,44,134,116,92,145,146,61,51,34,73,53,86,95,45,70,148,47,122,35,149,74,54,72,75,88,96, </key>
<key name="mailbox"> 69,50,31,4,98,81,135,59,82,138,83,67,71,141,142,36,144,89,145,146,51,53,78,94,45,74,54,88, </key>
<key name="main"> 68, </key>
<key name="maintain"> 69,30,63, </key>
<key name="majority"> 103, </key>
<key name="mak"> 151,0,110,126,10,13,99,28,113,114,17,109,131,61,51,34,73,53,22,48,63,117,23,74, </key>
<key name="malform"> 65, </key>
<key name="man"> 46, </key>
<key name="manag"> 123,69,1,57,138,10,67,142,36,146,131,61,51,34,73,53,54, </key>
<key name="manageabl"> 89, </key>
<key name="management"> 66, </key>
<key name="manual"> 86,95, </key>
<key name="mark"> 1,2,77,126,65,85,67,101,113,106,108,17,91,19,146,68,54, </key>
<key name="markup"> 146, </key>
<key name="martin"> 110, </key>
<key name="mat"> 122, </key>
<key name="match"> 2,110,40,112,26,8,28,65,66,37,67,113,18,19,109,131,46,117,68,24, </key>
<key name="maximum"> 140,146,148,74,24, </key>
<key name="mb"> 111, </key>
<key name="mean"> 5,112,65,66,37,113,45, </key>
<key name="meant"> 79, </key>
<key name="mechanism"> 151,85, </key>
<key name="media"> 40, </key>
<key name="medium"> 122, </key>
<key name="meet"> 123,151,0,2,124,110,8,10,13,67,113,17,18,19,20,21,22, </key>
<key name="meeting"> 69,0,1,2,8,10,12,13,16,19,20,21, </key>
<key name="megabyt"> 113, </key>
<key name="member"> 26, </key>
<key name="mention"> 69, </key>
<key name="menu"> 31,77,119,28,67,101,114,106,91,19,78,94,70,35,74, </key>
<key name="merg"> 56, </key>
<key name="messag"> 76,123,69,151,0,1,2,55,130,50,3,143,124,31,133,110,119,39,98,40,111,57,80,81,25,41,26,138,83,9,10,84,99,65,66,121,85,42,37,67,100,71,141,142,36,101,102,87,144,103,43,38,104,97,113,114,89,105,106,107,108,17,52,91,44,134,19,116,109,92,145,146,131,61,51,34,73,53,93,86,94,22,45,70,148,46,47,48,49,122,35,117,149,74,54,24,72,75,88, </key>
<key name="message'"> 65,101, </key>
<key name="messeng"> 71, </key>
<key name="met"> 66, </key>
<key name="method"> 80,112,66,101, </key>
<key name="microsoft"> 39,40,79,85,103,113,116,117, </key>
<key name="middl"> 134,68, </key>
<key name="might"> 111,138,71,142,102,113,108,134,86,46,122,68,72, </key>
<key name="migrat"> 85, </key>
<key name="mik"> 37, </key>
<key name="mini"> 0,1,111,146,22,88, </key>
<key name="minimum"> 146, </key>
<key name="minu"> 113, </key>
<key name="minut"> 100,32,15,146, </key>
<key name="miscellaneou"> 31, </key>
<key name="mission"> 43, </key>
<key name="mix"> 116, </key>
<key name="mm"> 113, </key>
<key name="mod"> 99,23, </key>
<key name="modifi"> 28,63,74, </key>
<key name="modify"> 123, </key>
<key name="monday"> 6, </key>
<key name="money"> 68, </key>
<key name="month"> 0,1,111,6,8,16,75, </key>
<key name="month'"> 6, </key>
<key name="mous"> 76,0,31,77,5,129,105,91,134,146,93,70,46,24, </key>
<key name="mov"> 76,55,130,50,3,77,5,80,26,27,84,28,65,37,67,87,129,107,17,91,146,86,46,35,74,54,72, </key>
<key name="movabl"> 70, </key>
<key name="movi"> 40, </key>
<key name="mozilla"> 79, </key>
<key name="mpeg"> 40, </key>
<key name="mpg"> 40, </key>
<key name="much"> 89, </key>
<key name="multi"> 18, </key>
<key name="multipl"> 69,2,110,77,119,5,111,26,138,65,66,67,142,104,113,18,19,146,148,122,64,24, </key>
<key name="must"> 76,110,39,137,112,59,10,28,65,66,37,67,71,60,141,103,113,114,105,147,146,131,61,51,34,73,53,74, </key>
<key name="my"> 81,112,65,67,134,74, </key>
<key name="myra"> 141, </key>
<key name="myra123"> 141, </key>
<key name="nam"> 76,151,2,55,130,50,3,143,124,31,133,110,77,119,5,57,58,59,125,127,7,25,41,82,26,138,8,27,120,28,29,65,66,30,100,32,60,141,142,43,33,16,113,114,89,105,90,108,91,115,18,19,109,21,146,131,61,53,78,22,148,46,122,35,117,74,24,75,88, </key>
<key name="navigat"> 81,141,146,88,96, </key>
<key name="navigation"> 130,124,78, </key>
<key name="ne"> 123,143,133,40,41,138,8,141,134,19,146,131,61,51,53,23, </key>
<key name="nearest"> 65, </key>
<key name="necessary"> 8,66,113,22, </key>
<key name="need"> 123,41,121,89,35, </key>
<key name="negativ"> 67, </key>
<key name="network"> 103,74, </key>
<key name="nev"> 116,45, </key>
<key name="new"> 69,0,3,143,124,31,133,119,39,40,57,81,137,58,59,125,127,7,25,41,82,26,138,8,66,85,42,37,67,100,32,15,71,141,142,101,87,129,144,43,113,105,108,17,147,91,44,19,116,146,61,34,53,78,86,46,47,122,35,117,74,54,24,75, </key>
<key name="newest"> 105, </key>
<key name="next"> 126,81,25,8,65,66,85,100,36,103,43,33,105,18,19,116,21,94,70,47,122,74, </key>
<key name="non"> 57,10,65,131,34,73,53, </key>
<key name="normal"> 123,65,44,63,68, </key>
<key name="not"> 151,124,39,40,137,25,26,8,10,60,141,102,108,19,116,131,61,34,73,53,70,117,24,75, </key>
<key name="notab"> 40, </key>
<key name="notebook"> 69,55,56,57,58,59,60,89,61,63,64, </key>
<key name="notepad"> 40, </key>
<key name="noth"> 77, </key>
<key name="notic"> 55,130,50,3,17, </key>
<key name="notifi"> 144,63,74, </key>
<key name="notification"> 40,10,60,102,144,89,17,146,131,61,34,73,53, </key>
<key name="notify"> 57,131,61,53, </key>
<key name="novemb"> 4, </key>
<key name="now"> 133,58, </key>
<key name="numb"> 151,40,121,85,100,32,36,38,113,114,89,105,108,146,86,148,24,72, </key>
<key name="number"> 143,111,99,70,48,24, </key>
<key name="numeric"> 146, </key>
<key name="nut"> 116, </key>
<key name="object"> 111,113,21,64, </key>
<key name="occur"> 2,140,108, </key>
<key name="occurrenc"> 13, </key>
<key name="off"> 79,121,67,106,146,94,149,88, </key>
<key name="offer"> 69,81,141,146,117,75, </key>
<key name="offic"> 123,2,39,21,146,51,117,149, </key>
<key name="often"> 40,137,146,51, </key>
<key name="ok"> 119,57,59,127,7,82,8,10,13,29,14,66,32,15,60,87,129,16,52,115,18,19,131,61,34,73,53,78,22,122,35,23,74,75, </key>
<key name="old"> 137,37,97,89,108,146, </key>
<key name="omit"> 65, </key>
<key name="on"> 76,69,0,1,31,4,110,77,119,40,6,80,7,25,41,82,138,83,10,27,13,65,66,37,67,142,36,87,129,43,33,16,113,114,20,116,146,51,34,73,93,45,70,148,46,47,122,23,68,74,64,54,24,75,88, </key>
<key name="onc"> 4,77,119,121,30,37,71,46,149, </key>
<key name="ongo"> 108, </key>
<key name="onlin"> 71, </key>
<key name="onto"> 119, </key>
<key name="open"> 69,0,1,55,130,50,3,124,133,110,77,39,98,40,111,6,57,126,58,127,25,41,82,138,83,13,28,29,66,42,37,60,141,142,101,129,103,104,113,105,108,17,44,115,116,109,21,145,146,78,86,22,148,35,117,23,74,54,75, </key>
<key name="operat"> 134, </key>
<key name="operation"> 56, </key>
<key name="operator"> 65,113,68, </key>
<key name="opt"> 40, </key>
<key name="option"> 2,31,133,110,119,98,6,57,81,137,112,41,9,10,65,66,67,141,144,113,106,108,17,109,146,131,61,34,73,53,94,47,63,23,74, </key>
<key name="optional"> 69,55,130,50,3,124,42,60,43,88, </key>
<key name="orclick"> 108, </key>
<key name="ord"> 110,119,41,66,37,67,60,141,113,89,147,93, </key>
<key name="order"> 37, </key>
<key name="organiz"> 76,123,69,80,51,74,64, </key>
<key name="organization"> 69,30,60,102,35,64, </key>
<key name="organizer'"> 2, </key>
<key name="original"> 2,36,108,91,146,45,49,74, </key>
<key name="originator"> 11, </key>
<key name="os"> 75, </key>
<key name="other"> 1,124,10,65,71,141,103,146,131,73,74,64,24, </key>
<key name="otherwis"> 121,105,47, </key>
<key name="out"> 2,79,80,65,140,141,21,146,51,149,72, </key>
<key name="outgo"> 133,138, </key>
<key name="outlook"> 85, </key>
<key name="outsid"> 103,64, </key>
<key name="overview"> 76,151,130,50,124,119,59,125,127,7,82,83,120,85,71,36,129,115,51,122,74,54,88, </key>
<key name="own"> 69,71,60,74,96, </key>
<key name="pacific"> 8,19, </key>
<key name="packag"> 39, </key>
<key name="pad"> 56, </key>
<key name="pag"> 69,2,124,56,40,79,57,126,58,41,83,12,13,30,67,129,104,114,89,108,147,19,146,61,53,22,70,62,63,117,23,64,75,88, </key>
<key name="paint"> 40, </key>
<key name="pan"> 76,123,151,130,50,124,110,119,111,126,58,59,125,127,7,25,41,82,83,128,120,85,37,71,36,87,129,113,105,106,17,115,116,109,146,51,93,132,78,86,94,95,70,122,117,74,54,88, </key>
<key name="pap"> 98,103,63, </key>
<key name="paragraph"> 63, </key>
<key name="paramet"> 113, </key>
<key name="parameter"> 2, </key>
<key name="parent"> 82, </key>
<key name="parenthes"> 85,100,36,113,105, </key>
<key name="parenthesi"> 113, </key>
<key name="part"> 143,56,40,66,37,43,108,45,46,63,88, </key>
<key name="particular"> 69,67,93,117, </key>
<key name="partner"> 69, </key>
<key name="party"> 151,85,88, </key>
<key name="pas"> 31,105,91,93,70,24, </key>
<key name="password"> 133,137,10,139,141,147,146,131,61,51,34,73,53, </key>
<key name="path"> 60, </key>
<key name="pattern"> 112,8,65,68, </key>
<key name="pdf"> 110,98,40,113,116,74, </key>
<key name="peopl"> 123,0,1,113,149, </key>
<key name="per"> 16,20,146, </key>
<key name="percentag"> 123,124,132, </key>
<key name="perform"> 110,77,111,66,113,91,146,70,117, </key>
<key name="performanc"> 69, </key>
<key name="perhap"> 67,109, </key>
<key name="period"> 40,5,140,141,97,86,95,117,149, </key>
<key name="periodical"> 140, </key>
<key name="permanent"> 97, </key>

</ftswdata>  
