<?xml version='1.0' encoding='windows-1252' ?>
<!-- saved from url=(0014)about:internet -->
<ftswdata>
<key name="different"> 69,150,1,133,4,110,78,111,7,41,137,8,65,84,37,141,43,113,19,116,145,70,147,122,63,117,74,64, </key>
<key name="difficult"> 104, </key>
<key name="direct"> 69,0,142,133,40,26,121,61,53,93,46,47, </key>
<key name="direction"> 135, </key>
<key name="directiv"> 66, </key>
<key name="directory"> 2,26,30,114, </key>
<key name="disabl"> 150,57,10,145,131,34,73,53,23,24, </key>
<key name="disappear"> 46, </key>
<key name="discard"> 65,66,67, </key>
<key name="disk"> 29,88,74, </key>
<key name="display"> 76,0,1,2,55,130,50,3,124,31,4,77,111,6,57,58,59,125,127,7,25,41,26,8,82,9,99,29,66,84,37,32,71,140,36,103,43,38,33,16,114,88,105,106,108,17,90,134,115,18,19,145,131,61,51,34,53,93,85,94,70,46,49,122,63,117,23,74,64,54,24,75,87,96, </key>
<key name="distinguish"> 121,116, </key>
<key name="distribution"> 30, </key>
<key name="divid"> 106, </key>
<key name="division"> 147, </key>
<key name="do"> 110,40,78,111,41,137,65,42,67,16,113,105,108,146,116,51,63,75, </key>
<key name="doc"> 40, </key>
<key name="document"> 69,55,39,98,40,57,59,60,103,113,114,88,145,61,62,63,117,74,64, </key>
<key name="dodd"> 46, </key>
<key name="dog"> 113,118,117, </key>
<key name="domain"> 111,41,140,113,114,117, </key>
<key name="don"> 79,41,65,113,134,116,144,85,46,35,72, </key>
<key name="door"> 113,118,117, </key>
<key name="doubl"> 0,77,40,13,28,36,103,105,89,145,122,35,23, </key>
<key name="down"> 2,124,77,41,8,28,66,129,114,106,18,19,116,109,144,92,70,147,46,122,117,24, </key>
<key name="download"> 133,40,78,103,145, </key>
<key name="dozen"> 51, </key>
<key name="draft"> 41,84,71,113,90,44,134,145,85,87, </key>
<key name="drag"> 76,0,124,119,27,83,13,86,129,106,107,85,22,70,23, </key>
<key name="drop"> 76,2,124,119,41,83,28,66,67,86,114,107,18,116,109,22,70,147,117,24, </key>
<key name="du"> 123,124,132,45, </key>
<key name="e"> 98,139,102, </key>
<key name="�"> 136, </key>
<key name="easi"> 58,99,145,48,63,117, </key>
<key name="eastern"> 8,19, </key>
<key name="easy"> 124,63,23, </key>
<key name="ed"> 47, </key>
<key name="edit"> 69,133,4,57,126,125,137,10,28,66,30,17,52,90,44,131,61,34,73,53,46,62,49,63,64,24, </key>
<key name="edition"> 69, </key>
<key name="editor"> 69,40,58,145,48,62,63,64, </key>
<key name="edward"> 46, </key>
<key name="effect"> 146, </key>
<key name="eight"> 4, </key>
<key name="eith"> 123,0,2,110,57,80,58,41,8,9,10,83,84,37,33,113,108,17,115,18,19,20,116,145,131,61,34,73,85,47,35,63,74,64,72,75, </key>
<key name="element"> 62, </key>
<key name="eligibl"> 43, </key>
<key name="els"> 42, </key>
<key name="email"> 123,69,150,0,1,2,55,130,50,3,142,124,31,133,39,98,40,111,57,79,25,41,26,137,8,82,9,10,11,13,99,28,65,66,121,84,30,67,71,60,140,141,36,102,86,143,103,43,97,113,114,88,106,108,17,134,18,19,20,116,21,144,145,131,61,51,34,73,53,92,22,45,147,46,48,35,148,74,64,54,24,72,75,96, </key>
<key name="embed"> 64, </key>
<key name="employe"> 43, </key>
<key name="empty"> 97,88,85,95,72, </key>
<key name="enabl"> 69,142,31,133,41,143,113,106,108,109,91,144,145,148,24,87, </key>
<key name="enclos"> 113, </key>
<key name="encrypt"> 142,133, </key>
<key name="end"> 40,8,108,18,19,116,145,147,23, </key>
<key name="enforc"> 88, </key>
<key name="engineer"> 147, </key>
<key name="english"> 113, </key>
<key name="enough"> 143, </key>
<key name="ent"> 0,2,124,133,119,136,58,7,25,41,81,26,137,8,82,10,28,66,42,60,140,143,114,18,19,116,109,21,145,131,61,34,73,53,93,46,47,122,35,23,148,75, </key>
<key name="enter"> 0,124,58,137,28,113,115,51,24, </key>
<key name="entir"> 30,37,86,104,47, </key>
<key name="entri"> 30,103,24, </key>
<key name="entry"> 26,114,90,134, </key>
<key name="environment"> 40, </key>
<key name="equipment"> 2,20, </key>
<key name="equivalent"> 113, </key>
<key name="erica"> 46, </key>
<key name="erica878"> 46, </key>
<key name="error"> 45, </key>
<key name="esc"> 46,75, </key>
<key name="escap"> 68,75, </key>
<key name="establish"> 60, </key>
<key name="estimat"> 124, </key>
<key name="etc"> 111,136,113,118,63,117,75, </key>
<key name="ev"> 67, </key>
<key name="evaluat"> 67, </key>
<key name="evaluation"> 65,67, </key>
<key name="even"> 40,41,99,65,37,67,139,36,103,35, </key>
<key name="event"> 69,0,1,2,4,66,18,19, </key>
<key name="every"> 8,67,100,140,145,51,45,87, </key>
<key name="everyon"> 26,108,51,35, </key>
<key name="ex"> 40,102, </key>
<key name="exact"> 0,133,112,65,102,43,113,90,147,68, </key>
<key name="exampl"> 76,133,110,98,40,79,112,59,7,81,137,8,82,28,65,66,37,67,100,60,140,113,114,108,19,116,145,61,53,70,147,46,122,35,117,68,74,87, </key>
<key name="excel"> 98,113,116,117, </key>
<key name="except"> 0,119,8,12,113,89,146,18,19,122,75, </key>
<key name="exchang"> 69,71,108, </key>
<key name="execut"> 66,114,109,145,117, </key>
<key name="executabl"> 98,40,103, </key>
<key name="exist"> 76,59,25,81,137,65,37,15,90,145,45,63,74, </key>
<key name="expand"> 40,90, </key>
<key name="expens"> 40, </key>
<key name="expir"> 139,140, </key>
<key name="explain"> 9,117, </key>
<key name="explanation"> 13, </key>
<key name="explor"> 78,74, </key>
<key name="export"> 69,29,14,145,24, </key>
<key name="extend"> 148, </key>
<key name="extension"> 40,102,116, </key>
<key name="external"> 123,142,133,10,141,145,131,61,51,34,73,53,63,64, </key>
<key name="extra"> 84, </key>
<key name="fac"> 63, </key>
<key name="facilitat"> 1,30, </key>
<key name="fact"> 46, </key>
<key name="fad"> 17, </key>
<key name="familiar"> 58,117, </key>
<key name="fast"> 80,140,43,145, </key>
<key name="favorit"> 145,93, </key>
<key name="fe"> 81,93, </key>
<key name="featur"> 123,69,150,1,111,79,80,26,84,30,67,71,140,36,143,103,104,113,114,146,134,109,145,94,70,46,122,63,117,23,148,74,24,75,87, </key>
<key name="february"> 113, </key>
<key name="feed"> 93, </key>
<key name="few"> 42,32,15,86,33,116,145,46, </key>
<key name="field"> 2,124,133,119,39,58,25,41,26,137,8,82,10,13,65,66,42,141,129,113,114,108,18,19,116,145,131,34,73,93,22,147,46,47, </key>
<key name="fil"> 69,124,110,39,98,40,58,7,25,29,14,65,42,67,32,15,102,103,43,104,113,114,88,107,116,145,34,73,63,117,74,64, </key>
<key name="filenam"> 40,113,116, </key>
<key name="fill"> 105, </key>
<key name="filt"> 135,112,65,66,67,105,146,90,85,68,72, </key>
<key name="filter"> 69,79,112,66,37,67,103,43,145,85,72, </key>
<key name="fin"> 85,72, </key>
<key name="finaliz"> 2, </key>
<key name="find"> 2,110,119,40,26,8,113,114,134,18,19,93,85,118,122,63,117,74,72, </key>
<key name="finish"> 123,126,66, </key>
<key name="firefox"> 78,75, </key>
<key name="first"> 1,2,78,6,25,41,28,66,36,103,43,33,113,114,105,146,116,21,145,22,46, </key>
<key name="fit"> 70, </key>
<key name="fiv"> 2,145, </key>
<key name="flag"> 119,111,65,121,67,36,113, </key>
<key name="float"> 68, </key>
<key name="fold"> 76,69,55,130,50,3,142,133,77,111,57,79,59,41,81,137,82,10,27,83,65,66,84,37,67,100,36,86,97,113,88,105,107,89,52,90,44,134,115,91,145,131,61,51,34,73,53,93,85,95,122,74,54,72,96, </key>
<key name="folder"> 76,69,50,111,79,59,81,137,82,83,65,66,84,37,100,36,86,97,88,89,90,145,51,53,93,85,70,122,74,54,87,96, </key>
<key name="follow"> 123,69,0,1,2,142,110,77,40,111,6,135,137,8,10,128,65,66,84,37,60,129,43,113,88,90,134,18,19,116,145,131,61,34,73,53,85,70,46,122,117,75,87,96, </key>
<key name="followup"> 145, </key>
<key name="font"> 56,41,145,48,63, </key>
<key name="forev"> 83, </key>
<key name="forget"> 138, </key>
<key name="format"> 39,40,58,41,99,29,32,15,104,113,145,48,62,63,74,64, </key>
<key name="forth"> 71,108,70, </key>
<key name="forward"> 69,142,78,111,137,65,66,42,37,141,113,89,90,144,145,147,122,54, </key>
<key name="four"> 8,96, </key>
<key name="fragment"> 105, </key>
<key name="fram"> 111, </key>
<key name="fre"> 69,1,2,5,112,8,18,19,20,21,68,24, </key>
<key name="frequent"> 145, </key>
<key name="friday"> 6,43, </key>
<key name="friend"> 133,137,71, </key>
<key name="full"> 123,69,1,142,31,57,80,10,65,140,114,88,145,131,61,34,73,53,45,46,24,87, </key>
<key name="function"> 7,70,63, </key>
<key name="functionality"> 63, </key>
<key name="furth"> 77,8,67, </key>
<key name="futur"> 84, </key>
<key name="fwd"> 37, </key>
<key name="g"> 98, </key>
<key name="gal"> 26,28,30,114, </key>
<key name="general"> 78,80,136,135,41,140,102,43,113,145,48,75, </key>
<key name="generat"> 65,43,45, </key>
<key name="get"> 142,133,9,100,102,103, </key>
<key name="gif"> 39,40,74, </key>
<key name="gift"> 68, </key>
<key name="giv"> 123,9,66,131,51,147,63,64, </key>
<key name="given"> 51, </key>
<key name="global"> 41,8,30,114,18,19,145,35,117, </key>
<key name="go"> 150,2,133,137,8,82,29,14,65,66,32,15,36,18,19,145,94,147,117,75,96, </key>
<key name="good"> 80,140,106, </key>
<key name="got"> 101, </key>
<key name="grammar"> 113, </key>
<key name="grant"> 55,130,50,3,10,60,131,61,34,73,53,54, </key>
<key name="grante"> 57,10,131,61,51,34,73,53,24, </key>
<key name="grantor"> 55,130,50,3,57,9,10,60,131,34,73,53,54, </key>
<key name="graphic"> 69,40,71, </key>
<key name="graphical"> 40,134, </key>
<key name="gray"> 25, </key>
<key name="great"> 113, </key>

</ftswdata>  
