<?xml version='1.0' encoding='windows-1252' ?>
<!-- saved from url=(0014)about:internet -->
<ftswdata>
<key name="1"> 53,103,106,127, </key>
<key name="10"> 124, </key>
<key name="100"> 124, </key>
<key name="12"> 103,124, </key>
<key name="1212"> 126, </key>
<key name="123"> 103, </key>
<key name="12k"> 103, </key>
<key name="2"> 103,106, </key>
<key name="20007"> 103, </key>
<key name="2005"> 128, </key>
<key name="2006"> 127, </key>
<key name="2007"> 41,103,128, </key>
<key name="22"> 90, </key>
<key name="24"> 128, </key>
<key name="25"> 124, </key>
<key name="3"> 103,124, </key>
<key name="30"> 35,103, </key>
<key name="303"> 126, </key>
<key name="4"> 128, </key>
<key name="5"> 1,90,124,128, </key>
<key name="50"> 124, </key>
<key name="555"> 126, </key>
<key name="7"> 1,4,16, </key>
<key name="9"> 103, </key>
<key name="abbreviation"> 45, </key>
<key name="ability"> 0,22, </key>
<key name="abl"> 37,88,38,116, </key>
<key name="abov"> 4,34,103,98,126, </key>
<key name="absenc"> 61, </key>
<key name="accent"> 116, </key>
<key name="accept"> 1,48,3,4,10,89,53,15,18,20,46,47, </key>
<key name="acces"> 63,1,48,3,69,50,10,74,53,119,124,54,32,83,112,22,77, </key>
<key name="accord"> 70,98, </key>
<key name="account"> 63,113,8,74,119,120,121,122,125,16,17,18,123,124,32, </key>
<key name="acm"> 26,103,126,44,33, </key>
<key name="acrobat"> 38, </key>
<key name="acros"> 33, </key>
<key name="action"> 68,59,60,111,61,15,80,54,64,77, </key>
<key name="activ"> 69,60,61,119,64, </key>
<key name="activat"> 93, </key>
<key name="activiti"> 0,1,4,5,6,50,7,10,57, </key>
<key name="activity"> 0,5,118, </key>
<key name="actual"> 38,41, </key>
<key name="ad"> 2,48,3,29,49,113,4,51,23,24,53,120,103,15,17,124,20,126,44,45,33,57,22, </key>
<key name="add"> 63,2,29,49,113,109,5,50,51,23,39,24,8,10,13,60,40,28,53,120,98,15,80,16,17,123,124,54,32,126,56,33,57,58,22,66, </key>
<key name="addition"> 100,71,8,53,87,75,57, </key>
<key name="additional"> 29,7,23,8,10,59,28,61,31,16,17,54,32,64,126,22, </key>
<key name="addres"> 67,63,129,29,113,101,115,52,23,39,24,8,10,25,26,27,59,28,61,30,53,119,120,122,93,41,31,103,104,98,80,16,17,18,19,123,124,54,32,20,43,64,44,45,33,57,107,22,66,77,86, </key>
<key name="addresse"> 40,45, </key>
<key name="administration"> 38,75, </key>
<key name="administrator"> 63,129,88,38,69,101,116,8,117,118,119,92,93,87,103,78,16,17,18,124,75,85,43,22,65, </key>
<key name="adob"> 100,38,106, </key>
<key name="adres"> 66, </key>
<key name="advanc"> 113,100,101,119,120,103,105,106,99,124,107,66,77, </key>
<key name="advantag"> 57, </key>
<key name="advis"> 39, </key>
<key name="affect"> 125, </key>
<key name="again"> 37,118,96,105, </key>
<key name="aid"> 112,107, </key>
<key name="ajax"> 119, </key>
<key name="aka"> 75,65, </key>
<key name="alias"> 124, </key>
<key name="alignment"> 49, </key>
<key name="allow"> 69,101,50,24,59,61,93,103,104,80,54,56,107, </key>
<key name="allowabl"> 103, </key>
<key name="almost"> 93, </key>
<key name="alon"> 104, </key>
<key name="along"> 70,94,78, </key>
<key name="alphabetiz"> 30, </key>
<key name="already"> 29,109,118,18,57, </key>
<key name="alternative"> 109, </key>
<key name="although"> 104, </key>
<key name="alway"> 4,89,119,120,93,103,96,114,99,124,75,126,44,33,21, </key>
<key name="am"> 127, </key>
<key name="amb"> 103, </key>
<key name="amount"> 118,78, </key>
<key name="angl"> 98, </key>
<key name="animation"> 38, </key>
<key name="anoth"> 67,48,3,68,37,38,69,70,52,71,24,73,26,74,35,61,121,76,122,97,80,114,105,106,124,75,43,47,112, </key>
<key name="any"> 67,0,2,29,113,100,109,38,5,101,6,52,39,8,72,10,25,110,12,59,60,74,61,118,120,93,41,14,87,103,104,79,98,15,125,114,16,17,18,99,81,124,54,32,82,75,20,45,112,107,62,22,65,66,77, </key>
<key name="anyon"> 10,54,32, </key>
<key name="anyway"> 39, </key>
<key name="anywher"> 104,124, </key>
<key name="ap"> 68,109,59,60,61,80,114,124,112,22, </key>
<key name="apostroph"> 66, </key>
<key name="appear"> 0,29,100,109,37,116,102,39,8,10,25,59,40,28,35,61,90,119,120,91,76,93,36,94,14,103,104,95,98,80,16,17,106,19,124,32,126,44,45,112,33,21, </key>
<key name="appli"> 68,109,59,60,35,61,103,106,126,112, </key>
<key name="application"> 63,38,115,61,93,41,114,124,44,58,77,86, </key>
<key name="apply"> 68,124, </key>
<key name="appointment"> 63,0,1,2,7,8,11,13,15,16,17,19,124,20,44,21,66,86, </key>
<key name="appropriat"> 37,93,15, </key>
<key name="area"> 2,10,26,60,74,104,16,106,99,54,32,77, </key>
<key name="arial"> 124, </key>
<key name="around"> 103,56, </key>
<key name="arriv"> 101,60,75, </key>
<key name="arrow"> 0,23,71,8,34,31,104,98,16,17,106,99,82,83,84,64,44,112,107, </key>
<key name="ascend"> 82, </key>
<key name="ask"> 35,93,41,114, </key>
<key name="assign"> 109,116,124,54,22, </key>
<key name="assistant"> 66, </key>
<key name="associat"> 29,61,120, </key>
<key name="assum"> 38,106, </key>
<key name="asterisk"> 108,107,62, </key>
<key name="atom"> 71,83, </key>
<key name="attach"> 37,38,93,106,20, </key>
<key name="attachment"> 63,100,37,88,38,101,39,8,13,59,40,61,120,34,121,92,93,41,103,104,78,98,15,16,17,106,99,124,20,57,107,58, </key>
<key name="attack"> 92, </key>
<key name="attende"> 63,0,2,8,11,12,13,16,17,19,124,20,44,21, </key>
<key name="attribut"> 103, </key>
<key name="audio"> 107, </key>
<key name="august"> 127, </key>
<key name="authenticat"> 119, </key>
<key name="author"> 63, </key>
<key name="auto"> 29,25,124,127,22, </key>
<key name="autocomplet"> 53,124,44, </key>
<key name="automat"> 75,65, </key>
<key name="automatic"> 90,78,44, </key>
<key name="automatical"> 29,38,70,71,24,12,59,60,61,90,118,120,121,41,87,97,98,15,123,124,75,85,126,56,57,127, </key>
<key name="availability"> 8,16,17,18,19, </key>
<key name="availabl"> 129,0,4,23,8,25,28,119,16,17,124,126,44,33,57,77, </key>
<key name="averylongpagenameispossibl"> 56, </key>
<key name="away"> 127, </key>
<key name="back"> 48,3,69,119,91,114,64,56,47, </key>
<key name="background"> 49,89,124,46,57, </key>
<key name="backslash"> 62, </key>
<key name="bad"> 43,56, </key>
<key name="ban"> 0,78,16, </key>
<key name="bana"> 102, </key>
<key name="banana"> 102,59,103,107,62, </key>
<key name="bananafloat"> 62, </key>
<key name="bananasboat"> 62, </key>
<key name="bandanna"> 62, </key>
<key name="bar"> 100,5,52,8,26,78,105,16,17,19,124,64,77, </key>
<key name="bas"> 119, </key>
<key name="basi"> 73, </key>
<key name="basic"> 100,101,119,106,55,57, </key>
<key name="bcc"> 29,23,39,40,104,44,45,33, </key>
<key name="be"> 51,59,61,54, </key>
<key name="becom"> 2,5,8,41,16,17,20,44,57, </key>
<key name="befor"> 2,48,3,113,101,39,24,59,119,120,103,104,98,15,114,106,124,83,75,56,47,33,62,65, </key>
<key name="begin"> 49,35,80,44, </key>
<key name="behav"> 64,44, </key>
<key name="behavior"> 44, </key>
<key name="below"> 39,24,96,124,126,44,66,77, </key>
<key name="beneath"> 106, </key>
<key name="billybob"> 44, </key>
<key name="black"> 124, </key>
<key name="blank"> 51,39,56, </key>
<key name="blind"> 45, </key>
<key name="block"> 88,38,92, </key>
<key name="blu"> 4, </key>
<key name="boat"> 62, </key>
<key name="bob"> 44, </key>
<key name="body"> 101,39,89,59,40,61,120,41,103,104,95,98,106,124,126,107,66, </key>
<key name="bold"> 74,90,34,91, </key>
<key name="book"> 67,63,129,29,115,52,23,24,25,26,27,28,30,93,31,104,124,32,33,22,66,86, </key>
<key name="bord"> 49, </key>
<key name="bos"> 61, </key>
<key name="both"> 29,100,102,76,106,62, </key>
<key name="bottom"> 84, </key>
<key name="bounc"> 78,43, </key>
<key name="box"> 100,5,101,39,24,89,26,60,61,30,120,34,104,106,99,124,84,64,126,44,33,107,127,77, </key>
<key name="boxman"> 100, </key>
<key name="br"> 45, </key>
<key name="bracket"> 98, </key>
<key name="breakfast"> 102, </key>
<key name="brink"> 44, </key>
<key name="brows"> 129,37,38,69,30,119,93,94,114,64,58,77, </key>
<key name="browser"> 38,69,119, </key>
<key name="budget"> 106, </key>
<key name="build"> 106, </key>
<key name="built"> 70, </key>
<key name="bullet"> 89,46, </key>
<key name="busines"> 124,126, </key>
<key name="busy"> 63,1,2,5,8,16,17,19, </key>
<key name="button"> 67,38,69,23,71,121,41,125,80,114,106,99,124,83,64,126,45,33,77, </key>
<key name="byt"> 101,103, </key>
<key name="cal"> 100,28,61,53,103,106,124,33,58, </key>
<key name="calendar"> 67,63,129,0,1,2,3,4,5,6,115,52,7,8,9,10,11,12,13,14,15,16,17,124,20,44,21,66,77,86, </key>
<key name="california"> 8,17, </key>
<key name="call"> 129, </key>
<key name="camelcas"> 56, </key>
<key name="cancel"> 50,11, </key>
<key name="cannot"> 67,88,50,116,52,71,10,73,59,28,94,87,103,97,80,124,54,32,75,43,57,107,22, </key>
<key name="capabiliti"> 63, </key>
<key name="capital"> 56, </key>
<key name="capitalization"> 59, </key>
<key name="car"> 93,41, </key>
<key name="carbon"> 45, </key>
<key name="card"> 124,22, </key>
<key name="cas"> 59,53,93,103,97,44,56,107, </key>
<key name="casserol"> 59,62, </key>
<key name="categori"> 109,22,86, </key>
<key name="categoriz"> 70, </key>
<key name="caus"> 100,98,114,124,44, </key>

</ftswdata>  
