﻿<?xml version='1.0' encoding='utf-8' ?>
<!-- saved from url=(0014)about:internet -->
<ftswdata>
<key name="select"> 76,123,69,0,1,2,130,50,3,143,124,31,56,133,4,110,77,119,39,98,5,111,6,57,126,81,137,58,59,125,127,7,25,41,82,26,138,8,10,128,27,11,13,28,29,14,65,66,32,15,71,60,141,87,129,38,104,33,97,113,114,108,17,52,115,18,19,116,109,21,145,146,131,61,51,34,73,53,132,78,94,148,46,47,62,49,122,35,63,117,23,74, </key>
<key name="selection"> 110,77,81,113,19,109,146,46,47,35, </key>
<key name="semi"> 138,10,34,73, </key>
<key name="semicolon"> 26,8,18,19,46, </key>
<key name="send"> 69,0,55,130,50,3,31,133,39,40,57,80,41,138,9,10,65,42,30,67,71,142,144,43,38,104,113,108,17,44,116,92,146,131,61,51,34,73,53,78,86,22,45,46,47,149,74,64,54,24,75, </key>
<key name="sender"> 102,103,43, </key>
<key name="sender'"> 103,43,109, </key>
<key name="sensitiv"> 117, </key>
<key name="sent"> 76,0,2,133,39,57,80,82,138,8,10,11,13,99,65,85,37,43,113,89,108,17,52,91,44,18,19,116,92,146,131,61,34,73,53,86,45,47,149,74,88, </key>
<key name="separat"> 31,111,6,25,41,26,138,8,29,32,43,38,104,113,18,19,146,70, </key>
<key name="sequenc"> 77,8,70, </key>
<key name="seri"> 11,13,17, </key>
<key name="serv"> 143,133,110,10,113,34,73, </key>
<key name="servic"> 143,133,146, </key>
<key name="session"> 1,79,6,140,141,36,134,94,24, </key>
<key name="set"> 123,69,0,143,124,56,133,98,111,81,99,66,67,100,140,71,60,141,142,144,103,97,113,89,106,108,147,18,19,20,116,21,145,146,51,86,22,48,63,149,24, </key>
<key name="setting"> 143,133,136,138,142,147,109,146,48,117,88, </key>
<key name="seven"> 6, </key>
<key name="shar"> 123,69,1,2,55,130,50,3,124,4,5,79,57,26,9,10,60,113,114,52,19,131,61,51,34,73,53,35,74,64,54,24, </key>
<key name="shift"> 77,119,75, </key>
<key name="shop"> 82, </key>
<key name="shortcut"> 69,80,114,146,70,75,96, </key>
<key name="shot"> 123, </key>
<key name="should"> 123,143,56,133,138,10,67,141,102,43,113,108,52,146,131,51,34,73,148,63,74, </key>
<key name="show"> 123,2,133,4,110,119,39,5,80,26,85,32,71,36,87,103,38,113,89,105,108,91,19,20,109,21,146,93,46,47,35,24,88, </key>
<key name="shown"> 2,133,5,138,66,36,101,108,88, </key>
<key name="sid"> 5,7,85,68, </key>
<key name="sign"> 71,113, </key>
<key name="signatur"> 133,41,138,142,43,108,146,148, </key>
<key name="signifi"> 4, </key>
<key name="silent"> 67, </key>
<key name="similar"> 119,67,113,118,88, </key>
<key name="simp"> 124,140,114,22, </key>
<key name="simpl"> 123,113,78, </key>
<key name="simultaneous"> 119, </key>
<key name="sinc"> 108, </key>
<key name="singl"> 2,110,119,80,138,66,142,36,101,38,113,19,70,46, </key>
<key name="sit"> 151,98,79,102,97,78,86,72, </key>
<key name="six"> 63, </key>
<key name="siz"> 111,65,85,32,15,36,102,113,89,106,146,86,70,48,63,117,74, </key>
<key name="skip"> 18, </key>
<key name="skyp"> 151, </key>
<key name="slash"> 90,122,68, </key>
<key name="slid"> 39, </key>
<key name="slight"> 117, </key>
<key name="slow"> 81,141,146, </key>
<key name="smal"> 111,65,113,46, </key>
<key name="small"> 151,70, </key>
<key name="smith"> 28,67,113,148,46,35, </key>
<key name="smith23"> 67, </key>
<key name="snippet"> 146, </key>
<key name="so"> 69,2,4,79,84,42,142,113,108,116,146,51,63, </key>
<key name="softphon"> 151, </key>
<key name="softwar"> 39,40,74,88, </key>
<key name="someon"> 40,42,113,116,47, </key>
<key name="someth"> 28,103,43,134,54, </key>
<key name="sometim"> 143,65,30,86,45,35, </key>
<key name="somewher"> 112, </key>
<key name="soon"> 109,46, </key>
<key name="sort"> 40,8,66,93,132, </key>
<key name="sortabl"> 93, </key>
<key name="sourc"> 69,58,62,63, </key>
<key name="south"> 117, </key>
<key name="spac"> 113,89,68,24, </key>
<key name="spam"> 65,85,102,43,86,54,72, </key>
<key name="span"> 37, </key>
<key name="special"> 40,113,46,117, </key>
<key name="specifi"> 69,143,110,111,112,8,65,66,67,97,113,86,95,68,72, </key>
<key name="specific"> 123,111,137,136,138,8,67,33,113,116,146,51,22,148,117,74,24,75, </key>
<key name="specify"> 143,110,112,65,66,67,16,113,116,109,146,51,68,74,75, </key>
<key name="spel"> 58,41,49,117, </key>
<key name="spell"> 41,49, </key>
<key name="spelling"> 113,118, </key>
<key name="split"> 56,70, </key>
<key name="spot"> 100, </key>
<key name="spread"> 40,102,103, </key>
<key name="spreadsheet"> 69,39,40,58,103,116,63,74,64, </key>
<key name="ssl"> 143,133, </key>
<key name="stand"> 47, </key>
<key name="standard"> 143,81,58,10,65,141,103,104,146,61,34,73,53,70,88, </key>
<key name="standardi"> 146, </key>
<key name="start"> 123,69,0,2,124,79,41,26,8,71,18,19,116,45,46,23, </key>
<key name="statement"> 43, </key>
<key name="statu"> 123,69,1,124,111,10,32,71,101,113,19,132, </key>
<key name="stay"> 84, </key>
<key name="step"> 41,66,18,75, </key>
<key name="still"> 79,57,10,71,131,34,73,53, </key>
<key name="stop"> 65,67, </key>
<key name="stor"> 76,65,37,36,24, </key>
<key name="str"> 112,113,109,146,117,68, </key>
<key name="string"> 67, </key>
<key name="structur"> 113, </key>
<key name="styl"> 56,58,41,146,48,63, </key>
<key name="sub"> 51,53, </key>
<key name="subject"> 2,124,39,111,80,112,41,8,65,66,37,67,36,103,43,113,114,108,18,19,146,93,132,22,23,68,75, </key>
<key name="subscrib"> 82,78, </key>
<key name="subsequent"> 65,67,134, </key>
<key name="substitution"> 112,68, </key>
<key name="substr"> 65, </key>
<key name="successful"> 32, </key>
<key name="suggest"> 46,49, </key>
<key name="suit"> 69,97, </key>
<key name="sup"> 41,68, </key>
<key name="supervisor"> 66,67,43, </key>
<key name="support"> 40,79,65,30,89,117, </key>
<key name="suppos"> 110,46, </key>
<key name="sur"> 114, </key>
<key name="surround"> 68, </key>
<key name="switch"> 69,43,63, </key>
<key name="symbol"> 113, </key>
<key name="synchroniz"> 7, </key>
<key name="syndication"> 78, </key>
<key name="synonym"> 113, </key>
<key name="syntax"> 58,146,117, </key>
<key name="system"> 76,69,151,39,98,40,137,82,8,84,85,67,140,141,103,43,147,91,18,19,146,86,45,122,117,88, </key>
<key name="t3"> 146, </key>
<key name="tab"> 1,2,133,6,80,81,135,137,136,59,125,127,7,41,138,8,99,66,42,67,100,141,142,36,144,97,113,106,147,18,19,21,92,145,146,94,148,46,48,149,74,24,75,88,96, </key>
<key name="tabl"> 69,56,58,41,48,63,64, </key>
<key name="tag"> 69,77,119,111,80,58,83,120,99,65,66,85,67,36,113,91,116,146,62,122,63,117,74,24,88,96, </key>
<key name="tag:amb"> 113, </key>
<key name="tag:purpl"> 119, </key>
<key name="tag:todo"> 83, </key>
<key name="tak"> 79,80,65,32,15,63, </key>
<key name="talk"> 71, </key>
<key name="task"> 123,69,130,124,126,125,127,128,129,131,132,122,63,117,75, </key>
<key name="taught"> 72, </key>
<key name="team"> 133,138, </key>
<key name="technology"> 134, </key>
<key name="tell"> 101,105, </key>
<key name="temporari"> 57,10,102,131,34,73,53, </key>
<key name="tentativ"> 1,2,17, </key>
<key name="tentative"> 21, </key>
<key name="term"> 67,113, </key>
<key name="test"> 65,67, </key>
<key name="text"> 123,69,0,2,124,56,133,110,39,98,40,58,41,138,8,13,99,29,65,66,42,32,71,103,43,113,114,108,134,115,18,19,109,146,22,70,148,46,48,62,63,117,149,74,64,24, </key>
<key name="th"> 117, </key>
<key name="them"> 151,0,1,2,133,110,77,39,84,66,37,71,103,113,89,107,44,20,146,131,51,73,93,86,70,148,117,24,72, </key>
<key name="themselv"> 120,103,146, </key>
<key name="therefor"> 40,140,103, </key>
<key name="thing"> 89, </key>
<key name="think"> 102,115,116, </key>
<key name="third"> 151,85,88, </key>
<key name="thoma"> 113, </key>
<key name="thos"> 110,37,142,113,89,146,61,53,86,46,122,35,72, </key>
<key name="though"> 41, </key>
<key name="thre"> 123,0,56,40,79,112,25,8,27,37,19,63,68, </key>
<key name="thread"> 22, </key>
<key name="thumbnail"> 74, </key>
<key name="ti"> 82, </key>
<key name="tild"> 75, </key>
<key name="tim"> 69,0,1,2,143,77,5,79,111,6,81,135,8,10,67,140,71,141,36,43,97,113,114,17,52,44,18,19,20,21,92,146,131,51,34,73,93,86,95,22,117,23,149,68,74,75, </key>
<key name="time"> 144, </key>
<key name="tip"> 31,27,113,105,70,24, </key>
<key name="titl"> 25,37,93,63, </key>
<key name="to:nam"> 75, </key>
<key name="today"> 0, </key>
<key name="todo"> 83, </key>
<key name="togeth"> 37,113, </key>
<key name="toggl"> 94,62, </key>
<key name="tomorrow"> 0, </key>
<key name="too"> 65,102,43,70,74, </key>
<key name="tool"> 124,31,58,8,27,114,105,19,70,63,117,24, </key>
<key name="toolbar"> 0,1,143,124,56,6,126,58,7,25,41,82,26,128,27,42,16,113,108,18,19,109,132,86,94,47,62,49,122,63,74,72,88, </key>
<key name="top"> 76,0,124,59,25,82,42,38,18,61,53,86,49,23,74,88, </key>
<key name="topic"> 69,136,43,113,117, </key>
<key name="total"> 85,100,38,113, </key>
<key name="track"> 123,69,1,124,7,63, </key>
<key name="traditional"> 69,36,94, </key>
<key name="train"> 133,138,72, </key>
<key name="transf"> 87, </key>
<key name="transfer"> 74, </key>
<key name="trash"> 76,55,130,50,3,82,128,27,84,65,85,67,97,89,107,17,91,146,53,86,95,54,88, </key>
<key name="travel"> 146, </key>
<key name="tre"> 112, </key>
<key name="treat"> 74, </key>
<key name="trig"> 46, </key>
<key name="trigger"> 0, </key>
<key name="troubl"> 146, </key>
<key name="tru"> 113, </key>
<key name="truck"> 65, </key>
<key name="try"> 45, </key>
<key name="tun"> 86,72, </key>
<key name="turn"> 66,121,67,106,146,22,149, </key>
<key name="turnaround"> 122, </key>
<key name="two"> 76,77,111,82,8,99,30,67,141,116,35,63,117,68, </key>
<key name="txt"> 40,113, </key>

</ftswdata>  
