<?xml version='1.0' encoding='windows-1252' ?>
<ftswdata>
<key name="0"> 103, </key>
<key name="06"> 103, </key>
<key name="1"> 83,86,102,103, </key>
<key name="10"> 99, </key>
<key name="100"> 99, </key>
<key name="11"> 83, </key>
<key name="12"> 83, </key>
<key name="1212"> 101, </key>
<key name="123"> 83, </key>
<key name="12k"> 83, </key>
<key name="2"> 86, </key>
<key name="20"> 39, </key>
<key name="2005"> 37,83,102, </key>
<key name="22"> 72, </key>
<key name="25"> 99, </key>
<key name="3"> 83,103, </key>
<key name="30"> 17,8,31,83, </key>
<key name="303"> 101, </key>
<key name="31"> 103, </key>
<key name="4"> 16, </key>
<key name="5"> 1,72,16,99, </key>
<key name="50"> 99, </key>
<key name="555"> 101, </key>
<key name="7"> 1,4, </key>
<key name="9"> 83, </key>
<key name="abbreviation"> 40, </key>
<key name="ability"> 0, </key>
<key name="abl"> 33,70,34,99, </key>
<key name="abov"> 4,30,83, </key>
<key name="absenc"> 45, </key>
<key name="accept"> 1,3,4,10,71,15,19,41, </key>
<key name="acces"> 1,3,53,10,57,97,66,91,60, </key>
<key name="accord"> 54, </key>
<key name="account"> 57,97,98,100,99, </key>
<key name="acm"> 25,83,101,39,29, </key>
<key name="acrobat"> 34, </key>
<key name="acros"> 29, </key>
<key name="action"> 52,43,44,90,45,15,63,48, </key>
<key name="activ"> 53,44,45,48, </key>
<key name="activat"> 74, </key>
<key name="activiti"> 0,1,4,6,7,10,5, </key>
<key name="activity"> 0,96,5, </key>
<key name="actual"> 34,37,108, </key>
<key name="ad"> 2,3,27,4,17,83,77,15,99,19,101,39,40,29,108, </key>
<key name="add"> 2,27,88,33,13,22,23,35,17,8,44,36,26,15,63,16,99,101,40,29,5, </key>
<key name="addition"> 80,55,8,69,58, </key>
<key name="additional"> 27,22,7,23,17,8,43,26,45,16,48,101, </key>
<key name="addres"> 2,104,27,81,22,23,35,17,8,10,24,25,43,26,45,28,97,98,74,37,83,84,77,63,16,79,18,99,19,92,48,39,40,29,106,87,60,108, </key>
<key name="addresse"> 36,40, </key>
<key name="administration"> 34,58,49, </key>
<key name="administrator"> 104,70,34,53,81,94,22,95,96,97,50,74,69,83,61,99,58,68,92,49, </key>
<key name="adob"> 80,34,86, </key>
<key name="advanc"> 47,81,83,87, </key>
<key name="advantag"> 22, </key>
<key name="advis"> 35, </key>
<key name="affect"> 100, </key>
<key name="again"> 33,96,85, </key>
<key name="aid"> 91,87, </key>
<key name="aka"> 58,49, </key>
<key name="allow"> 53,81,43,45,74,83,84,63,87, </key>
<key name="allowabl"> 83, </key>
<key name="almost"> 74, </key>
<key name="alon"> 84, </key>
<key name="along"> 54,75,61, </key>
<key name="alphabetiz"> 28, </key>
<key name="already"> 88,96, </key>
<key name="alternative"> 88, </key>
<key name="although"> 84, </key>
<key name="alway"> 4,71,97,74,83,93,79,99,58,101,39,20,29, </key>
<key name="am"> 17,8,102, </key>
<key name="amazon"> 105,108, </key>
<key name="amb"> 83, </key>
<key name="amount"> 96,61, </key>
<key name="angl"> 77, </key>
<key name="animation"> 34, </key>
<key name="anoth"> 51,3,52,34,53,54,22,55,56,57,31,45,59,98,78,63,93,85,86,99,58,92,41,91,49, </key>
<key name="any"> 0,27,80,88,34,81,6,22,35,17,8,42,10,12,89,43,44,57,45,96,74,37,14,69,83,84,62,77,15,100,93,16,79,64,99,65,58,19,40,91,87,5,46,49,60, </key>
<key name="anyon"> 35, </key>
<key name="anyway"> 35, </key>
<key name="anywher"> 84,91, </key>
<key name="ap"> 52,88,22,43,44,45,63,93,91, </key>
<key name="appear"> 0,27,80,88,33,94,22,82,35,17,8,24,25,43,36,26,31,45,72,97,73,59,74,37,14,32,75,83,84,76,77,63,16,86,18,101,39,40,20,91,105,29,106,107, </key>
<key name="appli"> 52,88,43,44,31,45,83,86,91, </key>
<key name="application"> 1,34,53,21,94,45,97,74,37,93,99,39,60, </key>
<key name="apply"> 52,99, </key>
<key name="appointment"> 0,2,1,47,13,7,17,8,11,15,16,18,99,19,39,20, </key>
<key name="appropriat"> 33,74,15, </key>
<key name="archiv"> 69, </key>
<key name="area"> 2,10,25,44,57,84,16,86,79,60, </key>
<key name="around"> 83, </key>
<key name="arriv"> 81,44,58, </key>
<key name="arrow"> 0,23,17,55,8,25,30,84,16,86,79,65,66,67,48,39,91,87, </key>
<key name="ascend"> 65, </key>
<key name="asin"> 108, </key>
<key name="ask"> 31,74,37,93, </key>
<key name="assign"> 88,94, </key>
<key name="associat"> 27,45, </key>
<key name="assum"> 34,86, </key>
<key name="assur"> 99, </key>
<key name="asterisk"> 87,46, </key>
<key name="atom"> 55,66, </key>
<key name="attach"> 33,34,74,86,19, </key>
<key name="attachment"> 47,80,33,70,34,81,13,35,17,8,43,36,45,30,50,74,37,83,84,61,77,15,16,86,79,99,19,87, </key>
<key name="attack"> 50, </key>
<key name="attende"> 0,2,47,13,17,8,11,12,16,18,99,19,39,20, </key>
<key name="attribut"> 83, </key>
<key name="audio"> 87, </key>
<key name="august"> 102, </key>
<key name="authenticat"> 97, </key>
<key name="author"> 108, </key>
<key name="auto"> 22,24,99,102, </key>
<key name="autocomplet"> 39, </key>
<key name="automat"> 58,49, </key>
<key name="automatic"> 72,61,101,39, </key>
<key name="automatical"> 27,34,54,22,55,12,43,44,72,96,37,69,78,77,15,99,58,68,101,102,49, </key>
<key name="availability"> 17,8,16,18, </key>
<key name="availabl"> 0,104,4,23,24,26,99,101,39,29,60, </key>
<key name="away"> 102, </key>
<key name="b"> 83, </key>
<key name="back"> 3,53,73,93,48,41, </key>
<key name="background"> 71, </key>
<key name="backslash"> 46, </key>
<key name="bad"> 92, </key>
<key name="ban"> 0,61,16, </key>
<key name="bana"> 82, </key>
<key name="banana"> 82,43,83,87,46, </key>
<key name="bananafloat"> 46, </key>
<key name="bananasboat"> 46, </key>
<key name="bandanna"> 46, </key>
<key name="bar"> 80,17,8,25,61,85,16,18,48,5,60, </key>
<key name="basi"> 56, </key>
<key name="basic"> 80,81,86, </key>
<key name="bcc"> 27,35,36,84,99,39,40,29, </key>
<key name="be"> 43,45, </key>
<key name="becom"> 2,17,37,19,39,5, </key>
<key name="befor"> 3,81,43,83,84,77,15,93,86,99,66,58,41,29,46,49, </key>
<key name="begin"> 31,63,39, </key>
<key name="behalf"> 10, </key>
<key name="behav"> 48,39, </key>
<key name="behavior"> 39, </key>
<key name="below"> 35,39,60, </key>
<key name="beneath"> 86, </key>
<key name="billybob"> 39, </key>
<key name="blank"> 35, </key>
<key name="blind"> 40, </key>
<key name="block"> 70,34,50,108, </key>
<key name="blu"> 4, </key>
<key name="boat"> 46, </key>
<key name="bob"> 39, </key>
<key name="body"> 81,35,71,43,36,45,37,83,84,76,77,86,99,101,87, </key>
<key name="bold"> 57,72,30,73, </key>
<key name="book"> 104,22,23,28,74,84,105,29,108, </key>
<key name="bos"> 45, </key>
<key name="both"> 80,82,59,86,46, </key>
<key name="bottom"> 67, </key>
<key name="bounc"> 61,92, </key>
<key name="box"> 80,81,22,35,71,25,44,45,28,30,84,86,79,99,67,48,101,39,29,87,102,5,60, </key>
<key name="boxman"> 80, </key>
<key name="br"> 40, </key>
<key name="bracket"> 77, </key>
<key name="breakfast"> 82, </key>
<key name="brink"> 39, </key>
<key name="brows"> 104,33,34,53,28,97,74,75,93,48,60, </key>
<key name="browser"> 34,53, </key>
<key name="budget"> 86, </key>
<key name="build"> 80,81,85,86,79,87, </key>
<key name="built"> 54, </key>
<key name="bullet"> 71, </key>
<key name="busines"> 101,108, </key>
<key name="busy"> 2,1,47,17,8,16,18,5, </key>
<key name="button"> 51,34,53,23,17,55,8,97,37,100,63,93,16,86,79,66,48,101,40,29,60,108, </key>
<key name="byt"> 81,83, </key>
<key name="cal"> 80,45,83,86,29, </key>
<key name="calendar"> 0,2,1,47,104,3,4,6,13,21,7,17,8,9,10,11,12,14,15,16,99,19,39,20,5,60, </key>
<key name="california"> 17,8, </key>
<key name="call"> 104, </key>
<key name="cancel"> 11, </key>
<key name="cannot"> 51,70,22,55,10,56,43,26,75,69,83,78,63,58,92,87, </key>
<key name="capitalization"> 43, </key>
<key name="car"> 74,37, </key>
<key name="carbon"> 40, </key>
<key name="card"> 22, </key>
<key name="cas"> 43,74,83,78,39,87, </key>
<key name="casserol"> 43,46, </key>
<key name="categori"> 88, </key>
<key name="categoriz"> 54, </key>
<key name="caus"> 80,77,93,99,39, </key>
<key name="cc"> 27,80,81,35,43,36,83,84,77,99,19,39,40,29, </key>
<key name="cd"> 105,108, </key>
<key name="certain"> 0,34,81,54,43,50,83,61,58,92,39,91,49, </key>
<key name="chanc"> 74, </key>
<key name="chang"> 1,4,6,13,21,94,22,35,17,8,42,10,71,25,31,45,28,30,73,76,77,100,93,79,64,99,67,19,48,39,20,41,87,60, </key>
<key name="charact"> 45,62,77,91,46, </key>
<key name="character"> 94,83,39,105,87,46, </key>
<key name="characteristic"> 47,54,45,50, </key>
<key name="charg"> 31, </key>
<key name="check"> 3,80,53,81,7,23,35,55,71,44,45,72,50,98,16,86,99,66,101,41,102,5, </key>
<key name="choic"> 44,15,63,48, </key>
<key name="choos"> 1,52,88,21,94,23,35,55,8,56,25,44,45,97,73,74,32,75,84,61,62,86,99,58,67,68,91,49,60, </key>
<key name="chooser"> 53, </key>
<key name="chos"> 99, </key>
<key name="chosen"> 4,36, </key>
<key name="cisco"> 104, </key>
<key name="city"> 106, </key>
<key name="claim"> 86, </key>
<key name="classification"> 91, </key>
<key name="classify"> 88,54,57,91, </key>

</ftswdata>  
