<?xml version='1.0' encoding='windows-1252' ?>
<ftswdata>
<key name="mail"> 50,46,3,27,32,33,52,53,21,22,23,34,41,24,70,42,43,90,56,35,26,30,44,71,97,29,72,58,98,73,36,74,83,84,60,75,77,76,62,37,93,86,63,99,57,67,92,47,101,39,91,28,102,48,59, </key>
<key name="mailbox"> 4,54,41,44,29,60,99,65,66,92,59, </key>
<key name="main"> 45, </key>
<key name="maintain"> 26, </key>
<key name="majority"> 73, </key>
<key name="mak"> 0,80,13,10,70,25,83,84,15,79,20,87, </key>
<key name="malform"> 42, </key>
<key name="man"> 38, </key>
<key name="manag"> 1,46,10,29, </key>
<key name="manageabl"> 60, </key>
<key name="management"> 43, </key>
<key name="manual"> 57,67, </key>
<key name="mark"> 51,42,56,44,72,15,62,45, </key>
<key name="markup"> 99, </key>
<key name="martin"> 80, </key>
<key name="match"> 80,33,82,17,8,25,42,43,30,44,16,79,38,87,45, </key>
<key name="maximum"> 22,96,83, </key>
<key name="maxm"> 83, </key>
<key name="mb"> 81,83, </key>
<key name="mean"> 82,42,43,30,83,99,92,5, </key>
<key name="meant"> 52, </key>
<key name="media"> 33, </key>
<key name="medium"> 91, </key>
<key name="meet"> 0,2,80,13,17,8,10,44,15,16,18,19, </key>
<key name="meeting"> 0,2,1,46,13,17,8,10,12,14,18,19, </key>
<key name="megabyt"> 83, </key>
<key name="menu"> 27,51,88,44,72,84,62,66,47,28, </key>
<key name="messag"> 0,50,2,1,46,3,27,80,88,32,69,33,81,53,23,34,41,9,10,55,70,42,43,90,56,35,30,44,71,29,72,49,58,98,73,36,31,74,68,83,84,60,75,77,76,15,62,37,93,86,79,63,99,64,57,66,19,92,47,101,38,39,40,91,28,87,102,48,59, </key>
<key name="met"> 43, </key>
<key name="method"> 53,82,43,72, </key>
<key name="microsoft"> 32,33,52,56,73,83,86,87, </key>
<key name="middl"> 93,45, </key>
<key name="might"> 81,49,83,76,93,57,38,91,45,48, </key>
<key name="migrat"> 56, </key>
<key name="mik"> 30, </key>
<key name="mini"> 0,1,81,99,19,59, </key>
<key name="minimum"> 99, </key>
<key name="minm"> 83, </key>
<key name="minut"> 17,8,71,99, </key>
<key name="mission"> 36, </key>
<key name="mix"> 86, </key>
<key name="mm"> 42,83, </key>
<key name="mod"> 70,20, </key>
<key name="modifi"> 25, </key>
<key name="modify"> 8, </key>
<key name="monday"> 6, </key>
<key name="money"> 45, </key>
<key name="month"> 0,1,81,6,8,14, </key>
<key name="mous"> 0,50,27,51,22,75,62,93,64,47,38,5, </key>
<key name="mov"> 50,3,51,53,22,55,42,30,44,58,77,15,62,57,38,28,48, </key>
<key name="movabl"> 47, </key>
<key name="movi"> 33, </key>
<key name="mozilla"> 52, </key>
<key name="mpeg"> 33, </key>
<key name="mpg"> 33, </key>
<key name="much"> 60, </key>
<key name="multi"> 16, </key>
<key name="multipl"> 2,46,80,51,88,81,22,17,42,43,44,74,16,91,5, </key>
<key name="must"> 80,32,94,82,25,42,43,30,44,97,73,83,84,75,100,99, </key>
<key name="my"> 82,42,44,83,93, </key>
<key name="myra"> 97, </key>
<key name="myra123"> 97, </key>
<key name="nam"> 2,3,27,80,51,88,22,7,23,34,17,54,8,10,24,89,25,42,43,71,97,36,14,83,84,60,75,61,76,62,85,16,79,18,65,19,38,91,28,87,5,59, </key>
<key name="navigat"> 93,99, </key>
<key name="ne"> 33,17,8,93,20, </key>
<key name="nearest"> 42, </key>
<key name="necessary"> 8,43, </key>
<key name="need"> 32,34,90,60,28, </key>
<key name="negativ"> 44, </key>
<key name="network"> 73, </key>
<key name="nev"> 86,92, </key>
<key name="new"> 0,46,27,88,32,33,94,22,7,23,34,17,54,8,43,56,35,30,44,71,72,58,98,36,83,75,76,15,100,62,37,86,99,65,57,101,38,39,91,28,87,59, </key>
<key name="newest"> 75, </key>
<key name="next"> 23,17,8,42,43,56,44,71,29,73,36,75,16,86,18,66,47,39,91, </key>
<key name="non"> 10,42, </key>
<key name="normal"> 42,37,45, </key>
<key name="not"> 32,33,22,23,17,8,49,83,76,86,47,87, </key>
<key name="notab"> 33, </key>
<key name="notepad"> 33, </key>
<key name="noth"> 51, </key>
<key name="notic"> 3,15, </key>
<key name="notifi"> 98, </key>
<key name="notification"> 33,10,49,98,60,15,99, </key>
<key name="notify"> 10, </key>
<key name="novemb"> 4, </key>
<key name="numb"> 33,22,90,56,71,29,83,84,60,75,76,99,57,48, </key>
<key name="number"> 81,22,70,47, </key>
<key name="nut"> 86, </key>
<key name="object"> 81,83, </key>
<key name="occur"> 2,96,76, </key>
<key name="occurrenc"> 13, </key>
<key name="off"> 52,90,44,96,97,99,66,102,59, </key>
<key name="offer"> 46,29,87, </key>
<key name="offic"> 2,32,18,99,87,102, </key>
<key name="often"> 33,94,99, </key>
<key name="ok"> 88,13,94,7,17,54,8,10,43,58,14,85,16,65,19,20,91,28, </key>
<key name="old"> 94,30,68,60,76, </key>
<key name="omit"> 42,99, </key>
<key name="on"> 0,50,1,46,4,80,51,88,33,6,53,13,7,54,41,42,43,30,44,29,58,36,14,83,77,86,99,64,92,47,38,39,20,91,45,59, </key>
<key name="onc"> 4,51,88,90,26,30,38,102, </key>
<key name="ongo"> 76, </key>
<key name="onto"> 88, </key>
<key name="open"> 0,2,1,46,3,80,51,32,69,33,81,6,13,23,34,17,54,8,41,25,43,35,30,97,72,73,74,75,77,76,15,37,85,16,86,79,18,99,65,57,19,101,20,28,87, </key>
<key name="operat"> 93, </key>
<key name="operator"> 42,45, </key>
<key name="oppos"> 93, </key>
<key name="opt"> 33, </key>
<key name="option"> 0,2,1,27,80,88,69,6,21,94,22,82,34,17,8,41,9,10,70,42,43,35,44,71,29,83,76,100,16,79,63,99,66,101,20,59, </key>
<key name="optional"> 46,3,17,8,35,36,16,101, </key>
<key name="ord"> 80,88,23,34,43,30,44,97,60,100,64, </key>
<key name="order"> 30, </key>
<key name="organiz"> 50,46,53, </key>
<key name="organization"> 10,26,49,28, </key>
<key name="original"> 2,12,29,76,99,92,40, </key>
<key name="originator"> 11,99, </key>
<key name="other"> 1,10,42,97,73, </key>
<key name="otherwis"> 90,75,39, </key>
<key name="out"> 2,52,53,22,42,96,18,99,65,102, </key>
<key name="outgo"> 99,101, </key>
<key name="outlook"> 56, </key>
<key name="outsid"> 73, </key>
<key name="overview"> 50,88,54,41,89,56,29,77,85,65,91,59, </key>
<key name="own"> 46, </key>
<key name="pacific"> 17,8, </key>
<key name="packag"> 32, </key>
<key name="pag"> 2,33,13,34,17,8,41,35,26,44,74,99,19,47,20,59, </key>
<key name="paint"> 33, </key>
<key name="pan"> 50,80,88,81,21,7,23,34,54,41,89,56,30,29,58,75,77,15,85,86,79,99,64,65,57,66,67,47,91,87,59, </key>
<key name="pap"> 69,73, </key>
<key name="parameter"> 2, </key>
<key name="parent"> 54, </key>
<key name="parenthes"> 56,71,29,75, </key>
<key name="part"> 33,43,30,36,83,76,92,38,59, </key>
<key name="particular"> 46,44,83,64,87, </key>
<key name="partner"> 46, </key>
<key name="pas"> 27,22,75,62,64,47, </key>
<key name="password"> 94,95,97,100,99, </key>
<key name="pattern"> 8, </key>
<key name="pdf"> 80,69,33,83,86, </key>
<key name="peopl"> 0,1,10,83,102, </key>
<key name="per"> 14,99, </key>
<key name="perform"> 80,51,81,62,47,87, </key>
<key name="performanc"> 46, </key>
<key name="perhap"> 44,79, </key>
<key name="period"> 33,96,68,57,67,87,102,5,48, </key>
<key name="periodical"> 96, </key>
<key name="permanent"> 68, </key>
<key name="permission"> 46,10, </key>
<key name="permit"> 33, </key>
<key name="person"> 3,27,22,34,10,76,62,99,102, </key>
<key name="personal"> 1,46,22,7,10,25,26,73,84,62,79,91,28,87, </key>
<key name="phon"> 81,22,83,84, </key>
<key name="photoshop"> 33, </key>
<key name="phras"> 43,86,87, </key>
<key name="pick"> 17,8, </key>
<key name="pictur"> 32, </key>
<key name="plac"> 69,54,42,56,49,58,75,57,67,48, </key>
<key name="placehold"> 45, </key>
<key name="plain"> 34,70,99, </key>
<key name="play"> 33, </key>
<key name="playabl"> 33, </key>
<key name="plu"> 92,87, </key>
<key name="plug"> 33, </key>
<key name="pm"> 17,8, </key>
<key name="podcast"> 65, </key>
<key name="point"> 27,69,73,59, </key>
<key name="pol"> 71,99, </key>
<key name="polici"> 33,68, </key>
<key name="policy"> 69,49,83,60, </key>
<key name="pop"> 10,62,93,40, </key>
<key name="popular"> 52, </key>
<key name="populat"> 23,76,19, </key>
<key name="portion"> 42,62,93,38,28, </key>
<key name="possib"> 57,48, </key>
<key name="possibl"> 70,93,86,38, </key>
<key name="post"> 10, </key>
<key name="potential"> 52, </key>
<key name="powerful"> 84, </key>
<key name="powerpoint"> 69,87, </key>
<key name="pr"> 81,23,54, </key>
<key name="practic"> 52,73, </key>
<key name="preced"> 42, </key>
<key name="pref"> 20, </key>
<key name="preferenc"> 21,34,70,43,71,76,100,99,57, </key>
<key name="prefix"> 83,76,99,87, </key>
<key name="pres"> 17, </key>
<key name="presenc"> 42,44,29, </key>
<key name="present"> 42,14, </key>
<key name="preserv"> 35,60,76, </key>
<key name="president"> 101, </key>
<key name="presum"> 36, </key>
<key name="prevent"> 42,44,97, </key>
<key name="previou"> 51,43,56,14,76,99, </key>
<key name="previous"> 81,83,86, </key>
<key name="primary"> 99,39, </key>
<key name="print"> 1,14,31,74, </key>
<key name="priority"> 86,91, </key>
<key name="privacy"> 97, </key>
<key name="privileg"> 10, </key>
<key name="probab"> 52, </key>
<key name="problem"> 94,92, </key>
<key name="proce"> 43, </key>
<key name="procedur"> 86, </key>
<key name="proceed"> 65, </key>
<key name="proces"> 73,87, </key>
<key name="produc"> 34,83,99, </key>
<key name="program"> 32,33,36, </key>
<key name="project"> 30, </key>

</ftswdata>  
