<?xml version='1.0' encoding='windows-1252' ?>
<ftswdata>
<key name="imag"> 100,37,88,38,93,78,106,57,107,58, </key>
<key name="immediat"> 61,112, </key>
<key name="immediate"> 39,12,59,90,122,105,126,127,62, </key>
<key name="implement"> 93, </key>
<key name="import"> 63,28,30,124,22, </key>
<key name="importanc"> 111, </key>
<key name="important"> 61,122, </key>
<key name="in"> 38, </key>
<key name="inactiv"> 61,118, </key>
<key name="inbound"> 70, </key>
<key name="inbox"> 67,113,71,72,59,74,35,61,90,121,103,95,15,80,124,82,75,65,77, </key>
<key name="inc"> 126,128, </key>
<key name="includ"> 1,49,38,23,71,24,10,59,40,35,120,34,121,14,103,104,98,114,16,106,124,54,32,64,126,46,57,107,5,62,77, </key>
<key name="incom"> 63,113,38,60,61,93,124, </key>
<key name="increas"> 38,64, </key>
<key name="indefinite"> 35, </key>
<key name="indicat"> 38,111,90,95,82, </key>
<key name="indicator"> 111,5, </key>
<key name="individual"> 63,41,14,94,95,84, </key>
<key name="information"> 2,129,29,113,38,101,23,17,8,10,25,26,59,60,74,28,53,34,121,41,31,96,80,16,99,19,54,32,83,20,43,64,126,58,22, </key>
<key name="informational"> 77, </key>
<key name="initial"> 116,72,124,56,47, </key>
<key name="input"> 59, </key>
<key name="insensitiv"> 59,103, </key>
<key name="insert"> 49,41,57, </key>
<key name="insid"> 71, </key>
<key name="instal"> 38,93, </key>
<key name="install"> 38, </key>
<key name="instanc"> 100,101,13,11,15,106, </key>
<key name="instead"> 113,121,124, </key>
<key name="integrat"> 129,74,77, </key>
<key name="interact"> 129,74,66, </key>
<key name="interest"> 45, </key>
<key name="interfac"> 74,103,78,80,114,124,64, </key>
<key name="internal"> 38,10,103,54,32, </key>
<key name="internet"> 113,69,39,41,114, </key>
<key name="interpret"> 0,59, </key>
<key name="interval"> 90,124, </key>
<key name="invit"> 2,17,12,18,21, </key>
<key name="invitation"> 0,2,1,17,8,9,10,15,16,20, </key>
<key name="isn"> 75,65, </key>
<key name="issu"> 43, </key>
<key name="italic"> 57, </key>
<key name="item"> 67,100,68,109,38,70,13,102,73,110,111,74,61,76,93,103,104,80,106,99,124,75,85,64,108,112,107, </key>
<key name="itself"> 62, </key>
<key name="jan"> 61, </key>
<key name="january"> 103, </key>
<key name="jdo"> 53, </key>
<key name="jo"> 103,33, </key>
<key name="job"> 63,23,120,124, </key>
<key name="john"> 120,103,126, </key>
<key name="jpeg"> 100,38,93,106, </key>
<key name="jpg"> 37,38, </key>
<key name="js123"> 33, </key>
<key name="jsmith"> 33, </key>
<key name="junk"> 74,80,124,75,65,77, </key>
<key name="just"> 31,104,106,58, </key>
<key name="kb"> 101,103, </key>
<key name="keep"> 29,7,59,78,123,57, </key>
<key name="key"> 70,44,86, </key>
<key name="keyboard"> 124,66,86, </key>
<key name="keyword"> 51,103,104,56,57,107, </key>
<key name="kilobyt"> 103, </key>
<key name="know"> 17,8,10,40,53,31,104,16,54,32,44,55,56,33, </key>
<key name="known"> 17,8,93,16,19,127, </key>
<key name="label"> 70, </key>
<key name="languag"> 103,104,124,107, </key>
<key name="larg"> 101,59,111,92,103,78,124,75,65, </key>
<key name="last"> 0,101,23,39,26,35,61,30,41,103,104,44,128, </key>
<key name="latest"> 121, </key>
<key name="launch"> 129,38, </key>
<key name="layout"> 49,51,89,57, </key>
<key name="leaf"> 59,62, </key>
<key name="learn"> 104,107, </key>
<key name="least"> 103,43,45, </key>
<key name="leav"> 129,113,68,59,61,119,114,126, </key>
<key name="left"> 113,68,109,74,120,76,104,97,75,84,85,64,33,107,5,77, </key>
<key name="length"> 118,124, </key>
<key name="lenient"> 41, </key>
<key name="les"> 111, </key>
<key name="let"> 1,129,29,38,39,8,74,120,31,104,124,45,56,57,107,5,22, </key>
<key name="letter"> 56, </key>
<key name="level"> 67,51,52,71,78,54,57, </key>
<key name="lick"> 95, </key>
<key name="lif"> 63,120,124, </key>
<key name="lik"> 72,26,41,124, </key>
<key name="like"> 35,61, </key>
<key name="limit"> 101,78,22, </key>
<key name="lin"> 29,100,37,38,70,102,39,24,59,40,35,120,34,41,104,95,98,124,62, </key>
<key name="link"> 63,113,88,38,51,8,89,53,83,64,46,56,57,58,77, </key>
<key name="list"> 67,2,63,129,48,3,29,113,68,109,101,50,116,7,23,39,17,71,24,8,10,25,12,26,27,60,111,28,35,61,30,53,120,34,41,31,104,95,15,80,16,106,99,124,54,32,83,75,20,43,64,44,45,112,33,57,107,5,22,77,86, </key>
<key name="literal"> 107, </key>
<key name="local"> 78,123, </key>
<key name="locat"> 37,70,30, </key>
<key name="location"> 2,51,17,71,8,34,76,93,16,18,19,84,21,77, </key>
<key name="log"> 113,69,72,90,118,119,121,78,96,125,124,75,77, </key>
<key name="login"> 119, </key>
<key name="long"> 50,25,119,31,87,78,97,64,45, </key>
<key name="look"> 4,39,59,90,78, </key>
<key name="los"> 41,114, </key>
<key name="lot"> 122, </key>
<key name="low"> 95,99,64, </key>
<key name="lowercas"> 56, </key>
<key name="m"> 59, </key>
<key name="macintosh"> 69, </key>
<key name="mail"> 67,63,48,3,29,113,37,38,69,70,115,52,23,39,24,72,10,25,89,59,60,111,74,40,35,61,90,119,120,34,121,91,122,93,41,94,103,104,78,95,96,97,98,80,42,114,106,81,123,124,54,32,75,85,43,64,126,45,112,33,127,65,66,77,86, </key>
<key name="mailbox"> 63,29,4,52,71,72,61,34,122,78,123,124,83,84,43,77, </key>
<key name="main"> 62, </key>
<key name="maintain"> 28,57, </key>
<key name="majority"> 93, </key>
<key name="mak"> 0,129,100,13,10,89,26,103,104,15,99,54,32,46,21,57,107, </key>
<key name="malform"> 59, </key>
<key name="man"> 44, </key>
<key name="manag"> 1,63,50,10,120,34,121,124,54,32, </key>
<key name="manageabl"> 78, </key>
<key name="management"> 60, </key>
<key name="manual"> 75,85, </key>
<key name="mark"> 68,59,74,61,120,91,96,98,15,80,124,62, </key>
<key name="markup"> 124, </key>
<key name="martin"> 100, </key>
<key name="match"> 2,100,38,102,17,24,8,26,59,60,35,61,16,99,44,107,62,22, </key>
<key name="maximum"> 118,103,22, </key>
<key name="maxm"> 103, </key>
<key name="mb"> 101,103, </key>
<key name="md5sumsafterburn"> 56, </key>
<key name="mean"> 102,59,60,35,103,43,5, </key>
<key name="meant"> 69, </key>
<key name="mechanism"> 129,74, </key>
<key name="media"> 38, </key>
<key name="medium"> 112, </key>
<key name="meet"> 0,2,129,100,13,17,8,10,61,15,16,18,19,20, </key>
<key name="meeting"> 0,2,1,63,13,17,8,10,12,14,18,19,20, </key>
<key name="megabyt"> 103, </key>
<key name="member"> 24, </key>
<key name="mention"> 63, </key>
<key name="menu"> 29,68,109,61,91,104,96,80,84,64,33, </key>
<key name="merg"> 49, </key>
<key name="messag"> 0,67,2,1,63,129,48,3,29,113,100,109,37,88,38,101,50,70,23,39,24,72,9,10,73,89,59,60,111,74,40,35,61,90,120,34,121,91,92,76,93,41,36,94,87,103,104,78,95,96,97,98,15,80,42,114,106,99,81,123,124,54,32,82,75,84,20,43,64,126,44,45,46,47,112,33,107,127,22,65,66,77,86, </key>
<key name="met"> 60, </key>
<key name="method"> 70,102,60,91, </key>
<key name="microsoft"> 37,38,69,74,93,103,106,107, </key>
<key name="middl"> 114,62, </key>
<key name="might"> 101,92,103,98,114,75,44,112,62,65, </key>
<key name="migrat"> 74, </key>
<key name="mik"> 35, </key>
<key name="mini"> 0,1,101,124,20,77, </key>
<key name="minimum"> 124, </key>
<key name="minm"> 103, </key>
<key name="minut"> 90,30,124, </key>
<key name="miscellaneou"> 29, </key>
<key name="mission"> 41, </key>
<key name="mix"> 106, </key>
<key name="mm"> 103, </key>
<key name="mod"> 89,21, </key>
<key name="modifi"> 26,57, </key>
<key name="monday"> 6, </key>
<key name="money"> 62, </key>
<key name="month"> 0,1,101,6,8,14,66, </key>
<key name="mous"> 0,67,29,68,95,80,114,124,82,64,44,5,22, </key>
<key name="mov"> 67,48,3,68,70,24,73,59,35,61,76,97,15,80,124,75,44,33,22,65, </key>
<key name="movabl"> 64, </key>
<key name="movi"> 38, </key>
<key name="mozilla"> 69, </key>
<key name="mpeg"> 38, </key>
<key name="mpg"> 38, </key>
<key name="much"> 78, </key>
<key name="multi"> 16, </key>
<key name="multipl"> 2,63,100,68,109,101,17,24,59,60,61,120,94,16,112,5,58,22, </key>
<key name="must"> 67,100,37,116,102,52,10,26,59,60,35,61,53,119,93,103,104,95,125,124,54,32,56, </key>
<key name="my"> 113,102,59,61,103,114, </key>
<key name="myra"> 119, </key>
<key name="myra123"> 119, </key>
<key name="nam"> 67,2,129,48,3,29,113,100,68,109,50,51,7,52,23,39,17,71,24,8,25,110,26,27,59,60,28,90,30,53,119,120,41,14,31,103,104,78,95,79,98,80,105,16,99,19,54,83,20,44,56,112,33,107,5,22,66,77, </key>
<key name="navigat"> 114,124,77,86, </key>
<key name="ne"> 113,38,39,17,8,119,114,54,21, </key>
<key name="nearest"> 59, </key>
<key name="necessary"> 8,60, </key>
<key name="need"> 37,39,111,78,33, </key>
<key name="negativ"> 61, </key>
<key name="network"> 93, </key>
<key name="nev"> 106,43, </key>
<key name="new"> 0,63,29,113,109,37,38,50,116,51,7,52,23,39,17,71,24,8,60,74,40,35,61,90,30,120,121,91,76,122,41,103,95,98,15,125,80,42,106,124,54,32,83,75,126,44,45,56,112,33,107,22,66,77, </key>
<key name="newest"> 95, </key>
<key name="next"> 23,17,8,59,60,74,90,34,93,41,31,95,16,106,19,84,64,45,112, </key>
<key name="nolink"> 56, </key>
<key name="non"> 50,10,59,32, </key>
<key name="normal"> 59,42,57,62, </key>

</ftswdata>  
