<?xml version='1.0' encoding='windows-1252' ?>
<ftswdata>
<key name="placehold"> 46, </key>
<key name="plain"> 35,71,100, </key>
<key name="plan"> 2, </key>
<key name="play"> 34, </key>
<key name="playabl"> 34, </key>
<key name="plu"> 93,88, </key>
<key name="plug"> 34, </key>
<key name="pm"> 17,8, </key>
<key name="podcast"> 66, </key>
<key name="point"> 27,70,74,60, </key>
<key name="pol"> 72,100, </key>
<key name="polici"> 34,69, </key>
<key name="policy"> 70,50,84,61, </key>
<key name="pop"> 10,63,94,41,109, </key>
<key name="popular"> 53,109, </key>
<key name="populat"> 23,77,19, </key>
<key name="portion"> 43,63,94,39,29, </key>
<key name="possib"> 58,49, </key>
<key name="possibl"> 71,94,87,39, </key>
<key name="post"> 10, </key>
<key name="potential"> 53, </key>
<key name="powerful"> 85, </key>
<key name="powerpoint"> 70,88, </key>
<key name="pr"> 82,23,55, </key>
<key name="practic"> 53,74, </key>
<key name="preced"> 43, </key>
<key name="pref"> 20, </key>
<key name="preferenc"> 21,35,71,44,72,77,101,100,58, </key>
<key name="prefix"> 84,77,100,88, </key>
<key name="pres"> 17, </key>
<key name="presenc"> 43,45,30, </key>
<key name="present"> 43,14, </key>
<key name="preserv"> 36,61,77, </key>
<key name="president"> 102, </key>
<key name="presum"> 37, </key>
<key name="prevent"> 43,45,98, </key>
<key name="preview"> 105, </key>
<key name="previou"> 52,44,57,14,77,100, </key>
<key name="previous"> 82,84,87, </key>
<key name="primary"> 100,40, </key>
<key name="print"> 1,14,32,75, </key>
<key name="priority"> 87,92, </key>
<key name="privacy"> 98, </key>
<key name="privileg"> 10, </key>
<key name="probab"> 53, </key>
<key name="problem"> 95,93, </key>
<key name="proce"> 44, </key>
<key name="procedur"> 87, </key>
<key name="proceed"> 66, </key>
<key name="proces"> 74,88, </key>
<key name="produc"> 35,84,100, </key>
<key name="program"> 105,33,34,37, </key>
<key name="project"> 31, </key>
<key name="prompt"> 34,94, </key>
<key name="pronunciation"> 109, </key>
<key name="properti"> 4,10, </key>
<key name="protect"> 98, </key>
<key name="provid"> 34,54,98,37,66,93,92, </key>
<key name="purg"> 56,69,61,78,58,68,49, </key>
<key name="purpl"> 89, </key>
<key name="put"> 31,84,58,49, </key>
<key name="queri"> 57,84,85,86,88, </key>
<key name="query"> 81,89,82,84,85,86,80,100,88,109, </key>
<key name="question"> 53,46, </key>
<key name="quick"> 0,2,1,27,89,54,35,57,85,15,80,19,39,20,88, </key>
<key name="quickadd"> 0,1,100,20, </key>
<key name="quot"> 42,84,62,100,92, </key>
<key name="quota"> 61,60, </key>
<key name="quotation"> 109, </key>
<key name="radio"> 87,80, </key>
<key name="rang"> 87, </key>
<key name="rath"> 100,46, </key>
<key name="re"> 31,101,93,88, </key>
<key name="reach"> 22,45,58,49, </key>
<key name="read"> 47,33,34,82,35,71,43,31,45,73,74,75,84,76,15,63,100,67,102,40,88,60, </key>
<key name="readabl"> 88, </key>
<key name="reader"> 108, </key>
<key name="ready"> 33, </key>
<key name="real"> 58, </key>
<key name="reason"> 50,93, </key>
<key name="receiv"> 3,70,34,82,54,22,35,26,31,72,30,50,99,74,84,61,15,79,87,100,65,58,67,93,49, </key>
<key name="recent"> 30,100,19, </key>
<key name="recipient"> 47,33,54,36,37,84,77,100,93,40,29,103, </key>
<key name="recogniz"> 34, </key>
<key name="recommend"> 74, </key>
<key name="record"> 25, </key>
<key name="recov"> 56,78, </key>
<key name="recover"> 69,78, </key>
<key name="recur"> 0,2,1,13,8,11,15,79, </key>
<key name="recurrenc"> 8,19, </key>
<key name="red"> 5, </key>
<key name="reduc"> 61, </key>
<key name="refer"> 100, </key>
<key name="referenc"> 34,108, </key>
<key name="reflect"> 17,8, </key>
<key name="refresh"> 53,17,80, </key>
<key name="regard"> 69, </key>
<key name="regardles"> 70,97,50,103, </key>
<key name="regular"> 56, </key>
<key name="reject"> 1,3,70,93, </key>
<key name="relat"> 47,31,30,85,102, </key>
<key name="relativ"> 48, </key>
<key name="relevant"> 58,49, </key>
<key name="reliabl"> 47, </key>
<key name="reload"> 53,94,66, </key>
<key name="remain"> 53,69,58,68, </key>
<key name="rememb"> 17,8,87,103, </key>
<key name="remind"> 15,94, </key>
<key name="remot"> 7, </key>
<key name="remov"> 89,24,90,78,15,38,29, </key>
<key name="renam"> 51,62,63,58, </key>
<key name="rep"> 47,9,43,36,31,45,37,77,15,63,100,103, </key>
<key name="repeat"> 8,44,20,29, </key>
<key name="replac"> 39, </key>
<key name="replay"> 100, </key>
<key name="repli"> 82,31,30,77,100,103, </key>
<key name="reply"> 77, </key>
<key name="report"> 58,49, </key>
<key name="represent"> 57,48, </key>
<key name="request"> 2,9,10,15,19,107, </key>
<key name="requir"> 22,17,8,98,99,16,19, </key>
<key name="reschedul"> 0, </key>
<key name="reserv"> 2,79, </key>
<key name="reset"> 96,101, </key>
<key name="resid"> 74, </key>
<key name="resolv"> 93, </key>
<key name="resourc"> 2,61,79, </key>
<key name="respective"> 40, </key>
<key name="respond"> 15, </key>
<key name="respons"> 99,77,15, </key>
<key name="restor"> 101, </key>
<key name="result"> 81,43,31,86,80,100,39,109, </key>
<key name="resum"> 41, </key>
<key name="retriev"> 54,38, </key>
<key name="return"> 17,8,43,61,16,39,88,103,109, </key>
<key name="retyp"> 95, </key>
<key name="reus"> 95, </key>
<key name="review"> 84,58,49, </key>
<key name="revok"> 10, </key>
<key name="right"> 0,51,105,27,52,89,34,13,7,23,35,55,10,11,12,56,90,25,43,73,32,69,61,62,15,63,16,80,66,58,68,48,92,106,29,107,49,109, </key>
<key name="rivendell"> 87, </key>
<key name="rol"> 3,10, </key>
<key name="room"> 2, </key>
<key name="rout"> 47, </key>
<key name="rs"> 55,66, </key>
<key name="rul"> 81,54,21,95,43,44,31,45,76,101,94,100, </key>
<key name="run"> 34, </key>
<key name="s"> 47,3,27,4,53,6,35,17,10,12,43,31,73,99,74,37,14,75,84,94,16,87,80,18,19,93,39,40,106,109, </key>
<key name="safari"> 53, </key>
<key name="safety"> 74, </key>
<key name="sal"> 29, </key>
<key name="sam"> 81,52,70,54,95,55,43,31,45,73,74,37,84,94,100,39,92,88,5, </key>
<key name="sash"> 48, </key>
<key name="sav"> 2,82,21,23,35,17,8,56,25,43,57,28,99,74,84,61,101,38,94,86,16,64,100,58,102,88,103,60, </key>
<key name="saw"> 77, </key>
<key name="say"> 100, </key>
<key name="scan"> 74, </key>
<key name="schedul"> 0,2,1,47,105,6,13,7,17,8,14,16,79,18,5, </key>
<key name="scratch"> 23, </key>
<key name="screen"> 17,97,98,94,48,60, </key>
<key name="scrol"> 32, </key>
<key name="scroll"> 99,87, </key>
<key name="se"> 0,2,1,47,105,70,7,17,8,42,10,71,57,26,72,97,73,84,76,77,15,16,18,100,58,40,107,5,60, </key>
<key name="search"> 2,47,81,89,82,54,22,35,42,24,25,57,31,45,84,85,63,86,87,80,100,106,29,107,88,108,46,60,109, </key>
<key name="second"> 33,43, </key>
<key name="section"> 35,74,101,86, </key>
<key name="security"> 70,50, </key>
<key name="select"> 0,2,3,4,81,52,89,33,70,82,6,13,22,7,23,35,17,55,8,10,24,11,12,71,25,43,44,59,32,75,69,85,78,15,86,16,87,80,100,66,67,39,20,41,92,106,29,107,88,5,109, </key>
<key name="selection"> 81,52,80,39,29, </key>
<key name="semicolon"> 17,8,84,16,39, </key>
<key name="send"> 0,47,3,33,34,54,22,35,9,10,43,36,45,74,37,32,75,84,77,15,38,87,80,100,58,19,93,39,40,103, </key>
<key name="sender"> 50,74,37, </key>
<key name="sensitiv"> 88, </key>
<key name="sent"> 0,51,2,33,54,13,22,17,55,8,11,71,43,57,26,31,99,37,84,61,77,15,63,38,16,87,64,100,66,58,93,40,103,60, </key>
<key name="separat"> 82,6,22,35,17,8,28,37,32,75,16,100,48, </key>
<key name="sequenc"> 52,8,48, </key>
<key name="seri"> 13,11,15, </key>
<key name="servic"> 47, </key>
<key name="session"> 1,53,6,97,98,30,94,67, </key>
<key name="set"> 0,70,82,22,17,8,71,44,45,72,97,99,74,69,84,61,77,101,16,79,87,18,100,58,19,103, </key>
<key name="setting"> 21,101,80,88,60, </key>
<key name="seven"> 6, </key>
<key name="shar"> 1,3,4,17,9,10,98,5, </key>
<key name="shift"> 52,89, </key>
<key name="shop"> 55, </key>
<key name="shortcut"> 85,48, </key>
<key name="should"> 45,98,50,37,100,102, </key>
<key name="show"> 2,4,81,89,33,54,22,57,28,30,59,74,32,84,61,76,77,79,80,18,100,65,39,92,29,107,5,60, </key>
<key name="shown"> 44,30,73,77,5,60, </key>
<key name="sid"> 7,57,5,46, </key>
<key name="sign"> 102, </key>
<key name="signatur"> 35,37,77,100,102, </key>
<key name="signifi"> 4, </key>
<key name="silent"> 45, </key>
<key name="similar"> 89,45,84,60, </key>
<key name="simp"> 97,85,19, </key>
<key name="simultaneous"> 89, </key>
<key name="sinc"> 77, </key>
<key name="singl"> 2,81,89,54,17,44,73,32,84,48,39, </key>
<key name="sit"> 105,70,53,50,69,94,66,58,49, </key>
<key name="siz"> 82,43,28,30,50,84,61,100,48,88, </key>
<key name="skip"> 16, </key>
<key name="skyp"> 105, </key>
<key name="slash"> 62,92,46, </key>
<key name="slid"> 33, </key>
<key name="slight"> 88, </key>
<key name="smal"> 82,43,84,39, </key>
<key name="small"> 105,48,107, </key>
<key name="smart"> 100, </key>
<key name="smith"> 25,45,84,102,39,29, </key>
<key name="smith23"> 45, </key>
<key name="so"> 2,4,53,56,36,77,87, </key>
<key name="softphon"> 105, </key>

</ftswdata>  
