<?xml version='1.0' encoding='windows-1252' ?>
<!-- saved from url=(0014)about:internet -->
<ftswdata>
<key name="specific"> 120,108,131,130,8,68,135,32,110,113,139,50,21,114,23,73, </key>
<key name="specify"> 128,107,109,66,67,68,135,136,15,110,113,106,139,50,69,73, </key>
<key name="spel"> 57,40,48,114, </key>
<key name="spell"> 40,48, </key>
<key name="spelling"> 110,115, </key>
<key name="split"> 55,71, </key>
<key name="spot"> 97, </key>
<key name="spread"> 39,99,100, </key>
<key name="spreadsheet"> 70,38,39,57,100,113,63,64, </key>
<key name="ssl"> 128, </key>
<key name="stand"> 46, </key>
<key name="standard"> 57,10,66,134,100,37,101,60,33,52,71,84, </key>
<key name="start"> 120,70,0,2,121,76,40,25,8,17,18,113,44,45,22, </key>
<key name="statement"> 42, </key>
<key name="statu"> 120,1,121,108,10,124,31,98,110,84, </key>
<key name="stay"> 80, </key>
<key name="step"> 40,67,17,73, </key>
<key name="still"> 56,10,127,33,52, </key>
<key name="stop"> 66,68, </key>
<key name="stor"> 74,66,36,35,23, </key>
<key name="str"> 109,110,106,139,114,69, </key>
<key name="string"> 68, </key>
<key name="structur"> 110, </key>
<key name="styl"> 55,57,40,139,47,63, </key>
<key name="sub"> 50,52, </key>
<key name="subfold"> 128, </key>
<key name="subject"> 2,121,38,108,77,109,40,8,66,67,36,68,35,100,42,110,111,105,17,18,89,21,22,69,73, </key>
<key name="subscrib"> 78,90, </key>
<key name="subsequent"> 66,68,129, </key>
<key name="substitution"> 109,69, </key>
<key name="substr"> 66, </key>
<key name="successful"> 31, </key>
<key name="suggest"> 45,48, </key>
<key name="suit"> 70,94, </key>
<key name="sup"> 40,69, </key>
<key name="supervisor"> 67,68,42, </key>
<key name="support"> 39,76,66,29,85,114, </key>
<key name="suppos"> 107,45, </key>
<key name="sur"> 111, </key>
<key name="surround"> 69, </key>
<key name="switch"> 70,134,42,62,63,73, </key>
<key name="symbol"> 110, </key>
<key name="synchroniz"> 7, </key>
<key name="syndication"> 90, </key>
<key name="synonym"> 110, </key>
<key name="syntax"> 57,139,62,114, </key>
<key name="system"> 74,70,144,38,95,39,131,78,8,80,81,68,133,134,100,42,140,87,17,18,139,82,44,119,114,84, </key>
<key name="t"> 40,66,136,99,113,138,82,72, </key>
<key name="t3"> 139, </key>
<key name="tab"> 1,2,128,6,77,131,130,58,123,7,40,8,96,67,41,68,97,135,35,136,137,103,140,17,18,20,88,138,139,91,141,45,47,142,23,84, </key>
<key name="tabl"> 70,55,57,40,47,63,64, </key>
<key name="tag"> 70,75,116,108,77,57,79,117,96,66,67,81,68,35,110,87,113,139,61,62,119,63,114,23,84, </key>
<key name="tak"> 76,77,66,31,14,63, </key>
<key name="taken"> 21, </key>
<key name="task"> 120,70,121,122,123,124,125,126,127,63,73, </key>
<key name="taught"> 72, </key>
<key name="team"> 135, </key>
<key name="technology"> 129, </key>
<key name="tell"> 98,102, </key>
<key name="temporari"> 56,10,99,127,33,52, </key>
<key name="tentativ"> 1,2,16,20, </key>
<key name="term"> 68,110, </key>
<key name="test"> 128,66,68, </key>
<key name="text"> 120,70,0,2,121,55,107,38,95,39,57,40,8,13,96,28,66,67,41,31,135,100,42,110,111,105,129,112,17,18,106,139,21,71,141,45,47,61,62,63,114,142,64,23, </key>
<key name="th"> 114, </key>
<key name="them"> 144,0,2,107,75,38,80,67,36,100,110,85,104,43,19,139,127,50,89,82,71,114,23,72, </key>
<key name="themselv"> 117,100,139, </key>
<key name="therefor"> 39,133,100, </key>
<key name="thing"> 85, </key>
<key name="think"> 99,112,113, </key>
<key name="third"> 144,81,84, </key>
<key name="thoma"> 110, </key>
<key name="thos"> 107,36,135,110,85,60,52,82,45,119,34,72, </key>
<key name="though"> 40, </key>
<key name="thre"> 120,0,55,39,76,109,24,8,26,36,135,18,63,69, </key>
<key name="thread"> 21, </key>
<key name="ti"> 78, </key>
<key name="tim"> 0,1,2,75,5,76,108,6,8,10,68,133,134,35,42,94,110,111,16,51,43,17,18,19,20,88,139,127,50,33,89,82,92,21,114,22,142,69,73,84, </key>
<key name="time"> 137, </key>
<key name="tip"> 30,26,110,102,71,23, </key>
<key name="titl"> 24,36,89,63, </key>
<key name="toc"> 57, </key>
<key name="today"> 0, </key>
<key name="todo"> 79, </key>
<key name="togeth"> 36,110,62, </key>
<key name="toggl"> 91,61, </key>
<key name="tomorrow"> 0, </key>
<key name="too"> 66,99,42,71, </key>
<key name="tool"> 121,30,57,8,26,111,102,18,139,71,63,114,23, </key>
<key name="toolbar"> 0,1,121,55,6,122,57,7,24,40,78,25,8,26,41,97,135,136,15,110,105,17,18,106,90,82,141,46,61,48,119,63,72,84, </key>
<key name="top"> 74,0,121,58,24,40,78,41,17,60,52,82,48,22,84, </key>
<key name="topic"> 70,130,42,110,114, </key>
<key name="total"> 81,97,110, </key>
<key name="track"> 120,70,1,121,7,63, </key>
<key name="traditional"> 70,35,129,91, </key>
<key name="train"> 135,72, </key>
<key name="transf"> 83, </key>
<key name="trash"> 74,54,49,3,78,26,80,66,81,68,94,85,104,126,16,87,139,52,82,92,53,84, </key>
<key name="travel"> 139, </key>
<key name="tre"> 109, </key>
<key name="trig"> 45, </key>
<key name="trigger"> 0, </key>
<key name="troubl"> 139, </key>
<key name="tru"> 110, </key>
<key name="truck"> 66, </key>
<key name="try"> 44, </key>
<key name="tun"> 82,72, </key>
<key name="turn"> 67,118,68,103,139,21,142, </key>
<key name="turnaround"> 119, </key>
<key name="two"> 74,75,108,78,8,96,29,68,134,113,62,34,63,114,69, </key>
<key name="txt"> 39,110, </key>
<key name="typ"> 74,120,144,0,2,121,55,128,107,38,95,39,108,58,123,7,40,78,25,8,79,10,67,81,29,68,134,135,99,100,110,111,105,87,129,112,17,18,113,106,20,139,127,60,50,33,52,90,141,45,62,34,63,114,69,23,73, </key>
<key name="typical"> 38,95,39, </key>
<key name="ui"> 139, </key>
<key name="unacceptabl"> 95, </key>
<key name="uncheck"> 103, </key>
<key name="undeliverabl"> 44, </key>
<key name="undergo"> 68, </key>
<key name="undo"> 12, </key>
<key name="unflag"> 108,110, </key>
<key name="unforward"> 110, </key>
<key name="uniqu"> 74,58, </key>
<key name="unit"> 110, </key>
<key name="unknown"> 44,48, </key>
<key name="unles"> 41,135,42,110, </key>
<key name="unread"> 75,108,79,81,97,35,98,110,102,87, </key>
<key name="unrepli"> 110, </key>
<key name="unsav"> 129, </key>
<key name="unsolicit"> 82,72, </key>
<key name="untitl"> 121, </key>
<key name="unus"> 23, </key>
<key name="unwant"> 82,72, </key>
<key name="up"> 70,0,128,24,40,67,68,135,136,87,129,17,18,19,20,139,89,71,45,46,61,48,64,23, </key>
<key name="updat"> 144,107,122,136,110,106,90,143, </key>
<key name="upload"> 63,64, </key>
<key name="uppercas"> 62, </key>
<key name="url"> 144,108,7,78,10,134,110,127,60,50,33,52,90,63,114, </key>
<key name="us"> 74,70,0,2,128,107,75,116,38,39,76,108,6,56,130,109,57,40,10,96,66,118,81,41,68,97,59,134,135,35,136,99,100,110,85,102,86,105,140,129,113,106,139,60,33,52,82,91,21,44,71,115,45,47,61,62,48,119,34,63,114,22,69,64,72,73,84,93, </key>
<key name="usag"> 85, </key>
<key name="useful"> 121,137,23, </key>
<key name="user"> 120,38,39,10,29,134,100,51,127,60,50,33,52,23, </key>
<key name="usernam"> 128, </key>
<key name="usingdocumentstyl"> 62, </key>
<key name="usual"> 39,8,42,18,34, </key>
<key name="v3"> 139, </key>
<key name="vacation"> 110,139,142, </key>
<key name="valid"> 7,40,10,33,44, </key>
<key name="valu"> 110,111, </key>
<key name="variant"> 114, </key>
<key name="variety"> 38,39, </key>
<key name="variou"> 1,39,93, </key>
<key name="various"> 34, </key>
<key name="vary"> 42, </key>
<key name="ve"> 98,129, </key>
<key name="verifi"> 25, </key>
<key name="verify"> 44, </key>
<key name="version"> 134,143, </key>
<key name="versu"> 113, </key>
<key name="vertical"> 23, </key>
<key name="via"> 39,141,64, </key>
<key name="vic"> 141, </key>
<key name="view"> 120,70,0,1,2,121,30,4,75,95,5,6,56,130,7,8,79,10,96,81,36,97,59,35,83,100,37,15,110,102,103,16,17,18,20,139,127,60,50,33,52,82,91,71,119,22,64,23,73,84,93, </key>
<key name="viewabl"> 95,114, </key>
<key name="viru"> 99,100, </key>
<key name="virus"> 95,39,99,100, </key>
<key name="visibl"> 5,139, </key>
<key name="visit"> 84, </key>
<key name="voic"> 142, </key>
<key name="voip"> 144, </key>
<key name="vs"> 107,68,114, </key>
<key name="w"> 69, </key>
<key name="want"> 121,5,108,122,130,57,24,40,25,8,80,27,68,14,59,134,135,136,100,42,111,85,102,105,129,112,19,106,138,139,60,50,52,141,45,62,119,63,69,73, </key>
<key name="way"> 0,8,124,26,125,17,18,119,73, </key>
<key name="web"> 70,144,128,39,76,77,58,81,29,134,136,98,85,87,129,139,90,71,47,62,63,114,64,73,84,93, </key>
<key name="week"> 0,1,108,6,8,15,139,22,73, </key>
<key name="weight"> 42, </key>
<key name="welcom"> 70, </key>
<key name="well"> 24,81,100,101,141,114,84, </key>
<key name="what"> 38,76,67,36,135,113,139,127,71,61,64,23,73,84, </key>
<key name="whatev"> 24,114, </key>
<key name="wherea"> 41,34, </key>
<key name="wherev"> 62, </key>
<key name="wheth"> 128,39,25,8,10,13,118,133,135,100,103,51,20,139,127,33,89,114, </key>
<key name="whichev"> 2, </key>
<key name="whil"> 120,121,139, </key>
<key name="whit"> 5,29,69, </key>
<key name="whol"> 27,111,114, </key>
<key name="whom"> 40,10,110,127,60,33,52, </key>
<key name="whos"> 70,39,25,99,110,45,69, </key>
<key name="why"> 9,41,44, </key>
<key name="wid"> 39, </key>
<key name="wide"> 39, </key>
<key name="widget"> 141, </key>
<key name="width"> 55, </key>

</ftswdata>  
