<?xml version='1.0' encoding='windows-1252' ?>
<ftswdata>
<key name="on"> 0,64,1,59,28,4,95,65,104,37,6,67,13,7,23,68,69,10,24,55,56,34,57,33,73,40,14,30,98,93,18,101,117,31,79,108,60,42,43,21,107,58,22,63,74, </key>
<key name="onc"> 4,65,104,106,27,34,42,120, </key>
<key name="ongo"> 92, </key>
<key name="onto"> 104, </key>
<key name="open"> 0,1,59,3,95,65,36,85,37,96,6,46,13,47,23,38,68,69,25,26,56,39,34,49,114,88,89,90,91,93,92,15,41,100,101,94,19,117,80,72,20,119,21,32,102,63,83, </key>
<key name="operat"> 109, </key>
<key name="operator"> 55,58, </key>
<key name="oppos"> 109, </key>
<key name="opt"> 37, </key>
<key name="option"> 0,2,1,28,95,104,85,6,111,110,97,38,17,8,69,9,10,86,26,55,56,39,57,87,29,33,115,98,92,15,118,16,94,78,117,50,31,81,119,43,21,53,22,63,74, </key>
<key name="optional"> 59,3,39,49,40,119,52,74, </key>
<key name="ord"> 95,104,38,56,34,57,49,114,75,118,79, </key>
<key name="order"> 34, </key>
<key name="organiz"> 64,59,67,54, </key>
<key name="organization"> 27,62,103,32, </key>
<key name="original"> 2,12,33,92,77,117,108,44, </key>
<key name="originator"> 11,117, </key>
<key name="other"> 1,10,55,114,89,103,22, </key>
<key name="otherwis"> 106,91,43, </key>
<key name="out"> 2,66,67,55,113,114,19,117,80,120, </key>
<key name="outgo"> 117,119, </key>
<key name="outlook"> 71, </key>
<key name="outsid"> 89, </key>
<key name="overview"> 64,122,104,48,68,69,105,71,33,93,100,80,107,74, </key>
<key name="own"> 59,49, </key>
<key name="p"> 83, </key>
<key name="pa"> 83, </key>
<key name="pacific"> 17,8, </key>
<key name="packag"> 36, </key>
<key name="pad"> 45, </key>
<key name="pag"> 2,45,37,46,13,47,38,17,69,39,27,57,90,117,50,20,60,51,52,21,53,54,63,74,83, </key>
<key name="paint"> 37, </key>
<key name="pan"> 64,122,95,104,96,110,47,7,48,23,38,68,69,105,71,34,33,73,91,93,15,100,101,94,117,79,80,72,81,82,60,107,102,74,83, </key>
<key name="pap"> 85,89, </key>
<key name="paragraph"> 53, </key>
<key name="parameter"> 2, </key>
<key name="parent"> 68, </key>
<key name="parenthes"> 71,87,33,91, </key>
<key name="part"> 45,37,56,34,40,98,92,108,42,53,74, </key>
<key name="particular"> 59,57,98,79,102, </key>
<key name="partner"> 59, </key>
<key name="party"> 122,71,74, </key>
<key name="pas"> 28,91,77,79,60,22, </key>
<key name="password"> 111,10,112,114,118,117,50,31, </key>
<key name="path"> 49, </key>
<key name="pattern"> 8, </key>
<key name="pdf"> 95,85,37,98,101, </key>
<key name="peopl"> 0,1,98,103,120, </key>
<key name="per"> 14,18,117, </key>
<key name="perform"> 95,65,96,56,77,60,102, </key>
<key name="performanc"> 59, </key>
<key name="perhap"> 57,94, </key>
<key name="period"> 37,113,114,84,72,82,102,120,5,61, </key>
<key name="periodical"> 113, </key>
<key name="permanent"> 84, </key>
<key name="permission"> 59,46,10,50,103,31,54, </key>
<key name="permit"> 37, </key>
<key name="person"> 3,38,92,77,117,120, </key>
<key name="personal"> 1,59,7,23,25,27,89,99,77,94,107,32,102,22, </key>
<key name="phon"> 122,96,98,99,22, </key>
<key name="photoshop"> 37, </key>
<key name="phras"> 56,101,102, </key>
<key name="pick"> 17,8, </key>
<key name="pictur"> 36, </key>
<key name="plac"> 85,48,68,55,71,62,73,91,72,82,61, </key>
<key name="placehold"> 58, </key>
<key name="plain"> 38,86,117, </key>
<key name="plan"> 2, </key>
<key name="play"> 37, </key>
<key name="playabl"> 37, </key>
<key name="plu"> 108,102, </key>
<key name="plug"> 37, </key>
<key name="plural"> 52, </key>
<key name="podcast"> 80, </key>
<key name="point"> 85,89,74, </key>
<key name="pol"> 87,117, </key>
<key name="polici"> 37,84, </key>
<key name="policy"> 85,62,98,75, </key>
<key name="pop"> 77,109,44, </key>
<key name="popular"> 66, </key>
<key name="populat"> 23,92,20,22, </key>
<key name="portion"> 55,77,109,42,32, </key>
<key name="possib"> 72,61, </key>
<key name="possibl"> 86,109,101,42, </key>
<key name="post"> 10, </key>
<key name="potential"> 66, </key>
<key name="powerful"> 99, </key>
<key name="powerpoint"> 85,102, </key>
<key name="pr"> 96,23,68, </key>
<key name="practic"> 66,89, </key>
<key name="preced"> 55, </key>
<key name="predefin"> 53, </key>
<key name="pref"> 47,21,63, </key>
<key name="preferenc"> 110,38,86,56,87,92,118,117,72, </key>
<key name="prefix"> 98,92,117,102, </key>
<key name="preformat"> 53, </key>
<key name="pres"> 17,8,16, </key>
<key name="presenc"> 55,57,33, </key>
<key name="present"> 55,14, </key>
<key name="preserv"> 39,75,92, </key>
<key name="president"> 119, </key>
<key name="presum"> 40, </key>
<key name="prevent"> 55,57,114, </key>
<key name="preview"> 122, </key>
<key name="previou"> 65,56,71,14,92,117,83, </key>
<key name="previous"> 96,98,101, </key>
<key name="primary"> 117,43, </key>
<key name="print"> 1,14,35,90,30,77,83, </key>
<key name="priority"> 101,107, </key>
<key name="privacy"> 114, </key>
<key name="privileg"> 46,10,50,31,22, </key>
<key name="probab"> 66, </key>
<key name="problem"> 111,108, </key>
<key name="proce"> 56, </key>
<key name="procedur"> 101, </key>
<key name="proceed"> 80, </key>
<key name="proces"> 45,89,53,102, </key>
<key name="produc"> 38,98,117, </key>
<key name="program"> 122,36,37,40, </key>
<key name="project"> 34,49, </key>
<key name="project1"> 49, </key>
<key name="prompt"> 37,109, </key>
<key name="properti"> 45,4,46,10,50,31,53, </key>
<key name="protect"> 114, </key>
<key name="provid"> 37,67,114,40,80,108,107,63, </key>
<key name="pt"> 117, </key>
<key name="public"> 10,50,103,31, </key>
<key name="purg"> 70,84,75,93,72,82,61, </key>
<key name="purpl"> 104, </key>
<key name="put"> 10,34,98,31,72, </key>
<key name="q"> 83, </key>
<key name="queri"> 71,98,99,100,102, </key>
<key name="query"> 95,104,96,98,99,100,94,117,102, </key>
<key name="quest"> 50,31, </key>
<key name="question"> 66,58, </key>
<key name="quick"> 0,2,1,28,104,67,38,71,99,15,94,20,42,21,53,102,54,63,83, </key>
<key name="quickadd"> 0,1,117,21, </key>
<key name="quot"> 69,98,76,117,107,63, </key>
<key name="quota"> 75,74, </key>
<key name="r"> 83, </key>
<key name="radio"> 101,94, </key>
<key name="random"> 28, </key>
<key name="rang"> 101, </key>
<key name="rath"> 117,58, </key>
<key name="re"> 34,118,108,102, </key>
<key name="reach"> 57,72,22,61, </key>
<key name="read"> 59,36,37,96,46,38,86,55,34,57,88,89,90,98,91,15,77,117,50,31,81,119,43,102,74,83, </key>
<key name="readabl"> 102, </key>
<key name="ready"> 36, </key>
<key name="real"> 72, </key>
<key name="reason"> 62,108, </key>
<key name="receiv"> 3,85,37,96,67,27,34,87,49,33,62,115,89,40,98,75,15,18,101,117,79,72,81,108,61, </key>
<key name="recent"> 33,117,20, </key>
<key name="recipient"> 59,36,67,39,40,98,92,117,108,43,32,120, </key>
<key name="recogniz"> 37, </key>
<key name="recommend"> 89,52, </key>
<key name="record"> 25, </key>
<key name="recov"> 70,93, </key>
<key name="recover"> 84,93, </key>
<key name="recur"> 0,2,1,13,8,11,15,18, </key>
<key name="recurrenc"> 8,20, </key>
<key name="red"> 5, </key>
<key name="reduc"> 75, </key>
<key name="refer"> 117, </key>
<key name="referenc"> 37, </key>
<key name="reflect"> 17,8, </key>
<key name="refresh"> 66,17,94,83, </key>
<key name="regard"> 84, </key>
<key name="regardles"> 85,113,62,120, </key>
<key name="regular"> 70, </key>
<key name="reject"> 1,3,85,108, </key>
<key name="relat"> 59,34,33,99,119, </key>
<key name="relativ"> 60, </key>
<key name="relevant"> 72,61, </key>
<key name="reliabl"> 59, </key>
<key name="reload"> 66,109,80, </key>
<key name="remain"> 66,84,72,82, </key>
<key name="rememb"> 114,101,50,120, </key>
<key name="remind"> 15,109,117, </key>
<key name="remot"> 7, </key>
<key name="remov"> 104,46,10,24,105,93,15,41,50,103,31,32,22, </key>
<key name="renam"> 64,76,77,72, </key>
<key name="rep"> 59,9,55,39,34,57,40,92,15,77,117,120,83, </key>
<key name="repeat"> 8,56,21,32, </key>
<key name="replac"> 42, </key>
<key name="repli"> 96,34,33,92,117,120, </key>
<key name="reply"> 92, </key>
<key name="report"> 72,61, </key>
<key name="represent"> 71,60, </key>
<key name="request"> 2,9,10,15,20, </key>
<key name="requir"> 17,8,10,114,115,16,31,20,22, </key>
<key name="reschedul"> 0, </key>
<key name="reserv"> 2,17,8,16,18, </key>
<key name="reset"> 112,118, </key>
<key name="resid"> 89, </key>
<key name="resolv"> 108, </key>
<key name="resourc"> 2,17,8,75,16,18,19, </key>
<key name="respective"> 43, </key>
<key name="respond"> 15, </key>
<key name="respons"> 115,92,15, </key>
<key name="restart"> 114, </key>
<key name="restor"> 118, </key>
<key name="result"> 95,55,34,100,94,117,42, </key>
<key name="resum"> 44, </key>
<key name="retain"> 116, </key>
<key name="retriev"> 67,41, </key>
<key name="return"> 17,8,55,75,16,42,102,120, </key>
<key name="retyp"> 111, </key>
<key name="reus"> 111,54, </key>
<key name="review"> 98,72,61, </key>
<key name="revok"> 46,10,103,31, </key>
<key name="rich"> 47,51,52,53,54, </key>
<key name="right"> 0,64,122,28,65,104,37,46,13,7,48,23,38,68,10,24,11,12,70,105,25,55,56,49,88,35,84,75,76,15,77,16,94,50,31,80,72,82,60,51,107,32,61,83, </key>
<key name="rivendell"> 101, </key>
<key name="rol"> 3,46,10,50,31,22, </key>
<key name="room"> 2, </key>
<key name="rout"> 59, </key>
<key name="row"> 45,53, </key>
<key name="rs"> 68,80, </key>

</ftswdata>  
