<?xml version='1.0' encoding='windows-1252' ?>
<ftswdata>
<key name="left"> 52,89,21,57,98,59,85,78,58,67,68,48,29,88,5,60, </key>
<key name="length"> 97,100, </key>
<key name="lenient"> 37, </key>
<key name="les"> 91, </key>
<key name="let"> 1,105,34,35,8,57,40,88,5,109, </key>
<key name="level"> 55,61,100,107, </key>
<key name="lick"> 76, </key>
<key name="lik"> 23,42,25,37,100, </key>
<key name="like"> 31,45,39, </key>
<key name="limit"> 82,22,61, </key>
<key name="lin"> 27,81,33,34,54,83,35,43,36,31,30,37,85,76,77,100,46, </key>
<key name="link"> 70,34,8,71,66,48,60,109, </key>
<key name="list"> 51,2,47,3,27,52,89,82,22,7,23,17,55,8,10,24,12,44,91,26,31,45,28,30,37,85,76,15,63,16,87,80,100,66,58,19,93,48,39,40,92,29,88,5,60,109, </key>
<key name="literal"> 88, </key>
<key name="local"> 61,109, </key>
<key name="locat"> 33,54,28, </key>
<key name="location"> 2,22,17,55,8,30,59,74,16,79,67,20,107,60,109, </key>
<key name="log"> 53,42,72,97,98,61,101,100,58,60, </key>
<key name="login"> 98, </key>
<key name="long"> 24,69,61,78,48,40, </key>
<key name="look"> 4,35,43,72,61, </key>
<key name="los"> 37,94, </key>
<key name="lot"> 99, </key>
<key name="low"> 76,80,48, </key>
<key name="m"> 43, </key>
<key name="macintosh"> 53, </key>
<key name="mail"> 51,47,3,27,33,34,53,54,21,22,23,35,42,24,71,43,44,91,57,36,26,31,45,72,98,30,73,59,99,74,37,75,84,85,61,76,78,77,63,38,94,87,64,100,58,68,93,48,102,40,92,29,103,49,60, </key>
<key name="mailbox"> 4,55,42,45,30,61,100,66,67,93,108,60,109, </key>
<key name="main"> 46, </key>
<key name="maintain"> 26, </key>
<key name="majority"> 74, </key>
<key name="mak"> 0,105,81,13,10,71,25,84,85,15,80,20,88, </key>
<key name="malform"> 43, </key>
<key name="man"> 39, </key>
<key name="manag"> 1,47,10,30, </key>
<key name="manageabl"> 61, </key>
<key name="management"> 44, </key>
<key name="manual"> 58,68, </key>
<key name="map"> 107,109, </key>
<key name="mark"> 52,43,57,45,73,15,63,46, </key>
<key name="markup"> 100, </key>
<key name="martin"> 81, </key>
<key name="match"> 2,81,34,83,17,8,25,43,44,31,45,16,80,39,106,88,46, </key>
<key name="maximum"> 22,97,84, </key>
<key name="maxm"> 84, </key>
<key name="mb"> 82,84, </key>
<key name="mean"> 83,43,44,31,84,100,93,5, </key>
<key name="meant"> 53, </key>
<key name="mechanism"> 105,57, </key>
<key name="media"> 34, </key>
<key name="medium"> 92, </key>
<key name="meet"> 0,2,105,81,13,17,8,10,45,15,16,79,18,19, </key>
<key name="meeting"> 0,2,1,47,13,17,8,10,12,14,79,18,19, </key>
<key name="megabyt"> 84, </key>
<key name="menu"> 27,52,89,45,73,85,63,67,48,29, </key>
<key name="messag"> 0,51,2,1,47,105,3,27,81,89,33,70,34,82,54,23,35,42,9,10,56,71,43,44,91,57,36,31,45,72,30,73,50,59,99,74,37,32,75,69,84,85,61,76,78,77,15,63,38,94,87,80,64,100,65,58,67,19,93,48,102,39,40,41,92,29,88,103,49,60, </key>
<key name="met"> 44, </key>
<key name="method"> 54,83,44,73, </key>
<key name="microsoft"> 33,34,53,57,74,84,87,88, </key>
<key name="middl"> 94,46, </key>
<key name="might"> 82,50,84,77,94,58,39,92,46,49, </key>
<key name="migrat"> 57, </key>
<key name="mik"> 31, </key>
<key name="mini"> 0,1,82,100,19,60, </key>
<key name="minimum"> 100,106, </key>
<key name="minm"> 84, </key>
<key name="minut"> 17,8,72,28,100, </key>
<key name="mission"> 37, </key>
<key name="mix"> 87, </key>
<key name="mm"> 84, </key>
<key name="mod"> 71,20, </key>
<key name="modifi"> 25, </key>
<key name="modify"> 8, </key>
<key name="monday"> 6, </key>
<key name="money"> 46, </key>
<key name="month"> 0,1,82,6,8,14, </key>
<key name="mous"> 0,51,27,52,22,76,63,94,65,48,39,5, </key>
<key name="mov"> 51,3,52,54,22,56,43,31,45,59,78,15,63,58,39,29,49, </key>
<key name="movabl"> 48, </key>
<key name="movi"> 34, </key>
<key name="mozilla"> 53, </key>
<key name="mpeg"> 34, </key>
<key name="mpg"> 34, </key>
<key name="much"> 61, </key>
<key name="multi"> 16, </key>
<key name="multilingual"> 109, </key>
<key name="multipl"> 2,47,81,52,89,82,22,17,43,44,45,75,16,92,5, </key>
<key name="music"> 109, </key>
<key name="musician"> 109, </key>
<key name="must"> 81,33,95,83,25,43,44,31,45,98,74,84,85,76,101,100,106,109, </key>
<key name="my"> 83,43,45,84,94, </key>
<key name="myra"> 98, </key>
<key name="myra123"> 98, </key>
<key name="nam"> 2,105,3,27,81,52,89,22,7,23,35,17,55,8,10,24,90,25,43,44,72,28,98,37,14,84,85,61,76,62,77,63,86,16,80,18,66,19,39,92,106,29,107,88,5,60,109, </key>
<key name="navigat"> 94,100, </key>
<key name="ne"> 34,17,8,94,20, </key>
<key name="nearest"> 43, </key>
<key name="necessary"> 8,44, </key>
<key name="need"> 33,35,91,61,29, </key>
<key name="negativ"> 45, </key>
<key name="network"> 74, </key>
<key name="nev"> 87,93, </key>
<key name="new"> 0,47,27,89,33,34,95,22,7,23,35,17,55,8,44,57,36,31,45,72,73,59,99,37,84,76,77,15,101,63,38,87,100,66,58,102,39,40,92,29,88,60, </key>
<key name="newest"> 76, </key>
<key name="next"> 23,17,8,43,44,57,72,30,74,37,76,16,87,18,67,48,40,92, </key>
<key name="non"> 10,43, </key>
<key name="normal"> 43,38,46, </key>
<key name="not"> 105,33,34,22,23,17,8,50,84,77,87,48,106,107,88,108,109, </key>
<key name="notab"> 34, </key>
<key name="notepad"> 34, </key>
<key name="noth"> 52, </key>
<key name="notic"> 3,15, </key>
<key name="notifi"> 99, </key>
<key name="notification"> 34,10,50,99,61,15,100, </key>
<key name="notify"> 10, </key>
<key name="novemb"> 4, </key>
<key name="numb"> 105,34,22,91,57,72,28,30,84,85,61,76,77,100,58,107,49,109, </key>
<key name="number"> 82,22,71,48, </key>
<key name="nut"> 87, </key>
<key name="object"> 82,84, </key>
<key name="occur"> 2,97,77, </key>
<key name="occurrenc"> 13, </key>
<key name="off"> 53,91,45,97,98,100,67,103,60, </key>
<key name="offer"> 47,30,88, </key>
<key name="offic"> 2,33,18,100,88,103, </key>
<key name="often"> 34,95,100, </key>
<key name="ok"> 89,13,95,7,17,55,8,10,44,59,14,86,16,66,19,20,92,106,29,107,108,109, </key>
<key name="old"> 95,31,69,61,77, </key>
<key name="omit"> 43,100, </key>
<key name="on"> 0,51,1,47,4,81,52,89,34,6,54,13,7,55,42,43,44,31,45,30,59,37,14,84,78,79,87,100,65,93,48,39,40,20,92,46,60, </key>
<key name="onc"> 4,52,89,91,26,31,39,103, </key>
<key name="ongo"> 77, </key>
<key name="onto"> 89, </key>
<key name="open"> 0,1,47,3,81,52,33,70,34,82,6,13,23,35,17,55,8,42,25,44,36,31,98,73,74,75,76,78,77,15,38,86,16,87,80,18,100,66,58,19,102,20,106,29,88,108, </key>
<key name="operat"> 94, </key>
<key name="operator"> 43,46, </key>
<key name="oppos"> 94, </key>
<key name="opt"> 34, </key>
<key name="option"> 0,2,1,27,81,89,70,6,21,95,22,83,35,17,8,42,9,10,71,43,44,36,45,72,28,30,84,77,15,101,16,80,64,100,67,102,20,60, </key>
<key name="optional"> 47,3,17,8,36,37,16,102,60, </key>
<key name="ord"> 81,89,23,35,44,31,45,98,61,101,65, </key>
<key name="order"> 31, </key>
<key name="org"> 108, </key>
<key name="organiz"> 51,47,54, </key>
<key name="organization"> 10,26,50,29, </key>
<key name="original"> 2,12,30,77,100,93,41, </key>
<key name="originator"> 11,100, </key>
<key name="other"> 1,10,43,98,74, </key>
<key name="otherwis"> 91,76,40, </key>
<key name="out"> 2,53,54,22,43,97,18,100,66,103, </key>
<key name="outgo"> 100,102, </key>
<key name="outlook"> 57, </key>
<key name="outsid"> 74, </key>
<key name="overview"> 51,105,89,55,42,90,57,30,78,86,66,92,106,107,108,60,109, </key>
<key name="own"> 47, </key>
<key name="pacific"> 17,8, </key>
<key name="packag"> 33, </key>
<key name="pag"> 2,34,13,35,17,8,42,36,26,45,75,100,19,48,20,107,108,60, </key>
<key name="paint"> 34, </key>
<key name="pan"> 51,105,81,89,82,21,7,23,35,55,42,90,57,31,30,59,76,78,15,86,87,80,100,65,66,58,67,68,48,92,106,107,88,108,60,109, </key>
<key name="pap"> 70,74, </key>
<key name="parameter"> 2, </key>
<key name="parent"> 55, </key>
<key name="parenthes"> 57,72,30,76, </key>
<key name="part"> 34,44,31,37,84,77,93,39,60, </key>
<key name="particular"> 47,45,84,65,88, </key>
<key name="partner"> 47, </key>
<key name="party"> 105,57,60, </key>
<key name="pas"> 27,22,76,63,65,48, </key>
<key name="password"> 95,96,98,101,100, </key>
<key name="pattern"> 8, </key>
<key name="pdf"> 81,70,34,84,87, </key>
<key name="peopl"> 0,1,10,84,103, </key>
<key name="per"> 14,79,100, </key>
<key name="perform"> 81,52,82,44,63,48,88, </key>
<key name="performanc"> 47, </key>
<key name="perhap"> 45,80, </key>
<key name="period"> 34,97,69,58,68,88,103,5,49, </key>
<key name="periodical"> 97, </key>
<key name="permanent"> 69, </key>
<key name="permission"> 47,10, </key>
<key name="permit"> 34, </key>
<key name="person"> 3,27,22,35,10,77,63,100,103, </key>
<key name="personal"> 1,47,22,7,10,25,26,74,85,63,80,92,29,88, </key>
<key name="phon"> 105,82,22,84,85, </key>
<key name="photoshop"> 34, </key>
<key name="phras"> 44,87,88, </key>
<key name="pick"> 17,8, </key>
<key name="pictur"> 33, </key>
<key name="plac"> 70,55,43,57,50,59,76,58,68,49, </key>

</ftswdata>  
