<?xml version='1.0' encoding='windows-1252' ?>
<ftswdata>
<key name="edit"> 47,4,22,10,25,44,26,28,15,64,39,74,98,40,75,42,77,78,70, </key>
<key name="editor"> 35,72,71,77,78, </key>
<key name="edward"> 40, </key>
<key name="effect"> 113, </key>
<key name="eight"> 4, </key>
<key name="eith"> 0,2,90,72,36,17,8,9,10,57,81,58,32,29,93,15,95,16,18,96,112,74,59,41,119,30,77,78,49,70, </key>
<key name="element"> 75, </key>
<key name="eligibl"> 38, </key>
<key name="els"> 37, </key>
<key name="email"> 0,2,1,118,3,27,34,80,35,91,54,13,22,23,36,17,8,56,9,10,11,81,25,43,44,101,58,26,45,109,31,50,60,110,71,84,38,79,93,94,62,87,15,104,16,18,96,89,19,111,112,74,66,20,103,40,30,115,78,49,117, </key>
<key name="employe"> 38, </key>
<key name="empty"> 79,62,59,69,78,49, </key>
<key name="en"> 121, </key>
<key name="enabl"> 22,36,110,87,89,65,111,112,114,115, </key>
<key name="encyclopedia"> 121, </key>
<key name="end"> 35,17,8,71,93,87,16,96,112,21, </key>
<key name="enforc"> 62, </key>
<key name="engineer"> 114, </key>
<key name="enhancement"> 71, </key>
<key name="enough"> 110, </key>
<key name="ent"> 0,2,99,106,72,7,23,36,17,55,8,56,25,44,37,109,110,94,16,96,89,19,74,67,40,41,21,102,119,30,120,121,115,122,70, </key>
<key name="enter"> 0,22,72,25,95,77,122, </key>
<key name="entir"> 26,32,60,85,41, </key>
<key name="entri"> 22,26,84, </key>
<key name="entry"> 94,64,104, </key>
<key name="environment"> 35, </key>
<key name="equipment"> 2,18, </key>
<key name="erica"> 40, </key>
<key name="erica878"> 40, </key>
<key name="error"> 103, </key>
<key name="esc"> 40,70, </key>
<key name="escap"> 46,70, </key>
<key name="etc"> 91,77,97, </key>
<key name="ev"> 45, </key>
<key name="evaluat"> 45, </key>
<key name="evaluation"> 43,45, </key>
<key name="even"> 35,36,81,43,32,45,108,31,84,30, </key>
<key name="event"> 0,2,1,47,4,17,44,16, </key>
<key name="eventual"> 53, </key>
<key name="every"> 8,45,82,109,112,103,61, </key>
<key name="everyon"> 71,87,98,30, </key>
<key name="ex"> 35,50, </key>
<key name="exact"> 0,92,43,50,38,93,64,114,46, </key>
<key name="exampl"> 51,90,80,35,54,92,7,73,17,55,8,56,25,43,44,32,45,82,109,93,94,87,96,74,114,40,76,102,30,77,97,46, </key>
<key name="excel"> 80,93,96,97, </key>
<key name="except"> 0,99,22,17,8,12,93,63,113,16,102, </key>
<key name="exchang"> 47,87, </key>
<key name="execut"> 44,93,94,89,112,97, </key>
<key name="executabl"> 80,35,84, </key>
<key name="exist"> 51,73,23,55,43,32,64,103,77,78, </key>
<key name="expand"> 35,64, </key>
<key name="expect"> 104, </key>
<key name="expens"> 35, </key>
<key name="expir"> 108, </key>
<key name="explain"> 9,97, </key>
<key name="explanation"> 13, </key>
<key name="explor"> 53, </key>
<key name="export"> 112, </key>
<key name="extend"> 115, </key>
<key name="extension"> 35,50,96, </key>
<key name="external"> 74, </key>
<key name="extra"> 58, </key>
<key name="f"> 70, </key>
<key name="fac"> 77, </key>
<key name="facilitat"> 1,26, </key>
<key name="fact"> 40, </key>
<key name="fad"> 15, </key>
<key name="familiar"> 72,97, </key>
<key name="far"> 61, </key>
<key name="fast"> 38, </key>
<key name="favorit"> 67, </key>
<key name="fe"> 55,67, </key>
<key name="featur"> 1,47,118,91,54,22,58,26,45,31,110,71,84,85,93,94,113,104,89,112,68,48,114,40,21,102,77,97,115,117,61, </key>
<key name="feed"> 67, </key>
<key name="few"> 37,28,60,96,40, </key>
<key name="field"> 2,99,34,13,72,23,36,17,8,56,10,43,44,37,71,94,87,16,96,111,112,67,20,40,41,119,120,121, </key>
<key name="fil"> 47,90,34,80,35,72,7,23,43,37,45,28,50,71,84,38,85,93,94,62,88,96,112,77,97,78, </key>
<key name="filenam"> 35,93,96, </key>
<key name="fill"> 86, </key>
<key name="filt"> 105,92,43,44,45,86,113,64,112,59,46,49, </key>
<key name="filter"> 47,54,92,44,32,45,84,38,112,59,49, </key>
<key name="fin"> 59,49, </key>
<key name="finaliz"> 2, </key>
<key name="find"> 2,90,99,35,17,8,93,94,104,16,67,59,102,97,49, </key>
<key name="finish"> 44, </key>
<key name="firefox"> 53, </key>
<key name="first"> 2,1,53,6,73,23,36,25,44,31,84,38,93,94,86,113,96,19,112,20,40, </key>
<key name="fit"> 48, </key>
<key name="fiv"> 2,112,122, </key>
<key name="flag"> 99,91,43,101,45,31,93,70, </key>
<key name="float"> 46, </key>
<key name="focu"> 70, </key>
<key name="fold"> 51,3,52,91,54,73,36,55,56,10,24,57,43,44,58,32,45,82,31,60,79,93,62,86,88,63,64,39,104,95,65,112,74,98,67,59,69,49,61,70, </key>
<key name="folder"> 51,47,91,54,22,73,55,56,57,43,44,58,32,82,31,60,71,79,62,88,63,64,112,67,59,48,102,61, </key>
<key name="follow"> 0,2,1,90,52,35,91,6,17,8,43,44,58,32,71,38,93,62,104,16,96,74,98,59,48,40,102,97,61,122,70, </key>
<key name="font"> 36,112,77, </key>
<key name="forev"> 57, </key>
<key name="forget"> 107,62, </key>
<key name="format"> 34,35,72,36,81,28,85,93,112,75,76,77,78, </key>
<key name="forth"> 87,48, </key>
<key name="forward"> 47,91,37,32,63,64,111,112,102,70, </key>
<key name="four"> 8,119, </key>
<key name="fragment"> 86, </key>
<key name="fram"> 91, </key>
<key name="fre"> 2,1,47,22,92,17,8,16,18,19,121,5,46,122, </key>
<key name="friday"> 6,38, </key>
<key name="full"> 1,47,27,22,10,43,109,94,62,74,98,103,40,61, </key>
<key name="function"> 7,48,77, </key>
<key name="functionality"> 77, </key>
<key name="furth"> 52,8,45, </key>
<key name="futur"> 58, </key>
<key name="fwd"> 32, </key>
<key name="g"> 80,70, </key>
<key name="gal"> 26,94,89, </key>
<key name="general"> 53,106,50,71,38,112,78,70, </key>
<key name="generat"> 43,38,103, </key>
<key name="get"> 47,9,82,50,84,120,122, </key>
<key name="gif"> 34,35, </key>
<key name="gift"> 46, </key>
<key name="giv"> 9,44,78, </key>
<key name="given"> 78, </key>
<key name="global"> 36,17,8,26,94,16,89,30,97, </key>
<key name="go"> 2,118,17,8,56,43,44,82,28,31,71,16,112,68,114,119,97,121,117,122,70, </key>
<key name="good"> 53,76, </key>
<key name="googl"> 122, </key>
<key name="got"> 83,86, </key>
<key name="grammar"> 93, </key>
<key name="grant"> 3,10,74,98, </key>
<key name="grante"> 22,10,74,98, </key>
<key name="grantor"> 3,9,10, </key>
<key name="graphic"> 35, </key>
<key name="graphical"> 35,104, </key>
<key name="gray"> 23, </key>
<key name="great"> 93, </key>
<key name="green"> 4, </key>
<key name="ground"> 77, </key>
<key name="group"> 1,54,44,32,45,31,71,86,112,74,98,76,78, </key>
<key name="grow"> 40, </key>
<key name="guest"> 74, </key>
<key name="gui"> 104, </key>
<key name="guidelin"> 53, </key>
<key name="habit"> 104, </key>
<key name="hand"> 99,58,60,59,69,48, </key>
<key name="handl"> 112,59,49, </key>
<key name="happen"> 32,108,62,40, </key>
<key name="hav"> 45,83, </key>
<key name="haven"> 50, </key>
<key name="head"> 27,91,72,23,43,45,84,93,87,64,74,5,46, </key>
<key name="header"> 91,43,38,64,48, </key>
<key name="health"> 38, </key>
<key name="hello"> 93, </key>
<key name="help"> 59,49,61, </key>
<key name="her"> 2,35,17,58,96,112,122, </key>
<key name="hid"> 40, </key>
<key name="high"> 47,96,120, </key>
<key name="highlight"> 0,52,32,66,59,40,42,49, </key>
<key name="highway"> 120, </key>
<key name="him"> 10, </key>
<key name="holiday"> 73, </key>
<key name="hom"> 22,61, </key>
<key name="horizontal"> 17,8,16,19, </key>
<key name="hour"> 2,91,17,8,109,20, </key>
<key name="hov"> 0,118, </key>
<key name="how"> 106,23,10,32,109,83,38,14,79,62,86,87,112,76,77,97,115, </key>
<key name="htm"> 35, </key>
<key name="html"> 34,80,35,72,36,81,84,112,75,77,97,78, </key>
<key name="http"> 109,121, </key>
<key name="i"> 43,108,50,104,112,40,115,70, </key>
<key name="ical"> 7, </key>
<key name="icon"> 73,25,101,29,89,48,77,61, </key>
<key name="id"> 93, </key>
<key name="identify"> 45,111,48, </key>
<key name="if"> 0,2,118,3,27,90,99,80,35,53,91,13,106,22,72,73,36,17,8,56,11,57,81,43,44,58,32,45,107,108,109,31,50,60,110,84,38,14,62,86,87,15,64,104,95,16,18,89,19,111,112,59,68,20,103,48,114,40,41,75,76,21,77,97,121,49,61,122, </key>
<key name="ignor"> 43, </key>
<key name="iii"> 93, </key>
<key name="imag"> 90,34,80,35,84,96,77,97,78, </key>
<key name="immediat"> 45,102, </key>
<key name="immediate"> 36,12,43,82,110,95,114,115,46, </key>
<key name="implement"> 84, </key>
<key name="import"> 47,26,28,112, </key>
<key name="importanc"> 101, </key>
<key name="important"> 45,110, </key>
<key name="in"> 35, </key>
<key name="inactiv"> 45,108, </key>
<key name="inbound"> 54, </key>
<key name="inbox"> 51,55,56,43,58,32,45,82,93,86,15,64,112,66,59,49,61,70, </key>
<key name="inc"> 114,116, </key>
<key name="includ"> 1,47,35,72,23,55,43,37,32,31,14,93,87,104,16,96,112,48,120,77,97,5,46,78,61,122, </key>
<key name="incom"> 47,35,44,45,84,112, </key>
<key name="increas"> 35,48, </key>
<key name="indefinite"> 32, </key>
<key name="indicat"> 35,101,82,86,66, </key>
<key name="indicator"> 101,5, </key>
<key name="individual"> 38,14,85,86,68, </key>
<key name="information"> 2,118,27,35,91,22,23,17,8,24,25,43,44,58,26,31,71,38,29,64,16,89,19,74,98,20,103,48,114,119,121,78, </key>
<key name="informational"> 61, </key>

</ftswdata>  
