<?xml version='1.0' encoding='windows-1252' ?>
<!-- saved from url=(0014)about:internet -->
<ftswdata>
<key name="0"> 143, </key>
<key name="1"> 59,110,113,127,142, </key>
<key name="10"> 139, </key>
<key name="100"> 122,139, </key>
<key name="12"> 110,139, </key>
<key name="1212"> 141, </key>
<key name="12k"> 110, </key>
<key name="19"> 143, </key>
<key name="2"> 110,113,127, </key>
<key name="2005"> 143, </key>
<key name="2006"> 142, </key>
<key name="2007"> 42,110,143, </key>
<key name="22"> 97, </key>
<key name="25"> 139, </key>
<key name="3"> 139,127, </key>
<key name="30"> 36,110, </key>
<key name="303"> 141, </key>
<key name="4"> 127, </key>
<key name="5"> 1,97,139,127,143, </key>
<key name="50"> 139, </key>
<key name="555"> 141, </key>
<key name="6"> 143, </key>
<key name="7"> 1,4,17, </key>
<key name="9"> 110, </key>
<key name="abbreviation"> 46, </key>
<key name="ability"> 0,23, </key>
<key name="abl"> 38,95,39,131,50, </key>
<key name="abov"> 4,35,105,141, </key>
<key name="absenc"> 68, </key>
<key name="accent"> 131, </key>
<key name="accept"> 1,54,49,3,4,10,96,59,126,16,19,21,47,48,53, </key>
<key name="acces"> 120,70,1,54,49,3,121,76,56,10,81,59,134,126,51,139,127,60,50,33,52,90,119,53,23,84, </key>
<key name="accord"> 77,105, </key>
<key name="account"> 70,128,8,81,134,135,136,137,140,17,18,19,138,139,33, </key>
<key name="acm"> 27,110,141,45,34, </key>
<key name="acrobat"> 39, </key>
<key name="acros"> 34, </key>
<key name="action"> 75,66,67,118,68,16,87,60,52,71,84, </key>
<key name="activ"> 76,67,68,134,71, </key>
<key name="activat"> 100, </key>
<key name="activiti"> 120,0,1,4,5,6,56,7,10,52,63, </key>
<key name="activity"> 0,5,133, </key>
<key name="actual"> 39,42,53, </key>
<key name="ad"> 120,2,54,49,3,121,30,55,128,4,57,123,24,25,59,135,126,16,18,139,21,141,45,46,34,63,23, </key>
<key name="add"> 120,70,2,121,30,55,128,116,5,56,57,24,40,25,8,10,13,67,41,29,14,59,135,105,16,87,17,18,138,139,60,33,52,141,62,34,63,64,23,73, </key>
<key name="addition"> 121,107,78,8,59,94,82,63, </key>
<key name="additional"> 30,7,24,8,10,66,29,68,32,17,18,60,33,52,71,141,23, </key>
<key name="addres"> 74,70,144,30,128,108,130,58,24,40,25,8,10,26,27,28,66,29,68,31,59,134,135,137,100,42,32,110,111,105,87,17,18,19,20,138,139,127,60,50,33,52,21,44,71,45,46,34,63,114,23,73,84,93, </key>
<key name="addresse"> 41,46, </key>
<key name="administration"> 39,82, </key>
<key name="administrator"> 70,144,95,39,76,108,131,8,132,133,134,99,100,94,85,17,18,19,139,82,92,44,23,72, </key>
<key name="adob"> 107,39,113, </key>
<key name="adres"> 73, </key>
<key name="advanc"> 128,107,108,134,135,110,112,113,106,139,114,73,84, </key>
<key name="advantag"> 63, </key>
<key name="advis"> 40, </key>
<key name="affect"> 140, </key>
<key name="again"> 38,133,103,112, </key>
<key name="aid"> 119,114, </key>
<key name="ajax"> 134, </key>
<key name="aka"> 82,72, </key>
<key name="alias"> 139, </key>
<key name="alignment"> 55, </key>
<key name="allow"> 76,108,56,25,66,68,100,110,111,87,60,52,62,114, </key>
<key name="allowabl"> 110, </key>
<key name="almost"> 100, </key>
<key name="alon"> 111, </key>
<key name="along"> 77,101,85, </key>
<key name="alphabetiz"> 31, </key>
<key name="already"> 30,116,133,19,63, </key>
<key name="alternative"> 116, </key>
<key name="although"> 111, </key>
<key name="alway"> 4,96,134,135,100,110,103,129,106,139,82,141,45,34,22, </key>
<key name="am"> 142, </key>
<key name="amb"> 110, </key>
<key name="amount"> 133,85, </key>
<key name="and"> 110, </key>
<key name="angl"> 105, </key>
<key name="animation"> 39, </key>
<key name="announcement"> 50, </key>
<key name="anoth"> 74,54,49,3,75,38,39,76,77,58,78,25,80,27,81,36,68,136,83,125,137,104,126,87,129,112,113,139,82,44,48,119,53, </key>
<key name="any"> 74,120,0,2,121,30,128,107,116,39,5,108,6,58,40,8,79,10,26,117,12,66,67,81,68,133,135,100,42,15,94,110,111,86,105,16,140,51,129,17,18,19,106,88,139,127,60,50,33,52,89,82,21,46,119,114,69,23,72,73,84, </key>
<key name="anyon"> 10,127,60,50,33,52, </key>
<key name="anyth"> 127, </key>
<key name="anyway"> 40, </key>
<key name="anywher"> 110,111,139, </key>
<key name="ap"> 75,116,66,67,68,87,129,139,119,23, </key>
<key name="appear"> 0,30,107,116,38,131,109,40,8,10,124,26,66,41,29,36,68,97,134,135,98,83,100,37,101,15,110,111,102,105,87,17,18,113,20,139,33,141,45,46,119,34,22,53, </key>
<key name="appli"> 75,116,66,67,36,68,110,113,141,119, </key>
<key name="application"> 70,39,130,68,100,42,129,139,45,64,84,93, </key>
<key name="apply"> 75,139, </key>
<key name="appointment"> 70,0,1,2,7,8,11,13,16,17,18,20,139,21,45,22,73,93, </key>
<key name="appropriat"> 38,100,16,127, </key>
<key name="area"> 120,2,121,10,27,67,81,111,17,113,106,60,33,52,84, </key>
<key name="arial"> 139, </key>
<key name="around"> 62, </key>
<key name="arriv"> 108,67,82, </key>
<key name="arrow"> 0,24,78,8,35,32,111,105,17,18,113,106,89,90,91,71,45,119,114, </key>
<key name="ascend"> 89, </key>
<key name="ask"> 36,100,42,129, </key>
<key name="assign"> 116,131,139,60,52,23, </key>
<key name="assistant"> 120,121,50,73, </key>
<key name="associat"> 30,68,135, </key>
<key name="assum"> 39,113, </key>
<key name="asterisk"> 110,115,114,69, </key>
<key name="atom"> 78,90, </key>
<key name="attach"> 121,38,39,100,113,21, </key>
<key name="attachment"> 70,121,107,38,95,39,108,40,8,13,66,41,68,135,35,136,99,100,42,110,111,85,105,16,17,18,113,106,139,21,63,114,64, </key>
<key name="attack"> 99, </key>
<key name="attende"> 70,0,2,8,11,12,13,17,18,20,139,21,45,22, </key>
<key name="attribut"> 110, </key>
<key name="audio"> 114, </key>
<key name="august"> 142, </key>
<key name="authenticat"> 134, </key>
<key name="author"> 70, </key>
<key name="auto"> 30,26,139,142,23, </key>
<key name="autocomplet"> 59,139,45, </key>
<key name="automat"> 82,72, </key>
<key name="automatic"> 97,85,45, </key>
<key name="automatical"> 30,39,77,78,25,12,66,67,68,97,133,135,136,42,94,104,105,16,138,139,82,92,141,62,63,142, </key>
<key name="availability"> 8,17,18,19,20, </key>
<key name="availabl"> 120,144,0,121,4,24,8,26,29,134,17,18,139,141,45,34,63,84, </key>
<key name="averylongpagenameispossibl"> 62, </key>
<key name="away"> 142, </key>
<key name="back"> 54,49,3,76,134,98,126,129,71,62,48, </key>
<key name="background"> 55,96,139,47,63, </key>
<key name="backslash"> 69, </key>
<key name="bad"> 44,62, </key>
<key name="ban"> 0,85,17, </key>
<key name="bana"> 109, </key>
<key name="banana"> 109,66,110,114,69, </key>
<key name="bananafloat"> 69, </key>
<key name="bananasboat"> 69, </key>
<key name="bandanna"> 69, </key>
<key name="bar"> 121,107,5,58,8,27,110,85,112,17,18,20,139,71,84, </key>
<key name="bas"> 134, </key>
<key name="basi"> 80, </key>
<key name="basic"> 107,108,134,110,113,61,63, </key>
<key name="bcc"> 30,24,40,41,111,45,46,34, </key>
<key name="be"> 57,66,68,60,52, </key>
<key name="becom"> 2,5,8,42,17,18,21,45,63, </key>
<key name="befor"> 2,54,49,3,121,128,108,40,25,66,134,135,110,111,105,126,16,129,113,139,90,82,62,48,34,69,72, </key>
<key name="begin"> 55,36,87,45, </key>
<key name="behalf"> 50,52, </key>
<key name="behav"> 71,45, </key>
<key name="behavior"> 45, </key>
<key name="below"> 40,25,103,139,141,45,73,84, </key>
<key name="beneath"> 113, </key>
<key name="beta"> 143, </key>
<key name="big"> 110, </key>
<key name="billybob"> 45, </key>
<key name="black"> 139, </key>
<key name="blank"> 57,40,62, </key>
<key name="blind"> 46, </key>
<key name="block"> 95,39,99, </key>
<key name="blu"> 4, </key>
<key name="boat"> 69, </key>
<key name="bob"> 45, </key>
<key name="body"> 108,40,96,66,41,68,135,42,111,102,105,113,139,141,114,73, </key>
<key name="bold"> 81,97,35,98, </key>
<key name="book"> 74,70,144,30,130,58,24,25,26,27,28,29,31,100,32,111,139,33,34,23,73,93, </key>
<key name="bord"> 55, </key>
<key name="bos"> 68, </key>
<key name="both"> 30,107,109,83,110,113,69, </key>
<key name="bottom"> 91, </key>
<key name="bounc"> 85,44, </key>
<key name="box"> 107,5,108,122,40,25,96,27,67,68,31,135,35,110,111,113,106,139,91,71,141,45,34,114,142,84, </key>
<key name="boxman"> 107, </key>
<key name="br"> 46, </key>
<key name="bracket"> 105, </key>
<key name="breakfast"> 109, </key>
<key name="brink"> 45, </key>
<key name="brows"> 144,38,39,76,31,14,134,100,101,110,129,71,64,84, </key>
<key name="browser"> 39,76,134, </key>
<key name="budget"> 113, </key>
<key name="build"> 110,113, </key>
<key name="built"> 77, </key>
<key name="bullet"> 96,47, </key>
<key name="busines"> 139,141, </key>
<key name="busy"> 70,1,2,5,8,17,18,20, </key>
<key name="button"> 74,39,76,24,78,136,125,42,140,87,129,113,106,139,90,71,141,46,34,84, </key>
<key name="byt"> 108,110, </key>
<key name="cal"> 107,29,68,59,110,113,139,34,64, </key>
<key name="calendar"> 74,120,70,144,0,1,2,3,121,4,5,6,130,58,7,8,9,10,11,12,13,65,14,15,16,17,18,139,127,21,45,22,73,84,93, </key>
<key name="california"> 8,18, </key>
<key name="call"> 144, </key>
<key name="camelcas"> 62, </key>
<key name="cancel"> 56,124,11, </key>
<key name="cannot"> 74,95,56,131,58,78,10,80,66,29,101,94,110,104,87,139,127,60,33,52,82,44,63,114,23, </key>

</ftswdata>  
