<?xml version='1.0' encoding='windows-1252' ?>
<ftswdata>
<key name="commit"> 11,86, </key>
<key name="common"> 19, </key>
<key name="communicat"> 13, </key>
<key name="company"> 79,8,9,13,30,23,70,87,15, </key>
<key name="comparison"> 27,28,29,31, </key>
<key name="complet"> 8,21,7,1,11,68,24,6,25, </key>
<key name="completion"> 10,25, </key>
<key name="complex"> 30,68, </key>
<key name="component"> 23, </key>
<key name="compos"> 32,19,78,21,10,80,12,62,49,24,85,87,15, </key>
<key name="compound"> 67,72, </key>
<key name="compres"> 20,59, </key>
<key name="compression"> 20,59, </key>
<key name="comput"> 20,83,59, </key>
<key name="computer"> 20,59, </key>
<key name="concern"> 23, </key>
<key name="condition"> 28,29,30, </key>
<key name="configur"> 20,8,56,80,57,82,23,54,85,34, </key>
<key name="confirm"> 79, </key>
<key name="confirmation"> 21, </key>
<key name="consider"> 64,28,17,30,58,59,6,31, </key>
<key name="consist"> 30,16,23, </key>
<key name="constrain"> 67, </key>
<key name="consum"> 47, </key>
<key name="contact"> 32,14,73,66,79,8,9,10,11,80,13,30,81,23,68,63,49,70,65,85,77,33,87,25,76,15,72,34,46, </key>
<key name="contain"> 64,32,55,20,66,27,41,56,80,28,42,12,13,30,57,16,58,35,59,23,67,68,61,70,71,65,50,85,51,31, </key>
<key name="content"> 37,55,66,8,10,42,16,23,67,61,70,71,85,77,72,34,46, </key>
<key name="context"> 17, </key>
<key name="contiguou"> 37, </key>
<key name="continu"> 19,78,29,17,82,25, </key>
<key name="contradictory"> 30, </key>
<key name="contrast"> 44, </key>
<key name="control"> 37,73,72, </key>
<key name="conv"> 67, </key>
<key name="convenienc"> 13,49,33, </key>
<key name="convention"> 33, </key>
<key name="conversation"> 32,14,73,39,80,75,42,17,57,44,16,58,45,18,60,67,61,62,49,65,85,52,33,76, </key>
<key name="convert"> 55,71, </key>
<key name="cook"> 27, </key>
<key name="copi"> 28,50,85,26, </key>
<key name="copy"> 21,28,85,26, </key>
<key name="corporat"> 29,13,68,77,26,15, </key>
<key name="corporation"> 87, </key>
<key name="correct"> 20,77,15, </key>
<key name="correctnes"> 9, </key>
<key name="correspond"> 30,25,26, </key>
<key name="correspondenc"> 38, </key>
<key name="could"> 20,40,11,28,29,17,30,59,23,68,70,87,15, </key>
<key name="count"> 42,67, </key>
<key name="creat"> 64,36,0,32,73,19,20,39,3,8,9,7,40,1,80,29,42,30,59,68,49,24,69,6,70,85,87,76,46, </key>
<key name="criteria"> 64,73,66,11,17,67,70,65, </key>
<key name="criterion"> 67, </key>
<key name="current"> 37,28,30,59,67,85,33,72,88,46, </key>
<key name="cursor"> 14,8,61,49,51,33, </key>
<key name="custom"> 40,41,28,17,48,46, </key>
<key name="customiz"> 1, </key>
<key name="cut"> 68, </key>
<key name="d"> 25, </key>
<key name="dai"> 1, </key>
<key name="dal"> 25, </key>
<key name="dash"> 85, </key>
<key name="dat"> 0,66,3,7,1,28,17,67,6,70,72, </key>
<key name="data"> 68, </key>
<key name="david"> 25, </key>
<key name="day"> 0,1,17,4,67,47,6,34, </key>
<key name="db"> 67, </key>
<key name="dbrink"> 25, </key>
<key name="dd"> 28,67, </key>
<key name="de"> 37, </key>
<key name="decemb"> 28,70, </key>
<key name="decid"> 22, </key>
<key name="declin"> 5, </key>
<key name="decreas"> 33, </key>
<key name="ded"> 25, </key>
<key name="default"> 0,37,9,80,28,42,43,61,86,69,50,85,52, </key>
<key name="defin"> 36,32,66,41,80,30,70,85, </key>
<key name="definition"> 74,70,76, </key>
<key name="delet"> 36,32,37,3,8,10,2,41,74,28,42,30,43,54,47,63,49,50,53,34, </key>
<key name="delimit"> 85, </key>
<key name="deliver"> 28,30,35,77, </key>
<key name="delivery"> 55,35, </key>
<key name="department"> 13, </key>
<key name="depend"> 19,55,80,29,44,23,62,49,46, </key>
<key name="descend"> 51, </key>
<key name="describ"> 19,80,28,30,57,67,68,24,65,85,72, </key>
<key name="description"> 67,68,70,72, </key>
<key name="descriptiv"> 33, </key>
<key name="design"> 20,38, </key>
<key name="designat"> 32,88, </key>
<key name="designation"> 30, </key>
<key name="desir"> 22,45,26,15, </key>
<key name="desktop"> 19,20, </key>
<key name="destination"> 45, </key>
<key name="detail"> 8,9,29,16,45,67,6,65, </key>
<key name="detect"> 20,78, </key>
<key name="determin"> 30,35,15, </key>
<key name="dialog"> 78,3,79,21,7,40,10,28,4,59,18,60,69,26,76,15,31, </key>
<key name="different"> 64,78,38,66,7,1,80,28,17,23,6,70,71,33,76, </key>
<key name="difficult"> 60, </key>
<key name="direct"> 20,75,67,25,26, </key>
<key name="directiv"> 29, </key>
<key name="directory"> 13,68, </key>
<key name="disabl"> 80, </key>
<key name="disappear"> 5,25, </key>
<key name="discard"> 28,30, </key>
<key name="disk"> 47,46, </key>
<key name="display"> 0,14,37,78,3,8,9,21,7,1,56,11,80,42,22,17,57,4,83,16,47,61,62,5,6,85,52,33,25,26,72,46, </key>
<key name="distinguish"> 75,70, </key>
<key name="distribution"> 12,13, </key>
<key name="division"> 87, </key>
<key name="do"> 64,20,66,21,56,28,22,30,62,86,70,72, </key>
<key name="doc"> 20, </key>
<key name="document"> 19,55,20,59,67,71, </key>
<key name="dodd"> 25, </key>
<key name="domain"> 66,21,83,67,68,71, </key>
<key name="don"> 73,78,38,39,21,28,84,47,70,85,25,15,34, </key>
<key name="dorothy"> 25, </key>
<key name="doubl"> 37,20,3,2,11,16,59,61,48,5,85,76,15, </key>
<key name="down"> 37,11,29,30,84,70,65,51,52,33,76,72, </key>
<key name="download"> 20, </key>
<key name="draft"> 78,21,42,24,72,46, </key>
<key name="drag"> 36,73,3,2,41,45,63,33, </key>
<key name="drop"> 36,73,41,29,30,45,63,70,65,33,72, </key>
<key name="e"> 55,82,35, </key>
<key name="easi"> 56, </key>
<key name="eastern"> 7,1, </key>
<key name="easy"> 80, </key>
<key name="edit"> 32,3,11,13,49,24, </key>
<key name="editor"> 20, </key>
<key name="edward"> 25, </key>
<key name="effect"> 86, </key>
<key name="eith"> 64,8,21,41,56,42,17,82,44,67,69,70,26,15,34, </key>
<key name="eligibl"> 23, </key>
<key name="els"> 22, </key>
<key name="email"> 36,0,14,19,20,66,39,3,8,9,21,7,1,2,56,11,80,28,75,22,12,30,4,83,16,58,35,84,59,23,54,67,68,47,61,5,49,24,6,70,65,85,77,33,87,25,26,76,15,72,88,34, </key>
<key name="employe"> 23, </key>
<key name="empty"> 47,53,34, </key>
<key name="enabl"> 8,56,80,44,84,65,50,85,87,88, </key>
<key name="end"> 20,7,1,67,6,70, </key>
<key name="enforc"> 47, </key>
<key name="engineer"> 87, </key>
<key name="enough"> 84, </key>
<key name="ensur"> 19, </key>
<key name="ent"> 73,79,8,9,21,7,1,11,29,22,4,83,84,68,6,70,65,87,25,26,76,15,88, </key>
<key name="enter"> 8,11,69,71, </key>
<key name="entir"> 13,17,45,60,26, </key>
<key name="entri"> 8,13,59, </key>
<key name="entry"> 78,68,49, </key>
<key name="environment"> 20, </key>
<key name="equivalent"> 29, </key>
<key name="eras"> 72, </key>
<key name="erica"> 25, </key>
<key name="erica878"> 25, </key>
<key name="error"> 77, </key>
<key name="escap"> 31, </key>
<key name="etc"> 66, </key>
<key name="ev"> 30, </key>
<key name="evaluat"> 30, </key>
<key name="evaluation"> 28,30, </key>
<key name="even"> 20,21,56,28,17,30,82,16,59,15, </key>
<key name="event"> 0,32,29,6, </key>
<key name="eventual"> 38, </key>
<key name="every"> 1,30,77,87,46, </key>
<key name="everyon"> 12,62,15, </key>
<key name="ex"> 20,35, </key>
<key name="exact"> 27,28,35,23,67,49,85,87,31, </key>
<key name="exampl"> 64,36,37,19,55,20,39,79,27,7,40,1,11,28,29,17,30,57,83,44,67,68,62,70,71,87,25,76,15,31, </key>
<key name="excel"> 55,67,70,71, </key>
<key name="except"> 37,73,7,1,67,48,86,6,76, </key>
<key name="exception"> 21,71, </key>
<key name="exchang"> 32,62, </key>
<key name="exclusive"> 13, </key>
<key name="execut"> 29,67,68,65,72, </key>
<key name="executabl"> 55,20,59, </key>
<key name="exist"> 36,9,40,28,17,30,49,77, </key>
<key name="expand"> 20,49, </key>
<key name="expect"> 78, </key>
<key name="expens"> 20, </key>
<key name="expir"> 82, </key>
<key name="explanation"> 3, </key>
<key name="explor"> 20,38, </key>
<key name="export"> 85, </key>
<key name="extend"> 88, </key>
<key name="extension"> 20,70, </key>
<key name="extra"> 42, </key>
<key name="facilitat"> 0,13, </key>
<key name="familiar"> 71, </key>
<key name="far"> 46, </key>
<key name="fast"> 23, </key>
<key name="featur"> 0,32,78,66,39,8,56,80,13,30,44,84,60,67,68,86,71,65,85,52,33,87,25,76,72,88,46, </key>
<key name="few"> 22,45,70,71, </key>
<key name="field"> 19,8,9,21,28,29,22,68,62,70,85,25,26, </key>
<key name="fil"> 64,32,19,55,20,8,9,28,22,30,16,35,59,23,67,68,47,63,70,71,85,72, </key>
<key name="filenam"> 20,67,70, </key>
<key name="filt"> 80,28,29,30,86,85,31,34, </key>
<key name="filter"> 32,39,27,29,17,30,59,23,61,85,34, </key>
<key name="fin"> 34, </key>
<key name="financ"> 29, </key>
<key name="find"> 64,73,78,12,67,68,71,76,72,34, </key>
<key name="finish"> 29, </key>
<key name="firefox"> 38, </key>
<key name="first"> 0,38,79,8,9,21,11,29,43,16,59,23,67,68,61,86,70,85,25, </key>
<key name="fit"> 33, </key>

</ftswdata>  
