<?xml version='1.0' encoding='windows-1252' ?>
<ftswdata>
<key name="rs"> 55,67, </key>
<key name="rul"> 90,54,106,105,43,44,32,45,86,113,104,112, </key>
<key name="run"> 35,76,77, </key>
<key name="s"> 47,3,27,4,53,6,36,17,8,10,12,43,32,83,110,71,84,38,14,85,93,104,16,96,89,74,20,103,40,41,76,119,78,122,70, </key>
<key name="safari"> 53, </key>
<key name="safety"> 84, </key>
<key name="sal"> 30, </key>
<key name="sam"> 90,52,80,54,106,73,55,43,32,45,83,71,84,38,93,104,112,40,76,102,77,97,5, </key>
<key name="sash"> 48, </key>
<key name="sav"> 2,91,105,22,72,23,36,17,8,57,25,43,58,28,110,84,93,62,113,39,104,95,16,65,111,112,59,114,97,115,61, </key>
<key name="saw"> 87, </key>
<key name="say"> 112, </key>
<key name="scan"> 84, </key>
<key name="schedul"> 0,2,1,47,118,6,13,7,17,8,14,16,18,19,77,5, </key>
<key name="screen"> 17,108,109,104,48,61, </key>
<key name="scrol"> 33, </key>
<key name="scroll"> 110,96,111, </key>
<key name="se"> 0,2,1,47,118,80,7,17,8,56,10,81,58,82,108,83,93,86,87,15,16,19,112,98,59,41,120,5,61, </key>
<key name="search"> 2,47,90,99,91,54,22,36,17,8,56,24,25,58,32,45,93,94,64,95,16,96,89,112,119,30,120,97,121,46,78,61,122, </key>
<key name="second"> 34,43, </key>
<key name="section"> 73,36,10,71,84,113,95,74,78, </key>
<key name="security"> 80,50, </key>
<key name="select"> 0,2,3,4,90,52,99,34,80,91,6,13,72,7,73,23,36,17,55,8,10,24,11,12,81,25,43,44,60,71,33,85,29,79,94,88,87,15,95,16,96,89,19,112,74,67,68,40,41,75,21,42,102,119,30,120,77,97,5,122,70, </key>
<key name="selection"> 90,52,89,40,41,30, </key>
<key name="semicolon"> 17,8,93,16,40, </key>
<key name="send"> 0,47,3,34,35,54,22,36,9,10,43,37,45,71,84,38,33,85,93,87,15,39,96,89,65,112,59,20,103,40,41,115,78,70, </key>
<key name="sender"> 50,84,38, </key>
<key name="sensitiv"> 97, </key>
<key name="sent"> 0,51,2,34,54,13,17,55,8,11,81,43,58,26,32,38,93,62,87,15,64,39,16,96,65,112,74,67,59,103,41,115,61,70, </key>
<key name="separat"> 91,6,23,36,17,8,28,38,33,85,16,112,48,78, </key>
<key name="sequenc"> 52,8,48,76, </key>
<key name="seri"> 13,11,15, </key>
<key name="servic"> 47, </key>
<key name="session"> 1,53,6,22,108,109,31,104,68, </key>
<key name="set"> 0,80,91,22,17,81,44,45,82,108,109,110,84,79,93,62,87,113,16,18,96,19,111,112,59,20,77,115, </key>
<key name="setting"> 105,113,89,112,97,61, </key>
<key name="seven"> 6, </key>
<key name="shar"> 1,3,4,53,22,17,9,10,109,71,74,98,5,78, </key>
<key name="sheet"> 77, </key>
<key name="shift"> 52,99,70, </key>
<key name="shop"> 55, </key>
<key name="shortcut"> 71,94,48,117,70, </key>
<key name="should"> 45,109,50,38,87,112,114,77, </key>
<key name="show"> 2,47,4,90,99,34,54,22,72,58,28,31,60,84,33,93,62,86,87,64,18,89,19,112,66,40,41,102,30,120,5,61, </key>
<key name="shown"> 23,44,31,83,87,5,61, </key>
<key name="sid"> 7,58,5,46, </key>
<key name="sign"> 114, </key>
<key name="signatur"> 36,38,87,112,114, </key>
<key name="signifi"> 4, </key>
<key name="silent"> 45, </key>
<key name="similar"> 99,45,93,61, </key>
<key name="simp"> 108,94,20, </key>
<key name="simultaneous"> 99, </key>
<key name="sinc"> 87, </key>
<key name="singl"> 2,90,99,54,17,44,83,33,93,48,40, </key>
<key name="sit"> 118,80,53,50,79,104,67,59,78,49, </key>
<key name="six"> 77, </key>
<key name="siz"> 91,43,28,31,50,93,62,112,48,77,97, </key>
<key name="skip"> 16, </key>
<key name="skyp"> 118, </key>
<key name="slash"> 63,102,46, </key>
<key name="slid"> 34, </key>
<key name="slight"> 97, </key>
<key name="smal"> 91,43,93,40, </key>
<key name="small"> 118,48,120, </key>
<key name="smart"> 112, </key>
<key name="smith"> 25,45,93,114,40,30, </key>
<key name="smith23"> 45, </key>
<key name="so"> 2,4,53,57,37,87,96, </key>
<key name="softphon"> 118, </key>
<key name="softwar"> 34,35,104,61, </key>
<key name="someon"> 35,37,96,41, </key>
<key name="someth"> 25,84,38,104, </key>
<key name="sometim"> 43,26,112,59,103,30, </key>
<key name="somewher"> 92, </key>
<key name="soon"> 89,40, </key>
<key name="sort"> 35,8,44,66, </key>
<key name="sortabl"> 66, </key>
<key name="sourc"> 47,72,75,77, </key>
<key name="south"> 97, </key>
<key name="spac"> 22,62,46, </key>
<key name="spacebar"> 70, </key>
<key name="spam"> 43,58,50,38,59,49,70, </key>
<key name="span"> 32, </key>
<key name="special"> 47,35,40,97, </key>
<key name="specifi"> 47,90,91,92,8,43,44,45,79,93,59,69,120,46,49, </key>
<key name="specific"> 91,106,22,8,45,71,29,93,96,98,20,97,117, </key>
<key name="specify"> 90,92,43,44,45,14,93,96,89,112,46, </key>
<key name="spel"> 72,36,42,97, </key>
<key name="spell"> 36,42, </key>
<key name="split"> 48,77, </key>
<key name="spot"> 82, </key>
<key name="spread"> 35,50,84,77, </key>
<key name="spreadsheet"> 34,35,72,84,96,77,78, </key>
<key name="stand"> 41, </key>
<key name="standard"> 47,72,10,43,84,33,85,87,112,48,61, </key>
<key name="star"> 120, </key>
<key name="start"> 0,2,47,53,17,8,93,16,96,103,40,21,119,120,121,122, </key>
<key name="stat"> 120, </key>
<key name="statement"> 38,93, </key>
<key name="statu"> 1,91,10,28,83,93,61, </key>
<key name="stay"> 57, </key>
<key name="step"> 36,44,16, </key>
<key name="still"> 10,84, </key>
<key name="stop"> 43,45, </key>
<key name="stor"> 51,43,32,31, </key>
<key name="str"> 92,93,89,112,97,46, </key>
<key name="street"> 120, </key>
<key name="string"> 45, </key>
<key name="structur"> 74, </key>
<key name="styl"> 72,36,71,87,112,77,78, </key>
<key name="subject"> 2,34,91,54,92,36,17,8,43,44,32,45,31,84,38,93,94,87,16,66,20,21,46, </key>
<key name="subscrib"> 55,67, </key>
<key name="subsequent"> 43,45,104, </key>
<key name="substitution"> 92,46, </key>
<key name="substr"> 43, </key>
<key name="successful"> 28, </key>
<key name="suggest"> 40,42, </key>
<key name="suit"> 47,53,79, </key>
<key name="sup"> 36,46, </key>
<key name="supervisor"> 44,45,38, </key>
<key name="support"> 35,53,43,26,62,97, </key>
<key name="suppos"> 90,40, </key>
<key name="sur"> 94, </key>
<key name="surround"> 46, </key>
<key name="switch"> 47,38,77, </key>
<key name="synchroniz"> 7, </key>
<key name="syntax"> 72,112,76,97, </key>
<key name="system"> 51,118,34,80,35,106,17,55,8,57,58,45,108,71,84,38,113,64,16,112,59,103,102,97,49,61, </key>
<key name="t"> 53,36,43,50,62,96,111,112,59,114,49,70, </key>
<key name="tab"> 2,1,6,106,105,36,17,8,81,44,45,82,31,110,71,113,16,19,65,111,112,68,114,40,115, </key>
<key name="tabl"> 72,36,77,78, </key>
<key name="tag"> 47,52,99,91,54,22,72,56,100,81,43,44,58,45,31,93,64,96,112,75,102,77,97,61,70, </key>
<key name="tak"> 53,54,43,28,77, </key>
<key name="taken"> 20, </key>
<key name="task"> 77, </key>
<key name="taught"> 49, </key>
<key name="team"> 71,78, </key>
<key name="technology"> 104, </key>
<key name="tell"> 83,86, </key>
<key name="templat"> 78, </key>
<key name="temporari"> 10,50, </key>
<key name="tentativ"> 2,1,15,19, </key>
<key name="term"> 45,122, </key>
<key name="test"> 43,45, </key>
<key name="text"> 0,2,47,90,34,80,35,13,72,36,17,8,81,43,44,37,28,71,84,38,93,94,87,104,95,16,89,112,20,48,114,40,75,76,77,97,115,78, </key>
<key name="th"> 97, </key>
<key name="them"> 0,2,118,90,52,34,57,44,32,71,84,93,62,88,39,18,112,74,66,59,48,97,49, </key>
<key name="themselv"> 100,84,112, </key>
<key name="therefor"> 35,108,84, </key>
<key name="thing"> 62, </key>
<key name="think"> 50,95,96, </key>
<key name="third"> 118,58,61, </key>
<key name="thos"> 90,32,93,62,59,40,102,49, </key>
<key name="though"> 36, </key>
<key name="thre"> 0,35,53,92,23,17,8,24,32,93,119,77,97,46,70, </key>
<key name="thread"> 20, </key>
<key name="ti"> 55, </key>
<key name="tim"> 0,2,1,52,53,91,6,17,8,45,108,109,31,38,79,93,94,15,39,16,18,19,65,112,74,98,66,59,69,20,21,97,115,5,46,49,61, </key>
<key name="time"> 110, </key>
<key name="tip"> 27,22,24,86,48, </key>
<key name="titl"> 23,32,66,119,122, </key>
<key name="toc"> 72, </key>
<key name="today"> 0, </key>
<key name="todo"> 56, </key>
<key name="togeth"> 32,93,76,77, </key>
<key name="toggl"> 68,75,70, </key>
<key name="tomorrow"> 0, </key>
<key name="too"> 43,50,38,88,48, </key>
<key name="tool"> 27,22,72,17,8,24,94,86,48,77,97, </key>
<key name="toolbar"> 0,1,6,72,7,23,36,17,55,8,24,81,82,14,93,87,16,89,67,59,114,41,75,42,102,77,49,61, </key>
<key name="top"> 0,73,23,55,37,16,112,59,21,42, </key>
<key name="topic"> 47,93,97, </key>
<key name="total"> 82,93, </key>
<key name="track"> 1,47,7,77, </key>
<key name="traditional"> 47,31,86,104,68, </key>
<key name="train"> 49, </key>
<key name="transf"> 60, </key>
<key name="trash"> 51,3,55,24,57,43,58,45,79,62,88,15,64,112,59,69,61,70, </key>
<key name="travel"> 112, </key>
<key name="tre"> 92, </key>
<key name="trig"> 40, </key>
<key name="trigger"> 0, </key>
<key name="troubl"> 112, </key>
<key name="truck"> 43, </key>
<key name="try"> 103, </key>
<key name="tun"> 59,49, </key>

</ftswdata>  
