<?xml version='1.0' encoding='windows-1252' ?>
<ftswdata>
<key name="colon"> 60,89, </key>
<key name="color"> 3,4,7,38,5, </key>
<key name="column"> 1,50,18,92,55,95,27,74,63,45,5, </key>
<key name="com"> 32,22,42,95,80,99,36,26, </key>
<key name="combin"> 40,42, </key>
<key name="combination"> 40, </key>
<key name="comma"> 97, </key>
<key name="command"> 48,31,32,57,45, </key>
<key name="comment"> 14, </key>
<key name="commit"> 22,98, </key>
<key name="common"> 30, </key>
<key name="communicat"> 24, </key>
<key name="company"> 2,92,19,7,20,24,42,34,83,99,26, </key>
<key name="comparison"> 39,40,41,43, </key>
<key name="complet"> 19,32,16,8,22,81,35,15,36, </key>
<key name="completion"> 21,36, </key>
<key name="complex"> 42,81, </key>
<key name="component"> 34, </key>
<key name="compos"> 44,30,91,32,21,23,75,61,35,97,99,26, </key>
<key name="compound"> 80,85, </key>
<key name="compres"> 31,72, </key>
<key name="compression"> 31,72, </key>
<key name="comput"> 31,95,72, </key>
<key name="computer"> 31,72, </key>
<key name="concern"> 34, </key>
<key name="condition"> 40,41,42, </key>
<key name="conferenc"> 15, </key>
<key name="configur"> 31,19,69,70,94,34,67,97,46, </key>
<key name="confirm"> 0,92, </key>
<key name="confirmation"> 3,32, </key>
<key name="consider"> 77,40,28,42,71,72,43, </key>
<key name="consist"> 42,27,34, </key>
<key name="constrain"> 80, </key>
<key name="consum"> 59, </key>
<key name="contact"> 44,25,86,79,18,92,19,20,16,8,21,22,24,42,93,34,81,76,61,15,83,78,97,90,45,99,36,89,26,85,46,58, </key>
<key name="contain"> 77,44,68,31,79,18,39,53,69,40,54,23,24,42,70,27,71,47,72,34,80,81,74,14,83,84,78,62,63,43, </key>
<key name="content"> 49,68,79,19,21,54,27,34,80,74,83,84,97,64,90,85,46,58, </key>
<key name="context"> 28, </key>
<key name="contiguou"> 49, </key>
<key name="continu"> 30,91,41,28,94,36, </key>
<key name="contradictory"> 42, </key>
<key name="contrast"> 56, </key>
<key name="control"> 49,86,85, </key>
<key name="conv"> 80, </key>
<key name="convenienc"> 24,61,45, </key>
<key name="convention"> 45, </key>
<key name="conversation"> 44,25,86,51,88,54,28,70,56,27,71,57,29,73,80,74,75,61,78,97,65,45,89, </key>
<key name="convert"> 68,84, </key>
<key name="cook"> 39, </key>
<key name="copi"> 40,62,97,37, </key>
<key name="copy"> 32,40,97,64,37, </key>
<key name="corporat"> 41,24,81,90,37,26, </key>
<key name="corporation"> 99, </key>
<key name="correct"> 31,16,90,38,26, </key>
<key name="correction"> 38, </key>
<key name="correctnes"> 20, </key>
<key name="correspond"> 42,36,37, </key>
<key name="correspondenc"> 50, </key>
<key name="could"> 31,52,22,40,41,28,42,72,34,81,83,99,26, </key>
<key name="count"> 54,80, </key>
<key name="creat"> 77,0,48,2,1,44,4,86,30,31,51,13,18,19,7,20,16,52,8,10,12,41,54,42,72,81,61,35,82,15,83,97,64,99,17,89,58, </key>
<key name="criteria"> 77,86,79,22,28,80,83,78, </key>
<key name="criterion"> 80, </key>
<key name="current"> 49,40,42,72,80,97,45,85,100,58, </key>
<key name="cursor"> 25,19,74,61,63,45, </key>
<key name="custom"> 52,8,53,40,28,60,58, </key>
<key name="customiz"> 3,8, </key>
<key name="cut"> 81, </key>
<key name="d"> 36, </key>
<key name="dai"> 8, </key>
<key name="dal"> 36, </key>
<key name="dash"> 97, </key>
<key name="dat"> 0,79,13,16,8,40,28,80,15,83,85, </key>
<key name="data"> 81, </key>
<key name="david"> 36, </key>
<key name="day"> 0,2,1,4,6,8,28,80,59,15,17,5,46, </key>
<key name="db"> 80, </key>
<key name="dbrink"> 36, </key>
<key name="dd"> 40,80, </key>
<key name="de"> 49, </key>
<key name="decemb"> 40,83, </key>
<key name="decid"> 33, </key>
<key name="declin"> 9,10,14, </key>
<key name="decreas"> 45, </key>
<key name="ded"> 36, </key>
<key name="deep"> 5, </key>
<key name="default"> 1,49,6,20,8,40,54,55,74,98,82,62,97,65, </key>
<key name="defin"> 48,2,44,79,32,53,42,83,97, </key>
<key name="definition"> 87,83,89, </key>
<key name="delegat"> 1,44,10, </key>
<key name="delet"> 48,44,49,13,19,10,21,11,12,53,87,40,54,42,55,67,59,76,61,62,66,46, </key>
<key name="delimit"> 97, </key>
<key name="deliver"> 40,42,47,90, </key>
<key name="delivery"> 68,47, </key>
<key name="department"> 24, </key>
<key name="depend"> 30,68,41,56,34,75,61,58, </key>
<key name="descend"> 63, </key>
<key name="describ"> 3,30,40,42,70,80,81,35,78,97,85, </key>
<key name="description"> 2,16,80,81,83,85, </key>
<key name="descriptiv"> 45, </key>
<key name="design"> 31,50, </key>
<key name="designat"> 44,100, </key>
<key name="designation"> 42, </key>
<key name="desir"> 33,57,37,26, </key>
<key name="desktop"> 30,31, </key>
<key name="destination"> 57, </key>
<key name="detail"> 2,19,20,41,27,57,80,78,17, </key>
<key name="detect"> 31,91, </key>
<key name="determin"> 2,42,47,26, </key>
<key name="dialog"> 0,1,3,91,92,7,32,16,52,8,9,10,21,40,72,29,73,82,15,64,37,17,89,26,43, </key>
<key name="different"> 77,1,91,50,79,7,16,8,40,28,34,83,84,45,89, </key>
<key name="difficult"> 73, </key>
<key name="direct"> 0,31,88,80,64,36,37, </key>
<key name="directiv"> 41, </key>
<key name="directory"> 24,81, </key>
<key name="disabl"> 99,17, </key>
<key name="disappear"> 14,36, </key>
<key name="discard"> 40,42, </key>
<key name="disk"> 59,58, </key>
<key name="display"> 0,2,1,3,25,4,49,91,6,19,7,20,32,16,8,9,10,69,22,54,33,28,70,95,27,59,74,75,14,15,97,64,65,45,36,37,17,38,85,58, </key>
<key name="distinguish"> 88,83, </key>
<key name="distribution"> 23,24, </key>
<key name="division"> 99, </key>
<key name="do"> 77,31,79,32,69,40,33,42,75,98,83,85, </key>
<key name="doc"> 31, </key>
<key name="document"> 30,68,31,72,80,84, </key>
<key name="dodd"> 36, </key>
<key name="domain"> 79,32,95,80,81,84, </key>
<key name="don"> 86,91,50,51,32,40,96,59,83,97,99,36,26,46, </key>
<key name="dorothy"> 36, </key>
<key name="doubl"> 0,49,31,13,11,22,27,72,74,60,97,17,89,26, </key>
<key name="down"> 2,49,16,8,22,41,42,96,15,83,78,63,65,45,89,85, </key>
<key name="download"> 31, </key>
<key name="draft"> 91,32,54,35,85,58, </key>
<key name="drag"> 0,48,86,13,11,53,57,76,45,17, </key>
<key name="drop"> 48,2,86,16,53,41,42,57,76,15,83,78,45,85, </key>
<key name="e"> 68,94,47, </key>
<key name="easi"> 2,69, </key>
<key name="eastern"> 16,8, </key>
<key name="easy"> 17, </key>
<key name="edit"> 44,4,10,22,24,14,61,35,38, </key>
<key name="editor"> 31, </key>
<key name="edward"> 36, </key>
<key name="effect"> 98, </key>
<key name="eight"> 4, </key>
<key name="eith"> 77,0,2,19,32,16,8,9,10,53,69,54,28,94,56,80,14,82,15,83,37,26,46, </key>
<key name="eligibl"> 34, </key>
<key name="els"> 33, </key>
<key name="email"> 0,48,2,1,3,25,30,31,79,51,13,19,20,32,16,8,9,10,11,69,22,40,88,33,23,42,95,27,71,47,96,72,34,67,80,81,59,74,14,61,35,15,83,78,97,90,45,99,36,37,89,26,85,100,46, </key>
<key name="employe"> 34, </key>
<key name="empty"> 59,66,46, </key>
<key name="enabl"> 19,69,56,96,75,78,62,97,99,100, </key>
<key name="end"> 31,16,8,80,75,15,83,17, </key>
<key name="enforc"> 59, </key>
<key name="engineer"> 99, </key>
<key name="enough"> 96, </key>
<key name="ensur"> 30, </key>
<key name="ent"> 0,2,86,92,19,7,20,32,16,8,22,41,33,95,96,81,15,83,78,36,37,17,89,26,100, </key>
<key name="enter"> 0,2,19,22,82,84, </key>
<key name="entir"> 24,28,57,73,37, </key>
<key name="entri"> 19,24,72, </key>
<key name="entry"> 91,81,61, </key>
<key name="environment"> 31, </key>
<key name="equivalent"> 41, </key>
<key name="eras"> 85, </key>
<key name="erica"> 36, </key>
<key name="erica878"> 36, </key>
<key name="error"> 90, </key>
<key name="escap"> 43, </key>
<key name="etc"> 79, </key>
<key name="ev"> 42, </key>
<key name="evaluat"> 42, </key>
<key name="evaluation"> 40,42, </key>
<key name="even"> 31,32,69,40,28,42,94,27,72,26, </key>
<key name="event"> 0,2,1,44,4,16,41,15, </key>
<key name="eventual"> 50, </key>
<key name="every"> 8,42,90,58, </key>
<key name="everyon"> 23,75,26, </key>
<key name="ex"> 31,47, </key>
<key name="exact"> 0,39,40,47,34,80,61,97,99,43, </key>
<key name="exampl"> 77,48,49,30,68,31,51,92,39,7,16,52,8,22,40,41,28,42,70,95,56,80,81,75,83,84,99,36,89,26,43, </key>
<key name="excel"> 68,80,83,84, </key>
<key name="except"> 0,49,86,16,8,12,80,60,98,15,89, </key>
<key name="exception"> 32,84, </key>
<key name="exchang"> 44,75, </key>
<key name="exclusive"> 24, </key>
<key name="execut"> 41,80,81,78,85, </key>
<key name="executabl"> 68,31,72, </key>
<key name="exist"> 48,20,52,40,28,42,61,90, </key>
<key name="expand"> 31,61, </key>
<key name="expect"> 91, </key>
<key name="expens"> 31, </key>
<key name="expir"> 94, </key>
<key name="explain"> 9, </key>
<key name="explanation"> 13, </key>
<key name="explor"> 31,50, </key>
<key name="export"> 97, </key>
<key name="extend"> 100, </key>
<key name="extension"> 31,83, </key>
<key name="extra"> 54, </key>
<key name="facilitat"> 1,24, </key>
<key name="familiar"> 84, </key>

</ftswdata>  
