<?xml version='1.0' encoding='windows-1252' ?>
<ftswdata>
<key name="ignor"> 57, </key>
<key name="iii"> 101, </key>
<key name="imag"> 98,37,87,38,91,104,55,105,56, </key>
<key name="immediat"> 59,111, </key>
<key name="immediate"> 39,12,57,89,123,103,127,128,60, </key>
<key name="implement"> 91, </key>
<key name="import"> 61,28,30,122,125,22, </key>
<key name="importanc"> 110, </key>
<key name="important"> 59,123, </key>
<key name="in"> 38, </key>
<key name="inactiv"> 59,119, </key>
<key name="inbound"> 69, </key>
<key name="inbox"> 66,113,70,71,57,73,35,59,89,122,101,93,15,79,125,81,74,63,76,85, </key>
<key name="inc"> 127,129, </key>
<key name="includ"> 1,61,47,38,23,70,24,10,57,40,35,34,14,101,102,95,114,16,104,125,52,32,62,55,105,5,60,76, </key>
<key name="incom"> 61,113,38,58,59,91,125, </key>
<key name="increas"> 38,62, </key>
<key name="indefinite"> 35, </key>
<key name="indicat"> 38,110,89,93,81, </key>
<key name="indicator"> 110,5, </key>
<key name="individual"> 41,14,92,93,107,83, </key>
<key name="information"> 2,130,29,113,38,99,23,17,8,10,25,26,57,58,73,28,51,34,122,41,31,94,79,16,97,19,52,107,32,20,112,62,127,56,22, </key>
<key name="informational"> 76, </key>
<key name="initial"> 116,71,125,54,45, </key>
<key name="inlin"> 85, </key>
<key name="input"> 57, </key>
<key name="insensitiv"> 57,101, </key>
<key name="insert"> 47,41,55, </key>
<key name="insid"> 70, </key>
<key name="instal"> 38,91, </key>
<key name="install"> 38, </key>
<key name="instanc"> 98,99,13,11,15,104, </key>
<key name="instead"> 113,122,125, </key>
<key name="integrat"> 130,73,76, </key>
<key name="interact"> 130,73,125,65, </key>
<key name="interest"> 44, </key>
<key name="interfac"> 73,101,77,79,114,125,62, </key>
<key name="internal"> 38,10,101,52,32, </key>
<key name="internet"> 113,68,39,41,95,114,125, </key>
<key name="interpret"> 0,57, </key>
<key name="interval"> 89,125, </key>
<key name="invit"> 2,17,12,18,21, </key>
<key name="invitation"> 0,2,1,17,8,9,10,15,16,107,20, </key>
<key name="isn"> 74,63, </key>
<key name="issu"> 112, </key>
<key name="italic"> 55, </key>
<key name="item"> 66,98,67,108,38,69,13,100,72,109,110,73,59,75,91,101,102,79,104,97,125,74,84,62,106,111,105,85, </key>
<key name="itself"> 60, </key>
<key name="j"> 85, </key>
<key name="jan"> 59, </key>
<key name="january"> 101, </key>
<key name="jdo"> 51, </key>
<key name="jo"> 101,33, </key>
<key name="job"> 23,121,125, </key>
<key name="john"> 117,101,127, </key>
<key name="jonathan"> 117, </key>
<key name="jpeg"> 98,38,91,104, </key>
<key name="jpg"> 37,38, </key>
<key name="js123"> 33, </key>
<key name="jsmith"> 33, </key>
<key name="junk"> 73,79,125,74,63,76,85, </key>
<key name="just"> 31,102,95,104,56, </key>
<key name="kb"> 99,101, </key>
<key name="keep"> 29,7,57,77,124,55, </key>
<key name="key"> 43,85, </key>
<key name="keyboard"> 125,65,85, </key>
<key name="keyword"> 49,101,102,54,55,105, </key>
<key name="kilobyt"> 101, </key>
<key name="know"> 17,8,10,40,51,102,16,52,32,43,53,54,33, </key>
<key name="known"> 17,8,91,16,19,128, </key>
<key name="l"> 85, </key>
<key name="label"> 69,117, </key>
<key name="languag"> 101,102,125,105, </key>
<key name="larg"> 99,57,110,64,101,77,74,63, </key>
<key name="last"> 0,99,23,39,26,35,59,30,41,101,102,43,129, </key>
<key name="latest"> 122, </key>
<key name="launch"> 130,38, </key>
<key name="layout"> 47,49,88,55, </key>
<key name="leaf"> 57,60, </key>
<key name="learn"> 102,105, </key>
<key name="least"> 101,112,44, </key>
<key name="leav"> 130,67,57,59,120,114, </key>
<key name="left"> 67,108,115,73,120,75,102,96,74,83,84,62,33,105,5,76,85, </key>
<key name="length"> 119,125, </key>
<key name="lenient"> 41, </key>
<key name="les"> 110, </key>
<key name="let"> 1,130,29,38,39,8,73,102,125,44,54,55,105,5,22, </key>
<key name="letter"> 54, </key>
<key name="level"> 66,49,50,70,77,125,52,55, </key>
<key name="lick"> 93, </key>
<key name="lif"> 121,125, </key>
<key name="lik"> 71,26,41,125, </key>
<key name="like"> 35,59, </key>
<key name="limit"> 99,77,22, </key>
<key name="lin"> 29,98,37,38,69,100,39,57,40,35,34,41,102,93,95,125,60, </key>
<key name="link"> 113,87,38,49,8,88,51,82,62,54,55,56,76, </key>
<key name="list"> 66,2,46,3,29,113,67,108,99,48,7,23,39,17,70,24,117,8,10,25,12,26,27,58,110,28,35,59,30,51,121,34,41,31,102,93,15,79,16,104,97,125,52,32,82,74,20,112,62,43,44,111,33,55,105,5,22,76,85, </key>
<key name="literal"> 105, </key>
<key name="local"> 77,124, </key>
<key name="locat"> 37,69,30, </key>
<key name="location"> 2,49,17,70,8,34,75,91,16,18,19,83,21,76, </key>
<key name="log"> 113,68,71,89,119,120,122,77,94,126,125,74,76, </key>
<key name="login"> 120, </key>
<key name="long"> 48,25,86,77,96,62,44, </key>
<key name="look"> 4,39,57,89,77, </key>
<key name="los"> 41,114, </key>
<key name="lot"> 123, </key>
<key name="low"> 93,97,62, </key>
<key name="lowercas"> 54, </key>
<key name="m"> 57,85, </key>
<key name="macintosh"> 68, </key>
<key name="mail"> 66,61,46,3,29,113,37,38,68,69,115,50,23,39,24,117,71,10,25,88,57,58,110,73,40,35,59,89,120,121,34,122,90,123,91,41,92,101,102,77,93,94,96,95,79,42,114,104,80,124,125,52,32,74,84,112,62,127,44,111,33,128,63,65,76,85, </key>
<key name="mailbox"> 29,4,50,70,71,59,34,123,77,124,125,107,82,83,112,76, </key>
<key name="main"> 60, </key>
<key name="maintain"> 28,55, </key>
<key name="majority"> 91, </key>
<key name="mak"> 0,130,98,13,10,88,26,101,102,15,97,52,107,32,21,55,105, </key>
<key name="malform"> 57, </key>
<key name="man"> 43, </key>
<key name="manag"> 1,61,48,10,121,34,122,125,52,107,32, </key>
<key name="manageabl"> 77, </key>
<key name="management"> 58, </key>
<key name="manual"> 74,84, </key>
<key name="mark"> 67,57,73,59,90,94,95,15,79,60,85, </key>
<key name="markup"> 125, </key>
<key name="martin"> 98, </key>
<key name="match"> 2,98,38,100,17,8,26,57,58,35,59,16,97,43,105,60,22, </key>
<key name="maximum"> 119,101,22, </key>
<key name="maxm"> 101, </key>
<key name="mb"> 99,101, </key>
<key name="md5sumsafterburn"> 54, </key>
<key name="mean"> 100,57,58,35,101,125,112,5, </key>
<key name="meant"> 68, </key>
<key name="mechanism"> 130,73, </key>
<key name="media"> 38, </key>
<key name="medium"> 111, </key>
<key name="meet"> 0,2,130,98,13,17,8,10,59,15,16,18,19,20, </key>
<key name="meeting"> 0,2,1,61,13,17,8,10,12,14,18,19,20, </key>
<key name="megabyt"> 101, </key>
<key name="menu"> 29,67,108,59,90,102,94,79,83,62,33,85, </key>
<key name="merg"> 47, </key>
<key name="messag"> 0,66,2,1,61,130,46,3,29,113,98,108,37,87,38,99,48,69,23,39,24,117,71,9,10,72,88,57,58,110,73,40,35,59,89,121,34,122,90,64,75,91,41,36,92,86,101,102,77,93,94,96,95,15,79,42,114,104,97,80,124,125,52,32,81,74,83,20,112,62,127,43,44,45,111,33,105,128,22,63,65,76,85, </key>
<key name="met"> 58, </key>
<key name="method"> 69,100,58,90, </key>
<key name="microsoft"> 37,38,68,73,91,101,104,105, </key>
<key name="middl"> 114,60, </key>
<key name="might"> 99,64,101,95,114,74,43,111,60,63, </key>
<key name="migrat"> 73, </key>
<key name="mik"> 35, </key>
<key name="mini"> 0,1,99,125,20,76, </key>
<key name="minimum"> 125, </key>
<key name="minm"> 101, </key>
<key name="minut"> 89,30,125, </key>
<key name="miscellaneou"> 29, </key>
<key name="mission"> 41, </key>
<key name="mix"> 104, </key>
<key name="mm"> 101, </key>
<key name="mod"> 88,21, </key>
<key name="modifi"> 26,55, </key>
<key name="monday"> 6, </key>
<key name="money"> 60, </key>
<key name="month"> 0,1,99,6,8,14,65,85, </key>
<key name="mous"> 0,66,29,67,93,79,114,81,62,43,5,22, </key>
<key name="mov"> 66,46,3,67,69,24,72,57,35,59,75,96,15,79,74,43,33,22,63,85, </key>
<key name="movabl"> 62, </key>
<key name="movi"> 38, </key>
<key name="mozilla"> 68, </key>
<key name="mpeg"> 38, </key>
<key name="mpg"> 38, </key>
<key name="much"> 77, </key>
<key name="multi"> 16, </key>
<key name="multipl"> 2,61,98,67,108,99,17,24,117,57,58,59,92,16,111,5,56,22,85, </key>
<key name="must"> 66,98,37,116,100,50,10,26,57,58,35,59,51,120,91,101,102,93,126,125,52,32,54, </key>
<key name="my"> 113,100,57,59,101,114, </key>
<key name="myra"> 120, </key>
<key name="myra123"> 120, </key>
<key name="n"> 85, </key>
<key name="nam"> 66,2,130,46,3,29,113,98,67,108,48,49,7,50,23,39,17,70,24,117,8,25,109,26,27,57,58,28,89,30,51,120,121,41,14,31,101,102,77,93,78,95,79,103,16,97,19,52,82,20,43,54,111,33,105,5,22,65,76, </key>
<key name="navigat"> 114,125,76,85, </key>
<key name="navigation"> 113, </key>
<key name="ne"> 113,38,17,8,120,114,52,21, </key>
<key name="nearest"> 57, </key>
<key name="necessary"> 8,58, </key>
<key name="need"> 37,39,110,77,33, </key>
<key name="negativ"> 59, </key>
<key name="network"> 91, </key>
<key name="nev"> 104,112, </key>
<key name="new"> 0,61,29,113,108,37,38,48,116,49,7,50,23,39,17,70,24,117,8,58,73,40,35,59,89,30,121,122,90,75,123,41,101,93,95,15,126,79,42,104,125,52,32,82,74,127,43,44,54,111,33,105,22,65,76,85, </key>
<key name="newest"> 93, </key>

</ftswdata>  
