<?xml version='1.0' encoding='windows-1252' ?>
<ftswdata>
<key name="chang"> 2,5,7,47,14,113,112,48,39,18,9,71,11,88,26,35,59,50,34,90,93,94,120,111,96,80,119,51,105,32,83,21,62,43,22,45,55,104,23,76,85, </key>
<key name="charact"> 59,78,94,109,60, </key>
<key name="character"> 113,100,43,104,60, </key>
<key name="characteristic"> 61,69,59,64, </key>
<key name="charg"> 35, </key>
<key name="check"> 4,97,68,98,48,8,24,39,70,88,27,58,59,89,116,64,117,17,103,119,82,121,45,122,6,23, </key>
<key name="choic"> 58,16,79,62, </key>
<key name="choos"> 2,67,106,113,112,49,24,39,70,9,72,26,58,59,116,90,91,36,92,101,77,78,103,118,119,32,74,83,84,109,63,76, </key>
<key name="chooser"> 68, </key>
<key name="chos"> 119, </key>
<key name="chosen"> 5,40, </key>
<key name="cisco"> 0, </key>
<key name="claim"> 103, </key>
<key name="classification"> 109, </key>
<key name="classify"> 106,69,73,109, </key>
<key name="clear"> 74,63, </key>
<key name="click"> 1,66,3,2,61,0,4,29,46,67,106,37,38,47,14,113,112,48,8,49,24,39,18,70,9,11,25,12,13,72,107,88,26,27,58,108,73,40,89,30,50,116,34,90,75,117,91,41,15,36,92,31,86,100,101,77,93,78,94,16,120,79,42,111,102,17,96,20,118,51,32,81,82,74,83,84,21,52,62,121,43,44,53,22,45,109,33,55,122,63,65,85, </key>
<key name="clickabl"> 62, </key>
<key name="client"> 61,0,38,68,69,49,11,88,73,28,116,34,90,91,77,79,111,119,105,32,62,104,65,76,85, </key>
<key name="clip"> 87,38,91,52, </key>
<key name="clos"> 112,116,15,36,111,45,85, </key>
<key name="cod"> 5,38,88,101,6, </key>
<key name="collaboration"> 61,68,86,56, </key>
<key name="collective"> 59, </key>
<key name="colon"> 78,109, </key>
<key name="color"> 4,46,5,48,8,39,88,50,119,45,55,6, </key>
<key name="column"> 2,46,68,7,113,112,49,116,34,93,20,81,62,55,6, </key>
<key name="com"> 39,26,59,50,116,100,121,43,33, </key>
<key name="combin"> 57,59,15, </key>
<key name="combination"> 57, </key>
<key name="comma"> 27,30,119,43, </key>
<key name="command"> 38,75,62,65, </key>
<key name="comment"> 16, </key>
<key name="commit"> 26,120, </key>
<key name="common"> 37, </key>
<key name="communicat"> 28, </key>
<key name="company"> 3,113,8,24,28,59,41,103,32,33, </key>
<key name="compar"> 58, </key>
<key name="comparison"> 99,57,58,60, </key>
<key name="complet"> 39,18,9,12,26,30,31,42,17,118,21,55,23, </key>
<key name="completion"> 25,43, </key>
<key name="complex"> 59,101,104, </key>
<key name="component"> 41, </key>
<key name="compos"> 3,61,37,48,39,25,88,73,40,94,79,42,111,119,51,32,74,121,44,33,55,23,65,85, </key>
<key name="compound"> 100, </key>
<key name="compres"> 38, </key>
<key name="compression"> 38, </key>
<key name="comput"> 0,38,68,39,116,91,119, </key>
<key name="computer"> 38,91, </key>
<key name="concern"> 41, </key>
<key name="condition"> 99,57,58,59, </key>
<key name="conferenc"> 17, </key>
<key name="configur"> 46,38,39,115,117,41,86,19,119,74,55,63,76, </key>
<key name="configuration"> 73, </key>
<key name="confirm"> 1,113, </key>
<key name="confirmation"> 4,39, </key>
<key name="conflict"> 19, </key>
<key name="consider"> 97,57,35,59,90,91,60, </key>
<key name="consist"> 3,28,59,34,41,54,55, </key>
<key name="consistent"> 55, </key>
<key name="constrain"> 100, </key>
<key name="constraint"> 21, </key>
<key name="consum"> 77, </key>
<key name="contact"> 61,29,106,87,98,113,112,24,39,18,9,25,26,27,57,28,114,30,41,31,101,95,79,17,103,96,119,105,74,21,110,121,43,109,33,104,23,63,65,85, </key>
<key name="contain"> 61,97,87,38,98,112,99,88,57,73,28,59,89,34,90,64,91,41,100,101,93,16,103,96,80,81,60, </key>
<key name="content"> 0,46,67,106,87,98,47,48,39,71,72,73,34,91,41,100,93,102,103,119,51,105,81,82,74,110,53,55,104,56,23,63,76,85, </key>
<key name="context"> 35,65, </key>
<key name="contiguou"> 67, </key>
<key name="continu"> 37,58,35,115,111,43, </key>
<key name="contradictory"> 59, </key>
<key name="control"> 67,106,76, </key>
<key name="conv"> 100, </key>
<key name="convenienc"> 28,62, </key>
<key name="convention"> 62, </key>
<key name="conversation"> 61,29,106,69,108,35,89,34,90,75,36,92,100,93,94,79,96,119,83,21,62,109,76,85, </key>
<key name="convert"> 87,55,104, </key>
<key name="cook"> 99, </key>
<key name="copi"> 57,80,119,44, </key>
<key name="copy"> 57,118,51,74,52,44, </key>
<key name="copyright"> 123, </key>
<key name="corn"> 53,76, </key>
<key name="corporat"> 58,28,101,110,33, </key>
<key name="corporation"> 121, </key>
<key name="correct"> 38,58,110,45,33, </key>
<key name="correction"> 45, </key>
<key name="correctnes"> 24, </key>
<key name="correspond"> 59,91,43, </key>
<key name="correspondenc"> 68, </key>
<key name="could"> 38,70,26,57,58,35,59,91,41,101,103,51,121,33, </key>
<key name="count"> 73,100, </key>
<key name="couri"> 55, </key>
<key name="creat"> 1,66,3,2,61,0,46,5,97,106,37,38,69,14,112,48,8,49,39,18,70,9,71,11,25,13,58,73,59,30,50,91,101,79,42,102,17,103,119,51,32,82,74,21,121,53,54,22,109,55,104,122,56,23,65,76,85, </key>
<key name="criteria"> 97,98,26,35,100,103,96, </key>
<key name="criterion"> 100, </key>
<key name="csv"> 27,30, </key>
<key name="ctrl"> 85, </key>
<key name="current"> 67,57,59,91,100,62,43,104,122,65,76, </key>
<key name="cursor"> 29,93,79,81,62,43,23, </key>
<key name="custom"> 70,9,72,57,35,76, </key>
<key name="customiz"> 4,47,9,71, </key>
<key name="d"> 43,85, </key>
<key name="dai"> 9,15, </key>
<key name="dal"> 43, </key>
<key name="dash"> 119,54, </key>
<key name="dat"> 1,0,98,14,18,9,57,35,41,100,17,19,103,21,104,65, </key>
<key name="data"> 101, </key>
<key name="databas"> 55, </key>
<key name="david"> 43, </key>
<key name="day"> 1,3,2,5,7,9,35,116,15,100,77,17,119,74,22,6,63,65, </key>
<key name="db"> 100,43, </key>
<key name="dbrink"> 43, </key>
<key name="dd"> 100, </key>
<key name="de"> 67, </key>
<key name="decemb"> 103, </key>
<key name="decid"> 40, </key>
<key name="declin"> 10,11,16,19,105,32, </key>
<key name="decreas"> 62, </key>
<key name="ded"> 43, </key>
<key name="deep"> 6, </key>
<key name="default"> 2,29,48,24,39,9,71,88,27,57,73,89,34,93,94,120,102,80,119,74,83,43,23,85, </key>
<key name="defin"> 66,3,61,46,98,39,70,59,78,103,119,105,85, </key>
<key name="definition"> 103,109, </key>
<key name="delegat"> 2,61,11, </key>
<key name="delet"> 66,61,67,14,11,25,12,13,72,107,57,73,59,86,77,95,16,79,42,80,118,119,32,74,84,56,23,63,85, </key>
<key name="delimit"> 119, </key>
<key name="deliver"> 57,59,64,110, </key>
<key name="deliverabl"> 39, </key>
<key name="delivery"> 87,64, </key>
<key name="demand"> 89, </key>
<key name="denot"> 108, </key>
<key name="department"> 28, </key>
<key name="depend"> 37,87,39,58,73,30,41,94,79,51,23,76, </key>
<key name="descend"> 81, </key>
<key name="describ"> 4,37,59,100,101,42,96,119,32,104, </key>
<key name="description"> 3,18,9,100,101,17,103,119,104,85, </key>
<key name="descriptiv"> 62,55, </key>
<key name="design"> 38,68,48,56, </key>
<key name="designat"> 61,122, </key>
<key name="designation"> 59, </key>
<key name="desir"> 75,44,33, </key>
<key name="desktop"> 37, </key>
<key name="destination"> 75, </key>
<key name="detail"> 24,75,100,96,22,23,65, </key>
<key name="detect"> 38,111, </key>
<key name="determin"> 3,64,33, </key>
<key name="dialog"> 1,2,4,47,113,8,49,39,70,10,11,25,27,58,50,91,15,36,92,111,102,119,51,32,82,52,44,22,109,33,55,65,85, </key>
<key name="different"> 2,0,5,97,68,98,8,39,18,9,57,73,35,41,111,103,62,109,55,104,76, </key>
<key name="difficult"> 92, </key>
<key name="direct"> 1,38,108,51,82,43,44, </key>
<key name="directiv"> 58, </key>
<key name="directory"> 3,28,101, </key>
<key name="disabl"> 0,11,119,32,121,22,23, </key>
<key name="disappear"> 43, </key>
<key name="discard"> 57,59, </key>
<key name="disk"> 27,77, </key>
<key name="display"> 1,66,3,2,4,29,5,67,98,7,47,48,8,49,24,39,18,9,71,10,11,88,26,27,58,73,40,35,30,116,34,91,15,77,93,94,16,111,102,17,119,51,32,82,74,83,52,62,43,44,22,45,55,104,56,23,65,76, </key>
<key name="distinguish"> 108,103, </key>
<key name="distribution"> 28, </key>
<key name="division"> 121, </key>
<key name="do"> 97,38,68,98,39,57,40,59,15,93,94,120,103,54,55,65, </key>
<key name="doc"> 38, </key>
<key name="document"> 61,37,87,38,47,49,91,100,51,105,53,55,104,56,76,85, </key>
<key name="dodd"> 43, </key>
<key name="dog"> 104, </key>
<key name="domain"> 98,39,116,100,101,104, </key>
<key name="don"> 68,69,39,57,77,111,103,118,119,74,121,43,33,63, </key>
<key name="door"> 104, </key>
<key name="doubl"> 1,67,38,14,26,34,91,93,78,22,109,33, </key>
<key name="down"> 3,67,18,9,26,58,117,101,17,103,96,118,81,62,43,109,104,23,85, </key>
<key name="download"> 38,68, </key>
<key name="draft"> 39,73,95,79,42,111,74,76,85, </key>
<key name="drag"> 1,66,106,14,25,72,75,95,74,21,62,22, </key>
<key name="drop"> 66,3,106,18,72,58,59,75,101,95,17,103,96,21,62,104,23, </key>
<key name="du"> 110, </key>
<key name="e"> 87,115,64,54,85, </key>
<key name="easi"> 48,88,55,104, </key>
<key name="eastern"> 18,9, </key>
<key name="easy"> 22,55, </key>
<key name="ed"> 44, </key>

</ftswdata>  
