<?xml version='1.0' encoding='windows-1252' ?>
<ftswdata>
<key name="edit"> 45,4,21,10,24,42,25,27,15,62,37,72,99,38,73,40,75,76,68, </key>
<key name="editor"> 33,70,69,75,76, </key>
<key name="edward"> 38, </key>
<key name="effect"> 113, </key>
<key name="eight"> 4, </key>
<key name="eith"> 0,2,90,70,34,17,8,9,10,55,80,56,30,77,93,15,95,16,88,96,112,72,57,39,119,28,75,76,47,68, </key>
<key name="element"> 73, </key>
<key name="eligibl"> 36, </key>
<key name="els"> 35, </key>
<key name="email"> 0,2,1,118,3,26,32,79,33,91,52,13,21,22,34,17,8,54,9,10,11,80,24,41,42,102,56,25,43,110,29,48,58,111,69,83,36,78,93,94,60,86,15,105,16,88,96,89,18,98,112,72,64,19,104,38,28,115,76,47,117, </key>
<key name="employe"> 36, </key>
<key name="empty"> 78,60,57,67,76,47, </key>
<key name="en"> 121, </key>
<key name="enabl"> 21,34,111,86,89,63,98,112,114,115, </key>
<key name="encyclopedia"> 121, </key>
<key name="end"> 33,17,8,69,93,86,16,96,112,20, </key>
<key name="enforc"> 60, </key>
<key name="engineer"> 114, </key>
<key name="enhancement"> 69, </key>
<key name="enough"> 111, </key>
<key name="ent"> 0,2,100,107,70,7,22,34,17,53,8,54,24,42,35,110,111,94,16,96,89,18,72,65,38,39,20,103,119,28,120,121,115,122,68, </key>
<key name="enter"> 0,21,70,24,95,75,122, </key>
<key name="entir"> 25,30,58,84,39, </key>
<key name="entri"> 21,25,83, </key>
<key name="entry"> 94,62,105, </key>
<key name="environment"> 33, </key>
<key name="equipment"> 2,88, </key>
<key name="erica"> 38, </key>
<key name="erica878"> 38, </key>
<key name="error"> 104, </key>
<key name="esc"> 38,68, </key>
<key name="escap"> 44,68, </key>
<key name="etc"> 91,75,97, </key>
<key name="ev"> 43, </key>
<key name="evaluat"> 43, </key>
<key name="evaluation"> 41,43, </key>
<key name="even"> 33,34,80,41,30,43,109,29,83,28, </key>
<key name="event"> 0,2,1,45,4,17,42,16, </key>
<key name="eventual"> 51, </key>
<key name="every"> 8,43,81,110,112,104,59, </key>
<key name="everyon"> 69,86,99,28, </key>
<key name="ex"> 33,48, </key>
<key name="exact"> 0,92,41,48,36,93,62,114,44, </key>
<key name="exampl"> 49,90,79,33,52,92,7,71,17,53,8,54,24,41,42,30,43,81,110,93,94,86,96,72,114,38,74,103,28,75,97,44, </key>
<key name="excel"> 79,93,96,97, </key>
<key name="except"> 0,100,21,17,8,12,69,93,61,113,16,103, </key>
<key name="exchang"> 45,86, </key>
<key name="execut"> 42,93,94,89,112,97, </key>
<key name="executabl"> 79,33,83, </key>
<key name="exist"> 49,71,22,53,41,30,62,104,75,76, </key>
<key name="expand"> 33,62, </key>
<key name="expect"> 105, </key>
<key name="expens"> 33, </key>
<key name="expir"> 109, </key>
<key name="explain"> 9,97, </key>
<key name="explanation"> 13, </key>
<key name="explor"> 51, </key>
<key name="export"> 112, </key>
<key name="extend"> 115, </key>
<key name="extension"> 33,48,96, </key>
<key name="external"> 72, </key>
<key name="extra"> 56, </key>
<key name="f"> 68, </key>
<key name="fac"> 75, </key>
<key name="facilitat"> 1,25, </key>
<key name="fact"> 38, </key>
<key name="fad"> 15, </key>
<key name="familiar"> 70,97, </key>
<key name="far"> 59, </key>
<key name="fast"> 36, </key>
<key name="favorit"> 65, </key>
<key name="fe"> 53,65, </key>
<key name="featur"> 1,45,118,91,52,21,56,25,43,29,111,69,83,84,93,94,113,105,89,112,66,46,114,38,20,103,75,97,115,117,59, </key>
<key name="feed"> 65, </key>
<key name="few"> 35,27,58,96,38, </key>
<key name="field"> 2,100,32,13,70,22,34,17,8,54,10,41,42,35,69,94,86,16,96,98,112,65,19,38,39,119,120,121, </key>
<key name="fil"> 45,90,32,79,33,70,7,22,41,35,43,27,48,69,83,36,84,93,94,60,87,96,112,75,97,76, </key>
<key name="filenam"> 33,93,96, </key>
<key name="fill"> 85, </key>
<key name="filt"> 106,92,41,42,43,85,113,62,112,57,44,47, </key>
<key name="filter"> 45,52,92,42,30,43,83,36,112,57,47, </key>
<key name="fin"> 57,47, </key>
<key name="finaliz"> 2, </key>
<key name="find"> 2,90,100,33,17,8,93,94,105,16,65,57,103,97,47, </key>
<key name="finish"> 42, </key>
<key name="firefox"> 51, </key>
<key name="first"> 2,1,51,6,71,22,34,24,42,29,83,36,93,94,85,113,96,18,112,19,38, </key>
<key name="fit"> 46, </key>
<key name="fiv"> 2,112,122, </key>
<key name="flag"> 100,91,41,102,43,29,93,68, </key>
<key name="float"> 44, </key>
<key name="focu"> 68, </key>
<key name="fold"> 49,3,50,91,52,71,34,53,54,10,23,55,41,42,56,30,43,81,29,58,78,93,60,85,87,61,62,37,105,95,63,112,72,99,65,57,67,47,59,68, </key>
<key name="folder"> 49,45,91,52,21,71,53,54,55,41,42,56,30,81,29,58,78,60,87,61,62,112,65,57,46,103,59, </key>
<key name="follow"> 0,2,1,90,50,33,91,6,17,8,41,42,56,30,69,36,93,60,105,16,96,72,99,57,46,38,103,97,59,122,68, </key>
<key name="font"> 34,112,75, </key>
<key name="forev"> 55, </key>
<key name="forget"> 108,60, </key>
<key name="format"> 32,33,70,34,80,27,84,93,112,73,74,75,76, </key>
<key name="forth"> 86,46, </key>
<key name="forward"> 45,91,35,30,61,62,98,112,103,68, </key>
<key name="four"> 8,119, </key>
<key name="fragment"> 85, </key>
<key name="fram"> 91, </key>
<key name="fre"> 2,1,45,21,92,17,8,16,88,18,121,5,44,122, </key>
<key name="friday"> 6,36, </key>
<key name="full"> 1,45,26,21,10,41,110,94,60,72,99,104,38,59, </key>
<key name="function"> 7,46,75, </key>
<key name="functionality"> 75, </key>
<key name="furth"> 50,8,43, </key>
<key name="futur"> 56, </key>
<key name="fwd"> 30, </key>
<key name="g"> 79,68, </key>
<key name="gal"> 25,94,89, </key>
<key name="general"> 51,107,48,69,36,112,76,68, </key>
<key name="generat"> 41,36,104, </key>
<key name="get"> 45,9,81,48,83,120,122, </key>
<key name="gif"> 32,33, </key>
<key name="gift"> 44, </key>
<key name="giv"> 9,42,76, </key>
<key name="given"> 76, </key>
<key name="global"> 34,17,8,25,94,16,89,28,97, </key>
<key name="go"> 2,118,17,8,54,41,42,81,27,29,69,16,112,66,114,119,97,121,117,122,68, </key>
<key name="good"> 51,74, </key>
<key name="googl"> 122, </key>
<key name="got"> 82,85, </key>
<key name="grammar"> 93, </key>
<key name="grant"> 3,10,72,99, </key>
<key name="grante"> 21,10,72,99, </key>
<key name="grantor"> 3,9,10, </key>
<key name="graphic"> 33, </key>
<key name="graphical"> 33,105, </key>
<key name="gray"> 22, </key>
<key name="great"> 93, </key>
<key name="green"> 4, </key>
<key name="ground"> 75, </key>
<key name="group"> 1,52,42,30,43,29,69,85,112,72,99,74,76, </key>
<key name="grow"> 38, </key>
<key name="guest"> 72, </key>
<key name="gui"> 105, </key>
<key name="guidelin"> 51, </key>
<key name="habit"> 105, </key>
<key name="hand"> 100,56,58,57,67,46, </key>
<key name="handl"> 112,57,47, </key>
<key name="happen"> 30,109,60,38, </key>
<key name="hav"> 43,82, </key>
<key name="haven"> 48, </key>
<key name="head"> 26,91,70,22,41,43,83,93,86,62,72,5,44, </key>
<key name="header"> 91,41,36,62,46, </key>
<key name="health"> 36, </key>
<key name="hello"> 93, </key>
<key name="help"> 57,47,59, </key>
<key name="her"> 2,33,17,56,96,112,122, </key>
<key name="hid"> 38, </key>
<key name="high"> 45,96,120, </key>
<key name="highlight"> 0,50,30,64,57,38,40,47, </key>
<key name="highway"> 120, </key>
<key name="him"> 10, </key>
<key name="holiday"> 71, </key>
<key name="hom"> 21,59, </key>
<key name="horizontal"> 17,8,16,18, </key>
<key name="hour"> 2,91,17,8,110,19, </key>
<key name="hov"> 0,118, </key>
<key name="how"> 107,22,10,30,110,82,36,14,78,60,85,86,112,74,75,97,115, </key>
<key name="htm"> 33, </key>
<key name="html"> 32,79,33,70,34,80,83,112,73,75,97,76, </key>
<key name="http"> 110,121, </key>
<key name="i"> 41,109,48,105,112,38,115,68, </key>
<key name="ical"> 7, </key>
<key name="icon"> 71,24,102,77,89,46,75,59, </key>
<key name="id"> 93, </key>
<key name="identify"> 43,98,46, </key>
<key name="if"> 0,2,118,3,26,90,100,79,33,51,91,13,107,21,70,71,34,17,8,54,11,55,80,41,42,56,30,43,108,109,110,29,48,58,111,83,36,14,60,85,86,15,62,105,95,16,88,89,18,98,112,57,66,19,104,46,114,38,39,73,74,20,75,97,121,47,59,122, </key>
<key name="ignor"> 41, </key>
<key name="iii"> 93, </key>
<key name="imag"> 90,32,79,33,83,96,75,97,76, </key>
<key name="immediat"> 43,103, </key>
<key name="immediate"> 34,12,41,81,111,95,114,115,44, </key>
<key name="implement"> 83, </key>
<key name="import"> 45,25,27,112, </key>
<key name="importanc"> 102, </key>
<key name="important"> 43,111, </key>
<key name="in"> 33, </key>
<key name="inactiv"> 43,109, </key>
<key name="inbound"> 52, </key>
<key name="inbox"> 49,53,54,41,56,30,43,81,93,85,15,62,112,64,57,47,59,68, </key>
<key name="inc"> 114,116, </key>
<key name="includ"> 1,45,33,70,22,53,41,35,30,29,14,93,86,105,16,96,112,46,120,75,97,5,44,76,59,122, </key>
<key name="incom"> 45,33,42,43,83,112, </key>
<key name="increas"> 33,46, </key>
<key name="indefinite"> 30, </key>
<key name="indicat"> 33,102,81,85,64, </key>
<key name="indicator"> 102,5, </key>
<key name="individual"> 36,14,84,85,66, </key>
<key name="information"> 2,118,26,33,91,21,22,17,8,23,24,41,42,56,25,29,69,36,77,62,16,89,18,72,99,19,104,46,114,119,121,76, </key>
<key name="informational"> 59, </key>

</ftswdata>  
