<?xml version='1.0' encoding='windows-1252' ?>
<!-- saved from url=(0014)about:internet -->
<ftswdata>
<key name="display"> 74,0,1,2,54,49,3,121,30,128,4,75,108,6,56,57,58,123,7,24,40,25,8,79,9,96,28,67,81,36,31,134,135,35,100,42,32,15,111,85,102,103,105,126,16,129,112,17,18,139,127,60,50,33,52,90,82,91,71,45,48,119,63,114,22,64,53,23,73,84, </key>
<key name="distinguish"> 118,113, </key>
<key name="distribution"> 29, </key>
<key name="division"> 141, </key>
<key name="do"> 107,39,76,108,40,66,41,68,15,110,102,105,140,113,50,62,63,73, </key>
<key name="doc"> 39, </key>
<key name="document"> 70,54,38,95,39,56,58,59,100,110,111,85,139,60,61,62,63,114,64,93, </key>
<key name="dodd"> 45, </key>
<key name="dog"> 110,115,114, </key>
<key name="domain"> 108,40,134,110,111,114, </key>
<key name="don"> 77,40,66,136,110,129,113,138,82,45,34,72, </key>
<key name="door"> 110,115,114, </key>
<key name="doubl"> 0,75,39,122,13,27,35,100,102,86,119,34,22, </key>
<key name="down"> 2,121,75,40,8,27,67,135,125,137,111,17,18,113,106,138,89,71,45,119,114,23, </key>
<key name="download"> 39,76,100, </key>
<key name="dozen"> 50, </key>
<key name="draft"> 40,81,110,87,43,129,82,84, </key>
<key name="drag"> 74,0,121,116,26,80,13,83,125,104,82,21,71,22, </key>
<key name="drop"> 74,2,121,116,40,80,27,67,68,135,83,111,104,17,18,113,106,21,71,114,23, </key>
<key name="du"> 120,121,44, </key>
<key name="e"> 95,133,99, </key>
<key name="�"> 131, </key>
<key name="easi"> 57,96,47,63,114, </key>
<key name="eastern"> 8,18, </key>
<key name="easy"> 121,63,22, </key>
<key name="ed"> 46, </key>
<key name="edit"> 70,4,56,122,10,27,67,29,136,16,51,87,43,127,60,33,52,45,61,62,48,63,64,23, </key>
<key name="editor"> 70,39,57,139,47,61,62,63,64, </key>
<key name="edward"> 45, </key>
<key name="effect"> 140, </key>
<key name="eight"> 4, </key>
<key name="eith"> 120,0,2,107,56,57,40,8,9,10,80,81,36,135,32,110,105,16,112,17,18,19,113,139,127,60,33,82,46,34,63,64,72,93, </key>
<key name="element"> 61, </key>
<key name="eligibl"> 42, </key>
<key name="els"> 41, </key>
<key name="email"> 120,70,144,0,1,2,54,49,3,121,30,128,38,95,39,108,56,77,24,40,25,8,79,9,10,11,13,96,27,66,67,118,81,29,68,59,134,135,35,136,99,83,137,100,42,94,110,111,85,103,105,126,16,129,17,18,19,113,20,138,139,127,60,50,33,52,89,21,44,45,47,34,142,64,53,23,72,73,93, </key>
<key name="embed"> 64, </key>
<key name="employe"> 42, </key>
<key name="empty"> 94,85,82,92,72, </key>
<key name="enabl"> 70,30,40,136,137,110,103,105,106,88,138,139,141,142,23,84, </key>
<key name="enclos"> 110, </key>
<key name="end"> 39,8,105,17,18,113,139,141,22, </key>
<key name="enforc"> 85, </key>
<key name="engineer"> 141, </key>
<key name="english"> 110, </key>
<key name="enough"> 137, </key>
<key name="ent"> 0,2,121,128,116,131,57,7,24,40,78,25,8,79,10,27,67,41,59,134,135,137,111,17,18,113,106,20,139,127,60,33,52,90,45,46,119,34,22,142,73, </key>
<key name="enter"> 0,121,128,57,27,110,112,50,23, </key>
<key name="entir"> 29,36,83,101,46, </key>
<key name="entri"> 29,100,23, </key>
<key name="entry"> 25,111,87,129, </key>
<key name="environment"> 39, </key>
<key name="equipment"> 2,19, </key>
<key name="equivalent"> 110, </key>
<key name="erica"> 45, </key>
<key name="erica878"> 45, </key>
<key name="error"> 128,44, </key>
<key name="esc"> 45, </key>
<key name="escap"> 69, </key>
<key name="establish"> 59, </key>
<key name="estimat"> 121, </key>
<key name="etc"> 108,131,110,115,63,114,73, </key>
<key name="ev"> 68, </key>
<key name="evaluat"> 68, </key>
<key name="evaluation"> 66,68, </key>
<key name="even"> 39,40,96,66,36,68,133,35,100,34, </key>
<key name="event"> 70,0,1,2,4,67,17,18, </key>
<key name="eventual"> 76, </key>
<key name="every"> 8,68,97,134,139,50,44,84, </key>
<key name="everyon"> 25,105,50,34, </key>
<key name="ex"> 39,99, </key>
<key name="exact"> 0,109,66,99,42,110,87,141,69, </key>
<key name="exampl"> 74,128,107,95,39,77,109,58,7,78,8,79,27,66,67,36,68,97,59,134,135,110,111,105,18,113,139,60,52,71,141,45,62,119,34,63,114,69,84, </key>
<key name="excel"> 95,110,113,114, </key>
<key name="except"> 0,116,8,12,110,86,140,17,18,119,73, </key>
<key name="exchang"> 70,105, </key>
<key name="execut"> 67,111,106,139,114, </key>
<key name="executabl"> 95,39,100, </key>
<key name="exist"> 74,58,24,78,66,36,14,135,87,139,44,62,63, </key>
<key name="expand"> 39,87, </key>
<key name="expect"> 129, </key>
<key name="expens"> 39, </key>
<key name="expir"> 133,134, </key>
<key name="explain"> 9,114, </key>
<key name="explanation"> 13, </key>
<key name="explor"> 76, </key>
<key name="export"> 70,28,65,139,23, </key>
<key name="extend"> 142, </key>
<key name="extension"> 39,99,113, </key>
<key name="external"> 120,10,127,60,50,33,52,63,64, </key>
<key name="extra"> 81, </key>
<key name="fac"> 63, </key>
<key name="facilitat"> 1,29, </key>
<key name="fact"> 45, </key>
<key name="fad"> 16, </key>
<key name="familiar"> 57,114, </key>
<key name="fast"> 134,42, </key>
<key name="favorit"> 139,90, </key>
<key name="fe"> 78,90, </key>
<key name="featur"> 120,70,144,1,108,77,25,81,29,68,134,35,136,137,100,101,110,111,140,129,106,139,91,71,141,45,119,63,114,22,142,23,73,84, </key>
<key name="february"> 110, </key>
<key name="feed"> 90, </key>
<key name="few"> 41,31,14,83,32,113,45, </key>
<key name="field"> 2,121,116,38,131,57,24,40,25,8,79,10,13,66,67,41,135,125,110,111,105,17,18,113,138,139,127,33,90,21,45,46, </key>
<key name="fil"> 70,121,107,38,95,39,57,7,24,28,65,66,41,68,31,14,99,100,42,101,110,111,85,104,113,139,33,63,114,64, </key>
<key name="filenam"> 39,110,113, </key>
<key name="fill"> 102, </key>
<key name="filt"> 130,109,66,67,68,102,140,87,82,69,72, </key>
<key name="filter"> 70,77,109,67,36,68,100,42,139,82,72, </key>
<key name="fin"> 82,72, </key>
<key name="finaliz"> 2, </key>
<key name="find"> 2,107,116,39,25,8,110,111,129,17,18,90,82,115,119,114,72, </key>
<key name="finish"> 120,122,67, </key>
<key name="firefox"> 76, </key>
<key name="first"> 1,2,76,6,24,40,27,67,35,100,42,32,110,111,102,140,113,20,139,21,45, </key>
<key name="fit"> 71, </key>
<key name="fiv"> 2,139, </key>
<key name="fix"> 128, </key>
<key name="flag"> 116,108,66,118,68,35,110, </key>
<key name="float"> 69, </key>
<key name="fold"> 74,54,49,3,128,75,108,56,77,58,40,78,79,10,26,80,66,67,81,36,68,97,135,35,136,83,94,110,85,102,104,86,126,51,87,43,129,112,88,139,127,60,50,33,52,90,82,92,119,53,72,84, </key>
<key name="folder"> 74,70,49,128,108,77,58,78,79,80,66,67,81,36,97,135,35,83,94,85,86,87,139,50,52,90,82,71,119,53,84, </key>
<key name="follow"> 120,70,0,1,2,128,107,75,39,108,6,130,8,10,124,66,67,81,36,59,135,125,42,110,85,129,17,18,113,139,127,60,33,52,82,71,45,119,114,73,84,93, </key>
<key name="followup"> 139, </key>
<key name="font"> 55,40,139,47,63, </key>
<key name="forev"> 80, </key>
<key name="forget"> 132, </key>
<key name="format"> 38,39,57,40,96,28,31,14,135,101,110,139,47,61,62,63,64, </key>
<key name="forth"> 105,71, </key>
<key name="forward"> 70,128,108,66,67,41,36,135,136,110,86,87,138,139,141,119,53, </key>
<key name="four"> 8, </key>
<key name="fragment"> 102, </key>
<key name="fram"> 108, </key>
<key name="fre"> 70,1,2,5,109,8,17,18,19,20,69,23, </key>
<key name="friday"> 6,42, </key>
<key name="friend"> 135, </key>
<key name="full"> 120,70,1,30,56,10,66,134,111,85,127,60,33,52,44,45,23,84, </key>
<key name="function"> 7,71,63, </key>
<key name="functionality"> 63, </key>
<key name="furth"> 75,8,68, </key>
<key name="futur"> 81, </key>
<key name="fwd"> 36, </key>
<key name="g"> 95, </key>
<key name="gal"> 25,27,29,111, </key>
<key name="general"> 76,131,130,40,99,42,110,139,47,73,93, </key>
<key name="generat"> 66,42,44, </key>
<key name="get"> 9,97,136,99,100, </key>
<key name="gif"> 38,39, </key>
<key name="gift"> 69, </key>
<key name="giv"> 120,9,67,127,50,63,64, </key>
<key name="given"> 50, </key>
<key name="global"> 40,8,29,111,17,18,139,34,114, </key>
<key name="go"> 144,2,8,79,28,65,66,67,97,31,14,135,35,17,18,139,91,114,73,93, </key>
<key name="good"> 76,134,103,62, </key>
<key name="got"> 98, </key>
<key name="grammar"> 110, </key>
<key name="grant"> 54,49,3,10,59,126,127,60,33,52,53, </key>
<key name="grante"> 56,10,127,60,50,33,52,23, </key>
<key name="grantor"> 54,49,3,56,9,10,59,126,127,33,52,53, </key>
<key name="graphic"> 70,39, </key>
<key name="graphical"> 39,129, </key>
<key name="gray"> 24, </key>
<key name="great"> 110, </key>
<key name="green"> 4, </key>
<key name="group"> 70,1,77,24,25,10,27,67,36,68,35,32,102,139,127,60,33,52,62,23, </key>
<key name="grow"> 45, </key>
<key name="guest"> 120,10,127,60,50,33,52, </key>
<key name="gui"> 129, </key>
<key name="guidelin"> 76, </key>
<key name="habit"> 129, </key>
<key name="hand"> 116,81,83,82,92,71, </key>
<key name="handl"> 139,82,72, </key>
<key name="happen"> 36,133,85,45, </key>
<key name="hav"> 121,68,135,98, </key>
<key name="haven"> 99, </key>
<key name="head"> 30,5,108,57,123,24,66,68,59,135,100,110,103,105,87,69, </key>
<key name="header"> 108,66,42,87,71, </key>
<key name="heading"> 63, </key>
<key name="health"> 42, </key>
<key name="hello"> 110, </key>
<key name="help"> 70,130,135,82,72,73,84, </key>
<key name="her"> 2,121,39,81,134,103,18,113,139, </key>
<key name="hid"> 45, </key>
<key name="hierarchy"> 58, </key>
<key name="high"> 120,70,49,113, </key>

</ftswdata>  
