<?xml version='1.0' encoding='windows-1252' ?>
<ftswdata>
<key name="featur"> 0,42,90,78,50,17,68,92,22,40,55,96,72,79,80,98,83,77,97,64,43,99,34,15,88,84,100,57, </key>
<key name="feed"> 63, </key>
<key name="few"> 31,56,82,83, </key>
<key name="field"> 28,11,17,18,30,14,6,8,38,39,31,80,74,13,82,97,63,34,35, </key>
<key name="fil"> 76,42,28,67,29,17,18,38,31,40,25,45,71,32,79,80,58,75,82,83,97,84, </key>
<key name="filenam"> 29,79,82, </key>
<key name="filt"> 16,92,38,39,40,98,97,41,44, </key>
<key name="filter"> 42,50,37,39,26,40,71,32,73,97,44, </key>
<key name="fin"> 44, </key>
<key name="financ"> 39, </key>
<key name="find"> 76,85,90,21,79,80,83,88,84,44, </key>
<key name="finish"> 39, </key>
<key name="firefox"> 49, </key>
<key name="first"> 0,49,4,91,17,18,30,20,39,54,25,71,32,79,80,73,98,82,97,34, </key>
<key name="fit"> 43, </key>
<key name="flag"> 85,78,38,87,40,25,79, </key>
<key name="float"> 41, </key>
<key name="fold"> 47,48,90,78,50,16,17,51,52,38,39,53,26,40,69,54,55,25,56,66,79,58,73,75,59,60,33,81,61,97,63,65,84,44,57, </key>
<key name="folder"> 47,42,78,50,51,52,92,38,39,53,26,69,56,66,58,59,60,63,43,88,84,57, </key>
<key name="follow"> 76,0,48,29,90,78,4,14,6,68,38,39,53,26,32,79,58,13,82,83,97,43,34,88, </key>
<key name="font"> 30,68,92, </key>
<key name="forev"> 52, </key>
<key name="forget"> 93,58, </key>
<key name="format"> 28,29,30,68,38,72,79,97, </key>
<key name="forth"> 74,43, </key>
<key name="forward"> 42,78,31,26,59,60,97,88, </key>
<key name="four"> 6, </key>
<key name="fragment"> 73, </key>
<key name="fram"> 78, </key>
<key name="fre"> 0,42,17,37,14,6,13,3,41, </key>
<key name="friday"> 4,32, </key>
<key name="full"> 0,42,23,17,8,38,95,80,58,89,57, </key>
<key name="function"> 5,43,57, </key>
<key name="furth"> 48,38,40, </key>
<key name="futur"> 53, </key>
<key name="fwd"> 26, </key>
<key name="g"> 67, </key>
<key name="gal"> 21,22,80,77, </key>
<key name="gb"> 78,79, </key>
<key name="general"> 49,91,40,45,32,97, </key>
<key name="generat"> 38,32,97,89, </key>
<key name="get"> 7,45,71, </key>
<key name="gif"> 28,29, </key>
<key name="gift"> 41, </key>
<key name="gigabyt"> 79, </key>
<key name="giv"> 7, </key>
<key name="global"> 14,6,21,22,80,13,77,24,84, </key>
<key name="go"> 38,39, </key>
<key name="good"> 49, </key>
<key name="got"> 70,73,89, </key>
<key name="grammar"> 79, </key>
<key name="grant"> 1,8, </key>
<key name="grante"> 8, </key>
<key name="grantor"> 1,7, </key>
<key name="graphic"> 29, </key>
<key name="graphical"> 29,90, </key>
<key name="gray"> 18, </key>
<key name="great"> 79, </key>
<key name="group"> 0,50,92,21,26,40,25, </key>
<key name="grow"> 34, </key>
<key name="gui"> 90, </key>
<key name="guid"> 92, </key>
<key name="guidelin"> 49, </key>
<key name="habit"> 90, </key>
<key name="hand"> 85,86,53,56,73,65,43, </key>
<key name="handl"> 40,44, </key>
<key name="happen"> 5,26,58,34, </key>
<key name="hard"> 97, </key>
<key name="hav"> 54,70, </key>
<key name="haven"> 45, </key>
<key name="head"> 23,78,18,38,40,71,32,79,74,35,3,41, </key>
<key name="header"> 38,32,60,43, </key>
<key name="health"> 32, </key>
<key name="hello"> 79, </key>
<key name="help"> 92,44,57, </key>
<key name="her"> 29,53,82, </key>
<key name="hidden"> 92, </key>
<key name="high"> 42,82, </key>
<key name="highlight"> 48,26,62,34,36,44, </key>
<key name="him"> 8, </key>
<key name="hom"> 17,57, </key>
<key name="horizontal"> 14,6,13, </key>
<key name="hour"> 78,14,6, </key>
<key name="how"> 91,17,92,26,40,69,70,32,66,58,73,74,97,100, </key>
<key name="htm"> 29, </key>
<key name="html"> 28,67,29,30,68,92,83,97, </key>
<key name="http"> 95, </key>
<key name="i"> 90,38,94,45,100, </key>
<key name="icon"> 20,87,77,43, </key>
<key name="id"> 79, </key>
<key name="identify"> 40,43, </key>
<key name="if"> 76,1,23,48,85,28,67,29,90,49,78,11,91,17,18,30,14,6,52,68,92,38,39,53,26,40,69,93,94,95,25,45,56,96,71,32,58,73,74,60,33,81,13,83,77,97,64,89,43,99,34,35,15,84,44, </key>
<key name="ignor"> 38, </key>
<key name="iii"> 79, </key>
<key name="imag"> 76,28,67,29,71,79,82,83, </key>
<key name="immediat"> 40,88, </key>
<key name="immediate"> 30,38,96,99,84,100,41, </key>
<key name="implement"> 71, </key>
<key name="import"> 42,22,97, </key>
<key name="importanc"> 87, </key>
<key name="important"> 50,40,96, </key>
<key name="in"> 29, </key>
<key name="inactiv"> 40,94, </key>
<key name="inbound"> 50, </key>
<key name="inbox"> 47,51,52,38,53,26,40,69,54,55,79,73,12,97,62,44,57, </key>
<key name="inc"> 99, </key>
<key name="includ"> 0,42,29,90,18,68,38,31,26,55,25,79,74,13,82,83,43,35,41,57, </key>
<key name="incom"> 42,29,39,40,71,97, </key>
<key name="increas"> 29,43, </key>
<key name="increment"> 14,6, </key>
<key name="indefinite"> 26, </key>
<key name="indicat"> 29,87,53,69,73,62,89, </key>
<key name="indicator"> 87, </key>
<key name="individual"> 55,32,73,64, </key>
<key name="information"> 23,29,78,17,18,14,6,19,92,38,53,22,25,32,13,77,89,43,99,84, </key>
<key name="informational"> 57, </key>
<key name="initial"> 97,36, </key>
<key name="insensitiv"> 38,79, </key>
<key name="insert"> 32, </key>
<key name="insid"> 51, </key>
<key name="instal"> 29, </key>
<key name="install"> 29, </key>
<key name="installation"> 92, </key>
<key name="instanc"> 76,78,11,82, </key>
<key name="interest"> 35, </key>
<key name="interfac"> 90,92,53,79,58,60,43, </key>
<key name="internal"> 29,79, </key>
<key name="internet"> 90,49,30,32,74,97,34, </key>
<key name="interpret"> 38, </key>
<key name="invit"> 14,10,15, </key>
<key name="invitation"> 46,0,14,6,7,8,12,13, </key>
<key name="isn"> 44, </key>
<key name="issu"> 89, </key>
<key name="item"> 76,47,48,85,29,50,11,37,9,52,86,87,53,40,55,70,56,71,79,80,60,82,77,62,65,43,88,57, </key>
<key name="itself"> 68,41, </key>
<key name="jan"> 40, </key>
<key name="january"> 79, </key>
<key name="jo"> 79,24, </key>
<key name="job"> 18, </key>
<key name="john"> 79,99, </key>
<key name="jpeg"> 76,29,71,82, </key>
<key name="jpg"> 28,29, </key>
<key name="js123"> 24, </key>
<key name="jsmith"> 24, </key>
<key name="junk"> 53,97,44,57, </key>
<key name="just"> 26,80,74,82,35, </key>
<key name="kb"> 78,79, </key>
<key name="keep"> 5,38,58, </key>
<key name="keyword"> 79,80, </key>
<key name="kilobyt"> 79, </key>
<key name="know"> 31,40,24, </key>
<key name="known"> 14,6,71,13,100, </key>
<key name="label"> 50,92, </key>
<key name="languag"> 79,80,84, </key>
<key name="larg"> 78,38,87,45,79,58,44, </key>
<key name="last"> 46,78,17,18,30,20,26,40,32,79,80,34,101, </key>
<key name="launch"> 29, </key>
<key name="layout"> 68, </key>
<key name="leaf"> 38,41, </key>
<key name="learn"> 80, </key>
<key name="least"> 53,79,89,35, </key>
<key name="leav"> 48,90,38,40, </key>
<key name="left"> 48,85,16,86,53,95,56,75,65,43,24,84,57, </key>
<key name="length"> 94, </key>
<key name="lenient"> 32, </key>
<key name="les"> 87, </key>
<key name="let"> 0,29,30,6,34,35,84, </key>
<key name="level"> 51,58, </key>
<key name="lik"> 18,20,32,97, </key>
<key name="like"> 26,40, </key>
<key name="limit"> 78,17,58,83, </key>
<key name="lin"> 76,23,28,29,78,50,37,30,92,38,31,26,55,25,32,79,80,73,74,97,41, </key>
<key name="link"> 67,29,6,63,43, </key>
<key name="list"> 47,1,23,48,85,17,5,18,14,51,6,8,19,10,92,39,87,53,21,22,26,40,69,55,25,32,80,60,13,82,77,97,62,63,89,43,34,35,88,24,84, </key>
<key name="listing"> 53, </key>
<key name="literal"> 83, </key>
<key name="load"> 54, </key>
<key name="local"> 58, </key>
<key name="locat"> 28,50, </key>
<key name="location"> 14,51,6,25,56,71,79,13,15,57, </key>
<key name="log"> 49,91,94,54,95,58,98,97,57, </key>
<key name="logic"> 39, </key>
<key name="login"> 94,95, </key>
<key name="long"> 19,55,66,58,75,43,35,100, </key>
<key name="look"> 2,30,38,69,58, </key>
<key name="los"> 90,32, </key>
<key name="lot"> 96, </key>
<key name="low"> 31,73,77,43,84, </key>
<key name="m"> 38, </key>
<key name="macintosh"> 49, </key>
<key name="mail"> 47,42,1,23,28,29,90,49,50,16,17,18,30,19,68,92,38,39,53,31,21,22,26,40,69,95,55,70,56,96,71,32,72,79,80,58,73,75,74,33,82,83,61,97,64,65,89,99,35,88,24,84,100,44, </key>
<key name="mailbox"> 2,91,92,40,58,63,89, </key>
<key name="main"> 41, </key>
<key name="maintain"> 92,22, </key>
<key name="majority"> 71, </key>
<key name="mak"> 76,11,8,68,20,79,80,12,77,97,15,84, </key>
<key name="malform"> 38, </key>
<key name="manag"> 0,42,8,92,25, </key>
<key name="manageabl"> 58, </key>
<key name="management"> 39, </key>
<key name="manual"> 50,65, </key>
<key name="mark"> 38,53,40,70,12,60,41, </key>
<key name="martin"> 76, </key>
<key name="match"> 76,29,37,14,6,20,92,38,39,26,40,13,83,77,34,41, </key>
<key name="maximum"> 17,94,79, </key>
<key name="maxm"> 79, </key>
<key name="mb"> 78,79, </key>
<key name="mean"> 37,38,39,26,54,79,97,89,3, </key>
<key name="medium"> 88, </key>
<key name="meet"> 76,46,11,14,6,8,40,12,13, </key>

</ftswdata>  
