﻿<?xml version='1.0' encoding='utf-8' ?>
<!-- saved from url=(0014)about:internet -->
<ftswdata>
<key name="!"> 71,43,113,117,68, </key>
<key name="%"> 126,113,117, </key>
<key name="&amp;"> 113,117, </key>
<key name="'"> 2,143,8,103,113,18,19,117, </key>
<key name="*"> 112,65,141,113,118,117,68, </key>
<key name="-"> 76,123,69,151,0,1,2,50,124,31,56,133,4,77,119,40,5,111,57,80,81,58,59,127,7,25,41,82,138,10,128,27,84,120,11,12,13,99,28,29,65,66,121,85,37,67,100,140,32,60,141,36,101,87,129,103,43,38,104,97,113,114,105,90,17,147,52,91,18,116,109,21,146,131,61,34,73,53,86,95,22,45,70,148,48,49,122,35,63,117,23,149,150,68,74,64,24,72,88, </key>
<key name="1"> 81,60,113,116,131,149, </key>
<key name="10"> 146, </key>
<key name="100"> 126,146, </key>
<key name="110"> 143, </key>
<key name="12"> 113,146,150, </key>
<key name="1212"> 148, </key>
<key name="12k"> 113, </key>
<key name="143"> 143, </key>
<key name="2"> 81,113,116,131, </key>
<key name="2005"> 150, </key>
<key name="2007"> 43,113,149,150, </key>
<key name="22"> 100, </key>
<key name="25"> 146, </key>
<key name="3"> 81,146,131, </key>
<key name="30"> 37,113, </key>
<key name="303"> 148, </key>
<key name="4"> 131, </key>
<key name="5"> 1,100,146,131, </key>
<key name="5.0"> 150, </key>
<key name="50"> 146, </key>
<key name="555"> 148, </key>
<key name="6"> 150, </key>
<key name="7"> 1,4,18, </key>
<key name="9"> 113, </key>
<key name="_"> 113,117, </key>
<key name="`"> 75, </key>
<key name="abbreviation"> 47, </key>
<key name="ability"> 0,24, </key>
<key name="abl"> 39,98,40,137,51, </key>
<key name="abov"> 4,36,108,78,148, </key>
<key name="absenc"> 67, </key>
<key name="accent"> 137, </key>
<key name="accept"> 1,55,130,50,3,4,10,99,71,60,17,20,48,49,54, </key>
<key name="acces"> 123,69,1,55,130,50,3,143,124,133,79,57,10,85,60,141,52,146,131,61,51,34,73,53,78,122,74,54,24,88,96, </key>
<key name="accessibility"> 71,146, </key>
<key name="accord"> 80,108, </key>
<key name="account"> 69,143,133,79,138,8,85,141,142,144,147,18,19,20,145,146,34,148,74, </key>
<key name="account'"> 143, </key>
<key name="acm"> 28,113,148,46,35, </key>
<key name="acrobat"> 40, </key>
<key name="acros"> 35, </key>
<key name="action"> 77,65,66,121,67,17,91,146,61,53,70,88, </key>
<key name="activ"> 79,66,67,141,70, </key>
<key name="activat"> 103, </key>
<key name="activiti"> 123,0,1,4,5,6,57,7,10,53,63, </key>
<key name="activity"> 0,5,140, </key>
<key name="actual"> 40,43,54, </key>
<key name="ad"> 123,2,55,130,50,3,124,31,56,133,4,125,127,25,26,27,60,142,17,19,146,22,46,47,35,63,74,24, </key>
<key name="add"> 123,69,2,124,31,56,133,119,5,57,58,25,41,26,138,8,10,27,13,66,42,30,15,71,60,142,108,17,91,18,19,145,146,61,34,73,53,78,148,35,63,74,64,24,75, </key>
<key name="addition"> 124,110,82,8,60,97,86,63, </key>
<key name="additional"> 31,7,25,8,10,65,30,67,33,18,19,146,61,34,73,53,70,148,24, </key>
<key name="addres"> 76,69,151,143,31,133,111,136,59,25,41,26,138,8,10,27,28,29,65,30,67,32,60,141,142,144,103,43,33,113,114,108,91,18,19,20,21,145,146,131,61,51,34,73,53,22,45,70,148,46,47,35,63,74,24,75,88, </key>
<key name="addresse"> 42,47, </key>
<key name="adjust"> 106, </key>
<key name="administration"> 40,86, </key>
<key name="administrator"> 69,151,98,40,79,111,137,8,139,140,141,102,103,97,89,18,19,20,146,86,95,45,24,72, </key>
<key name="adob"> 110,40,116, </key>
<key name="adres"> 75, </key>
<key name="advanc"> 69,143,133,110,111,81,85,141,113,91,115,116,109,146,117,75,88, </key>
<key name="advantag"> 63, </key>
<key name="advis"> 41, </key>
<key name="affect"> 147, </key>
<key name="again"> 39,140,106,115, </key>
<key name="aid"> 122,117, </key>
<key name="ajax"> 81,141, </key>
<key name="aka"> 86,72, </key>
<key name="alias"> 146, </key>
<key name="alignment"> 56, </key>
<key name="allow"> 111,57,26,138,65,67,142,103,113,114,91,146,61,53,148,117, </key>
<key name="allowabl"> 113, </key>
<key name="almost"> 103, </key>
<key name="alon"> 114, </key>
<key name="along"> 80,104,89, </key>
<key name="alphabetiz"> 32, </key>
<key name="already"> 31,119,140,20,63, </key>
<key name="alternative"> 119, </key>
<key name="although"> 114, </key>
<key name="alway"> 4,99,71,141,142,103,113,134,109,146,86,46,35,23,74, </key>
<key name="am"> 149, </key>
<key name="amb"> 113, </key>
<key name="amount"> 140,89, </key>
<key name="and"> 113, </key>
<key name="angl"> 108, </key>
<key name="animation"> 40, </key>
<key name="announcement"> 51, </key>
<key name="anoth"> 76,55,130,50,3,143,77,39,40,80,59,82,26,84,28,85,37,67,87,129,144,107,91,134,115,116,146,86,45,49,122,74,54, </key>
<key name="another'"> 130, </key>
<key name="any"> 76,123,69,0,2,124,31,110,119,40,5,111,6,59,41,8,83,10,27,120,12,65,66,85,67,140,103,43,16,97,113,114,90,108,17,147,52,134,18,19,20,109,92,146,131,61,51,34,73,53,93,86,22,47,122,117,68,74,24,72,75,88, </key>
<key name="anyon"> 10,131,61,51,34,73,53, </key>
<key name="anyth"> 131, </key>
<key name="anyway"> 41, </key>
<key name="anywher"> 113,114,146, </key>
<key name="ap"> 77,119,65,66,67,91,134,146,148,122,24, </key>
<key name="appear"> 0,31,133,110,119,39,112,41,138,8,10,27,65,42,30,37,67,100,71,141,101,87,103,38,104,16,113,114,105,108,91,18,19,116,21,146,34,73,148,46,47,122,35,23,74,54, </key>
<key name="appli"> 133,77,119,138,65,66,37,67,113,116,122, </key>
<key name="application"> 69,40,136,67,71,103,43,134,146,46,74,64,75,88,96, </key>
<key name="apply"> 77,146, </key>
<key name="appointment"> 69,0,1,2,7,8,11,13,17,18,19,21,146,22,46,122,117,23,75, </key>
<key name="appropriat"> 133,39,103,17,131,74, </key>
<key name="area"> 123,2,124,10,28,66,85,114,106,18,116,109,61,34,73,53,88, </key>
<key name="arial"> 146, </key>
<key name="arriv"> 111,66,86, </key>
<key name="arrives:forward"> 145, </key>
<key name="arrow"> 0,25,82,8,36,33,114,108,18,19,116,109,93,94,70,46,122,117, </key>
<key name="ascend"> 93, </key>
<key name="ask"> 37,103,43,74, </key>
<key name="assign"> 69,119,137,146,61,53,148,24,96, </key>
<key name="assistant"> 123,124,51,75, </key>
<key name="associat"> 143,31,67,142, </key>
<key name="assum"> 40,116, </key>
<key name="asterisk"> 113,118,117,68, </key>
<key name="atom"> 82,78, </key>
<key name="attach"> 124,133,39,40,138,103,116,22, </key>
<key name="attachment"> 69,143,124,110,39,98,40,111,41,8,13,65,42,67,36,102,103,43,113,114,89,108,17,18,19,116,146,22,63,117,74,64, </key>
<key name="attachment:word"> 113, </key>
<key name="attack"> 102, </key>
<key name="attempt"> 74, </key>
<key name="attende"> 0,2,8,11,13,18,19,21,146,22,46,23, </key>
<key name="attendee'"> 69,8,12,18,19, </key>
<key name="attribut"> 113, </key>
<key name="audio"> 117, </key>
<key name="august"> 149, </key>
<key name="authenticat"> 141, </key>
<key name="author"> 69, </key>
<key name="auto"> 31,27,146,149,24, </key>
<key name="autocomplet"> 60,146,46, </key>
<key name="automat"> 86,72, </key>
<key name="automatic"> 100,89,46, </key>
<key name="automatical"> 69,143,31,133,40,80,82,26,138,27,12,65,66,67,140,141,43,97,107,108,17,145,146,86,95,148,149, </key>
<key name="availability"> 69,8,71,18,19,20,21, </key>
<key name="availabl"> 123,151,0,124,4,25,8,27,30,71,141,18,19,146,46,35,63,74,88, </key>
<key name="away"> 71,146,149, </key>
<key name="back"> 55,130,50,3,133,79,138,27,71,141,101,70,49,75, </key>
<key name="background"> 56,99,146,48,63, </key>
<key name="backslash"> 68, </key>
<key name="bad"> 45, </key>
<key name="ban"> 0,89,18, </key>
<key name="bana"> 112, </key>
<key name="banana"> 112,65,113,117,68, </key>
<key name="bananafloat"> 68, </key>
<key name="bananasboat"> 68, </key>
<key name="bandanna"> 68, </key>
<key name="bar"> 124,110,5,59,8,28,113,89,106,115,18,19,21,70,88, </key>
<key name="bas"> 81,141, </key>
<key name="basi"> 84, </key>
<key name="basic"> 110,111,71,113,116,62,63,150, </key>
<key name="bcc"> 31,25,41,42,114,46,47,35, </key>
<key name="be"> 65,67,38,61,53, </key>
<key name="becom"> 2,5,8,71,43,18,19,22,46, </key>
<key name="befor"> 2,55,130,50,3,143,124,133,111,41,26,138,65,71,113,114,108,17,116,146,78,86,49,35,68,72, </key>
<key name="begin"> 56,37,91,46, </key>
<key name="behalf"> 51,53, </key>
<key name="behav"> 70,46, </key>
<key name="behavior"> 46, </key>
<key name="below"> 133,41,26,138,106,146,148,46,75,88, </key>
<key name="beneath"> 116, </key>
<key name="best"> 146, </key>
<key name="beta"> 69,71, </key>
<key name="big"> 113, </key>
<key name="billybob"> 46, </key>
<key name="black"> 146, </key>
<key name="blank"> 58,41, </key>
<key name="blind"> 47, </key>
<key name="block"> 98,40,102, </key>
<key name="blu"> 4, </key>
<key name="boat"> 68, </key>
<key name="bob"> 46, </key>
<key name="body"> 111,41,99,65,42,67,43,114,105,108,116,146,117,75, </key>
<key name="bold"> 85,100,71,36,101, </key>
<key name="book"> 76,69,151,31,136,59,25,26,27,28,29,30,32,103,33,114,146,34,35,74,24,75, </key>
<key name="bord"> 56, </key>
<key name="bos"> 67, </key>
<key name="both"> 31,110,112,87,113,116,68, </key>
<key name="bottom"> 94, </key>
<key name="bounc"> 89,45, </key>
<key name="box"> 133,110,5,111,126,41,26,138,99,28,66,67,32,36,87,113,114,116,109,146,70,148,46,35,117,149, </key>

</ftswdata>  
