<?xml version='1.0' encoding='windows-1252' ?>
<!-- saved from url=(0014)about:internet -->
<ftswdata>
<key name="0"> 146, </key>
<key name="1"> 79,61,112,115,129,145, </key>
<key name="10"> 142, </key>
<key name="100"> 124,142, </key>
<key name="12"> 112,142, </key>
<key name="1212"> 144, </key>
<key name="12k"> 112, </key>
<key name="14"> 146, </key>
<key name="2"> 79,112,115,129, </key>
<key name="2005"> 146, </key>
<key name="2007"> 44,112,145,146, </key>
<key name="22"> 99, </key>
<key name="25"> 142, </key>
<key name="3"> 79,142,129, </key>
<key name="30"> 38,112, </key>
<key name="303"> 144, </key>
<key name="4"> 129, </key>
<key name="5"> 5,1,99,142,129,146, </key>
<key name="50"> 142, </key>
<key name="555"> 144, </key>
<key name="7"> 5,1,4,19, </key>
<key name="9"> 112,146, </key>
<key name="abbreviation"> 48, </key>
<key name="ability"> 0,25, </key>
<key name="abl"> 40,97,41,133,52, </key>
<key name="abov"> 4,37,107,144, </key>
<key name="absenc"> 69, </key>
<key name="accent"> 133, </key>
<key name="accept"> 5,1,56,51,3,4,11,98,61,128,18,21,49,50,55, </key>
<key name="acces"> 122,71,1,56,51,3,123,77,58,11,83,61,137,128,53,142,129,62,52,35,54,92,121,55,25,86, </key>
<key name="accord"> 78,107, </key>
<key name="account"> 71,130,77,134,9,83,137,138,139,140,143,19,20,21,141,142,35,144, </key>
<key name="acm"> 29,112,144,47,36, </key>
<key name="acrobat"> 41, </key>
<key name="acros"> 36, </key>
<key name="action"> 76,67,68,120,69,18,89,62,54,72,86, </key>
<key name="activ"> 77,68,69,137,72, </key>
<key name="activat"> 102, </key>
<key name="activiti"> 5,122,0,1,4,6,7,58,8,11,54,65, </key>
<key name="activity"> 0,6,136, </key>
<key name="actual"> 41,44,55, </key>
<key name="ad"> 122,2,56,51,3,123,32,57,130,4,59,125,26,27,61,138,128,18,20,142,23,47,48,36,65,25, </key>
<key name="add"> 122,71,2,123,32,57,130,118,6,58,59,26,42,27,134,9,11,14,68,43,31,16,61,138,107,18,89,19,20,141,142,62,35,54,144,64,36,65,66,25,74, </key>
<key name="addition"> 123,109,80,9,61,96,84,65, </key>
<key name="additional"> 32,8,26,9,11,67,31,69,34,19,20,62,35,54,72,144,25, </key>
<key name="addres"> 75,71,147,32,130,110,132,60,26,42,27,134,9,11,28,29,30,67,31,69,33,61,137,138,139,140,102,44,34,112,113,107,89,19,20,21,22,141,142,129,62,52,35,54,23,46,72,144,47,48,36,65,116,25,74,86,95, </key>
<key name="addresse"> 43,48, </key>
<key name="administration"> 41,84, </key>
<key name="administrator"> 71,147,97,41,77,110,133,9,135,136,137,101,102,96,87,19,20,21,142,84,94,46,25,73, </key>
<key name="adob"> 109,41,115, </key>
<key name="adres"> 74, </key>
<key name="advanc"> 130,109,110,79,83,137,112,89,114,115,108,142,116,74,86, </key>
<key name="advantag"> 65, </key>
<key name="advis"> 42, </key>
<key name="affect"> 143, </key>
<key name="again"> 40,136,105,114, </key>
<key name="aid"> 121,116, </key>
<key name="ajax"> 79,137, </key>
<key name="aka"> 84,73, </key>
<key name="alias"> 142, </key>
<key name="alignment"> 57, </key>
<key name="allow"> 110,58,27,134,67,69,138,102,112,113,89,62,54,144,64,116, </key>
<key name="allowabl"> 112, </key>
<key name="almost"> 102, </key>
<key name="alon"> 113, </key>
<key name="along"> 78,103,87, </key>
<key name="alphabetiz"> 33, </key>
<key name="already"> 32,118,136,21,65, </key>
<key name="alternative"> 118, </key>
<key name="although"> 113, </key>
<key name="alway"> 4,98,137,138,102,112,131,108,142,84,47,36,24, </key>
<key name="am"> 145, </key>
<key name="amb"> 112, </key>
<key name="amount"> 136,87, </key>
<key name="and"> 112, </key>
<key name="angl"> 107, </key>
<key name="animation"> 41, </key>
<key name="announcement"> 52, </key>
<key name="anoth"> 75,56,51,3,76,40,41,78,60,80,27,82,29,83,38,69,139,85,127,140,106,128,89,131,114,115,142,84,46,50,121,55, </key>
<key name="any"> 75,122,71,0,2,123,32,109,118,41,6,110,7,60,42,9,81,11,28,119,13,67,68,83,69,136,102,44,17,96,112,113,88,107,18,143,53,131,19,20,21,108,90,142,129,62,52,35,54,91,84,23,48,121,116,70,25,73,74,86, </key>
<key name="anyon"> 11,129,62,52,35,54, </key>
<key name="anyth"> 129, </key>
<key name="anyway"> 42, </key>
<key name="anywher"> 112,113,142, </key>
<key name="ap"> 76,118,67,68,69,89,131,142,144,121,25, </key>
<key name="appear"> 0,32,130,109,118,40,133,111,42,134,9,11,126,28,67,43,31,38,69,99,137,100,85,102,39,103,17,112,113,104,107,89,19,20,115,22,142,35,144,47,48,121,36,24,55, </key>
<key name="appli"> 130,76,118,134,67,68,38,69,112,115,121, </key>
<key name="application"> 71,41,132,69,102,44,131,142,47,66,74,86,95, </key>
<key name="apply"> 76,142, </key>
<key name="appointment"> 5,71,0,1,2,8,9,12,14,18,19,20,22,142,23,47,24,74,95, </key>
<key name="appropriat"> 130,40,102,18,129, </key>
<key name="area"> 122,2,123,11,29,68,83,113,19,115,108,62,35,54,86, </key>
<key name="arial"> 142, </key>
<key name="around"> 64, </key>
<key name="arriv"> 110,68,141,84, </key>
<key name="arrow"> 0,26,80,9,37,34,113,107,19,20,115,108,91,92,93,72,47,121,116, </key>
<key name="ascend"> 91, </key>
<key name="ask"> 38,102,44,131, </key>
<key name="assign"> 71,118,133,142,62,54,144,25, </key>
<key name="assistant"> 122,123,52,74, </key>
<key name="associat"> 32,69,138, </key>
<key name="assum"> 41,115, </key>
<key name="asterisk"> 112,117,116,70, </key>
<key name="atom"> 80,92, </key>
<key name="attach"> 123,130,40,41,134,102,115,23, </key>
<key name="attachment"> 71,123,109,40,97,41,110,42,9,14,67,43,69,37,139,101,102,44,112,113,87,107,18,19,20,115,108,142,23,65,116,66, </key>
<key name="attack"> 101, </key>
<key name="attende"> 71,0,2,9,12,13,14,19,20,22,142,23,47,24, </key>
<key name="attribut"> 112, </key>
<key name="audio"> 116, </key>
<key name="august"> 145, </key>
<key name="authenticat"> 137, </key>
<key name="author"> 71, </key>
<key name="auto"> 32,28,142,145,25, </key>
<key name="autocomplet"> 61,142,47, </key>
<key name="automat"> 84,73, </key>
<key name="automatic"> 99,87,47, </key>
<key name="automatical"> 32,130,41,78,80,27,134,13,67,68,69,136,139,44,96,106,107,18,141,142,84,94,144,64,65,145, </key>
<key name="availability"> 9,19,20,21,22, </key>
<key name="availabl"> 122,147,0,123,4,26,9,28,31,137,19,20,142,47,36,65,86, </key>
<key name="averylongpagenameispossibl"> 64, </key>
<key name="away"> 145, </key>
<key name="back"> 56,51,3,130,77,134,137,100,128,72,64,50,74, </key>
<key name="background"> 57,98,142,49,65, </key>
<key name="backslash"> 70, </key>
<key name="bad"> 46,64, </key>
<key name="ban"> 0,87,19, </key>
<key name="bana"> 111, </key>
<key name="banana"> 111,67,112,116,70, </key>
<key name="bananafloat"> 70, </key>
<key name="bananasboat"> 70, </key>
<key name="bandanna"> 70, </key>
<key name="bar"> 123,109,6,60,9,29,112,87,114,19,20,22,142,72,86, </key>
<key name="bas"> 79,137, </key>
<key name="basi"> 82, </key>
<key name="basic"> 109,110,112,115,63,65, </key>
<key name="bcc"> 32,26,42,43,113,47,48,36, </key>
<key name="be"> 59,67,69,39,62,54, </key>
<key name="becom"> 2,6,9,44,19,20,23,47,65, </key>
<key name="befor"> 2,56,51,3,123,130,110,42,27,134,67,138,112,113,107,128,18,131,115,142,92,84,64,50,36,70,73, </key>
<key name="begin"> 57,38,89,47, </key>
<key name="behalf"> 52,54, </key>
<key name="behav"> 72,47, </key>
<key name="behavior"> 47, </key>
<key name="below"> 130,42,27,134,105,142,144,47,74,86, </key>
<key name="beneath"> 115, </key>
<key name="beta"> 146, </key>
<key name="big"> 112, </key>
<key name="billybob"> 47, </key>
<key name="black"> 142, </key>
<key name="blank"> 59,42,64, </key>
<key name="blind"> 48, </key>
<key name="block"> 97,41,101, </key>
<key name="blu"> 4, </key>
<key name="boat"> 70, </key>
<key name="bob"> 47, </key>
<key name="body"> 110,42,98,67,43,69,44,113,104,107,115,142,116,74, </key>
<key name="bold"> 83,99,37,100, </key>
<key name="book"> 75,71,147,32,132,60,26,27,28,29,30,31,33,102,34,113,142,35,36,25,74,95, </key>
<key name="bord"> 57, </key>
<key name="bos"> 69, </key>
<key name="both"> 32,109,111,85,112,115,70, </key>
<key name="bottom"> 93, </key>
<key name="bounc"> 87,46, </key>
<key name="box"> 130,109,6,110,124,42,27,134,98,29,68,69,33,37,85,112,113,115,108,142,72,144,47,36,116,145, </key>
<key name="boxman"> 109, </key>
<key name="br"> 48, </key>
<key name="bracket"> 107, </key>
<key name="breakfast"> 111, </key>
<key name="briefcas"> 71, </key>
<key name="brink"> 47, </key>
<key name="brows"> 147,40,41,77,33,16,137,102,103,112,131,72,66,86, </key>
<key name="browser"> 41,77,79,137, </key>
<key name="budget"> 115, </key>
<key name="build"> 112,115, </key>
<key name="built"> 78, </key>
<key name="bullet"> 98,49, </key>
<key name="busines"> 142, </key>
<key name="busy"> 71,1,2,6,9,19,20,22, </key>
<key name="button"> 75,41,77,26,80,139,127,44,143,89,131,115,108,142,92,72,48,36,86, </key>
<key name="byt"> 110,112, </key>
<key name="cal"> 109,134,31,69,61,138,112,115,142,36,66, </key>
<key name="calendar"> 5,75,122,71,147,0,1,2,3,123,4,6,7,132,60,8,9,10,11,12,13,14,15,16,17,18,19,20,142,129,23,47,24,74,86,95, </key>
<key name="california"> 9,20, </key>
<key name="call"> 147, </key>
<key name="camelcas"> 64, </key>
<key name="cancel"> 58,126,12, </key>

</ftswdata>  
