<?xml version='1.0' encoding='windows-1252' ?>
<ftswdata>
<key name="0"> 123, </key>
<key name="1"> 50,100,103,122, </key>
<key name="10"> 119, </key>
<key name="100"> 119, </key>
<key name="11"> 100, </key>
<key name="12"> 100,119, </key>
<key name="1212"> 121, </key>
<key name="123"> 100, </key>
<key name="12k"> 100, </key>
<key name="2"> 103, </key>
<key name="20"> 43, </key>
<key name="2005"> 41,100,122, </key>
<key name="2006"> 123, </key>
<key name="22"> 89, </key>
<key name="25"> 119, </key>
<key name="3"> 100, </key>
<key name="30"> 35,100, </key>
<key name="303"> 121, </key>
<key name="4"> 123, </key>
<key name="5"> 2,89,119, </key>
<key name="50"> 119, </key>
<key name="555"> 121, </key>
<key name="7"> 2,5,17, </key>
<key name="8"> 123, </key>
<key name="9"> 100, </key>
<key name="abbreviation"> 44, </key>
<key name="ability"> 1,105,23, </key>
<key name="abl"> 37,87,38,119, </key>
<key name="abov"> 5,34,100, </key>
<key name="absenc"> 59, </key>
<key name="accept"> 2,4,5,11,88,16,19,105,32,21,45, </key>
<key name="acces"> 2,4,68,47,11,73,50,116,51,105,32,82,109,23,76, </key>
<key name="accord"> 69, </key>
<key name="account"> 18,9,73,116,117,120,17,19,118,119, </key>
<key name="acm"> 26,100,121,43,33, </key>
<key name="acrobat"> 38, </key>
<key name="acros"> 33, </key>
<key name="action"> 67,57,58,108,59,16,79,51,62,76, </key>
<key name="activ"> 68,58,59,62, </key>
<key name="activat"> 91, </key>
<key name="activiti"> 1,2,5,7,8,11,32,55,6, </key>
<key name="activity"> 1,115,6, </key>
<key name="actual"> 38,41, </key>
<key name="ad"> 3,4,29,46,5,48,24,18,100,94,16,119,21,121,43,44,33,55,23, </key>
<key name="add"> 3,29,46,106,37,47,14,48,24,39,18,9,58,40,28,50,16,79,17,118,119,51,32,52,121,33,55,6,56,23,65, </key>
<key name="addition"> 97,70,9,86,74,55, </key>
<key name="additional"> 29,8,24,18,9,57,28,59,17,51,32,62,121,56,23, </key>
<key name="addres"> 66,61,0,29,98,49,24,39,18,9,11,25,26,27,57,28,59,30,50,116,117,91,41,31,100,101,94,79,17,19,96,20,118,119,51,105,32,21,110,52,62,43,44,33,55,104,23,65,76,85, </key>
<key name="addresse"> 40,44, </key>
<key name="administration"> 38,74,63, </key>
<key name="administrator"> 0,87,38,68,98,113,18,9,114,115,116,64,91,86,100,77,17,19,119,74,84,110,23,63, </key>
<key name="adob"> 97,38,103, </key>
<key name="adres"> 65, </key>
<key name="advanc"> 61,98,100,104,65, </key>
<key name="advantag"> 55, </key>
<key name="advis"> 39, </key>
<key name="affect"> 120, </key>
<key name="again"> 37,115,102, </key>
<key name="aid"> 109,104, </key>
<key name="aka"> 74,63, </key>
<key name="alignment"> 46, </key>
<key name="allow"> 68,98,47,57,59,91,100,101,79,51,54,104, </key>
<key name="allowabl"> 100, </key>
<key name="almost"> 91, </key>
<key name="alon"> 101, </key>
<key name="along"> 69,92,77, </key>
<key name="alphabetiz"> 30, </key>
<key name="already"> 29,106,115,19,52, </key>
<key name="alternative"> 106, </key>
<key name="although"> 101, </key>
<key name="alway"> 5,88,116,91,100,111,96,119,74,121,43,22,33, </key>
<key name="am"> 122, </key>
<key name="amb"> 100, </key>
<key name="amount"> 115,77, </key>
<key name="angl"> 94, </key>
<key name="animation"> 38, </key>
<key name="anoth"> 66,4,67,38,68,69,70,72,73,35,59,75,117,95,79,111,102,103,119,74,110,52,45,109, </key>
<key name="any"> 1,66,3,29,97,106,38,98,7,49,39,18,9,71,11,25,13,107,57,58,73,59,115,91,41,15,86,100,101,78,94,16,120,111,17,19,96,80,119,51,105,32,81,74,21,44,109,104,6,60,23,63,65,76, </key>
<key name="anyon"> 51,105, </key>
<key name="anyway"> 39, </key>
<key name="anywher"> 101,109, </key>
<key name="ap"> 67,106,57,58,59,79,111,109,23, </key>
<key name="appear"> 1,29,97,106,37,113,99,39,18,9,25,26,57,40,28,35,59,89,116,90,75,91,41,15,36,92,100,101,93,94,79,17,103,20,52,121,43,44,22,109,33, </key>
<key name="appli"> 67,106,57,58,35,59,100,103,109, </key>
<key name="application"> 2,38,68,113,112,49,59,116,91,41,111,119,43,56,76,85, </key>
<key name="apply"> 67,119, </key>
<key name="appointment"> 1,3,2,61,14,8,18,9,12,16,17,20,119,21,43,22,65,85, </key>
<key name="appropriat"> 37,91,16, </key>
<key name="area"> 3,11,26,58,73,101,17,103,96,51,32,76, </key>
<key name="arial"> 119, </key>
<key name="around"> 100, </key>
<key name="arriv"> 98,58,74, </key>
<key name="arrow"> 1,24,18,70,9,26,34,31,101,94,17,103,96,81,82,83,62,43,109,104,85, </key>
<key name="ascend"> 81, </key>
<key name="ask"> 35,91,41,111,52, </key>
<key name="assign"> 106,113,51,23, </key>
<key name="assistant"> 65,85, </key>
<key name="associat"> 29,59, </key>
<key name="assum"> 38,103, </key>
<key name="assur"> 119, </key>
<key name="asterisk"> 104,60, </key>
<key name="atom"> 70,82, </key>
<key name="attach"> 37,38,91,103,21,56, </key>
<key name="attachment"> 61,97,37,87,38,98,14,39,18,9,57,40,59,34,64,91,41,100,101,77,94,16,17,103,96,119,21,52,55,104,56,85, </key>
<key name="attack"> 64, </key>
<key name="attende"> 1,3,61,14,18,9,12,13,17,20,119,21,43,22, </key>
<key name="attribut"> 100, </key>
<key name="audio"> 104, </key>
<key name="august"> 122, </key>
<key name="authenticat"> 116, </key>
<key name="author"> 61, </key>
<key name="auto"> 25,119,122,23, </key>
<key name="autocomplet"> 50,43, </key>
<key name="automat"> 74,63, </key>
<key name="automatic"> 89,77,121,43, </key>
<key name="automatical"> 29,38,69,70,13,57,58,89,115,41,86,95,94,16,118,119,74,84,121,54,55,122,63, </key>
<key name="availability"> 18,9,17,19,20, </key>
<key name="availabl"> 1,0,5,24,18,9,25,28,17,119,121,43,33,55,76, </key>
<key name="averylongpagenameispossibl"> 54, </key>
<key name="away"> 122, </key>
<key name="b"> 100, </key>
<key name="back"> 4,68,116,90,111,62,45, </key>
<key name="background"> 46,88,119,55, </key>
<key name="backslash"> 60, </key>
<key name="backspac"> 85, </key>
<key name="bad"> 110,54, </key>
<key name="ban"> 1,77,17, </key>
<key name="bana"> 99, </key>
<key name="banana"> 99,57,100,104,60, </key>
<key name="bananafloat"> 60, </key>
<key name="bananasboat"> 60, </key>
<key name="bandanna"> 60, </key>
<key name="bar"> 97,49,18,9,26,77,102,17,20,62,6,76, </key>
<key name="basi"> 72, </key>
<key name="basic"> 97,98,103,53,55, </key>
<key name="bcc"> 29,24,39,40,101,119,43,44,33, </key>
<key name="be"> 48,57,59,51,54, </key>
<key name="becom"> 3,18,9,41,17,21,43,6, </key>
<key name="befor"> 3,4,98,57,100,101,94,16,111,103,119,82,74,54,45,33,60,63, </key>
<key name="begin"> 46,35,79,43, </key>
<key name="behalf"> 11,32, </key>
<key name="behav"> 62,43, </key>
<key name="behavior"> 43, </key>
<key name="below"> 39,11,43,65,76, </key>
<key name="beneath"> 103, </key>
<key name="billybob"> 43, </key>
<key name="black"> 119, </key>
<key name="blank"> 48,39,54, </key>
<key name="blind"> 44, </key>
<key name="block"> 87,38,64, </key>
<key name="blu"> 5, </key>
<key name="boat"> 60, </key>
<key name="bob"> 43, </key>
<key name="body"> 98,39,88,57,40,59,41,100,101,93,94,103,119,121,104,65, </key>
<key name="bold"> 73,89,34,90, </key>
<key name="book"> 66,61,0,29,49,24,25,27,28,30,91,31,101,105,32,33,23,65,76,85, </key>
<key name="bord"> 46, </key>
<key name="bos"> 59, </key>
<key name="both"> 29,97,99,75,103,60, </key>
<key name="bottom"> 83, </key>
<key name="bounc"> 77,110, </key>
<key name="box"> 97,98,39,88,26,58,59,30,34,101,103,96,119,83,62,121,43,33,104,122,6,76, </key>
<key name="boxman"> 97, </key>
<key name="br"> 44, </key>
<key name="bracket"> 94, </key>
<key name="breakfast"> 99, </key>
<key name="brink"> 43, </key>
<key name="brows"> 0,37,38,68,30,116,91,92,111,52,62,56,76, </key>
<key name="browser"> 38,68, </key>
<key name="budget"> 103, </key>
<key name="build"> 97,98,102,103,96,104, </key>
<key name="built"> 69, </key>
<key name="bullet"> 88, </key>
<key name="busines"> 121, </key>
<key name="busy"> 3,2,61,18,9,17,20,6, </key>
<key name="button"> 66,38,68,24,70,116,41,120,79,111,103,96,82,62,121,44,33,76, </key>
<key name="byt"> 98,100, </key>
<key name="c"> 85, </key>
<key name="cal"> 97,28,59,50,100,103,33,55,56, </key>
<key name="calendar"> 1,66,3,2,61,0,4,5,7,14,112,8,49,18,9,10,11,12,13,15,16,17,119,105,32,21,43,22,6,65,76,85, </key>
<key name="california"> 18,9, </key>
<key name="call"> 0, </key>
<key name="cancel"> 47,11,12,85, </key>
<key name="cannot"> 66,87,47,49,70,11,72,57,28,92,86,100,95,79,51,105,32,74,110,55,104,23, </key>
<key name="capability"> 61, </key>
<key name="capital"> 54,55, </key>
<key name="capitalization"> 57, </key>
<key name="car"> 91,41, </key>
<key name="carbon"> 44, </key>
<key name="card"> 23, </key>
<key name="cas"> 57,91,100,95,43,54,104, </key>
<key name="casserol"> 57,60, </key>
<key name="categori"> 106,23,85, </key>
<key name="categoriz"> 69, </key>
<key name="caus"> 97,94,111,119,43, </key>
<key name="cc"> 29,97,98,24,39,57,40,100,101,94,119,21,43,44,33, </key>
<key name="cel"> 46, </key>
<key name="cell"> 46, </key>
<key name="certain"> 1,38,98,69,57,64,100,77,74,110,43,109,63, </key>
<key name="chanc"> 91, </key>

</ftswdata>  
