<?xml version='1.0' encoding='windows-1252' ?>
<ftswdata>
<key name="turn"> 42,102,43,112,19,115, </key>
<key name="turnaround"> 103, </key>
<key name="two"> 49,50,53,8,80,25,43,29,96,112,74,28,75,97,44, </key>
<key name="txt"> 33,93, </key>
<key name="typ"> 0,49,2,118,90,32,79,33,91,21,7,71,34,17,53,8,54,10,42,56,25,43,110,48,69,83,93,94,86,62,105,95,16,96,89,18,112,72,65,114,38,74,119,120,75,97,121,44, </key>
<key name="typical"> 32,79,33, </key>
<key name="u"> 68, </key>
<key name="ui"> 69,112, </key>
<key name="unacceptabl"> 79, </key>
<key name="undeliverabl"> 104, </key>
<key name="undergo"> 43, </key>
<key name="undo"> 12, </key>
<key name="unflag"> 91,93, </key>
<key name="uniqu"> 71, </key>
<key name="unknown"> 104,40, </key>
<key name="unles"> 35,36, </key>
<key name="unread"> 50,91,54,56,81,29,82,93,85,62,68, </key>
<key name="unsav"> 105, </key>
<key name="unsolicit"> 57,47, </key>
<key name="unus"> 21, </key>
<key name="unwant"> 57,47, </key>
<key name="up"> 0,21,22,34,17,10,42,43,62,105,16,88,18,64,46,38,39,40,119,76,122,68, </key>
<key name="updat"> 118,90,89,65,116, </key>
<key name="upload"> 75, </key>
<key name="uppercas"> 74, </key>
<key name="url"> 118,91,7,53,110,93,72,65,75,97, </key>
<key name="us"> 0,49,2,45,90,50,100,32,33,51,91,6,106,92,70,80,41,102,56,35,43,81,110,29,48,69,83,93,60,85,61,86,113,105,96,89,112,72,99,57,66,19,104,46,38,73,74,20,40,103,119,28,120,75,97,121,44,76,47,117,59,122,68, </key>
<key name="usag"> 60, </key>
<key name="useful"> 21,111, </key>
<key name="user"> 32,33,21,25,83,72, </key>
<key name="usual"> 33,17,8,36, </key>
<key name="vacation"> 93,112,115, </key>
<key name="valid"> 7,34,104, </key>
<key name="valu"> 93,94, </key>
<key name="variant"> 97, </key>
<key name="variety"> 32,33, </key>
<key name="variou"> 1,33, </key>
<key name="various"> 28, </key>
<key name="vary"> 36, </key>
<key name="ve"> 82,85,105, </key>
<key name="verify"> 104, </key>
<key name="version"> 116, </key>
<key name="versu"> 96, </key>
<key name="vertical"> 21, </key>
<key name="via"> 33,76, </key>
<key name="vic"> 114, </key>
<key name="view"> 0,2,1,45,26,4,50,79,6,106,21,7,17,8,54,10,80,56,30,81,29,58,69,83,14,31,93,85,15,16,18,112,72,99,57,66,46,20,103,120,5,76,59,68, </key>
<key name="viewabl"> 79,97, </key>
<key name="viru"> 48,83, </key>
<key name="virus"> 79,33,48,83, </key>
<key name="visibl"> 112,5, </key>
<key name="visit"> 119,120,59, </key>
<key name="voic"> 115, </key>
<key name="voip"> 118, </key>
<key name="vs"> 90,43,97, </key>
<key name="w"> 44, </key>
<key name="want"> 91,106,70,22,34,8,10,55,43,83,36,94,60,85,86,105,95,88,89,98,112,114,38,103,5,44, </key>
<key name="way"> 0,17,8,23,16,103,59, </key>
<key name="web"> 45,118,33,51,52,71,10,80,56,25,110,29,82,69,60,62,105,112,99,65,46,74,75,97,121,76,59,122,68, </key>
<key name="websit"> 119,121,76,122, </key>
<key name="week"> 0,1,91,6,8,14,112,20, </key>
<key name="weight"> 36, </key>
<key name="welcom"> 45, </key>
<key name="well"> 45,22,56,83,84,114,97,59, </key>
<key name="what"> 32,51,21,42,30,36,96,112,46,76,59, </key>
<key name="whatev"> 22,97, </key>
<key name="wherea"> 35,28, </key>
<key name="wherev"> 74,103, </key>
<key name="wheth"> 33,13,8,102,109,83,18,112,64,97, </key>
<key name="whichev"> 2, </key>
<key name="whil"> 112, </key>
<key name="whit"> 25,5,44, </key>
<key name="whol"> 24,94,97, </key>
<key name="whom"> 34,10,93, </key>
<key name="whos"> 45,33,48,93,38,44, </key>
<key name="why"> 9,35,104, </key>
<key name="wid"> 33, </key>
<key name="wide"> 33, </key>
<key name="widget"> 114, </key>
<key name="width"> 75, </key>
<key name="wiki"> 121, </key>
<key name="wikipedia"> 121,122, </key>
<key name="wikiword"> 74,75, </key>
<key name="wiktionary"> 122, </key>
<key name="wildcard"> 92,41,97,44, </key>
<key name="will"> 2,32,79,33,51,8,42,30,110,36,84,93,85,86,105,95,112,57,104,46,114,38,28,75,97,115,44,47, </key>
<key name="window"> 118,33,34,10,23,110,58,31,84,86,105,96,112,46,114,39,119,120, </key>
<key name="winzip"> 33, </key>
<key name="within"> 0,2,118,90,33,51,91,92,71,53,42,25,30,43,81,29,82,58,31,84,93,85,62,105,96,28,97,121,5,59, </key>
<key name="without"> 0,118,51,10,41,43,69,94,16,96,112,39,74,122, </key>
<key name="wmv"> 33, </key>
<key name="word"> 90,79,33,54,24,41,42,43,83,93,94,112,74,40,75,97,121,122, </key>
<key name="wordpad"> 33, </key>
<key name="work"> 1,51,6,21,70,7,54,30,109,110,105,96,112,119,120,75,97,121,76,122,68, </key>
<key name="workgroup"> 96, </key>
<key name="workstation"> 33,83, </key>
<key name="would"> 90,100,92,70,54,41,30,43,93,94,96,112,20, </key>
<key name="writ"> 2,76, </key>
<key name="written"> 86,112,121, </key>
<key name="x"> 90, </key>
<key name="x111"> 114, </key>
<key name="xl"> 33,96, </key>
<key name="xyz"> 38, </key>
<key name="y"> 90, </key>
<key name="yahoo"> 43,120,122, </key>
<key name="year"> 8,96, </key>
<key name="yellow"> 4, </key>
<key name="yes"> 3,102, </key>
<key name="yet"> 56, </key>
<key name="york"> 17,8, </key>
<key name="your"> 0,49,2,1,45,118,3,26,4,32,79,33,51,91,6,52,13,107,106,21,70,71,22,34,17,53,8,54,10,23,12,80,24,41,42,56,25,30,43,81,108,109,110,29,48,111,69,83,36,14,84,77,78,93,94,60,85,87,86,15,113,62,37,105,95,16,88,96,89,63,98,112,72,99,64,65,57,67,19,104,46,114,38,39,73,20,40,103,28,75,97,121,5,76,47,117,59,122, </key>
<key name="yourself"> 17,16, </key>
<key name="yyyy"> 93, </key>
<key name="zc"> 116, </key>
<key name="zero"> 44, </key>
<key name="zimbra"> 2,1,45,118,79,33,51,91,6,52,71,34,53,10,80,56,25,108,109,110,29,82,48,111,69,78,93,94,60,15,113,62,105,98,112,99,65,57,67,19,46,28,97,121,116,76,47,117,59,122,68, </key>
<key name="zimbranotebook"> 74,75, </key>
<key name="zimlet"> 118,91,56,119,120,121,59,122, </key>
<key name="zip"> 79,33,48,83, </key>
<key name="zon"> 17,8,112, </key>
<key name="zwc"> 68, </key>

</ftswdata>  
