﻿<?xml version='1.0' encoding='utf-8' ?>
<!-- saved from url=(0014)about:internet -->
<ftswdata>
<key name="typ"> 76,123,69,151,0,2,143,124,56,133,110,39,98,40,111,81,59,125,127,7,41,82,26,138,8,83,10,66,85,30,67,141,102,103,113,114,108,91,115,18,19,116,109,21,146,131,61,51,34,73,53,78,148,46,35,117,68,74,24,75, </key>
<key name="type:word"> 113, </key>
<key name="typical"> 39,98,40, </key>
<key name="unacceptabl"> 98, </key>
<key name="uncheck"> 106, </key>
<key name="undeliverabl"> 45, </key>
<key name="undergo"> 67, </key>
<key name="undo"> 12, </key>
<key name="unflag"> 111,113, </key>
<key name="unforward"> 113, </key>
<key name="uniqu"> 76,59,74, </key>
<key name="unit"> 113, </key>
<key name="unknown"> 45,49,74, </key>
<key name="unles"> 42,142,43,113, </key>
<key name="unread"> 77,111,83,85,100,36,101,113,105,91,146, </key>
<key name="unrepli"> 113, </key>
<key name="unsav"> 134, </key>
<key name="unsolicit"> 86,72, </key>
<key name="untitl"> 124, </key>
<key name="unus"> 24, </key>
<key name="unwant"> 86,72, </key>
<key name="up"> 69,0,143,133,25,41,66,67,142,106,91,18,19,20,21,146,93,70,46,47,62,49,64,24, </key>
<key name="updat"> 151,143,110,126,113,109,78,150,74, </key>
<key name="upload"> 69,25,63,74,64, </key>
<key name="url"> 151,111,7,82,10,141,113,131,61,51,34,73,53,78,63,117, </key>
<key name="us"> 76,69,0,2,143,133,110,77,119,39,40,79,111,6,57,136,112,58,41,138,10,99,65,121,85,42,67,100,60,141,142,36,102,103,113,89,105,90,108,134,116,109,146,61,34,73,53,86,94,22,45,70,118,148,46,48,62,49,122,35,63,117,23,68,74,64,72,75,88,96, </key>
<key name="usag"> 89, </key>
<key name="useful"> 124,144,24, </key>
<key name="user"> 123,39,40,79,81,10,30,141,103,52,131,61,51,34,73,53,24, </key>
<key name="usernam"> 133, </key>
<key name="usual"> 40,8,43,19,35, </key>
<key name="v3"> 146, </key>
<key name="vacation"> 113,146,149, </key>
<key name="valid"> 7,41,10,34,73,45, </key>
<key name="valu"> 113,114, </key>
<key name="variant"> 117, </key>
<key name="variety"> 39,40,74, </key>
<key name="variou"> 1,40, </key>
<key name="various"> 35, </key>
<key name="vary"> 43, </key>
<key name="verifi"> 26, </key>
<key name="verify"> 45, </key>
<key name="version"> 81,141,150, </key>
<key name="versu"> 67,116,117, </key>
<key name="vertical"> 74,24, </key>
<key name="via"> 40,64, </key>
<key name="vic"> 148, </key>
<key name="view"> 123,69,0,1,2,124,31,4,77,98,5,79,6,57,136,7,8,83,10,99,85,37,60,36,87,103,38,16,113,105,106,17,18,19,21,146,131,61,51,34,73,53,132,78,86,94,70,122,23,74,64,24,75,88, </key>
<key name="viewabl"> 98,117, </key>
<key name="viru"> 102,103, </key>
<key name="virus"> 98,40,102,103, </key>
<key name="visibl"> 5,146, </key>
<key name="visit"> 88, </key>
<key name="voic"> 149, </key>
<key name="voip"> 151, </key>
<key name="vs"> 110, </key>
<key name="w"> 68, </key>
<key name="want"> 124,133,5,111,126,81,136,58,25,41,26,138,8,84,28,67,15,71,60,141,142,103,43,114,89,105,108,134,115,20,109,145,146,61,51,53,148,46,122,63,68,74,75, </key>
<key name="warn"> 74, </key>
<key name="way"> 0,8,128,27,129,18,19,122,75, </key>
<key name="web"> 69,151,143,133,40,79,80,81,59,85,30,141,101,89,91,134,146,78,70,48,63,117,150,64,75,88,96, </key>
<key name="week"> 0,1,111,6,8,16,146,23,75, </key>
<key name="weight"> 43, </key>
<key name="welcom"> 69, </key>
<key name="well"> 25,85,103,104,117,88, </key>
<key name="what"> 39,79,66,37,97,19,116,146,131,70,62,74,64,24,88, </key>
<key name="whatev"> 25,117, </key>
<key name="whenev"> 69,74, </key>
<key name="wherea"> 42,35, </key>
<key name="wheth"> 40,26,8,10,13,121,140,103,106,52,21,146,131,34,73,93,117, </key>
<key name="whichev"> 2, </key>
<key name="whil"> 123,124,79,146, </key>
<key name="whit"> 5,30,68, </key>
<key name="who'"> 37,47, </key>
<key name="whol"> 28,114,117, </key>
<key name="whom"> 41,10,113,131,61,34,73,53, </key>
<key name="whos"> 40,26,102,113,46,68, </key>
<key name="why"> 9,42,45, </key>
<key name="wid"> 40, </key>
<key name="wide"> 40, </key>
<key name="widget"> 148, </key>
<key name="width"> 56, </key>
<key name="wildcard"> 112,65,113,118,117,68, </key>
<key name="will"> 2,143,39,98,40,79,57,81,41,8,66,37,71,141,43,104,113,105,108,134,115,146,61,53,86,45,70,46,35,117,149,68, </key>
<key name="window"> 151,40,41,27,42,141,142,87,38,104,108,134,146,61,53,70,47,75, </key>
<key name="winzip"> 40, </key>
<key name="within"> 123,69,151,0,2,124,110,40,5,79,111,81,112,59,82,66,30,37,67,100,141,36,101,87,38,104,113,105,91,134,116,146,61,53,35,63,117,74,64,54,75,88, </key>
<key name="without"> 151,0,79,57,10,65,67,113,114,18,116,146,131,34,73,53,47,75, </key>
<key name="wmv"> 40, </key>
<key name="word"> 110,98,40,83,28,65,66,67,103,113,114,146,118,49,63,117, </key>
<key name="wordpad"> 40, </key>
<key name="work"> 123,69,1,124,79,6,81,58,7,37,140,141,134,116,146,63,117,74,64,54,24,75, </key>
<key name="workgroup"> 116, </key>
<key name="workstation"> 40,103, </key>
<key name="would"> 110,119,112,58,83,65,37,67,113,114,116,146,23, </key>
<key name="writ"> 2,124,71, </key>
<key name="written"> 108,146, </key>
<key name="wrong"> 124, </key>
<key name="x"> 110,113,75, </key>
<key name="x111"> 148, </key>
<key name="xampl"> 138, </key>
<key name="xl"> 40,116, </key>
<key name="xyz"> 46, </key>
<key name="y"> 110,113, </key>
<key name="y3"> 146, </key>
<key name="yahoo"> 67,71, </key>
<key name="year"> 8, </key>
<key name="year'"> 116, </key>
<key name="yellow"> 4, </key>
<key name="yes"> 55,130,50,3,128,12,121,74, </key>
<key name="yet"> 85, </key>
<key name="york"> 8,19, </key>
<key name="you'r"> 71, </key>
<key name="you'v"> 101, </key>
<key name="your"> 76,123,69,151,0,1,2,55,130,50,3,143,124,31,56,133,4,39,98,40,5,79,111,6,57,80,126,81,135,137,136,58,59,25,41,82,26,138,8,83,10,27,12,13,99,28,29,14,65,66,85,30,37,67,100,139,140,32,15,71,60,141,142,36,102,144,103,43,104,16,97,113,114,89,105,106,108,17,147,91,44,134,115,18,19,20,116,109,92,145,146,131,61,51,34,73,53,93,78,86,95,22,45,70,148,46,47,48,62,49,122,35,63,117,23,74,64,54,24,72,75,88,96, </key>
<key name="yourself"> 18,19, </key>
<key name="yyyy"> 113, </key>
<key name="zc"> 123,150, </key>
<key name="zero"> 68, </key>
<key name="zimbra"> 123,69,151,1,143,124,40,79,111,59,41,82,85,141,101,144,97,113,114,89,147,91,134,146,86,95,70,117,150,74,64,75,88,96, </key>
<key name="zimbra'"> 113, </key>
<key name="zimlet"> 151,111,85,88, </key>
<key name="zip"> 98,40,102,103, </key>
<key name="zon"> 135,8,19,146, </key>
<key name="zwc"> 69,143,133,74,96, </key>
<key name="|"> 146, </key>
<key name="é"> 137, </key>
<key name="ñ"> 137, </key>
<key name="ó"> 137, </key>
<key name="™"> 69, </key>

</ftswdata>  
