<?xml version='1.0' encoding='windows-1252' ?>
<ftswdata>
<key name="reply"> 113,117,121,95, </key>
<key name="report"> 74,63, </key>
<key name="represent"> 73,62, </key>
<key name="request"> 2,9,10,15,20, </key>
<key name="requir"> 17,8,10,120,123,16,32,20,22, </key>
<key name="reschedul"> 0, </key>
<key name="reserv"> 2,17,8,16,18, </key>
<key name="reset"> 118,126, </key>
<key name="resid"> 91, </key>
<key name="resolv"> 112, </key>
<key name="resourc"> 2,17,8,77,16,18,19, </key>
<key name="respective"> 44, </key>
<key name="respond"> 15, </key>
<key name="respons"> 123,95,15, </key>
<key name="restart"> 120, </key>
<key name="restor"> 126, </key>
<key name="result"> 98,57,35,103,97,125,43, </key>
<key name="resum"> 45, </key>
<key name="retain"> 124, </key>
<key name="retriev"> 69,122,42, </key>
<key name="return"> 17,24,8,57,77,16,106,43,105,128, </key>
<key name="retyp"> 116, </key>
<key name="reus"> 116, </key>
<key name="review"> 101,74,63, </key>
<key name="revok"> 48,10,107,32, </key>
<key name="rich"> 49,53,54,55,56, </key>
<key name="right"> 0,66,130,29,47,67,108,38,48,13,7,50,23,39,70,10,25,11,12,72,109,26,57,58,51,122,90,36,86,77,78,15,79,16,97,52,32,82,74,84,62,53,111,33,63, </key>
<key name="rivendell"> 104, </key>
<key name="rol"> 46,3,48,10,121,125,52,32,22, </key>
<key name="room"> 2, </key>
<key name="rout"> 61, </key>
<key name="row"> 47,55, </key>
<key name="rs"> 70,82, </key>
<key name="rul"> 98,69,116,115,57,58,35,59,93,126,114,125, </key>
<key name="run"> 38,125,54, </key>
<key name="s"> 61,46,3,29,47,4,113,68,6,48,49,39,17,117,8,10,12,57,35,122,90,123,91,41,14,92,101,114,16,104,97,52,32,20,112,43,44,54, </key>
<key name="s3"> 125, </key>
<key name="safari"> 68, </key>
<key name="safety"> 91, </key>
<key name="sal"> 33, </key>
<key name="sam"> 66,98,67,87,69,116,50,70,57,35,59,90,91,41,101,114,125,43,54,111,55,105,5, </key>
<key name="sash"> 62, </key>
<key name="sav"> 2,29,113,99,69,115,49,23,39,17,24,117,8,72,26,27,57,73,30,122,123,91,101,77,126,42,114,103,16,80,124,125,74,127,105,128,76, </key>
<key name="saw"> 95, </key>
<key name="say"> 125, </key>
<key name="scan"> 91, </key>
<key name="schedul"> 0,2,1,61,130,6,13,7,17,8,14,16,18,19,55,5, </key>
<key name="screen"> 17,119,120,114,62,76, </key>
<key name="scrol"> 36, </key>
<key name="scroll"> 123,104,124, </key>
<key name="se"> 0,2,1,61,130,113,87,7,17,8,71,10,88,73,89,119,122,90,101,93,95,15,16,19,125,107,74,44,5,76,85, </key>
<key name="search"> 2,61,98,108,99,69,39,17,24,8,71,25,26,73,35,59,101,102,79,103,16,104,97,125,106,33,105,60,56,22,76, </key>
<key name="second"> 37,117,57,51, </key>
<key name="section"> 48,39,91,126,103,55, </key>
<key name="security"> 87,64, </key>
<key name="select"> 0,2,3,29,47,4,113,98,67,108,37,87,99,6,48,13,49,7,50,23,39,17,70,24,117,8,10,25,11,12,88,26,27,57,58,30,51,121,122,75,36,92,31,86,102,96,95,15,103,16,104,97,19,125,52,32,82,83,127,43,44,53,21,45,111,33,55,105,5, </key>
<key name="selection"> 98,67,97,43,44,33, </key>
<key name="semi"> 10,32, </key>
<key name="semicolon"> 17,24,8,101,16,43, </key>
<key name="send"> 0,61,46,3,29,37,38,48,69,39,117,9,10,57,40,28,59,121,91,41,36,92,101,95,15,42,104,97,80,125,52,32,74,20,112,43,44,128,56,22,65, </key>
<key name="sender"> 64,91,41, </key>
<key name="sensitiv"> 105, </key>
<key name="sent"> 0,66,2,113,37,48,69,13,17,70,117,8,10,11,88,57,73,35,41,101,77,95,15,79,42,16,104,80,125,52,32,82,74,112,44,128,76, </key>
<key name="separat"> 29,99,6,23,39,17,24,8,27,30,41,36,92,16,125,62, </key>
<key name="sequenc"> 67,8,62,54, </key>
<key name="seri"> 13,11,15, </key>
<key name="serv"> 113,98,10,32, </key>
<key name="servic"> 61,113, </key>
<key name="session"> 1,68,6,119,120,34,114,83,22, </key>
<key name="set"> 0,61,47,113,87,99,17,117,88,58,59,89,119,51,120,121,122,123,91,86,101,77,94,95,126,16,18,104,19,124,125,74,20,54,55,128,22, </key>
<key name="setting"> 113,115,126,97,125,105,76, </key>
<key name="seven"> 6, </key>
<key name="shar"> 1,61,46,3,4,68,48,17,24,9,10,51,120,102,52,107,32,33,5,56,22, </key>
<key name="shift"> 67,108,65, </key>
<key name="shop"> 70, </key>
<key name="shortcut"> 69,102,125,62,65,85, </key>
<key name="should"> 47,117,10,59,120,121,64,41,95,125,32,127,55, </key>
<key name="show"> 2,4,113,98,108,37,69,49,24,73,30,34,75,91,36,101,77,93,94,95,79,18,97,19,125,81,43,44,111,33,5,22,76, </key>
<key name="shown"> 58,34,90,95,5,76, </key>
<key name="sid"> 7,73,5,60, </key>
<key name="sign"> 127, </key>
<key name="signatur"> 39,117,121,41,95,125,127, </key>
<key name="signifi"> 4, </key>
<key name="silent"> 59, </key>
<key name="similar"> 108,59,101,106,76, </key>
<key name="simp"> 119,102,20, </key>
<key name="simultaneous"> 108, </key>
<key name="sinc"> 95, </key>
<key name="singl"> 2,98,108,69,17,58,90,36,101,62,43, </key>
<key name="sit"> 130,87,68,64,86,114,82,74,63, </key>
<key name="six"> 55, </key>
<key name="siz"> 99,57,30,34,64,101,77,125,62,55,105, </key>
<key name="skip"> 16, </key>
<key name="skyp"> 130, </key>
<key name="slash"> 78,111,60, </key>
<key name="slid"> 37, </key>
<key name="slight"> 105, </key>
<key name="smal"> 99,57,101,43, </key>
<key name="small"> 130,62, </key>
<key name="smith"> 117,26,59,101,127,43,33, </key>
<key name="smith23"> 59, </key>
<key name="so"> 2,4,68,72,40,121,95,104,55, </key>
<key name="softphon"> 130, </key>
<key name="softwar"> 37,38,114,76, </key>
<key name="someon"> 38,40,104,44, </key>
<key name="someth"> 26,91,41,114, </key>
<key name="sometim"> 57,28,125,74,112,33, </key>
<key name="somewher"> 100, </key>
<key name="soon"> 97,43, </key>
<key name="sort"> 38,8,58,81, </key>
<key name="sortabl"> 81, </key>
<key name="sourc"> 61,49,53,54,55, </key>
<key name="south"> 105, </key>
<key name="spac"> 77,60,22, </key>
<key name="spam"> 57,73,64,41,74,63, </key>
<key name="span"> 35, </key>
<key name="special"> 61,38,43,105, </key>
<key name="specifi"> 61,98,99,100,8,57,58,59,122,86,101,74,84,60,63, </key>
<key name="specific"> 99,116,8,59,121,31,101,104,125,107,20,105,22,65, </key>
<key name="specify"> 113,98,100,57,58,59,122,14,101,104,97,125,127,60,65, </key>
<key name="spel"> 49,39,45,105, </key>
<key name="spell"> 39,45, </key>
<key name="spelling"> 106, </key>
<key name="split"> 47,62, </key>
<key name="spot"> 89, </key>
<key name="spread"> 38,64,91, </key>
<key name="spreadsheet"> 37,38,49,91,104,55,56, </key>
<key name="stand"> 44, </key>
<key name="standard"> 61,49,10,57,91,36,92,52,32,62,76, </key>
<key name="start"> 0,2,61,113,68,39,17,24,8,101,16,104,112,43,21, </key>
<key name="statement"> 41,101, </key>
<key name="statu"> 1,99,10,30,90,101,76, </key>
<key name="stay"> 72, </key>
<key name="step"> 39,58,16,65, </key>
<key name="still"> 48,10,32, </key>
<key name="stop"> 57,59, </key>
<key name="stor"> 66,57,35,34,22, </key>
<key name="str"> 100,101,97,125,105,60, </key>
<key name="string"> 59, </key>
<key name="styl"> 47,49,39,125,55, </key>
<key name="subfold"> 113, </key>
<key name="subject"> 2,37,99,69,100,39,17,8,57,58,35,59,34,91,41,101,102,95,16,81,20,21,60,65, </key>
<key name="subscrib"> 70,82, </key>
<key name="subsequent"> 57,59,114, </key>
<key name="substitution"> 100,60, </key>
<key name="substr"> 57, </key>
<key name="successful"> 30, </key>
<key name="suggest"> 43,45, </key>
<key name="suit"> 61,68,86, </key>
<key name="sup"> 39,60, </key>
<key name="supervisor"> 58,59,41, </key>
<key name="support"> 38,68,57,28,77,105, </key>
<key name="suppos"> 98,43, </key>
<key name="sur"> 102, </key>
<key name="surround"> 60, </key>
<key name="switch"> 61,41,54,55,65, </key>
<key name="synchroniz"> 7, </key>
<key name="syntax"> 49,125,54,105, </key>
<key name="system"> 66,130,37,87,38,116,17,70,8,72,73,59,119,91,41,126,79,16,125,74,112,111,105,63,76, </key>
<key name="t"> 68,39,57,122,64,77,104,124,74,127,63, </key>
<key name="t3"> 125, </key>
<key name="tab"> 2,1,113,6,69,116,115,39,17,117,8,88,58,59,89,34,122,123,94,126,16,19,80,124,125,83,127,43,128,22, </key>
<key name="tabl"> 47,49,39,55,56, </key>
<key name="tag"> 61,67,108,99,69,49,71,109,88,57,58,73,59,34,101,79,104,125,53,54,111,55,105,22,76, </key>
<key name="tak"> 68,69,57,30,55, </key>
<key name="taken"> 20, </key>
<key name="task"> 55,65, </key>
<key name="taught"> 63, </key>
<key name="technology"> 114, </key>
<key name="tell"> 90,93, </key>
<key name="temporari"> 48,10,64,32, </key>
<key name="tentativ"> 2,1,15,19, </key>
<key name="term"> 59, </key>
<key name="test"> 113,57,59, </key>
<key name="text"> 0,2,61,47,98,37,87,38,13,49,39,17,8,88,27,57,58,40,30,91,41,101,102,95,114,103,16,97,125,20,62,127,43,53,54,55,105,128,56,22, </key>
<key name="th"> 105, </key>
<key name="them"> 0,2,130,98,67,37,72,58,35,91,101,77,96,42,18,125,81,74,62,105,22,63, </key>
<key name="themselv"> 109,91,125, </key>
<key name="therefor"> 38,119,91, </key>
<key name="thing"> 77, </key>
<key name="think"> 64,103,104, </key>
<key name="third"> 130,73,76, </key>

</ftswdata>  
