<?xml version='1.0' encoding='windows-1252' ?>
<!-- saved from url=(0014)about:internet -->
<ftswdata>
<key name="prompt"> 41,131, </key>
<key name="properti"> 57,4,58,11,53,129,62,35,54,65, </key>
<key name="protect"> 137, </key>
<key name="provid"> 130,41,78,137,44,92,46,74, </key>
<key name="pt"> 142, </key>
<key name="public"> 122,71,11,61,129,62,52,35,54, </key>
<key name="pull"> 29, </key>
<key name="punctuation"> 112, </key>
<key name="purg"> 82,96,87,106,84,94,73, </key>
<key name="purpl"> 118, </key>
<key name="put"> 11,38,52,35,84, </key>
<key name="queri"> 83,113,114,116, </key>
<key name="query"> 109,118,110,112,113,114,108,142,116, </key>
<key name="quest"> 62,35,54, </key>
<key name="question"> 77,70, </key>
<key name="quick"> 122,71,0,1,2,123,32,118,78,124,42,83,113,18,108,142,23,47,116,24,66,74, </key>
<key name="quickadd"> 0,1,142,24, </key>
<key name="quot"> 81,112,88,107,142,121,74, </key>
<key name="quota"> 87,86, </key>
<key name="quotation"> 112, </key>
<key name="radio"> 115,108, </key>
<key name="random"> 32, </key>
<key name="rang"> 115, </key>
<key name="rath"> 142,70, </key>
<key name="re"> 38,143,46,116, </key>
<key name="reach"> 69,84,25,73, </key>
<key name="read"> 122,71,123,40,41,110,58,42,98,67,38,69,100,102,103,112,104,105,18,89,142,129,62,35,54,93,144,48,49,116, </key>
<key name="readabl"> 116, </key>
<key name="ready"> 40, </key>
<key name="real"> 92,84, </key>
<key name="reason"> 101,46, </key>
<key name="receiv"> 71,56,51,3,130,97,41,110,78,134,31,38,99,37,139,101,140,102,44,112,87,128,18,21,115,141,142,91,84,93,46,145,73, </key>
<key name="recent"> 37,142,23, </key>
<key name="recipient"> 71,40,78,43,44,112,107,142,46,48,36,145, </key>
<key name="recogniz"> 41, </key>
<key name="recommend"> 102, </key>
<key name="record"> 29, </key>
<key name="recov"> 82,106, </key>
<key name="recover"> 96,106, </key>
<key name="recur"> 0,1,2,9,12,14,18,21,23, </key>
<key name="recurrenc"> 9,23, </key>
<key name="red"> 6, </key>
<key name="reduc"> 87, </key>
<key name="refer"> 142, </key>
<key name="referenc"> 41, </key>
<key name="reflect"> 9,20, </key>
<key name="refresh"> 77,139,20,108, </key>
<key name="regard"> 96, </key>
<key name="regardles"> 97,136,101,145, </key>
<key name="regular"> 82, </key>
<key name="reject"> 5,1,56,3,97,46, </key>
<key name="relat"> 71,38,37,113, </key>
<key name="relativ"> 72, </key>
<key name="relevant"> 123,84, </key>
<key name="reliabl"> 71, </key>
<key name="reload"> 77,131,92, </key>
<key name="remain"> 77,137,96,84,94, </key>
<key name="rememb"> 137,115,62,54,145, </key>
<key name="remember"> 137, </key>
<key name="remind"> 18,131,142, </key>
<key name="remot"> 8,112, </key>
<key name="remov"> 130,118,58,11,126,28,119,18,53,45,129,62,35,36,25, </key>
<key name="renam"> 75,88,89,84, </key>
<key name="rep"> 71,130,134,10,67,43,38,69,138,139,44,107,18,89,142,52,145,55, </key>
<key name="repeat"> 9,68,142,36,24, </key>
<key name="replac"> 47, </key>
<key name="repli"> 130,110,134,38,37,112,107,142,144,145, </key>
<key name="reply"> 134,107, </key>
<key name="report"> 84,73, </key>
<key name="represent"> 83,72, </key>
<key name="request"> 2,10,11,18,52,23, </key>
<key name="requir"> 9,11,137,140,19,20,129,35,25, </key>
<key name="reschedul"> 0, </key>
<key name="reserv"> 2,9,19,20,21, </key>
<key name="reset"> 135,143, </key>
<key name="resid"> 102, </key>
<key name="resolv"> 46, </key>
<key name="resourc"> 2,9,87,19,20,21,22, </key>
<key name="respective"> 48, </key>
<key name="respond"> 18,52, </key>
<key name="respons"> 140,107,18, </key>
<key name="restart"> 137, </key>
<key name="restor"> 143, </key>
<key name="result"> 109,67,38,112,114,108,142,47, </key>
<key name="resum"> 50, </key>
<key name="retain"> 141,55, </key>
<key name="retriev"> 78,138,139,45, </key>
<key name="return"> 27,9,67,112,87,19,20,117,47,116,145, </key>
<key name="retyp"> 133, </key>
<key name="reus"> 133, </key>
<key name="review"> 84,23,73, </key>
<key name="revok"> 58,11,53,129,35,54, </key>
<key name="rich"> 59,49,63,64,65,66, </key>
<key name="right"> 75,147,0,32,57,76,118,41,58,60,125,8,26,42,80,11,126,28,82,119,12,13,14,29,67,68,61,139,100,85,127,39,96,88,18,53,89,19,108,129,62,35,54,92,84,94,72,63,121,36,73,86, </key>
<key name="rivendell"> 115, </key>
<key name="rol"> 71,56,51,3,58,134,11,138,128,142,129,62,35,54,25, </key>
<key name="room"> 2, </key>
<key name="rout"> 71, </key>
<key name="row"> 57,65, </key>
<key name="rs"> 80,92, </key>
<key name="rul"> 109,78,133,132,67,68,38,69,112,104,143,131,142, </key>
<key name="run"> 41,142,64, </key>
<key name="s"> 71,56,51,3,32,57,4,77,7,58,59,42,134,9,11,13,67,38,139,100,140,102,44,103,17,112,128,19,20,115,108,129,62,52,35,54,23,46,47,48,64,55, </key>
<key name="s3"> 142, </key>
<key name="safar"> 74, </key>
<key name="safari"> 77, </key>
<key name="safety"> 102, </key>
<key name="sal"> 52,36, </key>
<key name="sam"> 75,109,76,97,6,78,133,60,80,67,38,69,100,102,44,112,131,142,47,64,121,65,116, </key>
<key name="sash"> 72, </key>
<key name="sav"> 71,2,123,32,130,110,78,124,79,132,59,26,42,27,134,9,126,82,29,30,15,67,83,33,16,139,140,102,87,143,45,131,114,19,20,90,141,142,84,144,116,145,55,86, </key>
<key name="saw"> 107, </key>
<key name="say"> 142, </key>
<key name="scan"> 102, </key>
<key name="scenario"> 52, </key>
<key name="schedul"> 5,71,147,0,1,2,6,7,8,9,14,17,19,20,21,22,65, </key>
<key name="screen"> 122,136,137,131,20,72,86, </key>
<key name="scrol"> 39, </key>
<key name="scroll"> 140,115,141, </key>
<key name="se"> 5,71,147,0,1,2,130,97,6,132,8,134,9,81,11,98,83,99,136,139,100,96,112,104,107,18,19,20,22,142,129,84,144,48,55,86,95, </key>
<key name="search"> 71,2,109,118,110,78,42,27,9,81,28,29,83,38,69,112,113,89,114,19,20,115,108,142,117,121,36,116,70,66,86, </key>
<key name="second"> 130,134,67,61, </key>
<key name="section"> 123,130,58,79,42,102,143,53,114,141,129,144,65, </key>
<key name="secure"> 130, </key>
<key name="security"> 97,101, </key>
<key name="select"> 5,75,122,0,1,2,51,3,123,32,57,130,4,109,76,118,40,97,6,110,7,58,124,79,133,59,60,125,8,26,42,80,27,134,9,11,126,28,12,13,14,29,30,15,67,68,33,16,61,137,138,139,85,127,39,103,34,96,112,113,107,128,18,53,114,19,20,115,108,22,141,142,129,62,52,35,54,92,93,144,47,48,63,50,121,36,65,116,24, </key>
<key name="selection"> 109,76,79,112,108,47,48,36, </key>
<key name="semi"> 134,11,35, </key>
<key name="semicolon"> 27,9,19,20,47, </key>
<key name="send"> 71,0,56,51,3,32,130,40,41,58,78,42,134,10,11,67,43,31,69,138,102,44,39,103,112,107,128,18,45,115,108,90,142,129,62,52,35,54,92,84,23,46,47,48,145,66,55,25,74, </key>
<key name="sender"> 101,102,44, </key>
<key name="sensitiv"> 116, </key>
<key name="sent"> 75,0,2,130,40,58,78,80,134,9,11,12,14,98,67,83,38,44,112,87,107,18,53,89,45,19,20,115,90,142,129,62,35,54,84,46,48,145,86, </key>
<key name="separat"> 32,110,7,26,42,27,134,9,30,33,44,39,103,112,19,20,142,72, </key>
<key name="sequenc"> 76,9,72,64, </key>
<key name="seri"> 12,14,18, </key>
<key name="serv"> 130,109,11,112,35, </key>
<key name="servic"> 130, </key>
<key name="session"> 5,1,77,7,136,137,37,131,93,25, </key>
<key name="set"> 122,71,0,123,57,130,97,110,79,98,68,69,99,136,61,137,138,139,140,102,96,112,87,105,107,143,19,20,21,115,22,141,142,52,84,23,49,64,65,145,25, </key>
<key name="setting"> 130,132,134,138,143,108,142,49,116,86, </key>
<key name="seven"> 7, </key>
<key name="shar"> 122,71,1,56,51,3,123,4,6,77,58,27,10,11,61,112,113,128,53,20,129,62,52,35,54,36,66,55,25, </key>
<key name="shift"> 76,118,74, </key>
<key name="shop"> 80, </key>
<key name="shortcut"> 71,78,113,142,72,74,95, </key>
<key name="shot"> 122, </key>
<key name="should"> 122,57,130,134,11,69,137,101,44,112,107,53,142,129,52,35,144,65, </key>
<key name="show"> 122,2,130,4,109,118,40,6,78,59,27,83,33,37,85,102,39,112,87,104,107,89,20,21,108,22,142,91,47,48,36,25,86, </key>
<key name="shown"> 130,6,134,68,37,100,107,86, </key>
<key name="sid"> 6,8,83,70, </key>
<key name="sign"> 112, </key>
<key name="signatur"> 130,42,134,138,44,107,142,144, </key>
<key name="signifi"> 4, </key>
<key name="silent"> 69, </key>
<key name="similar"> 118,69,112,117,86, </key>
<key name="simp"> 123,136,113,23, </key>
<key name="simpl"> 122,112,92, </key>
<key name="simultaneous"> 118, </key>
<key name="sinc"> 107, </key>
<key name="singl"> 2,109,118,78,134,68,138,37,100,39,112,20,72,47, </key>
<key name="sit"> 147,97,77,101,96,92,84,73, </key>
<key name="six"> 65, </key>
<key name="siz"> 110,67,83,33,16,37,101,112,87,142,84,72,49,65,116, </key>
<key name="skip"> 19, </key>
<key name="skyp"> 147, </key>
<key name="slash"> 88,121,70, </key>
<key name="slid"> 40, </key>
<key name="slight"> 116, </key>
<key name="slow"> 79,137, </key>
<key name="smal"> 110,67,112,47, </key>
<key name="small"> 147,72, </key>
<key name="smith"> 29,69,112,144,47,36, </key>
<key name="smith23"> 69, </key>
<key name="so"> 71,2,4,77,82,43,138,112,107,115,52,65, </key>
<key name="softphon"> 147, </key>
<key name="softwar"> 40,41,131,86, </key>
<key name="someon"> 41,43,112,115,48, </key>
<key name="someth"> 29,102,44,131,55, </key>

</ftswdata>  
