<?xml version='1.0' encoding='windows-1252' ?>
<ftswdata>
<key name="on"> 0,51,1,47,4,90,52,99,35,6,54,13,22,7,55,56,24,43,44,32,45,31,60,38,14,29,93,88,18,96,112,66,103,48,40,41,21,102,46,78,61, </key>
<key name="onc"> 4,52,99,101,26,32,40,115, </key>
<key name="ongo"> 87, </key>
<key name="onto"> 99, </key>
<key name="open"> 0,1,47,3,90,52,34,80,35,91,6,13,72,23,36,55,56,25,44,37,32,109,83,71,84,85,29,86,88,87,15,39,95,96,89,19,112,74,67,59,20,114,21,119,30,97,121,117,70, </key>
<key name="operat"> 104, </key>
<key name="operator"> 43,46, </key>
<key name="oppos"> 104, </key>
<key name="opt"> 35, </key>
<key name="option"> 0,2,1,27,90,99,80,6,106,105,22,92,36,17,8,56,9,10,81,43,44,37,45,82,28,31,110,71,93,87,15,113,16,89,65,112,68,114,41,21,61, </key>
<key name="optional"> 47,3,37,38,114,76,61, </key>
<key name="ord"> 90,99,36,44,32,45,109,62,113,74,66, </key>
<key name="order"> 32, </key>
<key name="org"> 121, </key>
<key name="organiz"> 51,47,54,22,78, </key>
<key name="organization"> 10,26,50,71,98,30,78, </key>
<key name="original"> 2,12,31,87,64,112,103,42, </key>
<key name="originator"> 11,112, </key>
<key name="other"> 1,10,43,109,71,84,98, </key>
<key name="otherwis"> 101,86,41, </key>
<key name="out"> 2,53,54,43,108,109,19,112,67,115, </key>
<key name="outgo"> 112,114, </key>
<key name="outlook"> 58, </key>
<key name="outsid"> 84, </key>
<key name="overview"> 51,118,99,73,55,56,100,58,31,88,95,67,102,119,120,121,61,122, </key>
<key name="own"> 47,74,78, </key>
<key name="p"> 70, </key>
<key name="pa"> 70, </key>
<key name="pacific"> 17,8, </key>
<key name="packag"> 34, </key>
<key name="pad"> 77, </key>
<key name="pag"> 2,35,13,72,36,17,56,37,26,45,71,85,112,74,20,48,75,76,21,120,77,121,78,61,70, </key>
<key name="paint"> 35, </key>
<key name="pan"> 51,118,90,99,91,105,72,7,73,23,36,55,56,100,58,32,31,60,86,88,15,95,96,89,112,66,67,59,68,69,48,102,119,120,97,121,61,122,70, </key>
<key name="pap"> 80,84, </key>
<key name="parameter"> 2, </key>
<key name="parent"> 55, </key>
<key name="parenthes"> 58,82,31,86, </key>
<key name="part"> 35,44,32,38,93,87,103,40,77,61, </key>
<key name="particular"> 47,22,45,93,66,97, </key>
<key name="partner"> 47, </key>
<key name="party"> 118,58,61, </key>
<key name="pas"> 27,22,86,64,66,48, </key>
<key name="password"> 106,107,109,113,112,74, </key>
<key name="path"> 74, </key>
<key name="pattern"> 8, </key>
<key name="pdf"> 90,80,35,93,96, </key>
<key name="peopl"> 0,1,10,93,98,115, </key>
<key name="per"> 14,18,112, </key>
<key name="perform"> 90,52,91,44,64,48,97, </key>
<key name="performanc"> 47, </key>
<key name="perhap"> 45,89, </key>
<key name="period"> 35,108,109,79,59,69,97,115,5,49, </key>
<key name="periodical"> 108, </key>
<key name="permanent"> 79, </key>
<key name="permission"> 47,10,71,74,98,78, </key>
<key name="permit"> 35, </key>
<key name="person"> 3,27,22,36,10,87,64,112,98,115, </key>
<key name="personal"> 1,47,7,10,25,26,71,84,94,64,89,102,30,97,78, </key>
<key name="phon"> 118,91,22,93,94, </key>
<key name="photoshop"> 35, </key>
<key name="phras"> 44,96,97, </key>
<key name="pick"> 17,8, </key>
<key name="pictur"> 34, </key>
<key name="plac"> 80,73,55,43,58,50,60,86,59,69,49, </key>
<key name="placehold"> 46, </key>
<key name="plain"> 36,81,112, </key>
<key name="plan"> 2, </key>
<key name="play"> 35, </key>
<key name="playabl"> 35, </key>
<key name="plu"> 103,97, </key>
<key name="plug"> 35, </key>
<key name="podcast"> 67, </key>
<key name="point"> 27,80,84,61, </key>
<key name="pol"> 82,112, </key>
<key name="polici"> 35,79, </key>
<key name="policy"> 80,50,93,62, </key>
<key name="pop"> 10,64,104,42,122, </key>
<key name="popular"> 53,122, </key>
<key name="populat"> 23,71,87,20, </key>
<key name="portion"> 43,64,104,40,30, </key>
<key name="possib"> 59,49, </key>
<key name="possibl"> 81,104,96,40, </key>
<key name="post"> 10, </key>
<key name="potential"> 53, </key>
<key name="powerful"> 94, </key>
<key name="powerpoint"> 80,97, </key>
<key name="pr"> 91,23,55, </key>
<key name="practic"> 53,84, </key>
<key name="preced"> 43, </key>
<key name="predefin"> 77, </key>
<key name="pref"> 72,21, </key>
<key name="preferenc"> 105,36,81,44,82,87,113,112,59, </key>
<key name="prefix"> 93,87,112,97, </key>
<key name="pres"> 17,8,16, </key>
<key name="presenc"> 43,45,31, </key>
<key name="present"> 43,14, </key>
<key name="preserv"> 37,62,87, </key>
<key name="president"> 114, </key>
<key name="presum"> 38, </key>
<key name="prevent"> 43,45,109, </key>
<key name="preview"> 118, </key>
<key name="previou"> 52,44,58,14,87,112,70, </key>
<key name="previous"> 91,93,96, </key>
<key name="primary"> 112,41, </key>
<key name="print"> 1,14,33,85,29,64,70, </key>
<key name="priority"> 96,102, </key>
<key name="privacy"> 109, </key>
<key name="privileg"> 22,10,74,98, </key>
<key name="probab"> 53, </key>
<key name="problem"> 106,103, </key>
<key name="proce"> 44, </key>
<key name="procedur"> 96, </key>
<key name="proceed"> 67, </key>
<key name="proces"> 84,77,97, </key>
<key name="produc"> 36,93,112, </key>
<key name="program"> 118,34,35,38, </key>
<key name="project"> 32,74,78, </key>
<key name="prompt"> 35,104, </key>
<key name="pronunciation"> 122, </key>
<key name="properti"> 4,10,74,77, </key>
<key name="protect"> 109, </key>
<key name="provid"> 35,54,109,38,67,103,102, </key>
<key name="pt"> 112, </key>
<key name="public"> 74,98, </key>
<key name="purg"> 57,79,62,88,59,69,49, </key>
<key name="purpl"> 99, </key>
<key name="put"> 32,93,59, </key>
<key name="queri"> 58,93,94,95,97, </key>
<key name="query"> 90,99,91,93,94,95,89,112,97,122, </key>
<key name="quest"> 74, </key>
<key name="question"> 53,46, </key>
<key name="quick"> 0,2,1,27,99,54,36,58,71,94,15,89,20,40,21,77,97,78,117, </key>
<key name="quickadd"> 0,1,112,21, </key>
<key name="quot"> 56,93,63,112,102, </key>
<key name="quota"> 62,61, </key>
<key name="quotation"> 122, </key>
<key name="r"> 70, </key>
<key name="radio"> 96,89, </key>
<key name="rang"> 96, </key>
<key name="rath"> 112,46, </key>
<key name="re"> 32,113,103,97, </key>
<key name="reach"> 22,45,59,49, </key>
<key name="read"> 47,34,35,91,36,81,43,32,45,83,84,85,93,86,15,64,112,74,68,114,41,97,78,61,70, </key>
<key name="readabl"> 97, </key>
<key name="reader"> 121, </key>
<key name="ready"> 34, </key>
<key name="real"> 59, </key>
<key name="reason"> 50,103, </key>
<key name="receiv"> 3,80,35,91,54,26,32,82,31,50,110,84,38,93,62,15,18,96,112,74,66,59,68,103,49, </key>
<key name="recent"> 31,112,20, </key>
<key name="recipient"> 47,34,54,37,38,93,87,112,103,41,30,115, </key>
<key name="recogniz"> 35, </key>
<key name="recommend"> 84, </key>
<key name="record"> 25, </key>
<key name="recov"> 57,88, </key>
<key name="recover"> 79,88, </key>
<key name="recur"> 0,2,1,13,8,11,15,18, </key>
<key name="recurrenc"> 8,20, </key>
<key name="red"> 5, </key>
<key name="reduc"> 62, </key>
<key name="refer"> 112, </key>
<key name="referenc"> 35,121, </key>
<key name="reflect"> 17,8, </key>
<key name="refresh"> 53,17,89, </key>
<key name="regard"> 79, </key>
<key name="regardles"> 80,108,50,115, </key>
<key name="regular"> 57, </key>
<key name="reject"> 1,3,80,103, </key>
<key name="relat"> 47,32,31,94,114, </key>
<key name="relativ"> 48, </key>
<key name="relevant"> 59,49, </key>
<key name="reliabl"> 47, </key>
<key name="reload"> 53,104,67, </key>
<key name="remain"> 53,79,59,69, </key>
<key name="rememb"> 109,96,115, </key>
<key name="remind"> 15,104,112, </key>
<key name="remot"> 7, </key>
<key name="remov"> 99,24,100,88,15,39,98,30, </key>
<key name="renam"> 51,63,64,59, </key>
<key name="rep"> 47,9,43,37,32,45,38,87,15,64,112,115,70, </key>
<key name="repeat"> 8,44,21,30, </key>
<key name="replac"> 40, </key>
<key name="repli"> 91,32,31,87,112,115, </key>
<key name="reply"> 87, </key>
<key name="report"> 59,49, </key>
<key name="repository"> 71,78, </key>
<key name="represent"> 58,48, </key>
<key name="request"> 2,9,10,15,20,120, </key>
<key name="requir"> 22,17,8,109,110,16,20, </key>
<key name="reschedul"> 0, </key>
<key name="resend"> 10,74, </key>
<key name="reserv"> 2,17,8,16,18, </key>
<key name="reset"> 107,113, </key>
<key name="resid"> 84, </key>
<key name="resolv"> 103, </key>
<key name="resourc"> 2,17,8,62,16,18,19, </key>
<key name="respective"> 41, </key>
<key name="respond"> 15, </key>
<key name="respons"> 110,87,15, </key>
<key name="rest"> 77, </key>
<key name="restart"> 109, </key>
<key name="restor"> 113, </key>
<key name="result"> 90,43,32,95,89,112,40,122, </key>
<key name="resum"> 42, </key>
<key name="retain"> 111, </key>
<key name="retriev"> 54,39, </key>
<key name="return"> 17,8,43,62,16,40,97,115,122,70, </key>
<key name="retyp"> 106, </key>
<key name="reus"> 106,77, </key>
<key name="review"> 93,59,49, </key>
<key name="revok"> 10,74,98, </key>
<key name="rich"> 72,71,75,77,78, </key>
<key name="right"> 0,51,118,27,52,99,35,13,7,73,23,36,55,10,24,11,12,57,100,25,43,44,83,33,79,62,63,15,64,16,89,74,67,59,69,48,102,119,30,120,49,122,70, </key>
<key name="rivendell"> 96, </key>
<key name="rol"> 3,22,10,74, </key>
<key name="room"> 2, </key>
<key name="rout"> 47, </key>
<key name="row"> 77, </key>

</ftswdata>  
