<?xml version='1.0' encoding='windows-1252' ?>
<ftswdata>
<key name="written"> 77,100,108, </key>
<key name="x"> 81, </key>
<key name="x111"> 102, </key>
<key name="xl"> 34,87, </key>
<key name="xyz"> 39, </key>
<key name="y"> 81, </key>
<key name="yahoo"> 45,107,109, </key>
<key name="year"> 8,87, </key>
<key name="yellow"> 4, </key>
<key name="yes"> 3,91, </key>
<key name="yet"> 57, </key>
<key name="york"> 17,8, </key>
<key name="your"> 0,51,2,1,47,105,3,27,4,33,70,34,53,82,6,54,13,21,95,22,23,35,17,55,8,42,10,12,71,25,43,44,57,26,31,45,72,96,97,98,30,50,99,74,37,14,75,69,84,85,61,76,78,77,15,101,63,38,94,86,16,79,87,80,64,100,65,66,58,68,19,93,48,102,39,40,20,41,92,29,88,108,5,49,60,109, </key>
<key name="yourself"> 17,16, </key>
<key name="yyyy"> 84, </key>
<key name="zc"> 104, </key>
<key name="zero"> 46, </key>
<key name="zimbra"> 2,1,47,105,70,34,53,82,6,54,35,55,10,71,57,26,96,97,98,30,73,50,99,69,84,85,61,15,101,63,94,100,66,58,68,19,48,29,88,108,104,49,60,109, </key>
<key name="zimlet"> 105,82,57,106,107,108,60,109, </key>
<key name="zip"> 70,34,50,74, </key>
<key name="zon"> 17,8,100, </key>

</ftswdata>  
