<?xml version='1.0' encoding='windows-1252' ?>
<ftswdata>
<key name="1"> 93,96,74,115, </key>
<key name="10"> 112, </key>
<key name="100"> 112, </key>
<key name="11"> 93, </key>
<key name="12"> 93,112, </key>
<key name="1212"> 114, </key>
<key name="123"> 93, </key>
<key name="12k"> 93, </key>
<key name="18"> 116, </key>
<key name="2"> 47,71,96,116, </key>
<key name="20"> 40, </key>
<key name="2005"> 38,93,115, </key>
<key name="2006"> 116, </key>
<key name="22"> 82, </key>
<key name="25"> 112, </key>
<key name="3"> 47,71,93,116, </key>
<key name="30"> 32,93, </key>
<key name="303"> 114, </key>
<key name="5"> 1,82,112, </key>
<key name="50"> 112, </key>
<key name="555"> 114, </key>
<key name="7"> 1,4,16,116, </key>
<key name="9"> 93, </key>
<key name="abbreviation"> 41, </key>
<key name="ability"> 0,98,78, </key>
<key name="abl"> 34,80,35,112, </key>
<key name="abov"> 4,31,93, </key>
<key name="absenc"> 45, </key>
<key name="accept"> 1,3,4,10,81,15,18,98,20,42, </key>
<key name="acces"> 1,3,53,22,10,58,109,71,74,98,67,102,61, </key>
<key name="accord"> 54, </key>
<key name="account"> 17,8,58,109,110,113,16,18,111,112, </key>
<key name="acm"> 25,93,114,40,30, </key>
<key name="acrobat"> 35, </key>
<key name="acros"> 71,30,78, </key>
<key name="action"> 52,43,44,101,45,15,64,48,61, </key>
<key name="activ"> 53,44,45,48, </key>
<key name="activat"> 84, </key>
<key name="activiti"> 0,1,4,6,7,10,77,5, </key>
<key name="activity"> 0,108,5, </key>
<key name="actual"> 35,38,122, </key>
<key name="ad"> 2,3,27,4,22,72,23,17,71,93,87,15,112,20,114,40,41,30,77,122, </key>
<key name="add"> 2,27,99,34,13,22,72,23,36,17,8,44,37,26,71,15,64,16,111,112,74,114,30,77,5,78, </key>
<key name="addition"> 90,55,8,79,59,77, </key>
<key name="additional"> 27,22,7,23,17,8,43,26,45,16,48,114,78, </key>
<key name="addres"> 118,27,91,22,23,36,17,8,10,24,25,43,26,45,28,109,110,71,84,38,93,94,87,64,16,18,89,19,111,112,74,20,103,48,40,41,30,120,77,97,61,122,70, </key>
<key name="addresse"> 37,41, </key>
<key name="administration"> 35,59,49, </key>
<key name="administrator"> 118,80,35,53,91,106,22,17,8,107,108,109,50,71,84,79,93,62,16,18,112,59,69,103,49, </key>
<key name="adob"> 90,35,96, </key>
<key name="advanc"> 47,91,93,97,117, </key>
<key name="advantag"> 77, </key>
<key name="advis"> 36, </key>
<key name="affect"> 113, </key>
<key name="again"> 34,108,95, </key>
<key name="aid"> 102,97, </key>
<key name="aka"> 59,49, </key>
<key name="alignment"> 77, </key>
<key name="allow"> 53,91,43,45,84,93,94,64,74,76,97, </key>
<key name="allowabl"> 93, </key>
<key name="almost"> 84, </key>
<key name="alon"> 94, </key>
<key name="along"> 54,85,62, </key>
<key name="alphabetiz"> 28, </key>
<key name="already"> 99,108,18, </key>
<key name="alternative"> 99, </key>
<key name="although"> 94, </key>
<key name="alway"> 4,81,109,84,93,104,89,112,59,114,40,21,30, </key>
<key name="am"> 115, </key>
<key name="amazon"> 119,122, </key>
<key name="amb"> 93, </key>
<key name="amount"> 108,62, </key>
<key name="angl"> 87, </key>
<key name="animation"> 35, </key>
<key name="anoth"> 51,3,52,35,53,54,55,57,58,32,45,60,110,88,64,104,95,96,112,59,103,42,102,77, </key>
<key name="any"> 0,2,27,90,99,35,91,6,22,73,36,17,8,56,10,24,12,100,43,44,58,45,108,71,84,38,14,79,93,94,63,87,15,113,104,16,18,89,65,112,74,98,66,59,20,41,102,97,5,46,49,117,61, </key>
<key name="anyon"> 74, </key>
<key name="anyway"> 36, </key>
<key name="anywher"> 94,102, </key>
<key name="ap"> 52,99,22,43,44,45,64,104,102, </key>
<key name="appear"> 0,27,90,99,34,106,92,36,17,8,24,25,43,37,26,32,45,82,109,83,60,84,38,14,33,85,93,94,86,87,64,16,96,19,114,40,41,21,102,119,30,120,121, </key>
<key name="appli"> 52,99,43,44,32,45,93,96,102, </key>
<key name="application"> 1,35,53,106,105,73,45,109,71,84,38,104,112,40,78,117,61,70, </key>
<key name="apply"> 52,112, </key>
<key name="appointment"> 0,2,1,47,13,7,17,8,11,71,15,16,19,112,20,40,21,117,70, </key>
<key name="appropriat"> 34,84,15, </key>
<key name="area"> 2,10,25,44,58,94,16,96,89,61, </key>
<key name="arial"> 112, </key>
<key name="around"> 93, </key>
<key name="arriv"> 91,44,59, </key>
<key name="arrow"> 0,23,17,55,8,25,31,29,94,87,16,96,89,66,67,68,48,40,102,97,70, </key>
<key name="ascend"> 66, </key>
<key name="asin"> 122, </key>
<key name="ask"> 32,84,38,104, </key>
<key name="assign"> 99,106,22, </key>
<key name="assistant"> 71,117,70, </key>
<key name="associat"> 27,45, </key>
<key name="assum"> 35,96, </key>
<key name="assur"> 112, </key>
<key name="asterisk"> 97,46, </key>
<key name="atom"> 55,67, </key>
<key name="attach"> 34,35,84,96,20,78, </key>
<key name="attachment"> 47,90,34,80,35,91,13,36,17,8,43,37,45,31,50,84,38,93,94,62,87,15,16,96,89,112,20,77,97,78,70, </key>
<key name="attack"> 50, </key>
<key name="attende"> 0,2,47,13,17,8,11,12,16,19,112,20,40,21, </key>
<key name="attribut"> 93, </key>
<key name="audio"> 97, </key>
<key name="august"> 115, </key>
<key name="authenticat"> 109, </key>
<key name="author"> 122, </key>
<key name="auto"> 22,24,112,115, </key>
<key name="autocomplet"> 40, </key>
<key name="automat"> 59,49, </key>
<key name="automatic"> 82,62,114,40, </key>
<key name="automatical"> 27,35,54,22,55,12,43,44,82,108,71,38,79,88,87,15,111,112,74,59,69,114,76,77,115,49, </key>
<key name="availability"> 17,8,16,18,19, </key>
<key name="availabl"> 0,118,4,23,17,8,24,26,71,16,112,114,40,30,61, </key>
<key name="averylongkeywordcanbeus"> 76, </key>
<key name="away"> 115, </key>
<key name="b"> 93, </key>
<key name="back"> 3,53,109,83,104,48,42,77, </key>
<key name="background"> 81,112,77, </key>
<key name="backslash"> 46, </key>
<key name="backspac"> 70, </key>
<key name="bad"> 103,76, </key>
<key name="ban"> 0,62,16, </key>
<key name="bana"> 92, </key>
<key name="banana"> 92,43,93,97,46, </key>
<key name="bananafloat"> 46, </key>
<key name="bananasboat"> 46, </key>
<key name="bandanna"> 46, </key>
<key name="bar"> 90,73,17,8,25,62,95,16,19,48,5,61, </key>
<key name="basi"> 57, </key>
<key name="basic"> 90,91,96,75,77, </key>
<key name="bcc"> 27,23,36,37,94,112,40,41,30, </key>
<key name="be"> 72,43,45, </key>
<key name="becom"> 2,17,8,38,16,20,40,5,78, </key>
<key name="befor"> 2,3,91,43,93,94,87,15,104,96,112,67,59,76,42,30,46,49, </key>
<key name="begin"> 32,64,40,77, </key>
<key name="behalf"> 10, </key>
<key name="behav"> 48,40, </key>
<key name="behavior"> 40, </key>
<key name="below"> 36,10,40,61, </key>
<key name="beneath"> 96, </key>
<key name="beta"> 47,71,116, </key>
<key name="billybob"> 40, </key>
<key name="black"> 112, </key>
<key name="blank"> 72,36,76, </key>
<key name="blind"> 41, </key>
<key name="block"> 80,35,50,122, </key>
<key name="blu"> 4, </key>
<key name="boat"> 46, </key>
<key name="bob"> 40, </key>
<key name="body"> 91,36,81,43,37,45,38,93,94,86,87,96,112,114,97, </key>
<key name="bold"> 58,82,31,83, </key>
<key name="book"> 118,22,23,26,28,71,84,94,119,30,122,70, </key>
<key name="bord"> 77, </key>
<key name="bos"> 45, </key>
<key name="both"> 90,92,60,96,46, </key>
<key name="bottom"> 68, </key>
<key name="bounc"> 62,103, </key>
<key name="box"> 90,91,36,81,25,44,45,28,31,94,96,89,112,68,48,114,40,30,97,115,5,61, </key>
<key name="boxman"> 90, </key>
<key name="br"> 41, </key>
<key name="bracket"> 87, </key>
<key name="breakfast"> 92, </key>
<key name="brink"> 40, </key>
<key name="brows"> 118,34,35,53,28,109,84,85,104,48,78,61, </key>
<key name="browser"> 35,53, </key>
<key name="budget"> 96, </key>
<key name="build"> 90,91,95,96,89,97, </key>
<key name="built"> 54, </key>
<key name="bullet"> 81, </key>
<key name="busines"> 114,122, </key>
<key name="busy"> 2,1,47,17,8,16,19,5, </key>
<key name="button"> 51,35,53,23,55,109,38,113,64,104,96,89,67,48,114,41,30,61,122, </key>
<key name="byt"> 91,93, </key>
<key name="c"> 70, </key>
<key name="cal"> 90,26,45,71,93,96,74,76,30,77,78, </key>
<key name="calendar"> 0,2,1,47,118,3,4,6,13,105,7,73,17,8,9,10,11,12,71,14,15,16,112,98,20,40,21,5,117,61,70, </key>
<key name="california"> 17,8, </key>
<key name="call"> 118, </key>
<key name="cancel"> 10,11,70, </key>
<key name="cannot"> 51,80,22,73,55,10,57,43,26,85,79,93,88,64,74,98,59,103,97,78, </key>
<key name="capital"> 76,77, </key>
<key name="capitalization"> 43, </key>
<key name="car"> 84,38, </key>
<key name="carbon"> 41, </key>
<key name="card"> 22, </key>
<key name="cas"> 43,84,93,88,40,76,97, </key>
<key name="casserol"> 43,46, </key>
<key name="categori"> 99,22,70, </key>
<key name="categoriz"> 54, </key>
<key name="caus"> 90,87,104,112,40, </key>
<key name="cc"> 27,90,91,23,36,43,37,93,94,87,112,20,40,41,30, </key>
<key name="cd"> 119,122, </key>
<key name="cel"> 77, </key>
<key name="cell"> 77, </key>
<key name="certain"> 0,35,91,54,43,50,93,62,59,103,40,102,49, </key>
<key name="chanc"> 84, </key>

</ftswdata>  
