<?xml version='1.0' encoding='windows-1252' ?>
<ftswdata>
<key name="titl"> 20,28,63, </key>
<key name="today"> 0, </key>
<key name="togeth"> 28,80, </key>
<key name="toggl"> 65, </key>
<key name="tomorrow"> 0, </key>
<key name="too"> 40,47,34,76,45, </key>
<key name="tool"> 25,19,16,8,21,72,81,74,45,85, </key>
<key name="toolbar"> 0,1,6,7,20,32,16,52,8,80,75,15,78,64,99,38,89,46,58, </key>
<key name="top"> 0,20,52,33,15,17,38, </key>
<key name="topic"> 80, </key>
<key name="total"> 70,80, </key>
<key name="track"> 1,44,7, </key>
<key name="traditional"> 44,91,56,27,74,65, </key>
<key name="transf"> 57, </key>
<key name="trash"> 48,52,53,40,54,42,67,59,76,97,66,58, </key>
<key name="travel"> 97, </key>
<key name="tre"> 39, </key>
<key name="trigger"> 0, </key>
<key name="truck"> 40, </key>
<key name="try"> 90, </key>
<key name="tun"> 46, </key>
<key name="turn"> 32,88,42,97,100, </key>
<key name="turnaround"> 89, </key>
<key name="two"> 48,49,52,8,24,42,27,83,97,26,85,43, </key>
<key name="txt"> 31,80, </key>
<key name="typ"> 77,0,48,2,30,68,31,91,79,7,16,52,8,10,41,24,42,95,47,72,80,81,75,61,82,15,83,84,78,97,64,99,36,85,43, </key>
<key name="typical"> 30,68, </key>
<key name="unacceptabl"> 68, </key>
<key name="undeliverabl"> 90, </key>
<key name="undergo"> 42, </key>
<key name="underneath"> 52, </key>
<key name="undo"> 12, </key>
<key name="unflag"> 79,40,80, </key>
<key name="unknown"> 90,38, </key>
<key name="unles"> 34, </key>
<key name="unread"> 79,40,54,42,70,27,71,80,74,61, </key>
<key name="unsav"> 91, </key>
<key name="unsolicit"> 46, </key>
<key name="unus"> 19, </key>
<key name="unwant"> 46, </key>
<key name="up"> 0,91,19,32,16,10,41,42,61,15,63,45,36,37,38,89, </key>
<key name="updat"> 77,78,64,101, </key>
<key name="url"> 79,7,95,80,64,85, </key>
<key name="us"> 77,0,48,2,44,49,86,30,31,91,50,79,6,18,39,32,52,88,54,33,24,42,55,95,47,72,34,80,59,74,75,98,83,84,78,97,65,90,45,36,17,38,89,26,85,43,58, </key>
<key name="usag"> 59,58, </key>
<key name="useful"> 96, </key>
<key name="user"> 30,31,24,72,97, </key>
<key name="usual"> 31,16,8,34, </key>
<key name="vacation"> 80,97,100, </key>
<key name="valid"> 32,90, </key>
<key name="valu"> 40,80,81, </key>
<key name="variety"> 30,31, </key>
<key name="variou"> 1,31, </key>
<key name="various"> 26, </key>
<key name="vary"> 34, </key>
<key name="ve"> 91,71,74, </key>
<key name="verify"> 90, </key>
<key name="version"> 30,101, </key>
<key name="versu"> 83, </key>
<key name="vertical"> 19, </key>
<key name="via"> 31, </key>
<key name="vic"> 99, </key>
<key name="view"> 0,1,44,25,4,49,86,68,31,6,18,19,7,32,16,52,8,10,69,54,33,28,56,27,71,57,72,29,80,74,14,15,97,65,45,17,89,5,58, </key>
<key name="viewabl"> 68,84, </key>
<key name="viru"> 47,72, </key>
<key name="virus"> 68,31,47,72, </key>
<key name="visibl"> 2,5, </key>
<key name="visit"> 58, </key>
<key name="voic"> 100, </key>
<key name="vs"> 77,24,42, </key>
<key name="w"> 43, </key>
<key name="want"> 91,79,18,19,32,8,10,53,42,72,34,67,81,59,74,75,82,78,97,99,36,89,100,5,43, </key>
<key name="way"> 0,16,8,69,61,15,89, </key>
<key name="web"> 44,31,91,50,51,32,10,54,42,55,95,27,71,59,61,84,97,64,65,45,58, </key>
<key name="week"> 0,1,79,6,8,97,17, </key>
<key name="weight"> 34, </key>
<key name="welcom"> 44, </key>
<key name="well"> 44,20,54,72,73,61,84,99, </key>
<key name="what"> 30,7,41,28,34,83,97,45,36,58, </key>
<key name="whatev"> 20,85, </key>
<key name="whenev"> 96,67, </key>
<key name="wherea"> 33,26, </key>
<key name="wheth"> 31,13,8,88,94,72,97,63,85, </key>
<key name="whichev"> 2, </key>
<key name="whit"> 24,5,43, </key>
<key name="whol"> 22,81,84, </key>
<key name="whom"> 32,10,80, </key>
<key name="whos"> 44,31,47,80,36,43, </key>
<key name="why"> 9,33,90, </key>
<key name="wid"> 31, </key>
<key name="wide"> 31, </key>
<key name="widget"> 99, </key>
<key name="wildcard"> 39,40,84,43, </key>
<key name="will"> 2,49,86,30,68,31,91,50,8,69,41,28,42,34,73,80,76,75,82,84,90,45,99,36,37,26,85,100,43,46, </key>
<key name="window"> 31,91,79,32,10,21,33,95,57,29,73,74,75,83,45,99,85, </key>
<key name="winzip"> 31, </key>
<key name="wish"> 52,35, </key>
<key name="within"> 77,0,31,91,50,79,39,32,41,54,24,28,42,70,27,71,57,29,73,80,74,61,83,84,26, </key>
<key name="without"> 0,2,50,40,81,15,83,37, </key>
<key name="wmv"> 31, </key>
<key name="won"> 90, </key>
<key name="word"> 77,30,68,31,79,22,40,41,42,72,80,81,84,38,85, </key>
<key name="wordpad"> 31, </key>
<key name="work"> 1,91,50,6,19,7,28,42,94,83,84,97,90, </key>
<key name="workgroup"> 83, </key>
<key name="workspac"> 58, </key>
<key name="workstation"> 31,72, </key>
<key name="would"> 77,86,39,20,40,28,42,80,81,83,84,97,17, </key>
<key name="writ"> 99, </key>
<key name="written"> 75, </key>
<key name="x"> 77, </key>
<key name="x111"> 99, </key>
<key name="xl"> 31,83, </key>
<key name="xyz"> 36, </key>
<key name="y"> 77, </key>
<key name="yahoo"> 42, </key>
<key name="year"> 8,83, </key>
<key name="yellow"> 4, </key>
<key name="yes"> 3,88, </key>
<key name="york"> 16,8, </key>
<key name="your"> 48,2,1,44,3,25,4,30,68,31,91,50,79,6,51,13,18,92,19,20,32,16,52,8,10,12,22,40,41,54,23,24,28,42,70,93,94,55,95,56,27,47,96,72,34,73,67,80,81,59,74,75,14,98,61,35,82,15,83,84,78,62,97,63,64,66,90,45,99,36,37,17,38,89,26,85,5,46,58, </key>
<key name="yourself"> 16,15, </key>
<key name="yyyy"> 40,80, </key>
<key name="zero"> 43, </key>
<key name="zimbra"> 2,1,44,68,31,91,50,79,51,32,10,54,24,42,93,94,55,95,27,71,47,96,72,67,80,81,59,14,98,61,84,97,64,65,66,45,26,85,46,58, </key>
<key name="zip"> 68,31,47,72, </key>
<key name="zon"> 16,8,97, </key>

</ftswdata>  
