<?xml version='1.0' encoding='windows-1252' ?>
<!-- saved from url=(0014)about:internet -->
<ftswdata>
<key name="display"> 5,75,0,1,2,56,51,3,123,32,4,76,110,7,58,59,60,125,8,26,42,27,9,81,10,98,30,68,83,38,33,137,37,102,44,39,34,17,113,87,104,105,107,128,18,89,131,114,19,20,142,129,62,52,35,54,92,84,93,72,47,50,121,65,116,24,66,55,25,74,86, </key>
<key name="distinguish"> 120,115, </key>
<key name="distribution"> 31, </key>
<key name="division"> 144, </key>
<key name="do"> 130,109,41,77,110,42,134,67,43,69,17,112,104,107,143,115,52,64,65,74, </key>
<key name="doc"> 41, </key>
<key name="document"> 71,56,40,97,41,58,60,61,102,112,113,87,142,62,63,64,65,116,66,95, </key>
<key name="dodd"> 47, </key>
<key name="dog"> 112,117,116, </key>
<key name="domain"> 110,42,137,112,113,116, </key>
<key name="don"> 78,42,67,112,131,115,141,84,47,36,73, </key>
<key name="door"> 112,117,116, </key>
<key name="doubl"> 0,76,41,124,14,29,37,102,104,88,121,36,24, </key>
<key name="down"> 2,123,76,42,9,29,68,138,127,140,113,19,20,115,108,141,91,72,144,47,121,116,25, </key>
<key name="download"> 130,41,77,102, </key>
<key name="dozen"> 52, </key>
<key name="draft"> 42,83,112,89,45,131,84,86, </key>
<key name="drag"> 75,0,123,118,28,82,14,85,127,106,84,23,72,24, </key>
<key name="drop"> 75,2,123,118,42,82,29,68,69,138,85,113,106,19,115,108,23,72,144,116,25, </key>
<key name="du"> 122,123,46, </key>
<key name="e"> 97,136,101, </key>
<key name="�"> 133, </key>
<key name="easi"> 59,98,49,65,116, </key>
<key name="eastern"> 9,20, </key>
<key name="easy"> 123,65,24, </key>
<key name="ed"> 48, </key>
<key name="edit"> 71,130,4,58,124,134,11,29,68,31,18,53,89,45,129,62,35,54,47,63,64,50,65,66,25, </key>
<key name="editor"> 71,41,59,142,49,63,64,65,66, </key>
<key name="edward"> 47, </key>
<key name="effect"> 143, </key>
<key name="eight"> 4, </key>
<key name="eith"> 122,0,2,130,109,58,79,59,42,9,10,11,82,83,38,34,112,107,18,114,19,20,21,115,142,129,62,35,84,48,36,65,66,73,74,95, </key>
<key name="element"> 63, </key>
<key name="eligibl"> 44, </key>
<key name="els"> 43, </key>
<key name="email"> 122,71,147,0,1,2,56,51,3,123,32,130,40,97,41,110,58,78,26,42,27,134,9,81,10,11,12,14,98,29,67,68,120,83,31,69,61,137,138,37,139,101,85,140,102,44,96,112,113,87,105,107,128,18,131,19,20,21,115,22,141,142,129,62,52,35,54,91,23,46,144,47,49,36,145,66,55,25,73,74,95, </key>
<key name="embed"> 66, </key>
<key name="employe"> 44, </key>
<key name="empty"> 96,87,84,94,73, </key>
<key name="enabl"> 71,32,42,140,112,105,107,108,90,141,142,145,25,86, </key>
<key name="enclos"> 112, </key>
<key name="end"> 41,9,107,19,20,115,142,144,24, </key>
<key name="enforc"> 87, </key>
<key name="engineer"> 144, </key>
<key name="english"> 112, </key>
<key name="enough"> 140, </key>
<key name="ent"> 0,2,123,130,118,133,59,8,26,42,80,27,134,9,81,11,29,68,43,61,137,140,113,19,20,115,108,22,142,129,62,35,54,92,47,48,121,36,24,145,74, </key>
<key name="enter"> 0,123,59,134,29,112,114,52,25, </key>
<key name="entir"> 31,38,85,103,48, </key>
<key name="entri"> 31,102,25, </key>
<key name="entry"> 27,113,89,131, </key>
<key name="environment"> 41, </key>
<key name="equipment"> 2,21, </key>
<key name="equivalent"> 112, </key>
<key name="erica"> 47, </key>
<key name="erica878"> 47, </key>
<key name="error"> 46, </key>
<key name="esc"> 47,74, </key>
<key name="escap"> 70,74, </key>
<key name="establish"> 61, </key>
<key name="estimat"> 123, </key>
<key name="etc"> 110,133,112,117,65,116,74, </key>
<key name="ev"> 69, </key>
<key name="evaluat"> 69, </key>
<key name="evaluation"> 67,69, </key>
<key name="even"> 41,42,98,67,38,69,136,37,102,36, </key>
<key name="event"> 5,71,0,1,2,4,68,19,20, </key>
<key name="every"> 9,69,99,137,142,52,46,86, </key>
<key name="everyon"> 27,107,52,36, </key>
<key name="ex"> 41,101, </key>
<key name="exact"> 0,130,111,67,101,44,112,89,144,70, </key>
<key name="exampl"> 75,130,109,97,41,78,111,60,8,80,134,9,81,29,67,68,38,69,99,61,137,112,113,107,20,115,142,62,54,72,144,47,64,121,36,65,116,70,86, </key>
<key name="excel"> 97,112,115,116, </key>
<key name="except"> 0,118,9,13,112,88,143,19,20,121,74, </key>
<key name="exchang"> 71,107, </key>
<key name="execut"> 68,113,108,142,116, </key>
<key name="executabl"> 97,41,102, </key>
<key name="exist"> 75,60,26,80,134,67,38,16,89,142,46,64,65, </key>
<key name="expand"> 41,89, </key>
<key name="expect"> 131, </key>
<key name="expens"> 41, </key>
<key name="expir"> 136,137, </key>
<key name="explain"> 10,116, </key>
<key name="explanation"> 14, </key>
<key name="explor"> 77, </key>
<key name="export"> 71,30,15,142,25, </key>
<key name="extend"> 145, </key>
<key name="extension"> 41,101,115, </key>
<key name="external"> 122,130,11,138,139,129,62,52,35,54,65,66, </key>
<key name="extra"> 83, </key>
<key name="fac"> 65, </key>
<key name="facilitat"> 1,31, </key>
<key name="fact"> 47, </key>
<key name="fad"> 18, </key>
<key name="familiar"> 59,116, </key>
<key name="fast"> 79,137,44, </key>
<key name="favorit"> 142,92, </key>
<key name="fe"> 80,92, </key>
<key name="featur"> 5,122,71,147,1,110,78,79,27,83,31,69,137,37,139,140,102,103,112,113,143,131,108,142,93,72,47,121,65,116,24,145,25,74,86, </key>
<key name="february"> 112, </key>
<key name="feed"> 92, </key>
<key name="few"> 43,33,16,85,34,115,47, </key>
<key name="field"> 2,123,130,118,40,59,26,42,27,134,9,81,11,14,67,68,43,138,127,112,113,107,19,20,115,141,142,129,35,92,23,144,47,48, </key>
<key name="fil"> 71,123,109,40,97,41,59,8,26,30,15,67,43,69,33,16,101,102,44,103,112,113,87,106,115,142,35,65,116,66, </key>
<key name="filenam"> 41,112,115, </key>
<key name="fill"> 104, </key>
<key name="filt"> 132,111,67,68,69,104,143,89,84,70,73, </key>
<key name="filter"> 71,78,111,68,38,69,102,44,142,84,73, </key>
<key name="fin"> 84,73, </key>
<key name="finaliz"> 2, </key>
<key name="find"> 2,109,118,41,27,9,112,113,131,19,20,92,84,117,121,116,73, </key>
<key name="finish"> 122,124,68, </key>
<key name="firefox"> 77,74, </key>
<key name="first"> 5,1,2,77,7,26,42,29,68,37,102,44,34,112,113,104,143,115,22,142,23,47, </key>
<key name="fit"> 72, </key>
<key name="fiv"> 2,142, </key>
<key name="flag"> 118,110,67,120,69,37,112, </key>
<key name="float"> 70, </key>
<key name="fold"> 75,56,51,3,130,76,110,58,78,60,42,80,134,81,11,28,82,67,68,83,38,69,99,37,139,85,96,112,87,104,106,88,128,53,89,45,131,114,90,142,129,62,52,35,54,92,84,94,121,55,73, </key>
<key name="folder"> 75,71,51,110,78,60,80,134,81,82,67,68,83,38,99,37,85,96,87,88,89,142,52,54,92,84,72,121,55,86, </key>
<key name="follow"> 5,122,71,0,1,2,109,76,41,110,7,132,134,9,11,126,67,68,83,38,61,139,127,44,112,87,89,131,19,20,115,142,129,62,35,54,84,72,47,121,116,74,86,95, </key>
<key name="followup"> 142, </key>
<key name="font"> 57,42,142,49,65, </key>
<key name="forev"> 82, </key>
<key name="forget"> 135, </key>
<key name="format"> 40,41,59,42,98,30,33,16,103,112,142,49,63,64,65,66, </key>
<key name="forth"> 107,72, </key>
<key name="forward"> 71,130,110,134,67,68,43,38,138,139,112,88,89,141,142,144,121,55, </key>
<key name="four"> 9, </key>
<key name="fragment"> 104, </key>
<key name="fram"> 110, </key>
<key name="fre"> 71,1,2,6,111,9,19,20,21,22,70,25, </key>
<key name="friday"> 7,44, </key>
<key name="friend"> 130,134, </key>
<key name="full"> 5,122,71,1,32,58,79,11,67,137,113,87,129,62,35,54,46,47,25,86, </key>
<key name="function"> 8,72,65, </key>
<key name="functionality"> 65, </key>
<key name="furth"> 76,9,69, </key>
<key name="futur"> 83, </key>
<key name="fwd"> 38, </key>
<key name="g"> 97, </key>
<key name="gal"> 27,29,31,113, </key>
<key name="general"> 77,79,133,132,42,101,44,112,142,49,74,95, </key>
<key name="generat"> 67,44,46, </key>
<key name="get"> 10,99,139,101,102, </key>
<key name="gif"> 40,41, </key>
<key name="gift"> 70, </key>
<key name="giv"> 122,10,68,129,52,144,65,66, </key>
<key name="given"> 52, </key>
<key name="global"> 42,9,31,113,19,20,142,36,116, </key>
<key name="go"> 147,2,130,134,9,81,30,15,67,68,33,16,37,19,20,142,93,144,116,74,95, </key>
<key name="good"> 79,137,105,64, </key>
<key name="got"> 100, </key>
<key name="grammar"> 112, </key>
<key name="grant"> 56,51,3,11,61,128,129,62,35,54,55, </key>
<key name="grante"> 58,11,129,62,52,35,54,25, </key>
<key name="grantor"> 56,51,3,58,10,11,61,128,129,35,54,55, </key>
<key name="graphic"> 71,41, </key>
<key name="graphical"> 41,131, </key>
<key name="gray"> 26, </key>
<key name="great"> 112, </key>
<key name="green"> 4, </key>
<key name="group"> 71,1,78,26,27,11,29,68,38,69,37,34,104,142,129,62,35,54,64,25, </key>
<key name="grow"> 47, </key>
<key name="guest"> 122,11,129,62,52,35,54, </key>
<key name="gui"> 131, </key>
<key name="guidelin"> 77, </key>
<key name="habit"> 131, </key>
<key name="hand"> 118,83,85,84,94,72, </key>
<key name="handl"> 142,84,73, </key>
<key name="happen"> 38,136,87,47, </key>
<key name="hav"> 123,69,100, </key>
<key name="haven"> 101, </key>
<key name="head"> 32,6,110,59,125,26,67,69,61,138,102,112,105,107,89,70, </key>
<key name="header"> 110,67,44,89,72, </key>
<key name="heading"> 65, </key>
<key name="health"> 44, </key>
<key name="hello"> 112, </key>
<key name="help"> 71,132,84,73,74,86, </key>
<key name="her"> 2,123,41,83,105,20,115,142, </key>
<key name="hid"> 47, </key>
<key name="hierarchy"> 60, </key>

</ftswdata>  
