<?xml version='1.0' encoding='windows-1252' ?>
<ftswdata>
<key name="smart"> 102, </key>
<key name="smith"> 24,44,84,104,38,28, </key>
<key name="smith23"> 44, </key>
<key name="so"> 2,4,52,55,35,77,87, </key>
<key name="softphon"> 107, </key>
<key name="softwar"> 32,33,95,59, </key>
<key name="someon"> 33,35,87,39, </key>
<key name="someth"> 24,74,36,95, </key>
<key name="sometim"> 42,102,57,94,28, </key>
<key name="somewher"> 83, </key>
<key name="soon"> 80,38, </key>
<key name="sort"> 33,8,43,64, </key>
<key name="sortabl"> 64, </key>
<key name="sourc"> 46, </key>
<key name="south"> 88, </key>
<key name="spac"> 21,60,45, </key>
<key name="spam"> 42,56,49,36,57,48, </key>
<key name="span"> 30, </key>
<key name="special"> 46,33,38,88, </key>
<key name="specifi"> 46,81,82,83,8,42,43,44,69,84,57,67,109,45,48, </key>
<key name="specific"> 82,97,8,44,68,84,87,19,88, </key>
<key name="specify"> 81,83,42,43,44,14,84,87,80,102,45, </key>
<key name="spel"> 34,40,88, </key>
<key name="spell"> 34,40, </key>
<key name="split"> 47, </key>
<key name="spot"> 72, </key>
<key name="spread"> 33,49,74, </key>
<key name="spreadsheet"> 32,33,74,87, </key>
<key name="stand"> 39, </key>
<key name="standard"> 46,10,42,74,31,75,77,102,47,59, </key>
<key name="star"> 109, </key>
<key name="start"> 0,2,46,52,17,8,84,16,87,94,38,20,108,109,110,111, </key>
<key name="stat"> 109, </key>
<key name="statement"> 36,84, </key>
<key name="statu"> 1,82,10,27,73,84,59, </key>
<key name="stay"> 55, </key>
<key name="step"> 34,43,16, </key>
<key name="still"> 10,74, </key>
<key name="stop"> 42,44, </key>
<key name="stor"> 50,42,30,29, </key>
<key name="str"> 83,84,80,102,88,45, </key>
<key name="street"> 109, </key>
<key name="string"> 44, </key>
<key name="styl"> 34,77,102, </key>
<key name="subject"> 2,32,82,53,83,34,17,8,42,30,44,29,74,36,84,85,77,16,64,19,20,45, </key>
<key name="subscrib"> 54,65, </key>
<key name="subsequent"> 42,44,95, </key>
<key name="substitution"> 83,45, </key>
<key name="substr"> 42, </key>
<key name="successful"> 27, </key>
<key name="suggest"> 38,40, </key>
<key name="suit"> 46,52,25,69, </key>
<key name="sup"> 34,45, </key>
<key name="supervisor"> 43,44,36, </key>
<key name="support"> 33,52,42,25,60,88, </key>
<key name="suppos"> 81,38, </key>
<key name="sur"> 85, </key>
<key name="surround"> 45, </key>
<key name="switch"> 46,36, </key>
<key name="synchroniz"> 7, </key>
<key name="syntax"> 102,88, </key>
<key name="system"> 50,107,32,70,33,97,17,54,8,55,56,44,99,74,36,103,62,16,102,57,94,93,88,48,59, </key>
<key name="t"> 52,34,42,49,101,60,87,89,102,57,104,48, </key>
<key name="tab"> 2,1,6,97,96,21,34,17,8,71,43,44,72,29,101,103,16,18,63,89,102,66,104,38,105, </key>
<key name="tabl"> 34, </key>
<key name="tag"> 46,51,90,82,53,21,41,91,71,42,43,56,44,29,84,62,87,102,93,88,59, </key>
<key name="tak"> 52,53,42,27, </key>
<key name="taken"> 19, </key>
<key name="taught"> 48, </key>
<key name="technology"> 95, </key>
<key name="tell"> 73,76, </key>
<key name="temporari"> 10,49, </key>
<key name="tentativ"> 2,1,15,18, </key>
<key name="term"> 44,111, </key>
<key name="test"> 42,44, </key>
<key name="text"> 0,2,46,81,32,70,33,13,34,17,8,71,42,43,35,27,74,36,84,85,77,95,86,16,80,102,19,47,104,38,88,105, </key>
<key name="th"> 88, </key>
<key name="them"> 0,2,107,81,51,32,55,43,30,74,84,60,78,37,79,102,64,57,47,88,48, </key>
<key name="themselv"> 91,74,102, </key>
<key name="therefor"> 33,99,74, </key>
<key name="thing"> 60, </key>
<key name="think"> 49,86,87, </key>
<key name="third"> 107,56,59, </key>
<key name="thos"> 81,30,84,60,57,38,93,48, </key>
<key name="though"> 34, </key>
<key name="thre"> 0,33,52,21,83,17,8,30,84,108,88,45, </key>
<key name="thread"> 19, </key>
<key name="ti"> 54, </key>
<key name="tim"> 0,2,1,51,52,82,6,17,8,10,44,99,100,29,69,84,85,15,37,16,79,18,63,102,64,57,67,19,20,88,105,5,45,48,59, </key>
<key name="time"> 101, </key>
<key name="tip"> 26,21,23,76,47, </key>
<key name="titl"> 22,30,64,108,111, </key>
<key name="today"> 0, </key>
<key name="todo"> 41, </key>
<key name="togeth"> 30,84, </key>
<key name="toggl"> 66, </key>
<key name="tomorrow"> 0, </key>
<key name="too"> 42,49,36,78,47, </key>
<key name="tool"> 26,21,17,8,23,85,76,47,88, </key>
<key name="toolbar"> 0,1,6,7,22,34,17,54,8,71,72,14,84,77,16,80,65,57,104,40,93,48,59, </key>
<key name="top"> 0,22,54,35,16,102,57,20,40, </key>
<key name="topic"> 46,84,88, </key>
<key name="total"> 72,84, </key>
<key name="track"> 1,46,7, </key>
<key name="traditional"> 46,29,76,95,66, </key>
<key name="train"> 48, </key>
<key name="transf"> 58, </key>
<key name="trash"> 50,3,54,23,55,42,56,44,69,60,78,15,62,102,57,67,59, </key>
<key name="travel"> 102, </key>
<key name="tre"> 83, </key>
<key name="trig"> 38, </key>
<key name="trigger"> 0, </key>
<key name="troubl"> 102, </key>
<key name="truck"> 42, </key>
<key name="try"> 94, </key>
<key name="tun"> 57,48, </key>
<key name="turn"> 43,92,44,102,19,105, </key>
<key name="turnaround"> 93, </key>
<key name="two"> 50,51,54,8,71,25,44,29,87,102,28,88,45, </key>
<key name="txt"> 33,84, </key>
<key name="typ"> 0,50,2,107,81,32,70,33,82,7,34,17,54,8,41,10,43,56,25,44,100,49,74,84,85,77,62,95,86,16,87,80,18,102,65,104,38,108,109,88,110,45, </key>
<key name="typical"> 32,70,33, </key>
<key name="unacceptabl"> 70, </key>
<key name="undeliverabl"> 94, </key>
<key name="undergo"> 44, </key>
<key name="undo"> 12, </key>
<key name="unflag"> 82,84, </key>
<key name="unknown"> 94,40, </key>
<key name="unles"> 35,36, </key>
<key name="unread"> 51,82,41,56,72,29,73,84,76,62, </key>
<key name="unsav"> 95, </key>
<key name="unsolicit"> 57,48, </key>
<key name="unus"> 21, </key>
<key name="unwant"> 57,48, </key>
<key name="up"> 0,21,34,17,10,43,44,62,95,16,79,18,64,47,38,39,40,108,111, </key>
<key name="updat"> 107,81,80,65,106, </key>
<key name="url"> 107,82,7,54,100,84,65,88, </key>
<key name="us"> 0,50,2,46,81,51,90,32,33,52,82,6,96,83,71,42,92,56,35,25,44,72,100,29,49,74,84,60,76,61,77,103,95,87,80,102,57,66,19,94,47,38,20,40,93,108,28,109,88,110,45,59,111, </key>
<key name="usag"> 60, </key>
<key name="useful"> 101, </key>
<key name="user"> 32,33,25,74, </key>
<key name="usual"> 33,17,8,36, </key>
<key name="vacation"> 84,102,105, </key>
<key name="valid"> 7,34,94, </key>
<key name="valu"> 84,85, </key>
<key name="variant"> 88, </key>
<key name="variety"> 32,33, </key>
<key name="variou"> 1,33, </key>
<key name="various"> 28, </key>
<key name="vary"> 36, </key>
<key name="ve"> 73,76,95, </key>
<key name="verify"> 94, </key>
<key name="version"> 106, </key>
<key name="versu"> 87, </key>
<key name="vertical"> 21, </key>
<key name="via"> 33, </key>
<key name="vic"> 104, </key>
<key name="view"> 0,2,1,46,26,4,51,70,6,96,21,7,17,8,41,10,71,56,30,72,29,58,74,14,31,84,76,15,16,18,102,57,66,47,20,93,109,5,59, </key>
<key name="viewabl"> 70,88, </key>
<key name="viru"> 49,74, </key>
<key name="virus"> 70,33,49,74, </key>
<key name="visibl"> 102,5, </key>
<key name="visit"> 108,109,59, </key>
<key name="voic"> 105, </key>
<key name="voip"> 107, </key>
<key name="vs"> 81,44,88, </key>
<key name="w"> 45, </key>
<key name="want"> 82,96,21,34,8,10,55,44,74,36,85,60,76,77,95,86,79,80,89,102,104,38,93,5,45, </key>
<key name="way"> 0,17,8,16,93,59, </key>
<key name="web"> 46,107,33,52,53,10,71,56,100,29,73,60,62,95,102,65,47,88,110,59,111, </key>
<key name="websit"> 108,110,111, </key>
<key name="week"> 0,1,82,6,8,14,102,20, </key>
<key name="weight"> 36, </key>
<key name="welcom"> 46, </key>
<key name="well"> 46,22,56,74,75,104,88,59, </key>
<key name="what"> 32,52,43,30,36,87,102,47,59, </key>
<key name="whatev"> 22,88, </key>
<key name="whenev"> 101, </key>
<key name="wherea"> 35,28, </key>
<key name="wherev"> 93, </key>
<key name="wheth"> 33,13,8,92,99,74,18,102,64,88, </key>
<key name="whichev"> 2, </key>
<key name="whil"> 102, </key>
<key name="whit"> 25,5,45, </key>
<key name="whol"> 24,85,88, </key>
<key name="whom"> 34,10,84, </key>
<key name="whos"> 46,33,49,84,38,45, </key>
<key name="why"> 9,35,94, </key>
<key name="wid"> 33, </key>
<key name="wide"> 33, </key>
<key name="widget"> 104, </key>
<key name="wiki"> 110, </key>
<key name="wikipedia"> 110,111, </key>
<key name="wiktionary"> 111, </key>
<key name="wildcard"> 83,42,88,45, </key>
<key name="will"> 2,32,70,33,52,8,43,30,100,36,75,84,76,77,95,86,102,57,94,47,104,38,28,88,105,45,48, </key>
<key name="window"> 107,33,34,10,23,100,58,31,75,77,95,87,102,47,104,39,108,109, </key>
<key name="winzip"> 33, </key>
<key name="within"> 0,2,107,81,33,52,82,83,54,43,25,30,44,72,29,73,58,31,75,84,76,62,95,87,28,88,110,5,59, </key>
<key name="without"> 0,107,52,10,42,44,85,16,87,102,39,111, </key>
<key name="wmv"> 33, </key>
<key name="word"> 81,70,33,41,24,42,43,44,74,84,85,102,40,88,110,111, </key>
<key name="wordpad"> 33, </key>

</ftswdata>  
