<?xml version='1.0' encoding='windows-1252' ?>
<!-- saved from url=(0014)about:internet -->
<ftswdata>
<key name="calendar"> 76,123,69,150,0,1,2,3,124,4,5,6,135,59,7,8,9,10,11,12,13,14,15,16,17,18,19,145,131,22,46,23,74,75,87, </key>
<key name="california"> 8,19, </key>
<key name="call"> 150, </key>
<key name="cancel"> 57,11, </key>
<key name="cannot"> 76,98,57,136,59,81,10,27,83,65,30,104,97,113,107,90,145,131,61,34,73,53,85,45,63,117,74,24, </key>
<key name="capabiliti"> 69, </key>
<key name="capitalization"> 65, </key>
<key name="car"> 103,43, </key>
<key name="carbon"> 47, </key>
<key name="card"> 145,24, </key>
<key name="cas"> 65,60,140,103,113,107,46,117, </key>
<key name="casserol"> 65,68, </key>
<key name="categori"> 119,24, </key>
<key name="categoriz"> 79, </key>
<key name="caus"> 110,113,108,145,46, </key>
<key name="cc"> 31,110,111,25,65,42,113,114,108,22,46,47,35, </key>
<key name="cel"> 56, </key>
<key name="cell"> 56, </key>
<key name="central"> 51,64, </key>
<key name="certain"> 0,40,111,79,65,102,113,88,85,45,46,72, </key>
<key name="chanc"> 103, </key>
<key name="chang"> 1,50,142,133,4,6,57,126,80,136,135,58,41,8,82,10,13,28,37,67,71,60,140,36,101,105,106,108,146,52,134,19,109,91,145,131,61,34,73,53,94,22,70,46,49,63,117,23,74,24,75,87, </key>
<key name="charact"> 67,113,89,108,122,68, </key>
<key name="character"> 136,113,145,147,46,117,68, </key>
<key name="characteristic"> 69,79,67,102, </key>
<key name="charg"> 37, </key>
<key name="chat"> 69,145, </key>
<key name="check"> 76,69,55,3,31,133,110,5,78,111,126,58,7,25,41,81,137,99,29,66,67,140,102,143,113,18,116,145,93,49,148,24, </key>
<key name="checkbox"> 145, </key>
<key name="checkboxesto"> 145, </key>
<key name="choic"> 66,17,90,70, </key>
<key name="choos"> 77,119,80,25,41,81,8,10,83,28,66,67,101,103,38,104,114,89,116,144,145,131,34,73,85,94,95,122,72, </key>
<key name="chos"> 145, </key>
<key name="chosen"> 4,42, </key>
<key name="cisco"> 150, </key>
<key name="claim"> 116, </key>
<key name="classification"> 122, </key>
<key name="classify"> 119,79,84,122, </key>
<key name="clear"> 85, </key>
<key name="click"> 76,69,150,0,1,2,55,130,50,3,142,124,31,56,133,77,119,39,40,78,57,126,80,136,135,58,59,125,127,7,25,41,81,26,137,8,10,128,27,83,120,11,12,13,28,29,14,66,121,84,42,100,32,15,60,140,36,101,86,129,143,103,43,38,104,33,16,97,113,114,105,106,89,108,17,146,52,90,44,134,115,18,19,109,21,144,145,131,61,34,73,53,92,132,93,85,94,95,22,70,147,46,47,62,49,122,35,63,23,148,74,72,75, </key>
<key name="clickabl"> 70, </key>
<key name="client"> 69,150,142,133,40,78,79,80,59,99,84,30,140,101,103,88,90,134,145,70,48,117,64,75,87,96, </key>
<key name="clip"> 98,40,103,63, </key>
<key name="clos"> 58,125,140,38,16,145,147,49, </key>
<key name="cod"> 4,40,5,99,113,114, </key>
<key name="collaboration"> 69,80,140,97,145,64, </key>
<key name="collective"> 67, </key>
<key name="colon"> 137,10,113,89,34,73,122, </key>
<key name="color"> 130,50,3,56,4,5,58,125,127,7,41,99,71,60,145,48,49,63, </key>
<key name="column"> 56,5,6,36,105,21,92,70,63,74, </key>
<key name="com"> 133,41,137,28,67,60,140,113,147,46,35, </key>
<key name="coma"> 145, </key>
<key name="combin"> 65,67,16, </key>
<key name="combination"> 65,96, </key>
<key name="comma"> 26,137,29,32,145,46, </key>
<key name="command"> 40,70,75, </key>
<key name="comment"> 17, </key>
<key name="commit"> 28,146, </key>
<key name="common"> 39,74, </key>
<key name="communicat"> 30, </key>
<key name="communication"> 69,71, </key>
<key name="company"> 2,136,7,25,26,10,30,67,43,116,34,73,35, </key>
<key name="compar"> 66, </key>
<key name="comparison"> 112,65,66,68, </key>
<key name="complet"> 123,124,126,41,8,11,28,32,33,44,18,19,144,51,132,22,24, </key>
<key name="completion"> 123,27,46, </key>
<key name="complex"> 67,114,117, </key>
<key name="component"> 43, </key>
<key name="compos"> 69,2,133,39,58,41,137,27,84,42,141,108,90,44,134,91,145,61,53,85,147,47,48,35,63,24,75, </key>
<key name="compres"> 40, </key>
<key name="compression"> 40, </key>
<key name="comput"> 150,40,78,41,140,103,145,74, </key>
<key name="computer"> 40,103, </key>
<key name="concern"> 43, </key>
<key name="condition"> 112,65,66,67, </key>
<key name="conferenc"> 18, </key>
<key name="configur"> 69,142,56,133,40,80,41,137,139,140,141,143,43,97,20,145,131,85,63, </key>
<key name="configuration"> 136,137,84,145, </key>
<key name="confirm"> 0,136, </key>
<key name="confirmation"> 55,130,50,3,41,12,74, </key>
<key name="conflict"> 20,74, </key>
<key name="connect"> 142, </key>
<key name="connection"> 142,133,80,140,145, </key>
<key name="consider"> 110,65,37,67,101,103,113,68, </key>
<key name="consist"> 2,30,67,36,43, </key>
<key name="consistent"> 63, </key>
<key name="consum"> 88, </key>
<key name="contact"> 76,123,69,142,124,31,119,98,111,136,25,41,26,8,27,28,29,65,30,138,32,71,43,33,114,107,90,18,19,116,109,145,34,85,22,45,46,122,35,117,24,72,75, </key>
<key name="contain"> 110,98,40,111,136,135,112,26,99,65,84,30,67,100,36,101,102,103,43,113,114,105,17,116,109,91,51,92,118,68, </key>
<key name="content"> 123,150,124,56,77,119,98,111,57,126,58,41,82,128,83,84,36,103,43,113,105,115,116,145,131,61,51,34,73,53,92,132,93,85,45,118,62,63,117,64,54,24,87, </key>
<key name="context"> 37, </key>
<key name="continu"> 66,37,139,134,46, </key>
<key name="contradictory"> 67, </key>
<key name="control"> 77,119,87, </key>
<key name="convenienc"> 30,70, </key>
<key name="convention"> 70, </key>
<key name="conversation"> 69,31,119,79,121,37,100,71,36,101,86,38,104,105,108,90,109,145,94,22,70,122,87, </key>
<key name="convert"> 98,117, </key>
<key name="cook"> 112, </key>
<key name="copi"> 65,91,145,47,74,54, </key>
<key name="copy"> 65,144,61,51,53,85,47,54, </key>
<key name="copyright"> 149, </key>
<key name="corn"> 62, </key>
<key name="corporat"> 66,30,114,45,35, </key>
<key name="corporation"> 147, </key>
<key name="correct"> 124,133,40,66,145,45,49,35, </key>
<key name="correction"> 49, </key>
<key name="correctnes"> 25, </key>
<key name="correspond"> 67,141,103,145,46, </key>
<key name="could"> 40,59,81,28,65,66,37,67,103,43,114,116,61,53,147,35,74, </key>
<key name="count"> 84, </key>
<key name="couri"> 63, </key>
<key name="creat"> 76,123,69,150,0,1,2,142,124,56,133,4,110,119,39,40,79,135,58,59,125,127,7,25,41,81,26,137,8,82,10,27,12,13,66,84,67,32,15,60,141,129,103,113,114,90,44,115,18,19,116,145,131,61,51,34,73,53,93,85,22,147,48,62,122,63,117,23,148,74,64,54,24,75,87,96, </key>
<key name="creator"> 74, </key>
<key name="criteria"> 110,111,28,37,113,116,109, </key>
<key name="criterion"> 113, </key>
<key name="csv"> 29,32,34, </key>
<key name="current"> 77,65,67,71,103,113,70,46,117,148,75,87, </key>
<key name="cursor"> 31,84,105,90,145,92,85,70,46,24, </key>
<key name="custom"> 69,81,8,83,65,37,145,87, </key>
<key name="customiz"> 55,130,3,57,8,82, </key>
<key name="d"> 46, </key>
<key name="dai"> 8,16, </key>
<key name="dal"> 46, </key>
<key name="dat"> 123,150,0,124,111,8,13,65,37,43,113,18,19,20,116,145,132,22,117,74,75, </key>
<key name="data"> 114, </key>
<key name="databas"> 63, </key>
<key name="david"> 46, </key>
<key name="day"> 0,1,2,4,5,6,8,37,140,16,88,18,145,85,23,72,75, </key>
<key name="db"> 46, </key>
<key name="dbrink"> 46, </key>
<key name="dd"> 113, </key>
<key name="de"> 77, </key>
<key name="decemb"> 116, </key>
<key name="decid"> 42, </key>
<key name="declin"> 130,50,9,10,17,20, </key>
<key name="decreas"> 70, </key>
<key name="ded"> 46, </key>
<key name="deep"> 5, </key>
<key name="default"> 123,1,133,80,58,25,41,82,12,29,65,84,30,100,140,141,36,113,105,106,108,146,115,91,145,85,94,46,48,74,24, </key>
<key name="defaulttim"> 145, </key>
<key name="defin"> 76,123,2,56,111,41,81,67,89,116,145,131, </key>
<key name="definition"> 116,122, </key>
<key name="delegat"> 69,1,51, </key>
<key name="delet"> 76,133,77,57,10,128,27,83,120,11,12,13,65,84,67,97,88,107,17,90,44,91,144,145,131,51,34,73,53,85,95,64,54,24,72, </key>
<key name="delimit"> 145, </key>
<key name="deliver"> 142,65,67,102,45, </key>
<key name="deliverabl"> 41, </key>
<key name="delivery"> 98,102, </key>
<key name="demand"> 100, </key>
<key name="denot"> 121, </key>
<key name="department"> 30,51, </key>
<key name="depend"> 39,98,136,41,66,84,32,15,43,108,90,61,53,24,87, </key>
<key name="descend"> 92, </key>
<key name="describ"> 55,130,50,3,39,10,67,113,114,52,44,109,145,131,34,73,117, </key>
<key name="description"> 2,8,43,113,114,18,19,116,145,117, </key>
<key name="descriptiv"> 70,63, </key>
<key name="design"> 69,40,78,58,64, </key>
<key name="designat"> 69,148, </key>
<key name="designation"> 67, </key>
<key name="desir"> 86,47,35, </key>
<key name="desk"> 71, </key>
<key name="desktop"> 39, </key>
<key name="destination"> 86,74, </key>
<key name="detail"> 123,142,124,135,58,25,86,113,109,145,22,23,74,24,75, </key>
<key name="detect"> 40,134, </key>
<key name="determin"> 2,102,106,145,35, </key>
<key name="develop"> 64, </key>
<key name="dialog"> 0,1,55,130,50,3,57,59,127,7,41,81,9,10,27,29,66,71,60,140,129,103,38,104,16,52,115,145,131,61,34,73,53,93,47,122,35,23,74,75, </key>

</ftswdata>  
