<?xml version='1.0' encoding='windows-1252' ?>
<!-- saved from url=(0014)about:internet -->
<ftswdata>
<key name="0"> 149, </key>
<key name="1"> 80,60,113,116,131,148, </key>
<key name="10"> 145,149, </key>
<key name="100"> 126,145, </key>
<key name="110"> 142, </key>
<key name="12"> 113,145, </key>
<key name="1212"> 147, </key>
<key name="12k"> 113, </key>
<key name="143"> 142, </key>
<key name="2"> 80,113,116,131, </key>
<key name="2005"> 149, </key>
<key name="2007"> 43,113,148,149, </key>
<key name="22"> 100, </key>
<key name="25"> 145,149, </key>
<key name="3"> 80,145,131, </key>
<key name="30"> 37,113, </key>
<key name="303"> 147, </key>
<key name="4"> 131, </key>
<key name="5"> 1,100,145,131,149, </key>
<key name="50"> 145, </key>
<key name="555"> 147, </key>
<key name="7"> 1,4,18, </key>
<key name="9"> 113, </key>
<key name="abbreviation"> 47, </key>
<key name="ability"> 0,24, </key>
<key name="abl"> 39,98,40,136,51, </key>
<key name="abov"> 4,36,108,147, </key>
<key name="absenc"> 67, </key>
<key name="accent"> 136, </key>
<key name="accept"> 1,55,130,50,3,4,10,99,71,60,17,20,48,49,54, </key>
<key name="acces"> 123,69,1,55,130,50,3,142,124,133,78,57,10,84,60,140,52,145,131,61,51,34,73,53,93,122,74,54,24,87,96, </key>
<key name="accessibility"> 71,145, </key>
<key name="accord"> 79,108, </key>
<key name="account"> 69,142,133,78,137,8,84,140,141,143,146,18,19,20,144,145,34,147,74, </key>
<key name="acm"> 28,113,147,46,35, </key>
<key name="acrobat"> 40, </key>
<key name="acros"> 35, </key>
<key name="action"> 77,65,66,121,67,17,90,61,53,70,87, </key>
<key name="activ"> 78,66,67,140,70, </key>
<key name="activat"> 103, </key>
<key name="activiti"> 123,0,1,4,5,6,57,7,10,53,63, </key>
<key name="activity"> 0,5,139, </key>
<key name="actual"> 40,43,54, </key>
<key name="ad"> 123,2,55,130,50,3,124,31,56,133,4,125,127,25,26,27,60,141,17,19,145,22,46,47,35,63,74,24, </key>
<key name="add"> 123,69,2,124,31,56,133,119,5,57,58,25,41,26,137,8,10,27,13,66,42,30,15,71,60,141,108,17,90,18,19,144,145,61,34,73,53,147,35,63,74,64,24,75, </key>
<key name="addition"> 124,110,81,8,60,97,85,63, </key>
<key name="additional"> 31,7,25,8,10,65,30,67,33,18,19,145,61,34,73,53,70,147,24, </key>
<key name="addres"> 76,69,150,142,31,133,111,135,59,25,41,26,137,8,10,27,28,29,65,30,67,32,60,140,141,143,103,43,33,113,114,108,90,18,19,20,21,144,145,131,61,51,34,73,53,22,45,70,147,46,47,35,63,117,74,24,75,87, </key>
<key name="addresse"> 42,47, </key>
<key name="adjust"> 106, </key>
<key name="administration"> 40,85, </key>
<key name="administrator"> 69,150,98,40,78,111,136,8,138,139,140,102,103,97,88,18,19,20,145,85,95,45,24,72, </key>
<key name="adob"> 110,40,116, </key>
<key name="adres"> 75, </key>
<key name="advanc"> 69,142,133,110,111,80,84,140,113,90,115,116,109,145,117,75,87, </key>
<key name="advantag"> 63, </key>
<key name="advis"> 41, </key>
<key name="affect"> 146, </key>
<key name="again"> 39,139,106,115, </key>
<key name="aid"> 122,117, </key>
<key name="ajax"> 80,140, </key>
<key name="aka"> 85,72, </key>
<key name="alias"> 145, </key>
<key name="alignment"> 56, </key>
<key name="allow"> 111,57,26,137,65,67,141,103,113,114,90,145,61,53,147,117, </key>
<key name="allowabl"> 113, </key>
<key name="almost"> 103, </key>
<key name="alon"> 114, </key>
<key name="along"> 79,104,88, </key>
<key name="alphabetiz"> 32, </key>
<key name="already"> 31,119,139,20,63, </key>
<key name="alternative"> 119, </key>
<key name="although"> 114, </key>
<key name="alway"> 4,99,71,140,141,103,113,134,109,145,85,46,35,23,74, </key>
<key name="am"> 148, </key>
<key name="amb"> 113, </key>
<key name="amount"> 139,88, </key>
<key name="and"> 113, </key>
<key name="angl"> 108, </key>
<key name="animation"> 40, </key>
<key name="announcement"> 51, </key>
<key name="anoth"> 76,55,130,50,3,142,77,39,40,79,59,81,26,83,28,84,37,67,86,129,143,107,90,134,115,116,145,85,45,49,122,74,54, </key>
<key name="any"> 76,123,69,0,2,124,31,110,119,40,5,111,6,59,41,8,82,10,27,120,12,65,66,84,67,139,103,43,16,97,113,114,89,108,17,146,52,134,18,19,20,109,91,145,131,61,51,34,73,53,92,85,22,47,122,117,68,74,24,72,75,87, </key>
<key name="anyon"> 10,131,61,51,34,73,53, </key>
<key name="anyth"> 131, </key>
<key name="anyway"> 41, </key>
<key name="anywher"> 113,114,145, </key>
<key name="ap"> 77,119,65,66,67,90,134,145,147,122,24, </key>
<key name="appear"> 0,31,133,110,119,39,112,41,137,8,10,27,65,42,30,37,67,100,71,140,101,86,103,38,104,16,113,114,105,108,90,18,19,116,21,145,34,73,147,46,47,122,35,23,74,54, </key>
<key name="appli"> 133,77,119,137,65,66,37,67,113,116,122, </key>
<key name="application"> 69,40,135,67,71,103,43,134,145,46,74,64,75,87,96, </key>
<key name="apply"> 77,145, </key>
<key name="appointment"> 69,0,1,2,7,8,11,13,17,18,19,21,145,22,46,23,75, </key>
<key name="appropriat"> 133,39,103,17,131,74, </key>
<key name="area"> 123,2,124,10,28,66,84,114,106,18,116,109,61,34,73,53,87, </key>
<key name="arial"> 145, </key>
<key name="arriv"> 111,66,144,85, </key>
<key name="arrow"> 0,25,81,8,36,33,114,108,18,19,116,109,92,93,94,70,46,122,117, </key>
<key name="ascend"> 92, </key>
<key name="ask"> 37,103,43,74, </key>
<key name="assign"> 69,119,136,145,61,53,147,24,96, </key>
<key name="assistant"> 123,124,51,75, </key>
<key name="associat"> 142,31,67,141, </key>
<key name="assum"> 40,116, </key>
<key name="asterisk"> 113,118,117,68, </key>
<key name="atom"> 81,93, </key>
<key name="attach"> 124,133,39,40,137,103,116,22, </key>
<key name="attachment"> 69,142,124,110,39,98,40,111,41,8,13,65,42,67,36,102,103,43,113,114,88,108,17,18,19,116,109,145,22,63,117,74,64, </key>
<key name="attack"> 102, </key>
<key name="attempt"> 74, </key>
<key name="attende"> 69,0,2,8,11,12,13,18,19,21,145,22,46,23, </key>
<key name="attribut"> 113, </key>
<key name="audio"> 117, </key>
<key name="august"> 148, </key>
<key name="authenticat"> 140, </key>
<key name="author"> 69, </key>
<key name="auto"> 31,27,145,148,24, </key>
<key name="autocomplet"> 60,145,46, </key>
<key name="automat"> 85,72, </key>
<key name="automatic"> 100,88,46, </key>
<key name="automatical"> 69,142,31,133,40,79,81,26,137,27,12,65,66,67,139,140,43,97,107,108,17,144,145,85,95,147,148, </key>
<key name="availability"> 69,8,71,18,19,20,21, </key>
<key name="availabl"> 123,150,0,124,4,25,8,27,30,71,140,18,19,145,46,35,63,74,87, </key>
<key name="away"> 71,145,148, </key>
<key name="back"> 55,130,50,3,133,78,137,27,71,140,101,70,49,75, </key>
<key name="background"> 56,99,145,48,63, </key>
<key name="backslash"> 68, </key>
<key name="bad"> 45, </key>
<key name="ban"> 0,88,18, </key>
<key name="bana"> 112, </key>
<key name="banana"> 112,65,113,117,68, </key>
<key name="bananafloat"> 68, </key>
<key name="bananasboat"> 68, </key>
<key name="bandanna"> 68, </key>
<key name="bar"> 124,110,5,59,8,28,113,88,106,115,18,19,21,70,87, </key>
<key name="bas"> 80,140, </key>
<key name="basi"> 83, </key>
<key name="basic"> 110,111,71,113,116,62,63, </key>
<key name="bcc"> 31,25,41,42,114,46,47,35, </key>
<key name="be"> 65,67,38,61,53, </key>
<key name="becom"> 2,5,8,71,43,18,19,22,46, </key>
<key name="befor"> 2,55,130,50,3,142,124,133,111,41,26,137,65,71,113,114,108,17,116,145,93,85,49,35,68,72, </key>
<key name="begin"> 56,37,90,46, </key>
<key name="behalf"> 51,53, </key>
<key name="behav"> 70,46, </key>
<key name="behavior"> 46, </key>
<key name="below"> 133,41,26,137,106,145,147,46,75,87, </key>
<key name="beneath"> 116, </key>
<key name="best"> 145, </key>
<key name="beta"> 69,71, </key>
<key name="big"> 113, </key>
<key name="billybob"> 46, </key>
<key name="black"> 145, </key>
<key name="blank"> 58,41, </key>
<key name="blind"> 47, </key>
<key name="block"> 98,40,102, </key>
<key name="blu"> 4, </key>
<key name="boat"> 68, </key>
<key name="bob"> 46, </key>
<key name="body"> 111,41,99,65,42,67,43,114,105,108,116,145,117,75, </key>
<key name="bold"> 84,100,71,36,101, </key>
<key name="book"> 76,69,150,31,135,59,25,26,27,28,29,30,32,103,33,114,145,34,35,74,24,75, </key>
<key name="bord"> 56, </key>
<key name="bos"> 67, </key>
<key name="both"> 31,110,112,86,113,116,68, </key>
<key name="bottom"> 94, </key>
<key name="bounc"> 88,45, </key>
<key name="box"> 133,110,5,111,126,41,26,137,99,28,66,67,32,36,86,113,114,116,109,145,70,147,46,35,117,148, </key>
<key name="boxman"> 110, </key>
<key name="br"> 47, </key>
<key name="bracket"> 108, </key>
<key name="breakfast"> 112, </key>
<key name="briefcas"> 69,73,63,74, </key>
<key name="brink"> 46, </key>
<key name="brows"> 150,39,40,78,32,15,140,103,104,113,134,70,63,74,64,87, </key>
<key name="browser"> 40,78,80,140,145, </key>
<key name="buddi"> 69,71, </key>
<key name="buddy"> 69,71, </key>
<key name="budget"> 116, </key>
<key name="build"> 113,116, </key>
<key name="built"> 79, </key>
<key name="bullet"> 99,48, </key>
<key name="busines"> 145, </key>
<key name="busy"> 69,1,2,5,8,18,19,21, </key>
<key name="button"> 76,142,40,78,25,81,129,43,146,90,134,116,109,145,93,70,47,35,87, </key>
<key name="byt"> 111,113, </key>
<key name="cal"> 110,137,30,67,60,141,113,116,145,35,64, </key>

</ftswdata>  
