<?xml version='1.0' encoding='windows-1252' ?>
<ftswdata>
<key name="least"> 84,94,39, </key>
<key name="leav"> 107,51,42,44,100,95,111, </key>
<key name="left"> 51,90,96,56,100,58,85,78,57,66,67,47,28,88,5,59, </key>
<key name="length"> 99,102, </key>
<key name="lenient"> 36, </key>
<key name="les"> 92, </key>
<key name="let"> 1,107,33,34,8,56,39,88,5,111, </key>
<key name="level"> 54,60,102,109, </key>
<key name="lick"> 76, </key>
<key name="lik"> 22,41,24,36,102, </key>
<key name="like"> 30,44,38, </key>
<key name="limit"> 82,21,60, </key>
<key name="lin"> 26,81,32,33,53,83,34,42,35,30,29,36,85,76,77,102,45, </key>
<key name="link"> 70,33,8,71,65,47,59,111, </key>
<key name="list"> 50,2,46,3,26,51,90,82,21,7,22,17,54,8,10,23,12,43,92,25,30,44,27,29,36,68,85,76,15,62,16,87,80,102,65,57,19,94,47,38,39,93,28,88,5,59,111, </key>
<key name="literal"> 88, </key>
<key name="local"> 60,89,111, </key>
<key name="locat"> 32,53,27, </key>
<key name="location"> 2,21,17,54,8,29,58,74,16,79,18,66,20,109,59,111, </key>
<key name="log"> 52,41,72,99,100,60,103,102,57,59, </key>
<key name="login"> 100, </key>
<key name="long"> 23,69,60,78,47,39, </key>
<key name="look"> 4,34,42,72,60, </key>
<key name="los"> 36,95, </key>
<key name="lot"> 101, </key>
<key name="low"> 76,80,47, </key>
<key name="m"> 42, </key>
<key name="macintosh"> 52, </key>
<key name="mail"> 50,46,3,26,32,33,52,53,96,21,22,34,41,23,71,42,43,92,56,35,25,30,44,72,100,29,73,58,101,74,36,75,84,85,60,76,78,77,62,37,95,87,63,89,102,57,67,94,47,104,39,93,28,105,48,59, </key>
<key name="mailbox"> 4,54,41,44,29,60,89,102,65,66,94,110,59,111, </key>
<key name="main"> 45, </key>
<key name="maintain"> 25, </key>
<key name="majority"> 74, </key>
<key name="mak"> 0,107,81,13,10,71,24,84,85,15,80,20,88, </key>
<key name="malform"> 42, </key>
<key name="man"> 38, </key>
<key name="manag"> 1,46,10,29, </key>
<key name="manageabl"> 60, </key>
<key name="management"> 43, </key>
<key name="manual"> 57,67, </key>
<key name="map"> 109,111, </key>
<key name="mark"> 51,42,56,44,73,15,62,45, </key>
<key name="markup"> 102, </key>
<key name="martin"> 81, </key>
<key name="match"> 2,81,33,83,17,8,24,42,43,30,44,16,80,38,108,88,45, </key>
<key name="maximum"> 21,99,84, </key>
<key name="maxm"> 84, </key>
<key name="mb"> 82,84, </key>
<key name="mean"> 83,42,43,30,84,102,94,5, </key>
<key name="meant"> 52, </key>
<key name="mechanism"> 107,56, </key>
<key name="media"> 33, </key>
<key name="medium"> 93, </key>
<key name="meet"> 0,2,107,81,13,17,8,10,44,15,16,79,18,19, </key>
<key name="meeting"> 0,2,1,46,13,17,8,10,12,14,79,18,19, </key>
<key name="megabyt"> 84, </key>
<key name="menu"> 26,51,90,44,73,85,62,66,47,28, </key>
<key name="messag"> 0,50,2,1,46,107,3,26,81,90,32,70,33,82,53,22,34,41,9,10,55,71,42,43,92,56,35,30,44,72,29,73,49,58,101,74,36,31,75,69,84,85,60,76,78,77,15,62,37,95,87,80,63,89,102,64,57,66,19,94,47,104,38,39,40,93,28,88,105,48,59, </key>
<key name="met"> 43, </key>
<key name="method"> 53,83,43,73, </key>
<key name="microsoft"> 32,33,52,56,74,84,87,88, </key>
<key name="middl"> 95,45, </key>
<key name="might"> 82,49,84,77,95,57,38,93,45,48, </key>
<key name="migrat"> 56, </key>
<key name="mik"> 30, </key>
<key name="mini"> 0,1,82,102,19,59, </key>
<key name="minimum"> 102,108, </key>
<key name="minm"> 84, </key>
<key name="minut"> 72,27,102, </key>
<key name="mission"> 36, </key>
<key name="mix"> 87, </key>
<key name="mm"> 84, </key>
<key name="mod"> 71,20, </key>
<key name="modifi"> 24, </key>
<key name="monday"> 6, </key>
<key name="money"> 45, </key>
<key name="month"> 0,1,82,6,8,14, </key>
<key name="mous"> 0,50,26,51,21,76,62,95,64,47,38,5, </key>
<key name="mov"> 50,3,51,53,21,55,42,30,44,58,78,15,62,57,38,28,48, </key>
<key name="movabl"> 47, </key>
<key name="movi"> 33, </key>
<key name="mozilla"> 52, </key>
<key name="mpeg"> 33, </key>
<key name="mpg"> 33, </key>
<key name="much"> 60, </key>
<key name="multi"> 16, </key>
<key name="multilingual"> 111, </key>
<key name="multipl"> 2,46,81,51,90,82,21,17,42,43,44,75,16,93,5, </key>
<key name="music"> 111, </key>
<key name="musician"> 111, </key>
<key name="must"> 81,32,97,83,24,42,43,30,44,100,74,84,85,76,103,102,108,111, </key>
<key name="my"> 83,42,44,84,95, </key>
<key name="myra"> 100, </key>
<key name="myra123"> 100, </key>
<key name="nam"> 2,107,3,26,81,51,90,21,7,22,34,17,54,8,10,23,91,24,42,43,72,27,100,36,14,68,84,85,60,76,61,77,62,86,16,80,18,65,19,38,93,108,28,109,88,5,59,111, </key>
<key name="navigat"> 95,102, </key>
<key name="ne"> 33,17,8,100,95,20, </key>
<key name="nearest"> 42, </key>
<key name="necessary"> 8,43, </key>
<key name="need"> 32,34,92,60,28, </key>
<key name="negativ"> 44, </key>
<key name="network"> 74, </key>
<key name="nev"> 87,94, </key>
<key name="new"> 0,46,26,90,32,33,97,21,7,22,34,17,54,8,43,56,35,30,44,72,73,58,101,36,84,76,77,15,103,62,37,87,102,65,57,104,38,39,93,28,88,59, </key>
<key name="newest"> 76, </key>
<key name="next"> 22,17,8,42,43,56,72,29,74,36,68,76,16,87,18,66,47,39,93, </key>
<key name="non"> 10,42, </key>
<key name="normal"> 42,37,45, </key>
<key name="not"> 107,32,33,21,22,17,8,100,49,84,77,87,47,108,109,88,110,111, </key>
<key name="notab"> 33, </key>
<key name="notepad"> 33, </key>
<key name="noth"> 51, </key>
<key name="notic"> 3,15, </key>
<key name="notifi"> 101, </key>
<key name="notification"> 33,10,49,101,60,15,102, </key>
<key name="notify"> 10, </key>
<key name="novemb"> 4, </key>
<key name="numb"> 107,33,21,92,56,72,27,29,84,85,60,76,77,102,57,109,48,111, </key>
<key name="number"> 82,21,71,47, </key>
<key name="nut"> 87, </key>
<key name="object"> 82,84,18, </key>
<key name="occur"> 2,99,77, </key>
<key name="occurrenc"> 13, </key>
<key name="off"> 52,92,44,99,100,102,66,105,59, </key>
<key name="offer"> 46,29,88, </key>
<key name="offic"> 2,32,18,102,88,105, </key>
<key name="often"> 33,97,102, </key>
<key name="ok"> 90,13,97,7,17,54,8,10,43,58,14,86,16,65,19,20,93,108,28,109,110,111, </key>
<key name="old"> 97,30,69,60,77, </key>
<key name="omit"> 42,102, </key>
<key name="on"> 0,50,1,46,4,81,51,90,33,6,53,13,7,54,41,42,43,30,44,29,58,36,14,68,84,78,79,87,102,64,94,47,38,39,20,93,45,59, </key>
<key name="onc"> 4,51,90,92,25,30,38,105, </key>
<key name="ongo"> 77, </key>
<key name="onto"> 90, </key>
<key name="open"> 0,1,46,3,81,51,32,70,33,82,6,13,22,34,54,41,24,43,35,30,100,73,74,75,68,76,78,77,15,37,86,87,80,18,102,65,57,19,104,20,108,28,88,110, </key>
<key name="operat"> 95, </key>
<key name="operator"> 42,45, </key>
<key name="oppos"> 95, </key>
<key name="opt"> 33, </key>
<key name="option"> 0,2,1,26,81,90,70,6,97,96,21,83,34,17,8,41,9,10,71,42,43,35,44,72,27,29,84,77,15,103,16,80,63,102,66,104,20,59, </key>
<key name="optional"> 46,3,35,36,104,59, </key>
<key name="ord"> 81,90,22,34,43,30,44,100,60,103,64, </key>
<key name="order"> 30, </key>
<key name="org"> 110, </key>
<key name="organiz"> 50,46,53, </key>
<key name="organization"> 10,25,49,28, </key>
<key name="original"> 2,12,29,77,102,94,40, </key>
<key name="originator"> 11,102, </key>
<key name="other"> 1,10,42,100,74, </key>
<key name="otherwis"> 92,76,39, </key>
<key name="out"> 2,52,53,21,42,99,100,18,102,65,105, </key>
<key name="outgo"> 102,104, </key>
<key name="outlook"> 56, </key>
<key name="outsid"> 74, </key>
<key name="overview"> 50,107,90,54,41,91,56,29,78,86,65,93,108,109,110,59,111, </key>
<key name="own"> 46, </key>
<key name="pacific"> 17,8, </key>
<key name="packag"> 32, </key>
<key name="pag"> 2,33,13,34,17,41,35,25,44,75,102,19,47,20,109,110,59, </key>
<key name="paint"> 33, </key>
<key name="pan"> 50,107,81,90,82,96,7,22,34,54,41,91,56,30,29,58,76,78,15,86,87,80,102,64,65,57,66,67,47,93,108,109,88,110,59,111, </key>
<key name="pap"> 70,74, </key>
<key name="parameter"> 2, </key>
<key name="parent"> 54, </key>
<key name="parenthes"> 56,72,29,76, </key>
<key name="part"> 33,43,30,36,84,77,94,38,59, </key>
<key name="particular"> 46,44,84,64,88, </key>
<key name="partner"> 46, </key>
<key name="party"> 107,56,59, </key>
<key name="pas"> 26,21,76,62,64,47, </key>
<key name="password"> 97,98,100,103,102, </key>
<key name="pattern"> 8, </key>
<key name="pdf"> 81,70,33,84,87, </key>
<key name="peopl"> 0,1,10,84,105, </key>
<key name="per"> 14,79,102, </key>
<key name="perform"> 81,51,82,43,62,47,88, </key>
<key name="performanc"> 46, </key>
<key name="perhap"> 44,80, </key>
<key name="period"> 33,99,100,69,57,67,88,105,5,48, </key>
<key name="periodical"> 99, </key>
<key name="permanent"> 69, </key>
<key name="permission"> 46,10, </key>
<key name="permit"> 33, </key>
<key name="person"> 3,26,21,34,10,77,62,102,105, </key>
<key name="personal"> 1,46,21,7,10,24,25,74,85,62,80,93,28,88, </key>
<key name="phon"> 107,82,21,84,85, </key>
<key name="photoshop"> 33, </key>
<key name="phras"> 43,87,88, </key>

</ftswdata>  
