<?xml version='1.0' encoding='windows-1252' ?>
<ftswdata>
<key name="increas"> 37,61, </key>
<key name="indefinite"> 34, </key>
<key name="indicat"> 37,108,88,92,80, </key>
<key name="indicator"> 108,5, </key>
<key name="individual"> 40,14,91,92,105,82, </key>
<key name="information"> 2,124,28,37,97,23,17,8,10,24,25,56,57,72,27,50,33,40,30,78,16,95,19,51,105,31,20,110,61,121,55,22, </key>
<key name="informational"> 75, </key>
<key name="initial"> 113,70,119,53,44, </key>
<key name="inlin"> 84, </key>
<key name="input"> 56, </key>
<key name="insensitiv"> 56,99, </key>
<key name="insert"> 46,40,54, </key>
<key name="insid"> 69, </key>
<key name="instal"> 37,90, </key>
<key name="install"> 37, </key>
<key name="instanc"> 96,97,13,11,15,102, </key>
<key name="integrat"> 124,72,75, </key>
<key name="interact"> 124,72,64, </key>
<key name="interest"> 43, </key>
<key name="interfac"> 72,99,76,78,111,119,61, </key>
<key name="internal"> 37,10,99,51,31, </key>
<key name="internet"> 67,38,40,93,111,119, </key>
<key name="interpret"> 0,56, </key>
<key name="interval"> 88,119, </key>
<key name="invit"> 2,17,12,18,21, </key>
<key name="invitation"> 0,2,1,17,8,9,10,15,16,105,20, </key>
<key name="isn"> 73,62, </key>
<key name="issu"> 110, </key>
<key name="italic"> 54, </key>
<key name="item"> 65,96,66,106,37,68,13,98,71,107,108,72,58,74,90,99,100,78,102,95,119,73,83,61,104,109,103,84, </key>
<key name="itself"> 59, </key>
<key name="j"> 84, </key>
<key name="jan"> 58, </key>
<key name="january"> 99, </key>
<key name="jdo"> 50, </key>
<key name="jo"> 99,32, </key>
<key name="job"> 23, </key>
<key name="john"> 99,121, </key>
<key name="jpeg"> 96,37,90,102, </key>
<key name="jpg"> 36,37, </key>
<key name="js123"> 32, </key>
<key name="jsmith"> 32, </key>
<key name="junk"> 72,78,119,73,62,75,84, </key>
<key name="just"> 30,100,93,102,55, </key>
<key name="kb"> 97,99, </key>
<key name="keep"> 28,7,56,76,118,54, </key>
<key name="key"> 42,84, </key>
<key name="keyboard"> 64,84, </key>
<key name="keyword"> 48,99,100,53,54,103, </key>
<key name="kilobyt"> 99, </key>
<key name="know"> 17,8,10,39,50,100,16,51,31,42,52,53,32, </key>
<key name="known"> 17,8,90,16,19,122, </key>
<key name="l"> 84, </key>
<key name="label"> 68, </key>
<key name="languag"> 99,100,119,103, </key>
<key name="larg"> 97,56,108,63,99,76,73,62, </key>
<key name="last"> 0,97,23,38,25,34,58,29,40,99,100,42,123, </key>
<key name="launch"> 124,37, </key>
<key name="layout"> 46,48,87,54, </key>
<key name="leaf"> 56,59, </key>
<key name="learn"> 100,103, </key>
<key name="least"> 99,110,43, </key>
<key name="leav"> 124,66,56,58,116,111, </key>
<key name="left"> 66,106,112,72,116,74,100,94,73,82,83,61,32,103,5,75,84, </key>
<key name="length"> 115,119, </key>
<key name="lenient"> 40, </key>
<key name="les"> 108, </key>
<key name="let"> 1,124,28,37,38,8,72,100,119,43,53,54,103,5,22, </key>
<key name="letter"> 53, </key>
<key name="level"> 65,48,49,69,76,119,51,54, </key>
<key name="lick"> 92, </key>
<key name="lik"> 70,25,40,119, </key>
<key name="like"> 34,58, </key>
<key name="limit"> 97,76,22, </key>
<key name="lin"> 28,96,36,37,68,98,38,56,39,34,33,40,100,92,93,119,59, </key>
<key name="link"> 86,37,48,8,87,50,81,61,53,54,55,75, </key>
<key name="list"> 65,2,45,3,28,66,106,97,47,7,23,38,17,69,8,10,24,12,26,57,108,27,34,58,29,50,33,40,30,100,92,15,78,16,102,95,119,51,31,81,73,20,110,61,42,43,109,32,54,103,5,22,75,84, </key>
<key name="literal"> 103, </key>
<key name="local"> 76,118, </key>
<key name="locat"> 36,68,29, </key>
<key name="location"> 2,48,17,69,8,33,74,90,16,18,19,82,21,75, </key>
<key name="log"> 67,70,88,115,116,76,120,119,73,75, </key>
<key name="login"> 116, </key>
<key name="long"> 47,24,85,76,94,61,43, </key>
<key name="look"> 4,38,56,88,76, </key>
<key name="los"> 40,111, </key>
<key name="lot"> 117, </key>
<key name="low"> 92,95,61, </key>
<key name="lowercas"> 53, </key>
<key name="m"> 56,84, </key>
<key name="macintosh"> 67, </key>
<key name="mail"> 65,60,45,3,28,36,37,67,68,112,49,23,38,70,10,24,87,56,57,108,72,39,34,58,88,116,33,89,117,90,40,91,99,100,76,92,94,93,78,41,111,102,79,118,119,51,31,73,83,110,61,121,43,109,32,122,62,64,75,84, </key>
<key name="mailbox"> 28,4,49,69,70,58,33,117,76,118,119,105,81,82,110,75, </key>
<key name="main"> 59, </key>
<key name="maintain"> 27,54, </key>
<key name="majority"> 90, </key>
<key name="mak"> 0,124,96,13,10,87,25,99,100,15,95,51,105,31,21,54,103, </key>
<key name="malform"> 56, </key>
<key name="man"> 42, </key>
<key name="manag"> 1,60,47,10,33,51,105,31, </key>
<key name="manageabl"> 76, </key>
<key name="management"> 57, </key>
<key name="manual"> 73,83, </key>
<key name="mark"> 66,56,72,58,89,93,15,78,59,84, </key>
<key name="markup"> 119, </key>
<key name="martin"> 96, </key>
<key name="match"> 2,96,37,98,17,8,25,56,57,34,58,16,95,42,103,59,22, </key>
<key name="maximum"> 115,99,22, </key>
<key name="maxm"> 99, </key>
<key name="mb"> 97,99, </key>
<key name="md5sumsafterburn"> 53, </key>
<key name="mean"> 98,56,57,34,99,119,110,5, </key>
<key name="meant"> 67, </key>
<key name="mechanism"> 124,72, </key>
<key name="media"> 37, </key>
<key name="medium"> 109, </key>
<key name="meet"> 0,2,124,96,13,17,8,10,58,15,16,18,19,20, </key>
<key name="meeting"> 0,2,1,60,13,17,8,10,12,14,18,19,20, </key>
<key name="megabyt"> 99, </key>
<key name="menu"> 28,66,106,58,89,100,78,82,61,32,84, </key>
<key name="merg"> 46, </key>
<key name="messag"> 0,65,2,1,60,124,45,3,28,96,106,36,86,37,97,47,68,23,38,70,9,10,71,87,56,57,108,72,39,34,58,88,33,89,63,74,90,40,35,91,85,99,100,76,92,94,93,15,78,41,111,102,95,79,118,119,51,31,80,73,82,20,110,61,121,42,43,44,109,32,103,122,22,62,64,75,84, </key>
<key name="met"> 57, </key>
<key name="method"> 68,98,57,89, </key>
<key name="microsoft"> 36,37,67,72,90,99,102,103, </key>
<key name="middl"> 111,59, </key>
<key name="might"> 97,63,99,93,111,73,42,109,59,62, </key>
<key name="migrat"> 72, </key>
<key name="mik"> 34, </key>
<key name="mini"> 0,1,97,119,20,75, </key>
<key name="minimum"> 119, </key>
<key name="minm"> 99, </key>
<key name="minut"> 88,29,119, </key>
<key name="miscellaneou"> 28, </key>
<key name="mission"> 40, </key>
<key name="mix"> 102, </key>
<key name="mm"> 99, </key>
<key name="mod"> 87,21, </key>
<key name="modifi"> 25,54, </key>
<key name="monday"> 6, </key>
<key name="money"> 59, </key>
<key name="month"> 0,1,97,6,8,14,64,84, </key>
<key name="mous"> 0,65,28,66,92,78,111,80,61,42,5,22, </key>
<key name="mov"> 65,45,3,66,68,71,56,34,58,74,94,15,78,73,42,32,22,62,84, </key>
<key name="movabl"> 61, </key>
<key name="movi"> 37, </key>
<key name="mozilla"> 67, </key>
<key name="mpeg"> 37, </key>
<key name="mpg"> 37, </key>
<key name="much"> 76, </key>
<key name="multi"> 16, </key>
<key name="multipl"> 2,60,96,66,106,97,17,56,57,58,91,16,109,5,55,22,84, </key>
<key name="must"> 65,96,36,113,98,49,10,25,56,57,34,58,50,116,90,99,100,92,120,119,51,31,53, </key>
<key name="my"> 98,56,58,99,111, </key>
<key name="myra"> 116, </key>
<key name="myra123"> 116, </key>
<key name="n"> 84, </key>
<key name="nam"> 65,2,124,45,3,28,96,66,106,47,48,7,49,23,38,17,69,8,24,107,25,26,56,57,27,88,29,50,116,40,14,30,99,100,76,92,77,93,78,101,16,95,19,51,81,20,42,53,109,32,103,5,22,64,75, </key>
<key name="navigat"> 111,119,75,84, </key>
<key name="ne"> 37,17,8,116,111,51,21, </key>
<key name="nearest"> 56, </key>
<key name="necessary"> 8,57, </key>
<key name="need"> 36,38,108,76,32, </key>
<key name="negativ"> 58, </key>
<key name="network"> 90, </key>
<key name="nev"> 102,110, </key>
<key name="new"> 0,60,28,106,36,37,47,113,48,7,49,23,38,17,69,8,57,72,39,34,58,88,29,89,74,117,40,99,92,93,15,120,78,41,102,119,51,31,81,73,121,42,43,53,109,32,103,22,64,75,84, </key>
<key name="newest"> 92, </key>
<key name="next"> 23,17,8,56,57,72,88,33,90,40,30,92,16,102,19,82,61,43,109,84, </key>
<key name="nolink"> 53, </key>
<key name="non"> 47,10,56,31, </key>
<key name="normal"> 56,41,54,59, </key>
<key name="not"> 124,36,37,48,23,17,8,10,50,116,63,99,93,102,51,31,61,53,103,22,64, </key>
<key name="notab"> 37, </key>
<key name="notebook"> 45,46,47,48,49,50,51,105,53,54,55, </key>
<key name="notepad"> 37, </key>
<key name="noth"> 66, </key>
<key name="notic"> 45,3,15, </key>
<key name="notifi"> 117,54, </key>
<key name="notification"> 37,10,50,63,117,76,15,119,51,31, </key>
<key name="notify"> 47,51, </key>
<key name="novemb"> 4, </key>
<key name="numb"> 124,37,108,72,88,29,33,99,100,76,92,93,119,73,53,22,62, </key>
<key name="number"> 97,87,61,22, </key>
<key name="nut"> 102, </key>
<key name="o"> 84, </key>
<key name="object"> 97,99,19,55, </key>
<key name="occur"> 2,115,93, </key>
<key name="occurrenc"> 13, </key>
<key name="of"> 105, </key>
<key name="off"> 67,108,58,115,116,119,82,122,75, </key>
<key name="offer"> 60,33,103,64, </key>
<key name="offic"> 2,36,19,119,103,122, </key>
<key name="often"> 37,113,119, </key>

</ftswdata>  
