<?xml version='1.0' encoding='windows-1252' ?>
<ftswdata>
<key name="initial"> 107,54,112,74,40,75, </key>
<key name="inlin"> 68, </key>
<key name="input"> 41, </key>
<key name="insensitiv"> 41,93, </key>
<key name="insert"> 36,75, </key>
<key name="insid"> 53, </key>
<key name="instal"> 33,83, </key>
<key name="install"> 33, </key>
<key name="instanc"> 90,91,13,11,15,96, </key>
<key name="instruction"> 10, </key>
<key name="integrat"> 118,56,59, </key>
<key name="interact"> 118,56, </key>
<key name="interest"> 39, </key>
<key name="interfac"> 56,93,60,62,105,112,46, </key>
<key name="internal"> 33,93,72, </key>
<key name="internet"> 51,34,36,86,105,112, </key>
<key name="interpret"> 0,41, </key>
<key name="interval"> 81,112, </key>
<key name="invit"> 2,17,12,88,20, </key>
<key name="invitation"> 0,2,1,17,8,9,10,15,16,99,19, </key>
<key name="isn"> 57,47, </key>
<key name="issu"> 104, </key>
<key name="item"> 49,90,50,100,33,52,13,92,55,101,102,56,43,58,83,93,94,62,96,89,112,57,67,46,103,97,68, </key>
<key name="itself"> 44, </key>
<key name="j"> 68, </key>
<key name="jan"> 43, </key>
<key name="january"> 93, </key>
<key name="jdo"> 72, </key>
<key name="jo"> 93,28, </key>
<key name="job"> 22, </key>
<key name="john"> 93,114, </key>
<key name="jpeg"> 90,33,83,96, </key>
<key name="jpg"> 32,33, </key>
<key name="js123"> 28, </key>
<key name="jsmith"> 28, </key>
<key name="junk"> 56,62,112,57,47,59,68, </key>
<key name="just"> 77,94,86,96,120, </key>
<key name="kb"> 91,93, </key>
<key name="keep"> 7,41,60,98,75, </key>
<key name="kept"> 69,76, </key>
<key name="key"> 69,38,68, </key>
<key name="keyboard"> 69,117,68, </key>
<key name="keyword"> 70,93,94,74,75,97, </key>
<key name="kilobyt"> 93, </key>
<key name="know"> 17,8,35,16,72,38,73,74,28,75, </key>
<key name="known"> 17,8,83,16,18,115, </key>
<key name="l"> 68, </key>
<key name="label"> 52, </key>
<key name="languag"> 93,94,112,97, </key>
<key name="larg"> 91,41,102,48,93,60,57,47, </key>
<key name="last"> 0,91,22,34,24,30,43,27,36,93,94,38,116, </key>
<key name="launch"> 118,33, </key>
<key name="layout"> 70,80,75,76, </key>
<key name="leaf"> 41,44, </key>
<key name="learn"> 94,97, </key>
<key name="least"> 93,104,39, </key>
<key name="leav"> 118,50,41,43,110,69,105,122, </key>
<key name="left"> 50,100,106,71,56,110,58,94,87,57,66,67,46,28,97,5,59,68, </key>
<key name="length"> 109,112, </key>
<key name="lenient"> 36, </key>
<key name="les"> 102, </key>
<key name="let"> 1,118,33,34,8,56,69,112,39,74,75,97,5,117,122, </key>
<key name="letter"> 74, </key>
<key name="level"> 71,53,60,112,120, </key>
<key name="lick"> 85, </key>
<key name="lif"> 76, </key>
<key name="lik"> 54,24,36,112, </key>
<key name="like"> 30,43, </key>
<key name="limit"> 91,21,60, </key>
<key name="lin"> 26,90,32,33,52,92,34,41,35,30,29,36,94,85,86,112,44, </key>
<key name="link"> 79,33,70,8,10,80,72,65,46,74,75,76,59,122, </key>
<key name="list"> 49,2,3,26,50,100,91,21,7,22,34,17,53,8,10,23,12,42,102,25,30,43,27,29,69,36,77,94,85,15,62,16,96,89,112,65,57,19,104,46,38,39,103,28,75,97,5,76,59,122, </key>
<key name="literal"> 97, </key>
<key name="local"> 60,98,122, </key>
<key name="locat"> 32,52,27, </key>
<key name="location"> 2,17,53,8,29,58,83,16,88,18,66,20,120,59,122, </key>
<key name="log"> 51,54,81,109,110,60,113,112,57,59, </key>
<key name="login"> 110, </key>
<key name="long"> 23,78,60,87,46,39, </key>
<key name="look"> 4,34,41,81,60, </key>
<key name="los"> 36,105, </key>
<key name="lot"> 111, </key>
<key name="low"> 85,89,46, </key>
<key name="lowercas"> 74, </key>
<key name="m"> 41,68, </key>
<key name="macintosh"> 51, </key>
<key name="mail"> 49,45,3,26,32,33,51,52,106,71,22,34,54,23,80,41,42,102,56,35,30,43,81,110,29,82,111,69,83,36,84,93,94,60,85,87,86,62,37,105,96,63,98,112,57,67,104,46,114,39,103,28,115,47,59,68, </key>
<key name="mailbox"> 4,53,54,43,29,111,60,98,112,99,65,66,104,121,59,122, </key>
<key name="main"> 44, </key>
<key name="maintain"> 25, </key>
<key name="major"> 69, </key>
<key name="majority"> 83, </key>
<key name="mak"> 0,118,90,13,10,80,24,93,94,15,89,72,99,20,97, </key>
<key name="malform"> 41, </key>
<key name="man"> 38, </key>
<key name="manag"> 1,45,10,29,72,99,76, </key>
<key name="manageabl"> 60, </key>
<key name="management"> 42, </key>
<key name="manual"> 57,67, </key>
<key name="map"> 120,122, </key>
<key name="mark"> 50,41,56,43,82,86,15,62,44,68, </key>
<key name="markup"> 112, </key>
<key name="martin"> 90, </key>
<key name="match"> 2,90,33,21,92,17,8,24,41,42,30,43,69,16,89,38,119,97,44, </key>
<key name="maximum"> 21,109,93, </key>
<key name="maxm"> 93, </key>
<key name="mb"> 91,93, </key>
<key name="md5sumsafterburn"> 74, </key>
<key name="mean"> 92,41,42,30,93,112,99,104,5, </key>
<key name="meant"> 51, </key>
<key name="mechanism"> 118,56, </key>
<key name="media"> 33, </key>
<key name="medium"> 103, </key>
<key name="meet"> 0,2,118,90,13,17,8,10,43,15,16,88,18,19, </key>
<key name="meeting"> 0,2,1,45,13,17,8,10,12,14,88,18,19, </key>
<key name="megabyt"> 93, </key>
<key name="member"> 76, </key>
<key name="menu"> 26,50,100,43,82,94,62,66,46,28,68, </key>
<key name="merg"> 75, </key>
<key name="messag"> 0,49,2,1,45,118,3,26,90,100,32,79,33,91,52,21,22,34,54,9,10,55,80,41,42,102,56,35,30,43,81,29,82,48,58,69,83,36,31,84,78,93,94,60,85,87,86,15,62,37,105,96,89,63,98,112,64,57,66,19,104,46,114,38,39,40,103,28,97,115,47,117,59,68, </key>
<key name="met"> 42, </key>
<key name="method"> 52,92,42,82, </key>
<key name="microsoft"> 32,33,51,56,83,93,96,97, </key>
<key name="middl"> 105,44, </key>
<key name="might"> 91,48,93,86,105,57,38,103,44,47, </key>
<key name="migrat"> 56, </key>
<key name="mik"> 30, </key>
<key name="mini"> 0,1,91,112,19,59, </key>
<key name="minimum"> 112,119, </key>
<key name="minm"> 93, </key>
<key name="minut"> 81,27,112, </key>
<key name="mission"> 36, </key>
<key name="mix"> 96, </key>
<key name="mm"> 93, </key>
<key name="mod"> 80,20, </key>
<key name="modifi"> 24, </key>
<key name="monday"> 6, </key>
<key name="money"> 44, </key>
<key name="month"> 0,1,91,6,8,14, </key>
<key name="mous"> 0,49,26,50,21,85,62,105,64,46,38,5, </key>
<key name="mov"> 49,3,50,52,21,55,41,30,43,58,87,15,62,57,38,28,47,68, </key>
<key name="movabl"> 46, </key>
<key name="movi"> 33, </key>
<key name="mozilla"> 51, </key>
<key name="mpeg"> 33, </key>
<key name="mpg"> 33, </key>
<key name="much"> 60, </key>
<key name="multi"> 16, </key>
<key name="multilingual"> 122, </key>
<key name="multipl"> 2,45,90,50,100,91,21,17,41,42,43,84,16,103,5,76,68, </key>
<key name="music"> 122, </key>
<key name="musician"> 122, </key>
<key name="must"> 90,32,107,21,92,71,24,41,42,30,43,110,83,93,94,85,113,112,72,119,122, </key>
<key name="my"> 92,41,43,93,105, </key>
<key name="myra"> 110, </key>
<key name="myra123"> 110, </key>
<key name="n"> 68, </key>
<key name="nam"> 2,118,3,26,90,50,100,21,70,7,71,22,34,17,53,8,10,23,101,24,41,42,81,27,110,36,14,77,93,94,60,85,61,86,62,95,16,89,18,72,65,19,38,74,103,119,28,120,75,97,5,76,59,122, </key>
<key name="navigat"> 105,112,59,68, </key>
<key name="ne"> 33,17,8,110,105,20,75, </key>
<key name="nearest"> 41, </key>
<key name="necessary"> 8,42, </key>
<key name="need"> 32,34,102,60,28, </key>
<key name="negativ"> 43, </key>
<key name="network"> 83, </key>
<key name="nev"> 96,104, </key>
<key name="new"> 0,45,26,100,32,33,107,21,70,7,71,22,34,17,53,8,42,56,35,30,43,81,82,58,111,69,36,93,85,86,15,113,62,37,96,112,72,65,57,114,38,39,74,103,28,75,97,76,117,59,68, </key>
<key name="newest"> 85, </key>
<key name="next"> 22,17,8,41,42,56,81,29,83,36,77,85,16,96,18,66,46,39,103,68, </key>
<key name="non"> 10,41, </key>
<key name="normal"> 41,37,44, </key>
<key name="not"> 118,32,33,21,22,17,8,110,48,93,86,96,46,119,120,97,121,122, </key>
<key name="notab"> 33, </key>
<key name="notebook"> 70,71,69,72,99,73,74,75,76,68, </key>
<key name="notepad"> 33, </key>
<key name="noth"> 50, </key>
<key name="notic"> 3,15,72, </key>
<key name="notifi"> 111, </key>
<key name="notification"> 33,10,48,111,60,15,112,72, </key>
<key name="notify"> 10, </key>
<key name="novemb"> 4, </key>
<key name="now"> 69, </key>
<key name="numb"> 118,33,21,102,56,81,27,29,93,94,60,85,86,112,57,74,120,47,122, </key>
<key name="number"> 91,21,80,46, </key>
<key name="nut"> 96, </key>
<key name="o"> 68, </key>
<key name="object"> 91,93,18, </key>
<key name="occur"> 2,109,86, </key>
<key name="occurrenc"> 13, </key>
<key name="of"> 99, </key>
<key name="off"> 51,102,43,109,110,112,66,115,59, </key>
<key name="offer"> 45,29,97, </key>
<key name="offic"> 2,32,18,112,97,115, </key>
<key name="often"> 33,107,112, </key>
<key name="ok"> 100,13,107,7,71,17,53,8,10,42,58,14,95,16,72,65,19,20,103,119,28,120,121,122, </key>
<key name="old"> 107,30,78,60,86, </key>
<key name="omit"> 41,112, </key>

</ftswdata>  
