<?xml version='1.0' encoding='windows-1252' ?>
<ftswdata>
<key name="run"> 38,54,55, </key>
<key name="s"> 61,4,29,5,68,7,39,18,9,11,13,57,35,90,117,91,41,15,92,100,111,17,103,96,51,32,21,110,43,44,54,85, </key>
<key name="safari"> 68, </key>
<key name="safety"> 91, </key>
<key name="sal"> 33, </key>
<key name="sam"> 66,97,67,87,69,113,49,70,57,35,59,90,91,41,100,111,119,52,43,54,109,55,104,6, </key>
<key name="sash"> 62, </key>
<key name="sav"> 3,29,98,112,48,24,39,18,9,72,26,27,57,73,30,117,91,100,77,120,42,111,102,17,80,118,119,74,121,104,122,76, </key>
<key name="saw"> 94, </key>
<key name="say"> 119, </key>
<key name="scan"> 91, </key>
<key name="schedul"> 1,3,2,61,0,7,14,8,18,9,15,17,19,20,55,6, </key>
<key name="screen"> 18,115,116,111,62,76, </key>
<key name="scrol"> 36, </key>
<key name="scroll"> 117,103,118, </key>
<key name="se"> 1,3,2,61,0,87,8,18,9,71,11,88,73,89,115,90,100,93,94,16,17,20,119,105,32,74,44,6,76, </key>
<key name="search"> 3,61,97,106,98,69,39,18,9,71,25,26,73,35,59,100,101,79,102,17,103,96,119,33,104,60,56,23,76, </key>
<key name="second"> 37,57, </key>
<key name="section"> 49,39,11,50,91,120,102,51,54,55,56, </key>
<key name="security"> 87,64, </key>
<key name="select"> 1,3,4,29,46,5,97,67,106,37,87,98,7,47,14,48,8,49,24,39,18,70,9,11,25,12,13,88,26,27,57,58,30,50,75,36,92,31,86,101,95,94,16,102,17,103,96,20,119,51,32,82,83,43,44,53,22,45,109,33,55,104,6,85, </key>
<key name="selection"> 97,67,96,43,44,33,85, </key>
<key name="semicolon"> 18,9,100,17,43, </key>
<key name="send"> 1,61,4,37,38,47,69,39,10,11,57,40,28,59,91,41,36,92,100,94,16,42,103,96,80,119,51,32,74,21,110,43,44,122,56,23,65,85, </key>
<key name="sender"> 64,91,41, </key>
<key name="sensitiv"> 104, </key>
<key name="sent"> 1,66,3,37,47,69,14,18,70,9,12,88,57,73,35,41,100,77,94,16,79,42,17,103,80,119,51,32,82,74,110,44,122,76,85, </key>
<key name="separat"> 98,7,24,39,18,9,27,30,41,36,92,17,119,62, </key>
<key name="sequenc"> 67,9,62,54, </key>
<key name="seri"> 14,12,16, </key>
<key name="serv"> 32, </key>
<key name="servic"> 61, </key>
<key name="session"> 2,68,7,115,116,34,111,83,23, </key>
<key name="set"> 1,46,87,98,18,88,58,59,89,115,116,117,91,86,100,77,94,120,17,19,103,20,118,119,74,21,55,122,23, </key>
<key name="setting"> 112,120,96,119,104,76, </key>
<key name="seven"> 7, </key>
<key name="shar"> 2,61,4,5,68,47,18,10,11,50,116,51,105,32,33,6,56,23, </key>
<key name="shift"> 67,106,65,85, </key>
<key name="shop"> 70, </key>
<key name="shortcut"> 101,62,65,85, </key>
<key name="should"> 46,59,116,64,41,94,119,32,121,55, </key>
<key name="show"> 3,5,97,106,37,69,48,73,30,50,34,75,91,36,100,77,93,94,79,19,96,20,119,81,43,44,109,33,55,6,23,76, </key>
<key name="shown"> 58,34,90,94,6,76, </key>
<key name="sid"> 8,73,6,60, </key>
<key name="sign"> 121, </key>
<key name="signatur"> 39,41,94,119,121, </key>
<key name="signifi"> 5, </key>
<key name="silent"> 59, </key>
<key name="similar"> 106,59,100,76, </key>
<key name="simp"> 115,101,21, </key>
<key name="simultaneous"> 106, </key>
<key name="sinc"> 94, </key>
<key name="singl"> 3,97,106,69,18,58,90,36,100,62,43, </key>
<key name="singular"> 54, </key>
<key name="sit"> 0,87,68,64,86,111,82,74,63, </key>
<key name="six"> 55, </key>
<key name="siz"> 98,57,30,34,64,100,77,119,62,55,104, </key>
<key name="skip"> 17, </key>
<key name="skyp"> 0, </key>
<key name="slash"> 78,109,60, </key>
<key name="slid"> 37, </key>
<key name="slight"> 104, </key>
<key name="smal"> 98,57,100,43, </key>
<key name="small"> 0,62, </key>
<key name="smart"> 119, </key>
<key name="smith"> 26,59,100,121,43,33, </key>
<key name="smith23"> 59, </key>
<key name="so"> 3,5,68,72,40,94,103, </key>
<key name="softphon"> 0, </key>
<key name="softwar"> 37,38,111,76, </key>
<key name="someon"> 38,40,103,44, </key>
<key name="someth"> 26,91,41,111, </key>
<key name="sometim"> 57,28,119,74,110,33, </key>
<key name="somewher"> 99, </key>
<key name="soon"> 96,43, </key>
<key name="sort"> 38,9,58,81, </key>
<key name="sortabl"> 81, </key>
<key name="sourc"> 61,48,53,55, </key>
<key name="south"> 104, </key>
<key name="spac"> 77,60,23, </key>
<key name="spacebar"> 85, </key>
<key name="spam"> 57,73,64,41,74,63,85, </key>
<key name="span"> 35, </key>
<key name="special"> 61,38,43,104, </key>
<key name="specifi"> 61,97,98,99,9,57,58,59,86,100,74,84,60,63, </key>
<key name="specific"> 98,113,9,59,31,100,103,105,21,54,104,23,65, </key>
<key name="specify"> 97,99,57,58,59,15,100,103,96,119,60,65, </key>
<key name="spel"> 48,39,45,104, </key>
<key name="spell"> 39,45, </key>
<key name="split"> 46,62, </key>
<key name="spot"> 89, </key>
<key name="spread"> 38,64,91, </key>
<key name="spreadsheet"> 37,38,48,91,103,55,56, </key>
<key name="stand"> 44, </key>
<key name="standard"> 61,48,11,57,91,36,92,94,119,51,32,62,76, </key>
<key name="start"> 1,3,61,68,18,9,100,17,103,110,43,22, </key>
<key name="statement"> 41,100, </key>
<key name="statu"> 2,98,11,30,90,100,32,76, </key>
<key name="stay"> 72, </key>
<key name="step"> 39,58,17,65, </key>
<key name="still"> 11,91,32, </key>
<key name="stop"> 57,59,54, </key>
<key name="stor"> 66,57,35,34,23, </key>
<key name="str"> 99,100,96,119,104,60, </key>
<key name="string"> 59, </key>
<key name="styl"> 46,48,39,94,119,55, </key>
<key name="subject"> 3,37,98,69,99,39,18,9,57,58,35,59,34,91,41,100,101,94,17,81,21,22,60,65, </key>
<key name="subscrib"> 70,82, </key>
<key name="subsequent"> 57,59,111, </key>
<key name="substitution"> 99,60, </key>
<key name="substr"> 57, </key>
<key name="successful"> 30,54, </key>
<key name="suggest"> 43,45, </key>
<key name="suit"> 61,68,86, </key>
<key name="sup"> 39,60, </key>
<key name="supervisor"> 58,59,41, </key>
<key name="support"> 38,68,57,28,77,104, </key>
<key name="suppos"> 97,43, </key>
<key name="sur"> 101, </key>
<key name="surround"> 60, </key>
<key name="switch"> 61,41,55,65, </key>
<key name="synchroniz"> 8, </key>
<key name="syntax"> 48,119,54,104, </key>
<key name="system"> 66,0,37,87,38,113,18,70,9,72,73,59,115,91,41,120,79,17,119,74,110,109,104,63,76, </key>
<key name="t"> 68,39,57,64,77,103,118,119,74,121,63,85, </key>
<key name="tab"> 3,2,7,113,112,39,18,9,88,58,59,89,34,117,120,17,20,80,118,119,83,121,43,122,23, </key>
<key name="tabl"> 46,48,39,55,56, </key>
<key name="tag"> 61,67,106,98,69,48,71,107,88,57,58,73,59,34,100,79,103,119,53,109,55,104,23,76,85, </key>
<key name="tak"> 68,69,57,30,55, </key>
<key name="taken"> 21, </key>
<key name="task"> 55,65, </key>
<key name="taught"> 63, </key>
<key name="technology"> 111, </key>
<key name="tell"> 90,93, </key>
<key name="temporari"> 11,64,32, </key>
<key name="tentativ"> 3,2,16,20, </key>
<key name="term"> 59, </key>
<key name="test"> 57,59, </key>
<key name="text"> 1,3,61,46,97,37,87,38,14,48,39,18,9,88,27,57,58,40,30,91,41,100,101,94,111,102,17,96,119,21,62,121,43,53,54,55,104,122,56,23, </key>
<key name="th"> 104, </key>
<key name="them"> 1,3,0,97,67,37,72,58,35,91,100,77,95,42,19,119,105,81,74,62,104,23,63, </key>
<key name="themselv"> 107,91,119, </key>
<key name="therefor"> 38,115,91, </key>
<key name="thing"> 77, </key>
<key name="think"> 64,102,103, </key>
<key name="third"> 0,73,76, </key>
<key name="thos"> 97,35,100,77,51,74,43,109,33,63, </key>
<key name="though"> 39, </key>
<key name="thre"> 1,46,38,68,99,24,18,9,25,35,100,55,104,60,85, </key>
<key name="thread"> 21, </key>
<key name="ti"> 70, </key>
<key name="tim"> 1,3,2,67,68,98,7,18,9,59,115,116,34,41,86,100,101,16,42,17,19,20,80,119,105,32,81,74,84,21,22,104,122,6,60,63,65,76, </key>
<key name="time"> 117, </key>
<key name="tip"> 29,25,93,62,23, </key>
<key name="titl"> 24,35,81,55, </key>
<key name="toc"> 48, </key>
<key name="today"> 1, </key>
<key name="todo"> 71, </key>
<key name="togeth"> 35,100,54,55, </key>
<key name="toggl"> 83,53,85, </key>
<key name="tomorrow"> 1, </key>
<key name="too"> 57,64,41,95,62, </key>
<key name="tool"> 29,48,18,9,25,101,93,62,55,104,23, </key>
<key name="toolbar"> 1,2,46,7,48,8,24,39,18,70,9,25,88,89,15,100,94,17,96,82,74,121,44,53,45,109,55,63,76, </key>
<key name="top"> 1,66,49,24,70,40,17,119,74,22,45, </key>
<key name="topic"> 61,100,54,104, </key>
<key name="total"> 89,100, </key>
<key name="track"> 2,61,8,55, </key>
<key name="traditional"> 61,34,93,111,83, </key>
<key name="train"> 63, </key>
<key name="transf"> 75, </key>
<key name="trash"> 66,4,70,25,72,57,73,59,86,77,95,16,79,119,74,84,76,85, </key>
<key name="travel"> 119, </key>
<key name="tre"> 99, </key>
<key name="trig"> 43, </key>
<key name="trigger"> 1, </key>
<key name="troubl"> 119, </key>
<key name="truck"> 57, </key>
<key name="try"> 110, </key>
<key name="tun"> 74,63, </key>
<key name="turn"> 58,108,59,119,21,54,122, </key>
<key name="turnaround"> 109, </key>
<key name="two"> 66,67,70,9,88,28,59,34,103,119,54,33,55,104,60, </key>
<key name="txt"> 38,100, </key>

</ftswdata>  
