<?xml version='1.0' encoding='windows-1252' ?>
<ftswdata>
<key name="red"> 3, </key>
<key name="reduc"> 58, </key>
<key name="refer"> 97, </key>
<key name="referenc"> 29, </key>
<key name="reflect"> 6, </key>
<key name="refresh"> 77, </key>
<key name="regard"> 66, </key>
<key name="regardles"> 67,94,45,80,100, </key>
<key name="regular"> 52, </key>
<key name="reject"> 0,1,67,89, </key>
<key name="relat"> 26,25,80,99, </key>
<key name="relativ"> 43, </key>
<key name="releas"> 28, </key>
<key name="relevant"> 44, </key>
<key name="reliabl"> 42, </key>
<key name="reload"> 90,63, </key>
<key name="remain"> 49,66,65, </key>
<key name="rememb"> 14,6,82,100, </key>
<key name="remind"> 90, </key>
<key name="remot"> 5, </key>
<key name="remov"> 85,19,86,39,66,12,33,24, </key>
<key name="renam"> 47,54,59,60, </key>
<key name="rep"> 42,7,38,31,26,40,32,74,12,60,97,100, </key>
<key name="repeat"> 6,39,15,24, </key>
<key name="repli"> 78,26,25,74,97,100, </key>
<key name="reply"> 74, </key>
<key name="report"> 44, </key>
<key name="represent"> 53,55,73,43, </key>
<key name="request"> 7,8,12, </key>
<key name="requir"> 91,14,6,96,13, </key>
<key name="reschedul"> 46, </key>
<key name="reset"> 93,98, </key>
<key name="resid"> 71, </key>
<key name="resourc"> 58, </key>
<key name="respective"> 35, </key>
<key name="respond"> 74,12, </key>
<key name="respons"> 55,96,74,12, </key>
<key name="restor"> 98, </key>
<key name="result"> 76,38,26,77,84, </key>
<key name="resum"> 36, </key>
<key name="retriev"> 50,33, </key>
<key name="return"> 14,6,38,58,13,100, </key>
<key name="retyp"> 91, </key>
<key name="reus"> 91, </key>
<key name="revert"> 36, </key>
<key name="review"> 79,44, </key>
<key name="revok"> 8, </key>
<key name="rich"> 92,84, </key>
<key name="right"> 47,23,48,85,29,11,5,18,51,8,9,10,52,86,20,38,70,27,58,73,59,12,60,13,77,63,65,43,35,88,24,84,44, </key>
<key name="rivendell"> 82, </key>
<key name="rol"> 1,8, </key>
<key name="ros"> 34, </key>
<key name="rout"> 42,92, </key>
<key name="rs"> 63, </key>
<key name="rul"> 76,90,50,16,91,92,38,39,26,40,98,97,41, </key>
<key name="run"> 29, </key>
<key name="s"> 42,1,23,2,90,49,4,30,14,10,26,40,96,71,32,72,79,82,77,89,35, </key>
<key name="safari"> 49, </key>
<key name="safety"> 71, </key>
<key name="sal"> 24, </key>
<key name="sam"> 76,48,28,67,90,50,91,51,38,26,40,55,25,70,71,32,79,73,83,88,3, </key>
<key name="sash"> 43, </key>
<key name="sav"> 47,90,78,16,18,30,14,6,52,20,92,38,53,96,71,79,58,98,33,81,13,61,97,99,84,100, </key>
<key name="saw"> 74, </key>
<key name="say"> 97, </key>
<key name="scan"> 71, </key>
<key name="schedul"> 46,0,42,4,11,14,6,92,13,3, </key>
<key name="scratch"> 18, </key>
<key name="screen"> 90,39,94,95,43,57, </key>
<key name="scrol"> 27, </key>
<key name="scroll"> 96,82, </key>
<key name="se"> 0,42,67,29,14,6,8,53,22,94,25,70,79,73,74,12,13,97,35,84,3,57, </key>
<key name="search"> 76,47,42,85,78,50,17,19,20,92,39,53,21,26,40,55,79,80,60,81,82,83,77,97,64,35,24,84,41,57, </key>
<key name="second"> 28,38,39, </key>
<key name="section"> 71,98,81, </key>
<key name="security"> 67,45, </key>
<key name="select"> 76,46,1,2,48,85,28,67,78,4,11,17,5,18,30,14,51,6,8,19,9,10,20,38,25,56,27,72,12,81,13,82,77,97,63,64,34,35,15,36,88,24,84,3, </key>
<key name="selection"> 76,48,77,24,84, </key>
<key name="semicolon"> 14,6,79,13, </key>
<key name="send"> 46,47,42,1,28,29,50,17,30,7,8,38,31,40,71,32,27,72,79,74,12,33,82,77,89,34,35,100, </key>
<key name="sender"> 45,71, </key>
<key name="sensitiv"> 83, </key>
<key name="sent"> 46,47,28,78,50,11,17,14,51,6,9,38,53,22,26,55,96,32,79,58,74,12,33,13,82,61,97,63,89,35,100,57, </key>
<key name="separat"> 78,17,14,6,32,27,72,13,43, </key>
<key name="separate"> 4, </key>
<key name="sequenc"> 6,43, </key>
<key name="seri"> 11, </key>
<key name="servic"> 42, </key>
<key name="session"> 0,90,49,4,94,95, </key>
<key name="set"> 46,0,67,78,17,14,6,39,40,94,54,96,66,80,58,74,98,13,82,97,84,100, </key>
<key name="setting"> 16,55,80,98,77,84,57, </key>
<key name="seven"> 4, </key>
<key name="shar"> 0,1,2,7,8,95,55,73, </key>
<key name="shift"> 48,85, </key>
<key name="shop"> 51, </key>
<key name="short"> 80, </key>
<key name="shortcut"> 53,43, </key>
<key name="should"> 38,40,95,45,32,97,99, </key>
<key name="show"> 76,85,28,50,17,53,55,25,56,71,27,79,73,74,77,97,62,34,88,24,3,57, </key>
<key name="shown"> 85,39,25,70,74,57, </key>
<key name="sid"> 53,41, </key>
<key name="sign"> 99, </key>
<key name="signatur"> 30,32,74,97,99, </key>
<key name="signifi"> 2, </key>
<key name="signify"> 70, </key>
<key name="silent"> 40, </key>
<key name="similar"> 85,38,40,79,57, </key>
<key name="simp"> 94,80, </key>
<key name="simultaneous"> 85, </key>
<key name="sinc"> 74,89, </key>
<key name="singl"> 76,2,85,50,14,39,70,27,79,43, </key>
<key name="sit"> 67,90,49,45,66,63,44, </key>
<key name="siz"> 78,38,25,45,79,58,43,84, </key>
<key name="skip"> 13, </key>
<key name="slash"> 59,88,41, </key>
<key name="slid"> 28, </key>
<key name="slight"> 83, </key>
<key name="smal"> 78,38,79,34, </key>
<key name="small"> 43,57, </key>
<key name="smith"> 20,40,79,99,24, </key>
<key name="smith23"> 40, </key>
<key name="so"> 2,52,31,74,82,97, </key>
<key name="softwar"> 28,29,90,57, </key>
<key name="someon"> 29,31,82,35, </key>
<key name="someth"> 90,20,71,32, </key>
<key name="sometim"> 38,97,89,24, </key>
<key name="somewher"> 37, </key>
<key name="soon"> 77,34,84, </key>
<key name="sort"> 29,6,39,62, </key>
<key name="sortabl"> 62, </key>
<key name="sourc"> 42, </key>
<key name="south"> 83, </key>
<key name="spac"> 17,58,41, </key>
<key name="spam"> 38,53,45,32,44, </key>
<key name="span"> 26, </key>
<key name="special"> 42,29,78,39,40,83, </key>
<key name="specifi"> 76,42,78,37,6,38,39,40,66,79,65,41,44, </key>
<key name="specific"> 78,91,30,6,79,82,99,84,57, </key>
<key name="specify"> 76,37,38,39,40,79,82,77,97,41, </key>
<key name="spel"> 36, </key>
<key name="spell"> 36, </key>
<key name="split"> 43, </key>
<key name="spot"> 69, </key>
<key name="spread"> 29,45,71, </key>
<key name="spreadsheet"> 28,29,71,82, </key>
<key name="stand"> 35, </key>
<key name="standard"> 42,8,38,71,27,72,74,97,43,57, </key>
<key name="start"> 14,6,79,13,82,89,34,15, </key>
<key name="statement"> 32,79, </key>
<key name="statu"> 0,8,79,57, </key>
<key name="stay"> 52, </key>
<key name="step"> 30,39,13, </key>
<key name="still"> 84, </key>
<key name="stop"> 38,40, </key>
<key name="stor"> 47,38,26,25, </key>
<key name="str"> 37,39,79,83,77,97,41, </key>
<key name="straight"> 79, </key>
<key name="string"> 38,40, </key>
<key name="styl"> 30,68,92,74,97, </key>
<key name="subject"> 28,78,50,37,30,14,6,92,38,39,26,40,55,25,32,79,80,73,74,13,15,41, </key>
<key name="subscrib"> 63, </key>
<key name="subsequent"> 90,38,40, </key>
<key name="substitution"> 37,41, </key>
<key name="substr"> 38, </key>
<key name="substring"> 38, </key>
<key name="suggest"> 34,36, </key>
<key name="suit"> 42,92,66, </key>
<key name="sup"> 30,41, </key>
<key name="supervisor"> 39,40,32, </key>
<key name="support"> 29,49,38,22,58,83,84, </key>
<key name="suppos"> 76,34, </key>
<key name="sur"> 80, </key>
<key name="surround"> 41, </key>
<key name="switch"> 42,32, </key>
<key name="synchroniz"> 5, </key>
<key name="syntax"> 83, </key>
<key name="system"> 47,28,29,91,51,52,53,40,94,54,71,32,83,97,89,88,44, </key>
<key name="t"> 85,49,30,38,45,96,58,82,97,89,99,44, </key>
<key name="tab"> 0,4,16,91,17,14,6,68,39,40,96,98,13,61,97,99,100, </key>
<key name="tag"> 42,48,85,78,50,17,86,68,92,38,39,53,40,25,79,60,82,97,88,84, </key>
<key name="tak"> 49,50,38, </key>
<key name="task"> 90,97, </key>
<key name="technology"> 90, </key>
<key name="tell"> 69,70,73, </key>
<key name="temporari"> 45, </key>
<key name="tentativ"> 0,12, </key>
<key name="term"> 40, </key>
<key name="test"> 38,40, </key>
<key name="text"> 76,42,28,67,29,90,11,30,14,6,68,38,39,31,71,32,79,80,74,13,83,77,97,43,99,84,100, </key>
<key name="th"> 83, </key>
<key name="them"> 76,46,48,28,52,92,39,26,40,71,66,79,58,75,97,62,43,35,84,44, </key>
<key name="themselv"> 71, </key>
<key name="therefor"> 29,94,71, </key>
<key name="thing"> 58, </key>
<key name="think"> 45,81,82, </key>
<key name="thos"> 76,52,26,79,58,62,44, </key>
<key name="though"> 30, </key>
<key name="thre"> 29,49,17,6,26,79,84,41, </key>
<key name="tim"> 0,48,49,78,4,14,6,8,92,40,94,25,66,79,80,33,13,61,97,62,65,99,15,84,100,3,41,44,57, </key>
<key name="time"> 96, </key>
<key name="tip"> 23,17,19,73,43, </key>
<key name="titl"> 18,26,62, </key>
<key name="togeth"> 26,79, </key>
<key name="toggl"> 64, </key>
<key name="too"> 38,45,32,75,43, </key>
<key name="tool"> 23,17,19,71,80,73,43,84, </key>
<key name="toolbar"> 0,4,5,18,30,14,51,6,79,74,13,77,63,99,36,88,44,57, </key>

</ftswdata>  
