<?xml version='1.0' encoding='windows-1252' ?>
<ftswdata>
<key name="turn"> 44,101,45,112,20,115, </key>
<key name="turnaround"> 102, </key>
<key name="two"> 51,52,55,8,81,26,45,31,96,112,76,30,77,97,46, </key>
<key name="txt"> 35,93, </key>
<key name="typ"> 0,51,2,118,90,34,80,35,91,22,7,73,36,17,55,8,56,10,44,58,26,45,109,50,71,84,93,94,87,64,104,95,16,96,89,19,112,74,67,114,40,76,119,120,77,97,121,46, </key>
<key name="typical"> 34,80,35, </key>
<key name="u"> 70, </key>
<key name="ui"> 71,112, </key>
<key name="unacceptabl"> 80, </key>
<key name="undeliverabl"> 103, </key>
<key name="undergo"> 45, </key>
<key name="undo"> 12, </key>
<key name="unflag"> 91,93, </key>
<key name="uniqu"> 73, </key>
<key name="unknown"> 103,42, </key>
<key name="unles"> 37,38, </key>
<key name="unread"> 52,91,56,58,82,31,83,93,86,64,70, </key>
<key name="unsav"> 104, </key>
<key name="unsolicit"> 59,49, </key>
<key name="unus"> 22, </key>
<key name="unwant"> 59,49, </key>
<key name="up"> 0,22,23,36,17,10,44,45,64,104,16,18,19,66,48,40,41,42,119,78,122,70, </key>
<key name="updat"> 118,90,89,67, </key>
<key name="upload"> 77, </key>
<key name="uppercas"> 76, </key>
<key name="url"> 118,91,7,55,109,93,74,67,77,97, </key>
<key name="us"> 0,51,2,47,90,52,99,34,35,53,91,6,105,92,72,81,43,101,58,37,45,82,109,31,50,71,84,93,62,86,63,87,113,104,96,89,112,74,98,59,68,20,103,48,40,75,76,21,42,102,119,30,120,77,97,121,46,78,49,117,61,122,70, </key>
<key name="usag"> 62, </key>
<key name="useful"> 22,110, </key>
<key name="user"> 34,35,22,26,84,74, </key>
<key name="usual"> 35,17,8,38, </key>
<key name="vacation"> 93,112,115, </key>
<key name="valid"> 7,36,103, </key>
<key name="valu"> 93,94, </key>
<key name="variant"> 97, </key>
<key name="variety"> 34,35, </key>
<key name="variou"> 1,35, </key>
<key name="various"> 30, </key>
<key name="vary"> 38, </key>
<key name="ve"> 83,86,104, </key>
<key name="verify"> 103, </key>
<key name="version"> 116, </key>
<key name="versu"> 96, </key>
<key name="vertical"> 22, </key>
<key name="via"> 35,78, </key>
<key name="vic"> 114, </key>
<key name="view"> 0,2,1,47,27,4,52,80,6,105,22,7,17,8,56,10,81,58,32,82,31,60,71,84,14,33,93,86,15,16,19,112,74,98,59,68,48,21,102,120,5,78,61,70, </key>
<key name="viewabl"> 80,97, </key>
<key name="viru"> 50,84, </key>
<key name="virus"> 80,35,50,84, </key>
<key name="visibl"> 112,5, </key>
<key name="visit"> 119,120,61, </key>
<key name="voic"> 115, </key>
<key name="voip"> 118, </key>
<key name="vs"> 90,45,97, </key>
<key name="w"> 46, </key>
<key name="want"> 91,105,72,23,36,8,10,57,45,84,38,94,62,86,87,104,95,18,89,111,112,114,40,102,5,46, </key>
<key name="way"> 0,17,8,24,16,102,61, </key>
<key name="web"> 47,118,35,53,54,73,10,81,58,26,109,31,83,71,62,64,104,112,98,67,48,76,77,97,121,78,61,122,70, </key>
<key name="websit"> 119,121,78,122, </key>
<key name="week"> 0,1,91,6,8,14,112,21, </key>
<key name="weight"> 38, </key>
<key name="welcom"> 47, </key>
<key name="well"> 47,23,58,84,85,114,97,61, </key>
<key name="what"> 34,53,22,44,32,38,96,112,48,78,61, </key>
<key name="whatev"> 23,97, </key>
<key name="wherea"> 37,30, </key>
<key name="wherev"> 76,102, </key>
<key name="wheth"> 35,13,8,101,108,84,19,112,66,97, </key>
<key name="whichev"> 2, </key>
<key name="whil"> 112, </key>
<key name="whit"> 26,5,46, </key>
<key name="whol"> 25,94,97, </key>
<key name="whom"> 36,10,93, </key>
<key name="whos"> 47,35,50,93,40,46, </key>
<key name="why"> 9,37,103, </key>
<key name="wid"> 35, </key>
<key name="wide"> 35, </key>
<key name="widget"> 114, </key>
<key name="width"> 77, </key>
<key name="wiki"> 121, </key>
<key name="wikipedia"> 121,122, </key>
<key name="wikiword"> 76,77, </key>
<key name="wiktionary"> 122, </key>
<key name="wildcard"> 92,43,97,46, </key>
<key name="will"> 2,34,80,35,53,8,44,32,109,38,85,93,86,87,104,95,112,59,103,48,114,40,30,77,97,115,46,49, </key>
<key name="window"> 118,35,36,10,24,109,60,33,85,87,104,96,112,48,114,41,119,120, </key>
<key name="winzip"> 35, </key>
<key name="within"> 0,2,118,90,35,53,91,92,73,55,44,26,32,45,82,31,83,60,33,85,93,86,64,104,96,30,97,121,5,61, </key>
<key name="without"> 0,118,53,10,43,45,71,94,16,96,112,41,76,122, </key>
<key name="wmv"> 35, </key>
<key name="word"> 90,80,35,56,25,43,44,45,84,93,94,112,76,42,77,97,121,122, </key>
<key name="wordpad"> 35, </key>
<key name="work"> 1,53,6,22,72,7,56,32,108,109,104,96,112,119,120,77,97,121,78,122,70, </key>
<key name="workgroup"> 96, </key>
<key name="workstation"> 35,84, </key>
<key name="would"> 90,99,92,72,56,43,32,45,93,94,96,112,21, </key>
<key name="writ"> 2,78, </key>
<key name="written"> 87,112,121, </key>
<key name="x"> 90, </key>
<key name="x111"> 114, </key>
<key name="xl"> 35,96, </key>
<key name="xyz"> 40, </key>
<key name="y"> 90, </key>
<key name="yahoo"> 45,120,122, </key>
<key name="year"> 8,96, </key>
<key name="yellow"> 4, </key>
<key name="yes"> 3,101, </key>
<key name="yet"> 58, </key>
<key name="york"> 17,8, </key>
<key name="your"> 0,51,2,1,47,118,3,27,4,34,80,35,53,91,6,54,13,106,105,22,72,73,23,36,17,55,8,56,10,24,12,81,25,43,44,58,26,32,45,82,107,108,109,31,50,110,71,84,38,14,85,29,79,93,94,62,86,88,87,15,113,64,39,104,95,16,18,96,89,65,111,112,74,98,66,67,59,69,20,103,48,114,40,41,75,21,42,102,30,77,97,121,5,78,49,117,61,122, </key>
<key name="yourself"> 17,16, </key>
<key name="yyyy"> 93, </key>
<key name="zc"> 116, </key>
<key name="zero"> 46, </key>
<key name="zimbra"> 2,1,47,118,80,35,53,91,6,54,73,36,55,10,81,58,26,107,108,109,31,83,50,110,71,79,93,94,62,15,113,64,104,111,112,98,67,59,69,20,48,30,97,121,116,78,49,117,61,122,70, </key>
<key name="zimbranotebook"> 76,77, </key>
<key name="zimlet"> 118,91,58,119,120,121,61,122, </key>
<key name="zip"> 80,35,50,84, </key>
<key name="zon"> 17,8,112, </key>
<key name="zwc"> 70, </key>

</ftswdata>  
