<?xml version='1.0' encoding='windows-1252' ?>
<!-- saved from url=(0014)about:internet -->
<ftswdata>
<key name="sometim"> 67,31,142,84,46,36, </key>
<key name="somewher"> 111, </key>
<key name="soon"> 108,47, </key>
<key name="sort"> 41,9,68,91, </key>
<key name="sortabl"> 91, </key>
<key name="sourc"> 71,59,63,64,65, </key>
<key name="south"> 116, </key>
<key name="spac"> 112,87,70,25, </key>
<key name="spam"> 67,83,101,44,84,55,73, </key>
<key name="span"> 38, </key>
<key name="special"> 41,112,47,116, </key>
<key name="specifi"> 71,109,110,111,9,67,68,69,139,96,112,84,94,70,73, </key>
<key name="specific"> 122,130,110,133,132,134,9,69,34,112,115,142,52,23,144,116,25,74, </key>
<key name="specify"> 130,109,111,67,68,69,139,17,112,115,108,142,52,70,74, </key>
<key name="spel"> 59,42,50,116, </key>
<key name="spell"> 42,50, </key>
<key name="spelling"> 112,117, </key>
<key name="split"> 57,72, </key>
<key name="spot"> 99, </key>
<key name="spread"> 41,101,102, </key>
<key name="spreadsheet"> 71,40,41,59,102,115,65,66, </key>
<key name="ssl"> 130, </key>
<key name="stand"> 48, </key>
<key name="standard"> 79,59,11,67,137,102,103,62,35,54,72,86, </key>
<key name="start"> 122,71,0,2,123,77,42,27,9,19,20,115,46,47,24, </key>
<key name="statement"> 44, </key>
<key name="statu"> 122,1,123,110,11,126,33,100,112, </key>
<key name="stay"> 82, </key>
<key name="step"> 42,68,19,74, </key>
<key name="still"> 77,58,11,129,35,54, </key>
<key name="stop"> 67,69, </key>
<key name="stor"> 75,67,38,37,25, </key>
<key name="str"> 111,112,108,142,116,70, </key>
<key name="string"> 69, </key>
<key name="structur"> 112, </key>
<key name="styl"> 57,59,42,142,49,65, </key>
<key name="sub"> 52,54, </key>
<key name="subject"> 2,123,40,110,78,111,42,9,67,68,38,69,37,102,44,112,113,107,19,20,91,23,24,70,74, </key>
<key name="subscrib"> 80,92, </key>
<key name="subsequent"> 67,69,131, </key>
<key name="substitution"> 111,70, </key>
<key name="substr"> 67, </key>
<key name="successful"> 33, </key>
<key name="suggest"> 47,50, </key>
<key name="suit"> 71,96, </key>
<key name="sup"> 42,70, </key>
<key name="supervisor"> 68,69,44, </key>
<key name="support"> 41,77,67,31,87,116, </key>
<key name="suppos"> 109,47, </key>
<key name="sur"> 113, </key>
<key name="surround"> 70, </key>
<key name="switch"> 71,44,64,65, </key>
<key name="symbol"> 112, </key>
<key name="synchroniz"> 8, </key>
<key name="syndication"> 92, </key>
<key name="synonym"> 112, </key>
<key name="syntax"> 59,142,64,116, </key>
<key name="system"> 75,71,147,40,97,41,133,80,9,82,83,69,136,137,102,44,143,89,19,20,142,84,46,121,116,86, </key>
<key name="t"> 42,67,101,115,141,84,73, </key>
<key name="t3"> 142, </key>
<key name="tab"> 5,1,2,130,7,78,79,133,132,60,125,8,42,134,9,98,68,43,69,99,138,37,139,140,96,105,143,19,20,22,90,141,142,93,144,47,49,145,25,74,86, </key>
<key name="tabl"> 71,57,59,42,49,65,66, </key>
<key name="tag"> 71,76,118,110,78,59,81,119,98,67,68,83,69,37,112,89,115,142,63,64,121,65,116,25,86, </key>
<key name="tak"> 77,78,67,33,16,65, </key>
<key name="task"> 122,71,123,124,125,126,127,128,129,65,74,95, </key>
<key name="taught"> 73, </key>
<key name="team"> 130,134, </key>
<key name="technology"> 131, </key>
<key name="tell"> 100,104, </key>
<key name="temporari"> 58,11,101,129,35,54, </key>
<key name="tentativ"> 5,1,2,18, </key>
<key name="tentative"> 22, </key>
<key name="term"> 69,112, </key>
<key name="test"> 67,69, </key>
<key name="text"> 122,71,0,2,123,57,130,109,40,97,41,59,42,134,9,14,98,30,67,68,43,33,102,44,112,113,107,131,114,19,20,108,142,23,72,144,47,49,63,64,65,116,145,66,25, </key>
<key name="th"> 116, </key>
<key name="them"> 71,147,0,2,109,76,40,82,68,38,102,112,87,106,45,21,142,129,52,91,84,72,144,116,25,73, </key>
<key name="themselv"> 119,102,142, </key>
<key name="therefor"> 41,136,102, </key>
<key name="thing"> 87, </key>
<key name="think"> 101,114,115, </key>
<key name="third"> 147,83,86, </key>
<key name="thoma"> 112, </key>
<key name="thos"> 109,38,138,112,87,62,54,84,47,121,36,73, </key>
<key name="though"> 42, </key>
<key name="thre"> 122,0,57,41,77,111,26,9,28,38,20,65,70, </key>
<key name="thread"> 23, </key>
<key name="ti"> 80, </key>
<key name="tild"> 74, </key>
<key name="tim"> 5,0,1,2,76,6,77,110,7,79,9,11,69,136,137,37,44,96,112,113,18,53,45,19,20,21,22,90,142,129,52,35,91,84,94,23,116,24,145,70,74, </key>
<key name="time"> 140, </key>
<key name="tip"> 32,28,112,104,72,25, </key>
<key name="titl"> 26,38,91,65, </key>
<key name="toc"> 59, </key>
<key name="today"> 0, </key>
<key name="todo"> 81, </key>
<key name="togeth"> 38,112,64, </key>
<key name="toggl"> 93,63, </key>
<key name="tomorrow"> 0, </key>
<key name="too"> 67,101,44,72, </key>
<key name="tool"> 123,32,59,9,28,113,104,20,142,72,65,116,25, </key>
<key name="toolbar"> 5,0,1,123,57,7,124,59,8,26,42,80,27,9,28,43,139,17,112,107,19,20,108,92,84,93,48,63,50,121,65,73,86, </key>
<key name="top"> 75,0,123,60,26,42,80,43,39,19,62,54,84,50,24,86, </key>
<key name="topic"> 71,132,44,112,116, </key>
<key name="total"> 83,99,39,112, </key>
<key name="track"> 5,122,71,1,123,8,65, </key>
<key name="traditional"> 71,37,131,93, </key>
<key name="train"> 130,134,73, </key>
<key name="transf"> 85, </key>
<key name="trash"> 75,56,51,3,80,28,82,67,83,69,96,87,106,128,18,89,142,54,84,94,55,86, </key>
<key name="travel"> 142, </key>
<key name="tre"> 111, </key>
<key name="trig"> 47, </key>
<key name="trigger"> 0, </key>
<key name="troubl"> 142, </key>
<key name="tru"> 112, </key>
<key name="truck"> 67, </key>
<key name="try"> 46, </key>
<key name="tun"> 84,73, </key>
<key name="turn"> 68,120,69,105,142,23,145, </key>
<key name="turnaround"> 121, </key>
<key name="two"> 75,76,110,80,9,98,31,69,137,115,64,36,65,116,70, </key>
<key name="txt"> 41,112, </key>
<key name="typ"> 75,122,71,147,0,2,123,57,130,109,40,97,41,110,79,60,125,8,42,80,27,134,9,81,11,68,83,31,69,137,101,102,112,113,107,89,131,114,19,20,115,108,22,142,129,62,52,35,54,92,144,47,64,36,65,116,70,25,74, </key>
<key name="typical"> 40,97,41, </key>
<key name="ui"> 142, </key>
<key name="unacceptabl"> 97, </key>
<key name="uncheck"> 105, </key>
<key name="undeliverabl"> 46, </key>
<key name="undergo"> 69, </key>
<key name="undo"> 13, </key>
<key name="unflag"> 110,112, </key>
<key name="unforward"> 112, </key>
<key name="uniqu"> 75,60, </key>
<key name="unit"> 112, </key>
<key name="unknown"> 46,50, </key>
<key name="unles"> 43,138,44,112, </key>
<key name="unread"> 76,110,81,83,99,37,100,112,104,89, </key>
<key name="unrepli"> 112, </key>
<key name="unsav"> 131, </key>
<key name="unsolicit"> 84,73, </key>
<key name="untitl"> 123, </key>
<key name="unus"> 25, </key>
<key name="unwant"> 84,73, </key>
<key name="up"> 71,0,130,26,42,68,69,138,139,89,131,19,20,21,22,142,91,72,47,48,63,50,66,25, </key>
<key name="updat"> 147,109,124,139,112,108,92,146, </key>
<key name="upload"> 71,65,66, </key>
<key name="uppercas"> 64, </key>
<key name="url"> 147,110,8,80,11,137,112,129,62,52,35,54,92,65,116, </key>
<key name="us"> 75,71,0,2,130,109,76,118,40,41,77,110,7,58,132,111,59,42,134,11,98,67,120,83,43,69,99,61,137,138,37,139,101,102,112,87,104,88,107,143,131,115,108,142,62,35,54,84,93,23,46,72,117,144,47,49,63,64,50,121,36,65,116,24,70,66,73,74,86,95, </key>
<key name="usag"> 87, </key>
<key name="useful"> 123,140,25, </key>
<key name="user"> 122,40,41,77,79,11,31,137,102,53,129,62,52,35,54,25, </key>
<key name="usernam"> 130, </key>
<key name="usingdocumentstyl"> 64, </key>
<key name="usual"> 41,9,44,20,36, </key>
<key name="v3"> 142, </key>
<key name="vacation"> 112,142,145, </key>
<key name="valid"> 8,42,11,35,46, </key>
<key name="valu"> 112,113, </key>
<key name="variant"> 116, </key>
<key name="variety"> 40,41, </key>
<key name="variou"> 5,1,41,95, </key>
<key name="various"> 36, </key>
<key name="vary"> 44, </key>
<key name="ve"> 100,131, </key>
<key name="verifi"> 27, </key>
<key name="verify"> 46, </key>
<key name="version"> 79,137,146, </key>
<key name="versu"> 115, </key>
<key name="vertical"> 25, </key>
<key name="via"> 41,66, </key>
<key name="vic"> 144, </key>
<key name="view"> 5,122,71,0,1,2,123,32,4,76,97,6,7,58,132,8,9,81,11,98,83,38,61,37,85,102,39,17,112,104,105,18,19,20,22,142,129,62,52,35,54,84,93,72,121,24,66,25,74,86,95, </key>
<key name="viewabl"> 97,116, </key>
<key name="viru"> 101,102, </key>
<key name="virus"> 97,41,101,102, </key>
<key name="visibl"> 6,142, </key>
<key name="visit"> 86, </key>
<key name="voic"> 145, </key>
<key name="voip"> 147, </key>
<key name="vs"> 109,69,116, </key>
<key name="w"> 70, </key>
<key name="want"> 123,130,6,110,124,79,132,59,26,42,27,134,9,82,29,69,16,61,137,138,102,44,113,87,104,107,131,114,20,21,108,141,142,62,52,54,144,47,64,121,65,70,74, </key>
<key name="way"> 0,9,126,28,127,19,20,121,74, </key>
<key name="web"> 71,147,130,41,77,78,79,60,83,31,137,139,100,87,89,131,142,92,72,49,64,65,116,66,74,86,95, </key>
<key name="week"> 5,0,1,110,7,9,17,142,24,74, </key>
<key name="weight"> 44, </key>
<key name="welcom"> 71, </key>
<key name="well"> 26,83,102,103,116,86, </key>

</ftswdata>  
