﻿<?xml version='1.0' encoding='utf-8' ?>
<!-- saved from url=(0014)about:internet -->
<ftswdata>
<key name="long"> 57,27,139,33,96,112,88,70,47, </key>
<key name="look"> 4,41,65,99,71,88, </key>
<key name="los"> 43,132, </key>
<key name="lot"> 142, </key>
<key name="low"> 122,104,108,70, </key>
<key name="mac"> 74, </key>
<key name="macintosh"> 78, </key>
<key name="mail"> 75,69,55,50,3,141,31,39,40,79,59,25,41,26,136,82,10,27,98,65,66,120,84,42,37,67,99,139,100,142,102,43,103,96,112,113,88,104,105,106,107,145,52,90,44,132,115,91,143,144,61,51,34,72,53,85,94,45,70,146,47,121,35,147,73,54,74,87,95, </key>
<key name="mailbox"> 69,50,31,4,97,80,134,59,136,82,67,71,139,140,36,142,88,143,144,51,53,77,93,45,73,64,54,87, </key>
<key name="main"> 68, </key>
<key name="maintain"> 69,30,63, </key>
<key name="majority"> 102, </key>
<key name="mak"> 149,0,109,124,10,13,98,28,112,113,17,108,129,61,51,34,72,53,22,48,63,116,23,73, </key>
<key name="malform"> 65, </key>
<key name="man"> 46, </key>
<key name="manag"> 122,69,1,55,57,136,10,67,140,36,144,129,61,51,34,72,53,54, </key>
<key name="manageabl"> 88, </key>
<key name="management"> 66, </key>
<key name="manual"> 85,94, </key>
<key name="mark"> 1,2,76,124,65,84,67,36,100,112,105,107,17,90,19,144,68,54, </key>
<key name="markup"> 144, </key>
<key name="martin"> 109, </key>
<key name="mat"> 121, </key>
<key name="match"> 2,109,40,111,26,8,28,65,66,37,67,112,18,19,108,129,46,116,68,24, </key>
<key name="maximum"> 138,144,146,73,24, </key>
<key name="mb"> 110, </key>
<key name="mean"> 5,111,65,66,37,112,45, </key>
<key name="meant"> 78, </key>
<key name="mechanism"> 149,84, </key>
<key name="media"> 40, </key>
<key name="medium"> 121, </key>
<key name="meet"> 122,149,0,2,123,109,8,10,13,67,112,17,18,19,20,21,22,23, </key>
<key name="meeting"> 69,0,1,2,8,10,12,13,16,19,20,21, </key>
<key name="megabyt"> 112, </key>
<key name="member"> 26, </key>
<key name="mention"> 69, </key>
<key name="menu"> 31,76,118,28,67,100,113,105,90,19,77,93,70,35,73, </key>
<key name="merg"> 56, </key>
<key name="messag"> 75,122,69,149,0,1,2,55,128,50,3,141,123,31,131,109,118,39,97,40,110,57,79,80,133,25,41,26,136,82,9,10,83,98,65,66,120,84,42,37,67,99,71,139,140,36,100,101,86,142,102,43,38,103,96,112,113,88,104,105,106,107,17,52,90,44,132,19,115,108,91,143,144,129,61,51,34,72,53,92,85,93,22,45,70,146,46,47,48,49,121,35,63,116,147,73,54,24,74,87, </key>
<key name="message'"> 65,100, </key>
<key name="messeng"> 71, </key>
<key name="met"> 66, </key>
<key name="method"> 79,111,66,100, </key>
<key name="microsoft"> 39,40,78,84,102,112,115,116, </key>
<key name="middl"> 132,68, </key>
<key name="might"> 110,136,71,140,101,112,107,132,85,46,121,68, </key>
<key name="migrat"> 84, </key>
<key name="mik"> 37, </key>
<key name="mini"> 0,1,110,144,22,87, </key>
<key name="minimum"> 144, </key>
<key name="minu"> 112, </key>
<key name="minut"> 8,99,32,15,144, </key>
<key name="mission"> 43, </key>
<key name="mix"> 115, </key>
<key name="mm"> 112, </key>
<key name="mod"> 98,23, </key>
<key name="modifi"> 58,63,73, </key>
<key name="modify"> 122, </key>
<key name="monday"> 6, </key>
<key name="money"> 68, </key>
<key name="month"> 0,1,110,6,8,16,74, </key>
<key name="month'"> 6, </key>
<key name="mous"> 75,0,31,76,5,127,104,90,132,144,92,70,46,24, </key>
<key name="mov"> 75,55,128,50,3,76,5,79,26,27,83,28,65,37,67,86,127,106,17,90,144,85,46,35,73,54, </key>
<key name="movabl"> 70, </key>
<key name="movi"> 40, </key>
<key name="mozilla"> 78, </key>
<key name="mpeg"> 40, </key>
<key name="mpg"> 40, </key>
<key name="much"> 88, </key>
<key name="multi"> 18, </key>
<key name="multipl"> 69,2,109,76,118,5,110,26,136,65,66,67,140,36,103,112,18,19,144,146,121,24, </key>
<key name="must"> 75,109,39,135,111,59,10,28,65,66,37,67,71,60,139,102,112,113,104,145,144,129,61,51,34,72,53,73, </key>
<key name="my"> 80,111,65,67,132,73, </key>
<key name="myra"> 139, </key>
<key name="myra123"> 139, </key>
<key name="nam"> 75,149,2,55,128,50,3,141,123,31,131,109,76,118,39,5,57,58,59,125,7,25,41,81,26,136,8,27,119,28,29,65,66,30,99,32,60,139,140,36,43,33,16,112,113,88,104,89,107,90,114,18,19,108,21,144,129,61,53,77,22,146,46,121,35,63,116,73,24,74,87, </key>
<key name="navigat"> 80,139,144,87,95, </key>
<key name="navigation"> 128,123,77, </key>
<key name="ne"> 122,141,131,40,41,136,8,139,132,19,144,129,61,51,53,23, </key>
<key name="nearest"> 65, </key>
<key name="necessary"> 8,66,112,22, </key>
<key name="need"> 122,41,120,88,35, </key>
<key name="negativ"> 67, </key>
<key name="network"> 102,73, </key>
<key name="nev"> 115,45, </key>
<key name="new"> 69,0,3,141,123,31,131,118,39,40,57,80,135,58,59,125,7,25,41,81,26,136,8,66,84,42,37,67,99,32,15,71,139,140,100,86,127,142,43,112,104,107,17,145,90,44,19,115,144,61,34,53,77,85,46,47,121,35,63,116,73,64,54,24,74, </key>
<key name="newest"> 104, </key>
<key name="next"> 124,80,25,8,28,65,66,84,99,36,102,43,33,104,18,19,115,21,93,70,47,121,73, </key>
<key name="non"> 57,10,65,129,34,72,53, </key>
<key name="normal"> 122,65,44,63,68, </key>
<key name="not"> 149,123,39,40,135,58,25,26,8,10,60,139,101,107,19,115,129,61,34,72,53,70,63,116,24,74, </key>
<key name="notab"> 40, </key>
<key name="notebook"> 69,55,56,57,58,59,60,88,61,63,64, </key>
<key name="notepad"> 40, </key>
<key name="noth"> 76, </key>
<key name="notic"> 55,128,50,3,133,17,23, </key>
<key name="notifi"> 8,142,63,73, </key>
<key name="notification"> 40,10,60,101,142,88,17,144,129,61,34,72,53, </key>
<key name="notify"> 57,129,61,53, </key>
<key name="novemb"> 4, </key>
<key name="now"> 131,58, </key>
<key name="numb"> 149,40,120,84,99,32,36,38,112,113,88,104,107,144,85,146,24, </key>
<key name="number"> 141,110,98,70,48,24, </key>
<key name="numeric"> 144, </key>
<key name="nut"> 115, </key>
<key name="object"> 110,112,21,64, </key>
<key name="occur"> 2,138,107, </key>
<key name="occurrenc"> 13, </key>
<key name="off"> 78,120,67,105,144,93,87, </key>
<key name="offer"> 69,80,139,144,116,74, </key>
<key name="offic"> 122,2,39,21,144,51,116,147, </key>
<key name="often"> 40,135,144,51, </key>
<key name="ok"> 118,57,59,125,7,81,8,10,13,28,29,14,66,32,15,60,86,127,16,52,114,18,19,129,61,34,72,53,77,22,121,35,23,73,74, </key>
<key name="old"> 135,37,96,88,107,144, </key>
<key name="omit"> 65, </key>
<key name="on"> 75,69,0,1,55,31,4,109,76,118,40,6,79,133,7,25,41,81,136,82,10,27,13,28,65,66,37,67,140,36,86,127,43,16,112,113,20,115,144,51,34,72,92,45,70,146,46,47,121,23,68,73,64,54,24,74,87, </key>
<key name="onc"> 4,76,118,120,30,37,71,46,147, </key>
<key name="ongo"> 107, </key>
<key name="onlin"> 71, </key>
<key name="onto"> 118, </key>
<key name="open"> 69,0,1,55,128,50,3,123,131,109,76,39,97,40,110,6,57,124,58,125,25,41,81,136,82,13,28,29,66,42,37,60,139,140,36,100,127,102,103,112,104,107,17,44,114,115,108,21,143,144,77,85,22,146,35,63,116,23,73,54,74, </key>
<key name="operat"> 132, </key>
<key name="operation"> 56, </key>
<key name="operator"> 65,112,68, </key>
<key name="opt"> 40, </key>
<key name="option"> 2,31,131,109,118,97,6,57,80,135,134,111,41,9,10,65,66,67,139,142,112,105,107,17,108,144,129,61,34,72,53,93,47,63,23,73, </key>
<key name="optional"> 69,55,128,50,3,123,42,60,43,87, </key>
<key name="orclick"> 107, </key>
<key name="ord"> 109,118,41,66,37,67,60,139,112,88,145,92, </key>
<key name="order"> 37, </key>
<key name="organiz"> 75,122,69,79,51,73,64, </key>
<key name="organization"> 69,30,60,101,35,64, </key>
<key name="organizer'"> 2, </key>
<key name="original"> 2,36,107,90,144,45,49,73, </key>
<key name="originator"> 11, </key>
<key name="os"> 74, </key>
<key name="other"> 1,123,10,65,71,139,102,144,129,72,73,64,24, </key>
<key name="otherwis"> 120,104,47, </key>
<key name="out"> 2,78,79,65,138,139,21,144,51,147, </key>
<key name="outgo"> 131,136, </key>
<key name="outlook"> 84, </key>
<key name="outsid"> 102,64, </key>
<key name="overview"> 75,149,128,50,123,118,59,125,7,81,82,119,84,71,36,127,114,51,121,73,54,87, </key>
<key name="own"> 69,71,60,73,95, </key>
<key name="pacific"> 8,19, </key>
<key name="packag"> 39, </key>
<key name="pad"> 56, </key>
<key name="pag"> 69,2,55,123,56,40,78,57,124,58,41,82,12,13,67,127,103,113,88,107,145,19,144,61,53,22,70,62,63,116,23,64,74,87, </key>
<key name="paint"> 40, </key>
<key name="pan"> 75,122,149,128,50,123,109,118,110,124,58,59,125,7,25,41,81,82,126,119,84,37,71,36,86,127,112,104,105,17,114,115,108,144,51,92,130,77,85,93,94,70,121,116,73,64,54,87, </key>
<key name="pap"> 97,36,102,63, </key>
<key name="paragraph"> 63, </key>
<key name="paramet"> 112, </key>
<key name="parameter"> 2, </key>
<key name="parent"> 81, </key>
<key name="parenthes"> 84,99,36,112,104, </key>
<key name="parenthesi"> 112, </key>
<key name="part"> 141,56,40,66,37,36,43,107,45,46,63,87, </key>
<key name="particular"> 69,67,92,116, </key>
<key name="partner"> 69, </key>
<key name="party"> 149,84,87, </key>
<key name="pas"> 31,104,90,92,70,24, </key>
<key name="password"> 131,135,10,137,139,145,144,129,61,51,34,72,53, </key>
<key name="path"> 60, </key>

</ftswdata>  
