<?xml version='1.0' encoding='windows-1252' ?>
<ftswdata>
<key name="prompt"> 33,93, </key>
<key name="properti"> 4,10, </key>
<key name="protect"> 97, </key>
<key name="provid"> 33,53,97,36,65,92,91, </key>
<key name="purg"> 55,68,60,77,57,67,48, </key>
<key name="purpl"> 88, </key>
<key name="put"> 30,83,57,48, </key>
<key name="queri"> 56,83,84,85,87, </key>
<key name="query"> 80,88,81,83,84,85,79,99,87, </key>
<key name="question"> 52,45, </key>
<key name="quick"> 0,1,27,88,53,34,56,84,15,79,19,38,20,87, </key>
<key name="quickadd"> 0,1,99,20, </key>
<key name="quot"> 41,83,61,99,91, </key>
<key name="quota"> 60,59, </key>
<key name="radio"> 86,79, </key>
<key name="rang"> 86, </key>
<key name="rath"> 99,45, </key>
<key name="re"> 30,100,92,87, </key>
<key name="reach"> 22,44,57,48, </key>
<key name="read"> 46,32,33,81,34,70,42,30,44,72,73,74,83,75,15,62,99,66,101,39,87,59, </key>
<key name="readabl"> 87, </key>
<key name="ready"> 32, </key>
<key name="real"> 57, </key>
<key name="reason"> 49,92, </key>
<key name="receiv"> 3,69,33,81,53,22,34,26,30,71,29,49,98,73,83,60,15,86,99,64,57,66,92,48, </key>
<key name="recent"> 29,99,19, </key>
<key name="recipient"> 46,32,53,35,36,83,76,99,92,39,28,102, </key>
<key name="recogniz"> 33, </key>
<key name="recommend"> 73, </key>
<key name="record"> 25, </key>
<key name="recov"> 55,77, </key>
<key name="recover"> 68,77, </key>
<key name="recur"> 0,2,1,13,8,11,15, </key>
<key name="recurrenc"> 8,19, </key>
<key name="red"> 5, </key>
<key name="reduc"> 60, </key>
<key name="refer"> 99, </key>
<key name="referenc"> 33, </key>
<key name="reflect"> 17,8, </key>
<key name="refresh"> 52,17,79, </key>
<key name="regard"> 68, </key>
<key name="regardles"> 69,96,49,102, </key>
<key name="regular"> 55, </key>
<key name="reject"> 1,3,69,92, </key>
<key name="relat"> 30,29,84,101, </key>
<key name="relativ"> 47, </key>
<key name="relevant"> 57,48, </key>
<key name="reliabl"> 46, </key>
<key name="reload"> 52,93,65, </key>
<key name="remain"> 52,68,57,67, </key>
<key name="rememb"> 17,8,86,102, </key>
<key name="remind"> 15,93, </key>
<key name="remot"> 7, </key>
<key name="remov"> 88,24,89,77,15,37,28, </key>
<key name="renam"> 50,61,62,57, </key>
<key name="rep"> 46,9,42,35,30,44,36,76,15,62,99,102, </key>
<key name="repeat"> 8,43,20,28, </key>
<key name="replac"> 38, </key>
<key name="replay"> 99, </key>
<key name="repli"> 81,30,29,76,99,102, </key>
<key name="reply"> 76, </key>
<key name="report"> 57,48, </key>
<key name="represent"> 56,47, </key>
<key name="request"> 9,10,15,19, </key>
<key name="requir"> 22,17,8,97,98,16,19, </key>
<key name="reschedul"> 0, </key>
<key name="reset"> 95,100, </key>
<key name="resid"> 73, </key>
<key name="resolv"> 92, </key>
<key name="resourc"> 60, </key>
<key name="respective"> 39, </key>
<key name="respond"> 15, </key>
<key name="respons"> 98,76,15, </key>
<key name="restor"> 100, </key>
<key name="result"> 80,42,30,85,79,99,38, </key>
<key name="resum"> 40, </key>
<key name="retriev"> 53,37, </key>
<key name="return"> 17,8,42,60,16,38,87,102, </key>
<key name="retyp"> 94, </key>
<key name="reus"> 94, </key>
<key name="review"> 83,57,48, </key>
<key name="revok"> 10,78, </key>
<key name="right"> 0,50,27,51,88,33,13,7,23,34,54,10,11,12,55,89,25,42,72,31,68,60,61,15,62,16,79,65,57,67,47,91,28,48, </key>
<key name="rivendell"> 86, </key>
<key name="rol"> 3,10, </key>
<key name="rout"> 46, </key>
<key name="rs"> 54,65, </key>
<key name="rul"> 80,53,21,94,42,43,30,44,75,100,93,99, </key>
<key name="run"> 33, </key>
<key name="s"> 46,3,27,4,52,6,34,17,10,12,42,30,72,98,73,36,14,74,83,93,16,86,79,18,19,92,38,39, </key>
<key name="safari"> 52, </key>
<key name="safety"> 73, </key>
<key name="sal"> 28, </key>
<key name="sam"> 80,51,69,53,94,54,42,30,44,72,73,36,83,93,99,38,91,87,5, </key>
<key name="sash"> 47, </key>
<key name="sav"> 81,21,23,34,17,8,55,25,42,56,98,73,83,60,100,37,93,85,16,63,99,57,101,87,102,59, </key>
<key name="saw"> 76, </key>
<key name="say"> 99, </key>
<key name="scan"> 73, </key>
<key name="schedul"> 0,2,1,46,6,13,7,17,8,14,16,18,5, </key>
<key name="scratch"> 23, </key>
<key name="screen"> 17,96,97,93,47,59, </key>
<key name="scrol"> 31, </key>
<key name="scroll"> 98,86, </key>
<key name="se"> 0,1,46,69,7,17,8,41,10,70,56,26,71,96,72,83,75,76,15,16,18,99,57,39,5,59, </key>
<key name="search"> 46,80,88,81,53,22,34,41,24,25,56,30,44,83,84,62,85,86,79,99,28,87,45,59, </key>
<key name="second"> 32,42, </key>
<key name="section"> 34,73,100,85, </key>
<key name="security"> 69,49, </key>
<key name="select"> 0,2,3,4,80,51,88,32,69,81,6,13,22,7,23,34,17,54,8,10,24,11,12,70,25,42,43,58,31,74,68,84,77,15,85,16,86,79,99,65,66,38,20,40,91,28,87,5, </key>
<key name="selection"> 80,51,79,38,28, </key>
<key name="semicolon"> 17,8,83,16,38, </key>
<key name="send"> 0,46,3,32,33,53,22,34,9,10,42,35,44,73,36,31,74,83,76,15,37,86,79,99,57,19,92,38,39,102, </key>
<key name="sender"> 49,73,36, </key>
<key name="sensitiv"> 87, </key>
<key name="sent"> 0,50,2,32,53,13,22,17,54,8,11,70,42,56,26,30,98,36,83,60,76,15,62,37,16,86,63,99,65,57,92,39,102,59, </key>
<key name="separat"> 81,6,22,34,17,8,36,31,74,16,99,47, </key>
<key name="sequenc"> 51,8,47, </key>
<key name="seri"> 13,11,15, </key>
<key name="servic"> 46, </key>
<key name="session"> 1,52,6,96,97,29,93,66, </key>
<key name="set"> 0,69,81,22,17,8,70,43,44,71,96,98,68,83,60,76,100,16,86,18,99,57,19,102, </key>
<key name="setting"> 21,100,79,87,59, </key>
<key name="seven"> 6, </key>
<key name="shar"> 1,3,4,17,9,10,97,78,5, </key>
<key name="shift"> 51,88, </key>
<key name="shop"> 54, </key>
<key name="shortcut"> 84,47, </key>
<key name="should"> 44,97,49,36,99,101, </key>
<key name="show"> 2,4,80,88,32,53,22,56,29,58,73,31,83,60,75,76,79,18,99,64,38,91,28,5,59, </key>
<key name="shown"> 43,29,72,76,5,59, </key>
<key name="sid"> 7,56,5,45, </key>
<key name="sign"> 101, </key>
<key name="signatur"> 34,36,76,99,101, </key>
<key name="signifi"> 4, </key>
<key name="silent"> 44, </key>
<key name="similar"> 88,44,83,59, </key>
<key name="simp"> 96,84,19, </key>
<key name="simultaneous"> 88, </key>
<key name="sinc"> 76, </key>
<key name="singl"> 2,80,88,53,17,43,72,31,83,47,38, </key>
<key name="sit"> 69,52,49,68,93,65,57,48, </key>
<key name="siz"> 81,42,29,49,83,60,99,47,87, </key>
<key name="skip"> 16, </key>
<key name="slash"> 61,91,45, </key>
<key name="slid"> 32, </key>
<key name="slight"> 87, </key>
<key name="smal"> 81,42,83,38, </key>
<key name="small"> 47, </key>
<key name="smart"> 99, </key>
<key name="smith"> 25,44,83,101,38,28, </key>
<key name="smith23"> 44, </key>
<key name="so"> 4,52,55,35,76,86, </key>
<key name="softwar"> 32,33,93,59, </key>
<key name="someon"> 33,35,86,39, </key>
<key name="someth"> 25,73,36,93, </key>
<key name="sometim"> 42,99,57,92,28,48, </key>
<key name="somewher"> 82, </key>
<key name="soon"> 79,38, </key>
<key name="sort"> 33,8,43,64, </key>
<key name="sortabl"> 64, </key>
<key name="sourc"> 46, </key>
<key name="south"> 87, </key>
<key name="spac"> 22,60,45, </key>
<key name="spam"> 42,56,49,36,57,48, </key>
<key name="span"> 30, </key>
<key name="special"> 46,33,38,87, </key>
<key name="specifi"> 46,80,81,82,8,42,43,44,68,83,57,67,45,48, </key>
<key name="specific"> 2,81,94,8,44,83,86,19,87, </key>
<key name="specify"> 80,82,42,43,44,14,83,86,79,99,45, </key>
<key name="spel"> 34,40,87, </key>
<key name="spell"> 34,40, </key>
<key name="split"> 47, </key>
<key name="spot"> 71, </key>
<key name="spread"> 33,49,73, </key>
<key name="spreadsheet"> 32,33,73,86, </key>
<key name="stand"> 39, </key>
<key name="standard"> 46,10,42,73,31,74,76,99,47,59, </key>
<key name="start"> 0,52,17,8,83,16,86,92,38,20, </key>
<key name="statement"> 36,83, </key>
<key name="statu"> 1,81,10,72,83,59, </key>
<key name="stay"> 55, </key>
<key name="step"> 34,43,16, </key>
<key name="still"> 10, </key>
<key name="stop"> 42,44, </key>
<key name="stor"> 50,42,30,29, </key>
<key name="str"> 82,83,79,99,87,45, </key>
<key name="string"> 44, </key>
<key name="styl"> 34,76,99, </key>
<key name="subject"> 2,32,81,53,82,34,17,8,42,30,44,29,73,36,83,84,76,16,64,19,20,45, </key>
<key name="subscrib"> 54,65, </key>
<key name="subsequent"> 42,44,93, </key>
<key name="substitution"> 82,45, </key>
<key name="substr"> 42, </key>
<key name="suggest"> 38,40, </key>
<key name="suit"> 46,52,26,68, </key>
<key name="sup"> 34,45, </key>
<key name="supervisor"> 43,44,36, </key>
<key name="support"> 33,52,42,26,60,87, </key>
<key name="suppos"> 80,38, </key>
<key name="sur"> 84, </key>
<key name="surround"> 45, </key>
<key name="switch"> 46,36, </key>
<key name="synchroniz"> 7, </key>
<key name="syntax"> 99,87, </key>
<key name="system"> 50,32,69,33,94,54,55,56,44,96,73,36,100,62,99,57,92,91,87,48,59, </key>

</ftswdata>  
