<?xml version='1.0' encoding='windows-1252' ?>
<ftswdata>
<key name="right"> 0,65,124,28,46,66,106,37,47,13,7,49,23,38,69,10,24,11,12,71,107,25,56,57,50,89,35,85,76,77,15,78,16,95,51,31,81,73,83,61,52,109,32,62,84, </key>
<key name="rivendell"> 102, </key>
<key name="rol"> 45,3,47,10,51,31,22, </key>
<key name="room"> 2, </key>
<key name="rout"> 60, </key>
<key name="row"> 46,54, </key>
<key name="rs"> 69,81, </key>
<key name="rul"> 96,68,113,112,56,57,34,58,92,120,111,119, </key>
<key name="run"> 37,53, </key>
<key name="s"> 60,45,3,28,46,4,67,6,47,48,38,17,8,10,12,56,34,89,117,90,40,14,91,99,111,16,102,95,51,31,20,110,42,43,53,84, </key>
<key name="safari"> 67, </key>
<key name="safety"> 90, </key>
<key name="sal"> 32, </key>
<key name="sam"> 65,96,66,86,68,113,49,69,56,34,58,89,90,40,99,111,119,42,53,109,54,103,5, </key>
<key name="sash"> 61, </key>
<key name="sav"> 2,28,97,112,48,23,38,17,8,71,25,26,56,72,29,117,90,99,76,120,41,111,101,16,79,118,119,73,121,103,122,75,84, </key>
<key name="saw"> 93, </key>
<key name="say"> 119, </key>
<key name="scan"> 90, </key>
<key name="schedul"> 0,2,1,60,124,6,13,7,17,8,14,16,18,19,54,5, </key>
<key name="screen"> 17,115,116,111,61,75, </key>
<key name="scrol"> 35, </key>
<key name="scroll"> 117,102,118, </key>
<key name="se"> 0,2,1,60,124,86,7,17,8,70,10,87,72,88,115,89,99,92,93,15,16,19,119,105,73,43,5,75,84, </key>
<key name="search"> 2,60,96,106,97,68,38,17,8,70,24,25,72,34,58,99,100,78,101,16,102,95,119,104,32,103,59,55,22,75,84, </key>
<key name="second"> 36,56,50, </key>
<key name="section"> 47,38,90,120,101,54, </key>
<key name="security"> 86,63, </key>
<key name="select"> 0,2,3,28,46,4,96,66,106,36,86,97,6,47,13,48,7,49,23,38,17,69,8,10,24,11,12,87,25,26,56,57,29,50,74,35,91,30,85,100,94,93,15,101,16,102,95,19,119,51,31,81,82,42,43,52,21,44,109,32,54,103,5,84, </key>
<key name="selection"> 96,66,95,42,43,32,84, </key>
<key name="semi"> 10,31, </key>
<key name="semicolon"> 17,8,99,16,42, </key>
<key name="send"> 0,60,45,3,28,36,37,47,68,38,9,10,56,39,27,58,90,40,35,91,99,93,15,41,102,95,79,119,51,31,73,20,110,42,43,122,55,22,64,84, </key>
<key name="sender"> 63,90,40, </key>
<key name="sensitiv"> 103, </key>
<key name="sent"> 0,65,2,36,47,68,13,17,69,8,10,11,87,56,72,34,40,99,76,93,15,78,41,16,102,79,119,51,31,81,73,110,43,122,75,84, </key>
<key name="separat"> 28,97,6,23,38,17,8,26,29,40,35,91,16,119,61, </key>
<key name="sequenc"> 66,8,61,53, </key>
<key name="seri"> 13,11,15, </key>
<key name="serv"> 10,31, </key>
<key name="servic"> 60, </key>
<key name="session"> 1,67,6,115,116,33,111,82,22, </key>
<key name="set"> 0,46,86,97,17,87,57,58,88,115,50,116,117,90,85,99,76,93,120,16,18,102,19,118,119,73,20,53,54,122,22, </key>
<key name="setting"> 112,120,95,119,103,75, </key>
<key name="seven"> 6, </key>
<key name="shar"> 1,60,45,3,4,67,47,17,9,10,50,116,100,51,105,31,32,5,55,22, </key>
<key name="shift"> 66,106,64,84, </key>
<key name="shop"> 69, </key>
<key name="shortcut"> 100,61,64,84, </key>
<key name="should"> 46,10,58,116,63,40,93,119,31,121,54, </key>
<key name="show"> 2,4,96,106,36,68,48,72,29,33,74,90,35,99,76,92,93,78,18,95,19,119,80,42,43,109,32,5,22,75, </key>
<key name="shown"> 57,33,89,93,5,75, </key>
<key name="sid"> 7,72,5,59, </key>
<key name="sign"> 121, </key>
<key name="signatur"> 38,40,93,119,121, </key>
<key name="signifi"> 4, </key>
<key name="silent"> 58, </key>
<key name="similar"> 106,58,99,104,75, </key>
<key name="simp"> 115,100,20, </key>
<key name="simultaneous"> 106, </key>
<key name="sinc"> 93, </key>
<key name="singl"> 2,96,106,68,17,57,89,35,99,61,42, </key>
<key name="sit"> 124,86,67,63,85,111,81,73,62, </key>
<key name="six"> 54, </key>
<key name="siz"> 97,56,29,33,63,99,76,119,61,54,103, </key>
<key name="skip"> 16, </key>
<key name="skyp"> 124, </key>
<key name="slash"> 77,109,59, </key>
<key name="slid"> 36, </key>
<key name="slight"> 103, </key>
<key name="smal"> 97,56,99,42, </key>
<key name="small"> 124,61, </key>
<key name="smart"> 119, </key>
<key name="smith"> 25,58,99,121,42,32, </key>
<key name="smith23"> 58, </key>
<key name="so"> 2,4,67,71,39,93,102,54, </key>
<key name="softphon"> 124, </key>
<key name="softwar"> 36,37,111,75, </key>
<key name="someon"> 37,39,102,43, </key>
<key name="someth"> 25,90,40,111, </key>
<key name="sometim"> 56,27,119,73,110,32, </key>
<key name="somewher"> 98, </key>
<key name="soon"> 95,42, </key>
<key name="sort"> 37,8,57,80, </key>
<key name="sortabl"> 80, </key>
<key name="sourc"> 60,48,52,53,54, </key>
<key name="south"> 103, </key>
<key name="spac"> 76,59,22, </key>
<key name="spacebar"> 84, </key>
<key name="spam"> 56,72,63,40,73,62,84, </key>
<key name="span"> 34, </key>
<key name="special"> 60,37,42,103, </key>
<key name="specifi"> 60,96,97,98,8,56,57,58,85,99,73,83,59,62, </key>
<key name="specific"> 97,113,8,58,30,99,102,105,20,103,22,64, </key>
<key name="specify"> 96,98,56,57,58,14,99,102,95,119,59,64, </key>
<key name="spel"> 48,38,44,103, </key>
<key name="spell"> 38,44,84, </key>
<key name="spelling"> 104, </key>
<key name="split"> 46,61, </key>
<key name="spot"> 88, </key>
<key name="spread"> 37,63,90, </key>
<key name="spreadsheet"> 36,37,48,90,102,54,55, </key>
<key name="stand"> 43, </key>
<key name="standard"> 60,48,10,56,90,35,91,93,119,51,31,61,75, </key>
<key name="start"> 0,2,60,67,17,8,99,16,102,110,42,21, </key>
<key name="statement"> 40,99, </key>
<key name="statu"> 1,97,10,29,89,99,75, </key>
<key name="stay"> 71, </key>
<key name="step"> 38,57,16,64, </key>
<key name="still"> 47,10,31, </key>
<key name="stop"> 56,58, </key>
<key name="stor"> 65,56,34,33,22, </key>
<key name="str"> 98,99,95,119,103,59, </key>
<key name="string"> 58, </key>
<key name="styl"> 46,48,38,93,119,54, </key>
<key name="subject"> 2,36,97,68,98,38,17,8,56,57,34,58,33,90,40,99,100,93,16,80,20,21,59,64, </key>
<key name="subscrib"> 69,81, </key>
<key name="subsequent"> 56,58,111, </key>
<key name="substitution"> 98,59, </key>
<key name="substr"> 56, </key>
<key name="successful"> 29, </key>
<key name="suggest"> 42,44, </key>
<key name="suit"> 60,67,85, </key>
<key name="sup"> 38,59, </key>
<key name="supervisor"> 57,58,40, </key>
<key name="support"> 37,67,56,27,76,103, </key>
<key name="suppos"> 96,42, </key>
<key name="sur"> 100, </key>
<key name="surround"> 59, </key>
<key name="switch"> 60,40,53,54,64, </key>
<key name="synchroniz"> 7, </key>
<key name="syntax"> 48,119,53,103, </key>
<key name="system"> 65,124,36,86,37,113,17,69,8,71,72,58,115,90,40,120,78,16,119,73,110,109,103,62,75, </key>
<key name="t"> 67,38,56,63,76,102,118,119,73,121,62,84, </key>
<key name="tab"> 2,1,6,113,112,38,17,8,87,57,58,88,33,117,120,16,19,79,118,119,82,121,42,122,22, </key>
<key name="tabl"> 46,48,38,54,55, </key>
<key name="tag"> 60,66,106,97,68,48,70,107,87,56,57,72,58,33,99,78,102,119,52,53,109,54,103,22,75,84, </key>
<key name="tak"> 67,68,56,29,54, </key>
<key name="taken"> 20, </key>
<key name="task"> 54,64, </key>
<key name="taught"> 62, </key>
<key name="technology"> 111, </key>
<key name="tell"> 89,92, </key>
<key name="temporari"> 47,10,63,31, </key>
<key name="tentativ"> 2,1,15,19, </key>
<key name="term"> 58, </key>
<key name="test"> 56,58, </key>
<key name="text"> 0,2,60,46,96,36,86,37,13,48,38,17,8,87,26,56,57,39,29,90,40,99,100,93,111,101,16,95,119,20,61,121,42,52,53,54,103,122,55,22, </key>
<key name="th"> 103, </key>
<key name="them"> 0,2,124,96,66,36,71,57,34,90,99,76,94,41,18,119,105,80,73,61,103,22,62, </key>
<key name="themselv"> 107,90,119, </key>
<key name="therefor"> 37,115,90, </key>
<key name="thing"> 76, </key>
<key name="think"> 63,101,102, </key>
<key name="third"> 124,72,75, </key>
<key name="thos"> 96,34,99,76,51,73,42,109,32,62, </key>
<key name="though"> 38, </key>
<key name="thre"> 0,46,37,67,98,23,17,8,24,34,99,54,103,59, </key>
<key name="thread"> 20, </key>
<key name="ti"> 69, </key>
<key name="tim"> 0,2,1,66,67,97,6,17,8,10,58,115,116,33,40,85,99,100,15,41,16,18,19,79,119,105,31,80,73,83,20,21,103,122,5,59,62,64,75, </key>
<key name="time"> 117, </key>
<key name="tip"> 28,24,92,61,22, </key>
<key name="titl"> 23,34,80,54, </key>
<key name="toc"> 48, </key>
<key name="today"> 0,84, </key>
<key name="todo"> 70, </key>
<key name="togeth"> 34,99,53, </key>
<key name="toggl"> 82,52,84, </key>
<key name="tomorrow"> 0, </key>
<key name="too"> 56,63,40,94,61, </key>
<key name="tool"> 28,48,17,8,24,100,92,61,54,103,22, </key>
<key name="toolbar"> 0,1,46,6,48,7,23,38,17,69,8,24,87,88,14,99,93,16,95,81,73,121,43,52,44,109,54,62,75, </key>
<key name="top"> 0,65,49,23,69,39,16,119,51,73,21,44, </key>
<key name="topic"> 60,99,103, </key>
<key name="total"> 88,99, </key>
<key name="track"> 1,60,7,54, </key>
<key name="traditional"> 60,33,92,111,82, </key>
<key name="train"> 62, </key>
<key name="transf"> 74, </key>
<key name="trash"> 65,45,3,69,24,71,56,72,58,85,76,94,15,78,119,73,83,75,84, </key>
<key name="travel"> 119, </key>
<key name="tre"> 98, </key>

</ftswdata>  
