<?xml version='1.0' encoding='windows-1252' ?>
<ftswdata>
<key name="01"> 28, </key>
<key name="1"> 7,1,28,67,70,88, </key>
<key name="11"> 67, </key>
<key name="12"> 28,67, </key>
<key name="1212"> 87, </key>
<key name="123"> 67, </key>
<key name="12k"> 67, </key>
<key name="15"> 7,1, </key>
<key name="2"> 70, </key>
<key name="20"> 25, </key>
<key name="2005"> 28,23,67,88,89, </key>
<key name="22"> 57, </key>
<key name="25"> 85, </key>
<key name="26"> 89, </key>
<key name="3"> 67, </key>
<key name="30"> 17,67, </key>
<key name="303"> 87, </key>
<key name="4"> 1,6, </key>
<key name="5"> 6, </key>
<key name="555"> 87, </key>
<key name="9"> 67, </key>
<key name="abbreviation"> 26, </key>
<key name="abl"> 19,55,20,63,85, </key>
<key name="abov"> 28,67, </key>
<key name="absenc"> 30, </key>
<key name="accept"> 0,5, </key>
<key name="acces"> 38,21,83,76,46, </key>
<key name="accessibl"> 7,1,6, </key>
<key name="accord"> 39, </key>
<key name="account"> 80,42,84,86,85, </key>
<key name="acm"> 11,67,87,25,15, </key>
<key name="acrobat"> 20, </key>
<key name="acros"> 15, </key>
<key name="action"> 37,28,29,75,30,49,33, </key>
<key name="activ"> 38,30,33, </key>
<key name="activat"> 59, </key>
<key name="activiti"> 0, </key>
<key name="activity"> 82, </key>
<key name="actual"> 20,23, </key>
<key name="ad"> 14,19,7,1,4,67,6,26,15, </key>
<key name="add"> 14,73,19,3,8,9,21,7,1,29,22,13,5,49,6,85,33,87,26,15, </key>
<key name="addition"> 64,40,1,54, </key>
<key name="additional"> 14,8,9,7,1,28,13,6,33,87, </key>
<key name="addres"> 14,66,8,9,21,7,1,10,11,80,28,12,13,30,4,83,84,59,23,67,68,62,49,6,65,85,77,33,25,26,15,72,46, </key>
<key name="addresse"> 22,26, </key>
<key name="administration"> 20,34, </key>
<key name="administrator"> 55,20,38,66,79,8,80,81,82,83,35,59,54,67,47,85,53,77,34, </key>
<key name="adob"> 64,20,70, </key>
<key name="advanc"> 32,66,67,72, </key>
<key name="advantag"> 8, </key>
<key name="advis"> 21, </key>
<key name="affect"> 86, </key>
<key name="again"> 19,82,69,77,72, </key>
<key name="aid"> 76,72, </key>
<key name="aka"> 34, </key>
<key name="allow"> 38,66,80,28,30,57,67,49,72, </key>
<key name="allowabl"> 67, </key>
<key name="almost"> 59, </key>
<key name="alon"> 68, </key>
<key name="along"> 39,60,47,26,31, </key>
<key name="already"> 73,82, </key>
<key name="alternative"> 73,26, </key>
<key name="although"> 68, </key>
<key name="alway"> 78,83,59,67,68,65,85,15, </key>
<key name="am"> 7,1,88, </key>
<key name="amb"> 67, </key>
<key name="amount"> 82,47, </key>
<key name="angl"> 62, </key>
<key name="animation"> 20, </key>
<key name="anoth"> 36,37,20,78,38,39,8,40,41,42,17,30,16,45,84,63,49,69,70,85,77,76, </key>
<key name="any"> 64,14,37,73,20,78,66,8,7,40,1,41,74,56,80,28,29,30,57,82,44,16,59,23,54,67,68,48,62,5,86,6,71,65,50,85,51,26,76,31,34,46, </key>
<key name="anyon"> 21, </key>
<key name="anytim"> 0, </key>
<key name="anyway"> 21, </key>
<key name="anywher"> 21,68,76, </key>
<key name="ap"> 37,73,78,8,28,29,30,49,76, </key>
<key name="appear"> 64,14,73,19,79,8,27,21,7,1,10,11,28,29,13,17,30,57,4,83,58,45,59,23,18,60,67,68,61,62,49,24,6,70,52,87,25,26,76,15,46, </key>
<key name="append"> 87, </key>
<key name="appli"> 37,73,28,29,17,30,67,70,76, </key>
<key name="application"> 0,20,78,38,79,30,43,83,59,85,46, </key>
<key name="apply"> 37, </key>
<key name="appointment"> 0,32,3,7,1,2,4,6,85, </key>
<key name="appropriat"> 19,59,5, </key>
<key name="archiv"> 54, </key>
<key name="area"> 8,7,1,11,42,30,4,68,6,70,65,46, </key>
<key name="around"> 73,67,85, </key>
<key name="arriv"> 66,57, </key>
<key name="arrow"> 9,7,40,1,11,68,6,70,65,51,52,33,76,72, </key>
<key name="ascend"> 51, </key>
<key name="ask"> 78,17,59,23, </key>
<key name="assign"> 79,80, </key>
<key name="associat"> 14,30,16, </key>
<key name="assum"> 20,70, </key>
<key name="asterisk"> 31, </key>
<key name="attach"> 19,20,70,85, </key>
<key name="attachment"> 64,32,19,55,20,66,3,21,7,1,28,22,30,16,35,59,23,67,68,47,62,5,6,70,71,65,72, </key>
<key name="attack"> 35, </key>
<key name="attende"> 32,3,7,1,2,4,6, </key>
<key name="attribut"> 67, </key>
<key name="audio"> 67,71, </key>
<key name="august"> 88,89, </key>
<key name="authenticat"> 83, </key>
<key name="auto"> 8,10,85,25,88, </key>
<key name="automat"> 34, </key>
<key name="automatic"> 47, </key>
<key name="automatical"> 14,20,39,8,28,29,82,23,54,63,85,53,87,88,34, </key>
<key name="availability"> 7,1,4,6, </key>
<key name="availabl"> 0,9,10,80,13,15,46, </key>
<key name="away"> 88, </key>
<key name="b"> 67, </key>
<key name="back"> 78,38,58,33, </key>
<key name="backslash"> 31, </key>
<key name="bad"> 77, </key>
<key name="ban"> 47,46, </key>
<key name="bana"> 27, </key>
<key name="banana"> 27,28,67,71,31, </key>
<key name="bananafloat"> 31, </key>
<key name="bananasboat"> 31, </key>
<key name="bandanna"> 31, </key>
<key name="bar"> 64,7,1,11,4,47,69,6,33,46, </key>
<key name="basi"> 7,41, </key>
<key name="basic"> 64,66,70, </key>
<key name="bcc"> 14,66,21,28,22,68,85,25,26,15, </key>
<key name="be"> 28,30,72, </key>
<key name="becom"> 25, </key>
<key name="befor"> 78,66,28,44,67,68,62,5,70,85,15,31,34, </key>
<key name="begin"> 17,49, </key>
<key name="begun"> 25, </key>
<key name="behav"> 33, </key>
<key name="below"> 73,21,46, </key>
<key name="beneath"> 70, </key>
<key name="beta"> 89, </key>
<key name="blank"> 21, </key>
<key name="blind"> 26, </key>
<key name="block"> 55,20,35, </key>
<key name="boat"> 31, </key>
<key name="body"> 66,21,28,22,30,23,67,68,61,62,70,71,87, </key>
<key name="bold"> 16,58, </key>
<key name="boldfac"> 42,57, </key>
<key name="book"> 8,9,80,59,68,15, </key>
<key name="bos"> 30, </key>
<key name="both"> 64,27,7,1,45,6,70,31, </key>
<key name="bottom"> 52, </key>
<key name="bounc"> 21,47,77, </key>
<key name="box"> 64,66,21,7,1,11,30,68,6,70,65,85,33,87,25,15,72,88,46, </key>
<key name="boxman"> 64, </key>
<key name="br"> 26, </key>
<key name="bracket"> 62, </key>
<key name="breakfast"> 27, </key>
<key name="brief"> 46, </key>
<key name="brink"> 25, </key>
<key name="brought"> 76, </key>
<key name="brown"> 25, </key>
<key name="brows"> 19,20,78,38,83,59,60,33,46, </key>
<key name="browser"> 20,38, </key>
<key name="budget"> 70, </key>
<key name="build"> 64,66,80,42,69,70,65,72, </key>
<key name="built"> 39, </key>
<key name="busines"> 87, </key>
<key name="busy"> 0,32,7,1,4,6, </key>
<key name="button"> 36,73,78,38,9,40,29,83,23,5,86,49,70,65,52,33,26,15,72,46, </key>
<key name="byt"> 66,67, </key>
<key name="cal"> 64,30,67,70,15, </key>
<key name="calendar"> 0,32,3,7,1,2,80,5,6,85,46, </key>
<key name="california"> 7,1, </key>
<key name="cannot"> 36,8,21,40,41,28,13,43,60,67,71,77, </key>
<key name="capitalization"> 28, </key>
<key name="car"> 59,23, </key>
<key name="carbon"> 26, </key>
<key name="card"> 8, </key>
<key name="cas"> 28,82,59,67,63,71,85,25, </key>
<key name="casserol"> 28,31, </key>
<key name="categori"> 73, </key>
<key name="categoriz"> 39, </key>
<key name="caus"> 64,78,62,85, </key>
<key name="cc"> 64,14,66,21,28,22,67,68,62,85,25,26,15, </key>
<key name="certain"> 20,66,39,28,35,67,47,77,76,34, </key>
<key name="chanc"> 59, </key>
<key name="chang"> 0,78,3,79,8,21,7,1,11,80,17,30,4,43,58,61,62,86,71,65,50,85,52,33,72,46, </key>
<key name="charact"> 30,48,62,76,31, </key>
<key name="character"> 79,67,71,25,31, </key>
<key name="characteristic"> 32,39,30,35, </key>
<key name="charg"> 17, </key>
<key name="check"> 64,38,66,9,1,30,35,84,6,70,87,88, </key>
<key name="choic"> 29,5,49,33, </key>
<key name="choos"> 0,37,73,79,9,21,40,1,41,11,28,29,30,43,83,58,59,18,60,68,47,48,70,85,52,53,26,76,34,46, </key>
<key name="chooser"> 38, </key>
<key name="claim"> 70, </key>
<key name="classification"> 76, </key>
<key name="classify"> 73,39,42,76, </key>
<key name="clear"> 34, </key>
<key name="click"> 36,0,14,37,73,19,20,78,3,79,8,9,21,7,40,1,10,2,41,74,11,29,75,22,30,4,83,44,16,58,45,84,59,23,18,60,67,68,47,61,48,62,5,86,49,24,69,6,65,85,51,52,53,33,87,25,26,76,15,72,88,34,46, </key>
<key name="clickabl"> 33, </key>
<key name="client"> 32,20,78,38,39,21,80,42,30,43,83,16,58,47,49,71,85,52,33,46, </key>
<key name="clip"> 20, </key>
<key name="clos"> 78,7,1,83,18,6,85, </key>
<key name="cod"> 20,56,68,85, </key>
<key name="collaboration"> 32,80,54, </key>
<key name="collection"> 44, </key>
<key name="collective"> 30, </key>
<key name="colon"> 48,76, </key>
<key name="color"> 80, </key>
<key name="column"> 0,38,79,43,83,16,61,85,51,33, </key>
<key name="com"> 21,11,30,83,67,87,25,15, </key>
<key name="combin"> 28,30, </key>
<key name="combination"> 28, </key>
<key name="comma"> 85, </key>
<key name="command"> 36,20,21,45,33, </key>
<key name="comment"> 5, </key>

</ftswdata>  
