<?xml version='1.0' encoding='windows-1252' ?>
<ftswdata>
<key name="let"> 1,104,34,35,8,57,40,87,5,108, </key>
<key name="level"> 55,61,99,106, </key>
<key name="lick"> 76, </key>
<key name="lik"> 23,42,25,37,99, </key>
<key name="like"> 31,45,39, </key>
<key name="limit"> 81,22,61, </key>
<key name="lin"> 27,80,33,34,54,82,35,43,36,31,30,37,84,76,77,99,46, </key>
<key name="link"> 70,34,8,71,66,48,60,108, </key>
<key name="list"> 51,2,47,3,27,52,88,81,22,7,23,17,55,8,10,24,12,44,90,26,31,45,28,30,37,84,76,15,63,16,86,79,99,66,58,19,92,48,39,40,91,29,87,5,60,108, </key>
<key name="literal"> 87, </key>
<key name="local"> 61,108, </key>
<key name="locat"> 33,54,28, </key>
<key name="location"> 2,22,17,55,8,30,59,74,16,67,20,106,60,108, </key>
<key name="log"> 53,42,72,96,97,61,100,99,58,60, </key>
<key name="login"> 97, </key>
<key name="long"> 24,69,61,78,48,40, </key>
<key name="look"> 4,35,43,72,61, </key>
<key name="los"> 37,93, </key>
<key name="lot"> 98, </key>
<key name="low"> 76,79,48, </key>
<key name="m"> 43, </key>
<key name="macintosh"> 53, </key>
<key name="mail"> 51,47,3,27,33,34,53,54,21,22,23,35,42,24,71,43,44,90,57,36,26,31,45,72,97,30,73,59,98,74,37,75,83,84,61,76,78,77,63,38,93,86,64,99,58,68,92,48,101,40,91,29,102,49,60, </key>
<key name="mailbox"> 4,55,42,45,30,61,99,66,67,92,107,60,108, </key>
<key name="main"> 46, </key>
<key name="maintain"> 26, </key>
<key name="majority"> 74, </key>
<key name="mak"> 0,104,80,13,10,71,25,83,84,15,79,20,87, </key>
<key name="malform"> 43, </key>
<key name="man"> 39, </key>
<key name="manag"> 1,47,10,30, </key>
<key name="manageabl"> 61, </key>
<key name="management"> 44, </key>
<key name="manual"> 58,68, </key>
<key name="map"> 106,108, </key>
<key name="mark"> 52,43,57,45,73,15,63,46, </key>
<key name="markup"> 99, </key>
<key name="martin"> 80, </key>
<key name="match"> 80,34,82,17,8,25,43,44,31,45,16,79,39,105,87,46, </key>
<key name="maximum"> 22,96,83, </key>
<key name="maxm"> 83, </key>
<key name="mb"> 81,83, </key>
<key name="mean"> 82,43,44,31,83,99,92,5, </key>
<key name="meant"> 53, </key>
<key name="mechanism"> 104,57, </key>
<key name="media"> 34, </key>
<key name="medium"> 91, </key>
<key name="meet"> 0,2,104,80,13,17,8,10,45,15,16,18,19, </key>
<key name="meeting"> 0,2,1,47,13,17,8,10,12,14,18,19, </key>
<key name="megabyt"> 83, </key>
<key name="menu"> 27,52,88,45,73,84,63,67,48,29, </key>
<key name="messag"> 0,51,2,1,47,104,3,27,80,88,33,70,34,81,54,23,35,42,9,10,56,71,43,44,90,57,36,31,45,72,30,73,50,59,98,74,37,32,75,69,83,84,61,76,78,77,15,63,38,93,86,79,64,99,65,58,67,19,92,48,101,39,40,41,91,29,87,102,49,60, </key>
<key name="met"> 44, </key>
<key name="method"> 54,82,44,73, </key>
<key name="microsoft"> 33,34,53,57,74,83,86,87, </key>
<key name="middl"> 93,46, </key>
<key name="might"> 81,50,83,77,93,58,39,91,46,49, </key>
<key name="migrat"> 57, </key>
<key name="mik"> 31, </key>
<key name="mini"> 0,1,81,99,19,60, </key>
<key name="minimum"> 99,105, </key>
<key name="minm"> 83, </key>
<key name="minut"> 17,8,72,28,99, </key>
<key name="mission"> 37, </key>
<key name="mix"> 86, </key>
<key name="mm"> 83, </key>
<key name="mod"> 71,20, </key>
<key name="modifi"> 25, </key>
<key name="modify"> 8, </key>
<key name="monday"> 6, </key>
<key name="money"> 46, </key>
<key name="month"> 0,1,81,6,8,14, </key>
<key name="mous"> 0,51,27,52,22,76,63,93,65,48,39,5, </key>
<key name="mov"> 51,3,52,54,22,56,43,31,45,59,78,15,63,58,39,29,49, </key>
<key name="movabl"> 48, </key>
<key name="movi"> 34, </key>
<key name="mozilla"> 53, </key>
<key name="mpeg"> 34, </key>
<key name="mpg"> 34, </key>
<key name="much"> 61, </key>
<key name="multi"> 16, </key>
<key name="multilingual"> 108, </key>
<key name="multipl"> 2,47,80,52,88,81,22,17,43,44,45,75,16,91,5, </key>
<key name="music"> 108, </key>
<key name="musician"> 108, </key>
<key name="must"> 80,33,94,82,25,43,44,31,45,97,74,83,84,76,100,99,105,108, </key>
<key name="my"> 82,43,45,83,93, </key>
<key name="myra"> 97, </key>
<key name="myra123"> 97, </key>
<key name="nam"> 2,104,3,27,80,52,88,22,7,23,35,17,55,8,10,24,89,25,43,44,72,28,97,37,14,83,84,61,76,62,77,63,85,16,79,18,66,19,39,91,105,29,106,87,5,60,108, </key>
<key name="navigat"> 93,99, </key>
<key name="ne"> 34,17,8,93,20, </key>
<key name="nearest"> 43, </key>
<key name="necessary"> 8,44, </key>
<key name="need"> 33,35,90,61,29, </key>
<key name="negativ"> 45, </key>
<key name="network"> 74, </key>
<key name="nev"> 86,92, </key>
<key name="new"> 0,47,27,88,33,34,94,22,7,23,35,17,55,8,44,57,36,31,45,72,73,59,98,37,83,76,77,15,100,63,38,86,99,66,58,101,39,40,91,29,87,60, </key>
<key name="newest"> 76, </key>
<key name="next"> 23,17,8,43,44,57,72,30,74,37,76,16,86,18,67,48,40,91, </key>
<key name="non"> 10,43, </key>
<key name="normal"> 43,38,46, </key>
<key name="not"> 104,33,34,22,23,17,8,50,83,77,86,48,105,106,87,107,108, </key>
<key name="notab"> 34, </key>
<key name="notepad"> 34, </key>
<key name="noth"> 52, </key>
<key name="notic"> 3,15, </key>
<key name="notifi"> 98, </key>
<key name="notification"> 34,10,50,98,61,15,99, </key>
<key name="notify"> 10, </key>
<key name="novemb"> 4, </key>
<key name="numb"> 104,34,22,90,57,72,28,30,83,84,61,76,77,99,58,106,49,108, </key>
<key name="number"> 81,22,71,48, </key>
<key name="nut"> 86, </key>
<key name="object"> 81,83, </key>
<key name="occur"> 2,96,77, </key>
<key name="occurrenc"> 13, </key>
<key name="off"> 53,90,45,96,97,99,67,102,60, </key>
<key name="offer"> 47,30,87, </key>
<key name="offic"> 2,33,18,99,87,102, </key>
<key name="often"> 34,94,99, </key>
<key name="ok"> 88,13,94,7,17,55,8,10,44,59,14,85,16,66,19,20,91,105,29,106,107,108, </key>
<key name="old"> 94,31,69,61,77, </key>
<key name="omit"> 43,99, </key>
<key name="on"> 0,51,1,47,4,80,52,88,34,6,54,13,7,55,42,43,44,31,45,30,59,37,14,83,78,86,99,65,92,48,39,40,20,91,46,60, </key>
<key name="onc"> 4,52,88,90,26,31,39,102, </key>
<key name="ongo"> 77, </key>
<key name="onto"> 88, </key>
<key name="open"> 0,2,1,47,3,80,52,33,70,34,81,6,13,23,35,17,55,8,42,25,44,36,31,97,73,74,75,76,78,77,15,38,85,16,86,79,18,99,66,58,19,101,20,105,29,87,107, </key>
<key name="operat"> 93, </key>
<key name="operator"> 43,46, </key>
<key name="oppos"> 93, </key>
<key name="opt"> 34, </key>
<key name="option"> 0,2,1,27,80,88,70,6,21,94,22,82,35,17,8,42,9,10,71,43,44,36,45,72,28,30,83,77,15,100,16,79,64,99,67,101,20,60, </key>
<key name="optional"> 47,3,17,8,36,37,16,101,60, </key>
<key name="ord"> 80,88,23,35,44,31,45,97,61,100,65, </key>
<key name="order"> 31, </key>
<key name="org"> 107, </key>
<key name="organiz"> 51,47,54, </key>
<key name="organization"> 10,26,50,29, </key>
<key name="original"> 2,12,30,77,99,92,41, </key>
<key name="originator"> 11,99, </key>
<key name="other"> 1,10,43,97,74, </key>
<key name="otherwis"> 90,76,40, </key>
<key name="out"> 2,53,54,22,43,96,18,99,66,102, </key>
<key name="outgo"> 99,101, </key>
<key name="outlook"> 57, </key>
<key name="outsid"> 74, </key>
<key name="overview"> 51,104,88,55,42,89,57,30,78,85,66,91,105,106,107,60,108, </key>
<key name="own"> 47, </key>
<key name="pacific"> 17,8, </key>
<key name="packag"> 33, </key>
<key name="pag"> 2,34,13,35,17,8,42,36,26,45,75,99,19,48,20,106,107,60, </key>
<key name="paint"> 34, </key>
<key name="pan"> 51,104,80,88,81,21,7,23,35,55,42,89,57,31,30,59,76,78,15,85,86,79,99,65,66,58,67,68,48,91,105,106,87,107,60,108, </key>
<key name="pap"> 70,74, </key>
<key name="parameter"> 2, </key>
<key name="parent"> 55, </key>
<key name="parenthes"> 57,72,30,76, </key>
<key name="part"> 34,44,31,37,83,77,92,39,60, </key>
<key name="particular"> 47,45,83,65,87, </key>
<key name="partner"> 47, </key>
<key name="party"> 104,57,60, </key>
<key name="pas"> 27,22,76,63,65,48, </key>
<key name="password"> 94,95,97,100,99, </key>
<key name="pattern"> 8, </key>
<key name="pdf"> 80,70,34,83,86, </key>
<key name="peopl"> 0,1,10,83,102, </key>
<key name="per"> 14,99, </key>
<key name="perform"> 80,52,81,44,63,48,87, </key>
<key name="performanc"> 47, </key>
<key name="perhap"> 45,79, </key>
<key name="period"> 34,96,69,58,68,87,102,5,49, </key>
<key name="periodical"> 96, </key>
<key name="permanent"> 69, </key>
<key name="permission"> 47,10, </key>
<key name="permit"> 34, </key>
<key name="person"> 3,27,22,35,10,77,63,99,102, </key>
<key name="personal"> 1,47,22,7,10,25,26,74,84,63,79,91,29,87, </key>
<key name="phon"> 104,81,22,83,84, </key>
<key name="photoshop"> 34, </key>
<key name="phras"> 44,86,87, </key>
<key name="pick"> 17,8, </key>
<key name="pictur"> 33, </key>
<key name="plac"> 70,55,43,57,50,59,76,58,68,49, </key>
<key name="placehold"> 46, </key>
<key name="plain"> 35,71,99, </key>
<key name="play"> 34, </key>
<key name="playabl"> 34, </key>
<key name="plu"> 92,87, </key>

</ftswdata>  
