<?xml version='1.0' encoding='windows-1252' ?>
<ftswdata>
<key name="plug"> 34, </key>
<key name="pm"> 17,8, </key>
<key name="podcast"> 66, </key>
<key name="point"> 27,70,74,60, </key>
<key name="pol"> 72,99, </key>
<key name="polici"> 34,69, </key>
<key name="policy"> 70,50,83,61, </key>
<key name="pop"> 10,63,93,41,108, </key>
<key name="popular"> 53,108, </key>
<key name="populat"> 23,77,19, </key>
<key name="portion"> 43,63,93,39,29, </key>
<key name="possib"> 58,49, </key>
<key name="possibl"> 71,93,86,39, </key>
<key name="post"> 10, </key>
<key name="potential"> 53, </key>
<key name="powerful"> 84, </key>
<key name="powerpoint"> 70,87, </key>
<key name="pr"> 81,23,55, </key>
<key name="practic"> 53,74, </key>
<key name="preced"> 43, </key>
<key name="pref"> 20, </key>
<key name="preferenc"> 21,35,71,44,72,77,100,99,58, </key>
<key name="prefix"> 83,77,99,87, </key>
<key name="pres"> 17, </key>
<key name="presenc"> 43,45,30, </key>
<key name="present"> 43,14, </key>
<key name="preserv"> 36,61,77, </key>
<key name="president"> 101, </key>
<key name="presum"> 37, </key>
<key name="prevent"> 43,45,97, </key>
<key name="preview"> 104, </key>
<key name="previou"> 52,44,57,14,77,99, </key>
<key name="previous"> 81,83,86, </key>
<key name="primary"> 99,40, </key>
<key name="print"> 1,14,32,75, </key>
<key name="priority"> 86,91, </key>
<key name="privacy"> 97, </key>
<key name="privileg"> 10, </key>
<key name="probab"> 53, </key>
<key name="problem"> 94,92, </key>
<key name="proce"> 44, </key>
<key name="procedur"> 86, </key>
<key name="proceed"> 66, </key>
<key name="proces"> 74,87, </key>
<key name="produc"> 35,83,99, </key>
<key name="program"> 104,33,34,37, </key>
<key name="project"> 31, </key>
<key name="prompt"> 34,93, </key>
<key name="pronunciation"> 108, </key>
<key name="properti"> 4,10, </key>
<key name="protect"> 97, </key>
<key name="provid"> 34,54,97,37,66,92,91, </key>
<key name="purg"> 56,69,61,78,58,68,49, </key>
<key name="purpl"> 88, </key>
<key name="put"> 31,83,58,49, </key>
<key name="queri"> 57,83,84,85,87, </key>
<key name="query"> 80,88,81,83,84,85,79,99,87,108, </key>
<key name="question"> 53,46, </key>
<key name="quick"> 0,1,27,88,54,35,57,84,15,79,19,39,20,87, </key>
<key name="quickadd"> 0,1,99,20, </key>
<key name="quot"> 42,83,62,99,91, </key>
<key name="quota"> 61,60, </key>
<key name="quotation"> 108, </key>
<key name="radio"> 86,79, </key>
<key name="rang"> 86, </key>
<key name="rath"> 99,46, </key>
<key name="re"> 31,100,92,87, </key>
<key name="reach"> 22,45,58,49, </key>
<key name="read"> 47,33,34,81,35,71,43,31,45,73,74,75,83,76,15,63,99,67,101,40,87,60, </key>
<key name="readabl"> 87, </key>
<key name="reader"> 107, </key>
<key name="ready"> 33, </key>
<key name="real"> 58, </key>
<key name="reason"> 50,92, </key>
<key name="receiv"> 3,70,34,81,54,22,35,26,31,72,30,50,98,74,83,61,15,86,99,65,58,67,92,49, </key>
<key name="recent"> 30,99,19, </key>
<key name="recipient"> 47,33,54,36,37,83,77,99,92,40,29,102, </key>
<key name="recogniz"> 34, </key>
<key name="recommend"> 74, </key>
<key name="record"> 25, </key>
<key name="recov"> 56,78, </key>
<key name="recover"> 69,78, </key>
<key name="recur"> 0,2,1,13,8,11,15, </key>
<key name="recurrenc"> 8,19, </key>
<key name="red"> 5, </key>
<key name="reduc"> 61, </key>
<key name="refer"> 99, </key>
<key name="referenc"> 34,107, </key>
<key name="reflect"> 17,8, </key>
<key name="refresh"> 53,17,79, </key>
<key name="regard"> 69, </key>
<key name="regardles"> 70,96,50,102, </key>
<key name="regular"> 56, </key>
<key name="reject"> 1,3,70,92, </key>
<key name="relat"> 47,31,30,84,101, </key>
<key name="relativ"> 48, </key>
<key name="relevant"> 58,49, </key>
<key name="reliabl"> 47, </key>
<key name="reload"> 53,93,66, </key>
<key name="remain"> 53,69,58,68, </key>
<key name="rememb"> 17,8,86,102, </key>
<key name="remind"> 15,93, </key>
<key name="remot"> 7, </key>
<key name="remov"> 88,24,89,78,15,38,29, </key>
<key name="renam"> 51,62,63,58, </key>
<key name="rep"> 47,9,43,36,31,45,37,77,15,63,99,102, </key>
<key name="repeat"> 8,44,20,29, </key>
<key name="replac"> 39, </key>
<key name="replay"> 99, </key>
<key name="repli"> 81,31,30,77,99,102, </key>
<key name="reply"> 77, </key>
<key name="report"> 58,49, </key>
<key name="represent"> 57,48, </key>
<key name="request"> 9,10,15,19,106, </key>
<key name="requir"> 22,17,8,97,98,16,19, </key>
<key name="reschedul"> 0, </key>
<key name="reset"> 95,100, </key>
<key name="resid"> 74, </key>
<key name="resolv"> 92, </key>
<key name="resourc"> 61, </key>
<key name="respective"> 40, </key>
<key name="respond"> 15, </key>
<key name="respons"> 98,77,15, </key>
<key name="restor"> 100, </key>
<key name="result"> 80,43,31,85,79,99,39,108, </key>
<key name="resum"> 41, </key>
<key name="retriev"> 54,38, </key>
<key name="return"> 17,8,43,61,16,39,87,102,108, </key>
<key name="retyp"> 94, </key>
<key name="reus"> 94, </key>
<key name="review"> 83,58,49, </key>
<key name="revok"> 10, </key>
<key name="right"> 0,51,104,27,52,88,34,13,7,23,35,55,10,11,12,56,89,25,43,73,32,69,61,62,15,63,16,79,66,58,68,48,91,105,29,106,49,108, </key>
<key name="rivendell"> 86, </key>
<key name="rol"> 3,10, </key>
<key name="rout"> 47, </key>
<key name="rs"> 55,66, </key>
<key name="rul"> 80,54,21,94,43,44,31,45,76,100,93,99, </key>
<key name="run"> 34, </key>
<key name="s"> 47,3,27,4,53,6,35,17,10,12,43,31,73,98,74,37,14,75,83,93,16,86,79,18,19,92,39,40,105,108, </key>
<key name="safari"> 53, </key>
<key name="safety"> 74, </key>
<key name="sal"> 29, </key>
<key name="sam"> 80,52,70,54,94,55,43,31,45,73,74,37,83,93,99,39,91,87,5, </key>
<key name="sash"> 48, </key>
<key name="sav"> 81,21,23,35,17,8,56,25,43,57,28,98,74,83,61,100,38,93,85,16,64,99,58,101,87,102,60, </key>
<key name="saw"> 77, </key>
<key name="say"> 99, </key>
<key name="scan"> 74, </key>
<key name="schedul"> 0,2,1,47,104,6,13,7,17,8,14,16,18,5, </key>
<key name="scratch"> 23, </key>
<key name="screen"> 17,96,97,93,48,60, </key>
<key name="scrol"> 32, </key>
<key name="scroll"> 98,86, </key>
<key name="se"> 0,1,47,104,70,7,17,8,42,10,71,57,26,72,96,73,83,76,77,15,16,18,99,58,40,106,5,60, </key>
<key name="search"> 47,80,88,81,54,22,35,42,24,25,57,31,45,83,84,63,85,86,79,99,105,29,106,87,107,46,60,108, </key>
<key name="second"> 33,43, </key>
<key name="section"> 35,74,100,85, </key>
<key name="security"> 70,50, </key>
<key name="select"> 0,2,3,4,80,52,88,33,70,81,6,13,22,7,23,35,17,55,8,10,24,11,12,71,25,43,44,59,32,75,69,84,78,15,85,16,86,79,99,66,67,39,20,41,91,105,29,106,87,5,108, </key>
<key name="selection"> 80,52,79,39,29, </key>
<key name="semicolon"> 17,8,83,16,39, </key>
<key name="send"> 0,47,3,33,34,54,22,35,9,10,43,36,45,74,37,32,75,83,77,15,38,86,79,99,58,19,92,39,40,102, </key>
<key name="sender"> 50,74,37, </key>
<key name="sensitiv"> 87, </key>
<key name="sent"> 0,51,2,33,54,13,22,17,55,8,11,71,43,57,26,31,98,37,83,61,77,15,63,38,16,86,64,99,66,58,92,40,102,60, </key>
<key name="separat"> 81,6,22,35,17,8,28,37,32,75,16,99,48, </key>
<key name="sequenc"> 52,8,48, </key>
<key name="seri"> 13,11,15, </key>
<key name="servic"> 47, </key>
<key name="session"> 1,53,6,96,97,30,93,67, </key>
<key name="set"> 0,70,81,22,17,8,71,44,45,72,96,98,74,69,83,61,77,100,16,86,18,99,58,19,102, </key>
<key name="setting"> 21,100,79,87,60, </key>
<key name="seven"> 6, </key>
<key name="shar"> 1,3,4,17,9,10,97,5, </key>
<key name="shift"> 52,88, </key>
<key name="shop"> 55, </key>
<key name="shortcut"> 84,48, </key>
<key name="should"> 45,97,50,37,99,101, </key>
<key name="show"> 2,4,80,88,33,54,22,57,28,30,59,74,32,83,61,76,77,79,18,99,65,39,91,29,106,5,60, </key>
<key name="shown"> 44,30,73,77,5,60, </key>
<key name="sid"> 7,57,5,46, </key>
<key name="sign"> 101, </key>
<key name="signatur"> 35,37,77,99,101, </key>
<key name="signifi"> 4, </key>
<key name="silent"> 45, </key>
<key name="similar"> 88,45,83,60, </key>
<key name="simp"> 96,84,19, </key>
<key name="simultaneous"> 88, </key>
<key name="sinc"> 77, </key>
<key name="singl"> 2,80,88,54,17,44,73,32,83,48,39, </key>
<key name="sit"> 104,70,53,50,69,93,66,58,49, </key>
<key name="siz"> 81,43,28,30,50,83,61,99,48,87, </key>
<key name="skip"> 16, </key>
<key name="skyp"> 104, </key>
<key name="slash"> 62,91,46, </key>
<key name="slid"> 33, </key>
<key name="slight"> 87, </key>
<key name="smal"> 81,43,83,39, </key>
<key name="small"> 104,48,106, </key>
<key name="smart"> 99, </key>
<key name="smith"> 25,45,83,101,39,29, </key>
<key name="smith23"> 45, </key>
<key name="so"> 4,53,56,36,77,86, </key>
<key name="softphon"> 104, </key>
<key name="softwar"> 33,34,93,60, </key>
<key name="someon"> 34,36,86,40, </key>
<key name="someth"> 25,74,37,93, </key>
<key name="sometim"> 43,99,58,92,29,49, </key>
<key name="somewher"> 82, </key>
<key name="soon"> 79,39, </key>
<key name="sort"> 34,8,44,65, </key>

</ftswdata>  
