﻿<?xml version='1.0' encoding='utf-8' ?>
<!-- saved from url=(0014)about:internet -->
<ftswdata>
<key name="from:john"> 113, </key>
<key name="from:someon"> 113, </key>
<key name="from:thoma"> 113, </key>
<key name="full"> 123,69,1,143,31,57,81,10,65,141,114,89,146,131,61,34,73,53,45,46,24,88, </key>
<key name="function"> 7,70,63, </key>
<key name="functionality"> 63, </key>
<key name="furth"> 77,8,67, </key>
<key name="futur"> 85, </key>
<key name="fwd"> 37, </key>
<key name="g"> 98, </key>
<key name="gal"> 26,28,30,114, </key>
<key name="general"> 79,81,135,137,136,41,141,102,43,113,146,48,75, </key>
<key name="generat"> 65,43,45, </key>
<key name="get"> 143,133,9,100,102,103, </key>
<key name="gif"> 39,40,74, </key>
<key name="gift"> 68, </key>
<key name="giv"> 123,9,66,131,51,148,63,64, </key>
<key name="given"> 51, </key>
<key name="global"> 41,8,30,114,18,19,146,35, </key>
<key name="go"> 151,2,133,138,8,83,29,14,65,66,32,15,36,18,19,146,94,148,117,75,96, </key>
<key name="good"> 81,141,106, </key>
<key name="got"> 101, </key>
<key name="grammar"> 113, </key>
<key name="grant"> 55,130,50,3,10,60,131,61,34,73,53,54, </key>
<key name="grante"> 57,10,131,61,51,34,73,53,24, </key>
<key name="grantee'"> 2,61,53, </key>
<key name="grantor"> 55,130,50,3,9,60, </key>
<key name="grantor'"> 57,10,131,34,73,53,54, </key>
<key name="graphic"> 69,40,71, </key>
<key name="graphical"> 40,134, </key>
<key name="gray"> 25, </key>
<key name="great"> 113, </key>
<key name="green"> 4, </key>
<key name="group"> 69,1,80,25,26,10,28,66,37,67,36,33,105,146,131,61,34,73,53,24, </key>
<key name="grow"> 46, </key>
<key name="guest"> 123,10,131,61,51,34,73,53, </key>
<key name="gui"> 134, </key>
<key name="guidelin"> 79, </key>
<key name="hand"> 119,85,87,86,95,70, </key>
<key name="handl"> 146,86,72, </key>
<key name="happen"> 37,140,89,46, </key>
<key name="has:attachment"> 113,109, </key>
<key name="hav"> 124,67,101, </key>
<key name="haven't"> 102, </key>
<key name="head"> 31,5,111,58,125,127,25,65,67,60,142,103,113,106,108,91,132,78,68,74, </key>
<key name="header"> 111,65,43,91,70, </key>
<key name="header'"> 31, </key>
<key name="heading"> 63, </key>
<key name="health"> 43, </key>
<key name="hello"> 113, </key>
<key name="help"> 69,136,86,72,75,88, </key>
<key name="her"> 2,124,40,85,106,19,116,146, </key>
<key name="hid"> 46, </key>
<key name="hierarchy"> 59,74, </key>
<key name="high"> 123,69,50,116, </key>
<key name="highest"> 78, </key>
<key name="highlight"> 0,77,37,93,86,46,49,72, </key>
<key name="history"> 146, </key>
<key name="hold"> 129, </key>
<key name="holiday"> 59,74, </key>
<key name="hom"> 24,88, </key>
<key name="horizontal"> 8,18,19,21,74, </key>
<key name="host"> 133, </key>
<key name="hour"> 2,111,8,19, </key>
<key name="hov"> 151,0,85,86, </key>
<key name="how"> 69,56,137,25,37,100,71,141,36,101,43,16,97,89,105,108,146,63,117,149,74, </key>
<key name="htm"> 40, </key>
<key name="html"> 69,39,98,40,81,58,41,99,141,103,146,48,62,63,117,74,64, </key>
<key name="http"> 141, </key>
<key name="i"> 100,140,102,134,46,149, </key>
<key name="i'm"> 65, </key>
<key name="ic"> 14,15, </key>
<key name="ical"> 7,14,15, </key>
<key name="icon"> 56,26,138,128,121,33,114,109,78,70,63, </key>
<key name="identifiabl"> 148, </key>
<key name="identify"> 133,138,67,145,146,51,70,63, </key>
<key name="identiti"> 69,138,142,146,148, </key>
<key name="identity"> 2,133,41,138,142,146, </key>
<key name="idl"> 146, </key>
<key name="if"> 123,151,0,2,55,130,50,3,143,124,31,133,110,119,98,40,79,111,81,137,58,59,41,26,138,8,83,27,84,11,13,99,65,66,85,37,67,139,140,15,71,60,141,142,36,102,87,144,103,43,33,16,113,89,105,106,108,17,91,134,115,18,19,20,109,21,145,146,61,53,86,94,22,45,70,148,46,47,62,63,117,23,74,54,24,72,75, </key>
<key name="ignor"> 65,113, </key>
<key name="iii"> 113, </key>
<key name="im"> 69,71,146, </key>
<key name="imag"> 110,39,98,40,103,89,116,146,63,117,74,64, </key>
<key name="imap"> 69,143,133,142,146, </key>
<key name="immediat"> 67,122, </key>
<key name="immediate"> 41,12,65,71,144,115,51,149,68, </key>
<key name="impact"> 74, </key>
<key name="implement"> 103, </key>
<key name="import"> 69,30,32,15,146,24, </key>
<key name="importanc"> 121, </key>
<key name="important"> 67,144, </key>
<key name="in"> 40, </key>
<key name="in:inbox"> 113, </key>
<key name="in:sent"> 113, </key>
<key name="in:work"> 83, </key>
<key name="inactiv"> 67,140, </key>
<key name="inbound"> 80, </key>
<key name="inbox"> 76,143,133,82,83,65,85,37,67,100,113,105,106,17,91,146,51,93,78,86,72,88, </key>
<key name="inc"> 148,150, </key>
<key name="includ"> 1,143,124,56,40,5,112,25,82,26,10,65,42,37,36,16,113,114,108,134,18,116,146,61,51,34,73,53,70,148,48,63,117,68,74,88,96, </key>
<key name="incom"> 69,40,66,67,103,146, </key>
<key name="increas"> 40,70, </key>
<key name="indefinite"> 37, </key>
<key name="indicat"> 40,121,100,71,105,93, </key>
<key name="indicator"> 5,121, </key>
<key name="individual"> 69,43,104,16,105,94,64, </key>
<key name="information"> 123,151,2,143,124,31,133,40,111,126,25,8,10,27,28,65,66,85,30,60,36,43,33,106,91,18,19,109,21,131,61,51,34,73,53,78,22,45,70,148,74,64,54,24, </key>
<key name="initial"> 137,83,49, </key>
<key name="input"> 65, </key>
<key name="insensitiv"> 65,113, </key>
<key name="insert"> 56,43,63, </key>
<key name="insid"> 82, </key>
<key name="instal"> 40,103, </key>
<key name="install"> 40, </key>
<key name="instanc"> 110,111,11,13,113,17,116, </key>
<key name="instant"> 69,25,71,146, </key>
<key name="instead"> 143,133,113,51, </key>
<key name="integrat"> 151,85,146,88, </key>
<key name="interact"> 151,85,75, </key>
<key name="interest"> 47, </key>
<key name="interfac"> 85,113,89,91,134,146,70, </key>
<key name="internal"> 123,40,10,131,61,51,34,73,53, </key>
<key name="internet"> 79,81,41,141,43,134,146, </key>
<key name="interpret"> 0,65,113, </key>
<key name="interval"> 100,146, </key>
<key name="invit"> 2,12,19,20,23, </key>
<key name="invitation"> 0,1,2,8,9,10,17,18,19,22, </key>
<key name="isn't"> 86, </key>
<key name="issu"> 45, </key>
<key name="it'"> 144,116, </key>
<key name="italic"> 63, </key>
<key name="item"> 76,110,77,119,40,80,112,84,120,13,121,85,67,87,103,113,114,91,116,109,146,86,95,70,118,122,117, </key>
<key name="itself"> 68, </key>
<key name="jan"> 67, </key>
<key name="jdo"> 60, </key>
<key name="jo"> 113,35, </key>
<key name="job"> 69,25,138,142, </key>
<key name="john"> 133,138,113,148, </key>
<key name="jpeg"> 110,40,103,116, </key>
<key name="jpg"> 39,40,74, </key>
<key name="js123"> 35, </key>
<key name="jsmith"> 35, </key>
<key name="junk"> 85,91,146,53,86,54,72,88, </key>
<key name="just"> 71,33,113,114,116,64, </key>
<key name="kb"> 111,113, </key>
<key name="keep"> 123,31,7,65,89,145,63,74, </key>
<key name="key"> 69,80,46,75,96, </key>
<key name="keyboard"> 146,75,96, </key>
<key name="keyword"> 58,113,114,117, </key>
<key name="kilobyt"> 113, </key>
<key name="know"> 143,8,10,42,100,71,60,33,114,18,19,131,61,34,73,53,78,46,62,35, </key>
<key name="known"> 41,8,103,18,19,21,149, </key>
<key name="label"> 80, </key>
<key name="languag"> 113,114,146,117, </key>
<key name="larg"> 111,65,121,102,113,89,146,86,74,72, </key>
<key name="last"> 0,111,25,41,28,37,67,32,43,114,46,150, </key>
<key name="latest"> 143, </key>
<key name="launch"> 151,40, </key>
<key name="layout"> 56,58,99,63, </key>
<key name="leaf"> 65,68, </key>
<key name="learn"> 114,146,117, </key>
<key name="least"> 45,47, </key>
<key name="leav"> 151,77,65,67,141, </key>
<key name="left"> 77,119,5,85,87,129,114,107,86,95,70,35,117, </key>
<key name="length"> 124,140,146, </key>
<key name="lenient"> 43, </key>
<key name="les"> 121,113, </key>
<key name="let"> 123,151,1,2,143,31,40,5,41,138,8,85,71,33,114,19,146,47,63,117,74,96, </key>
<key name="letter"> 137,131, </key>
<key name="level"> 76,59,82,89,61,53,78,63,74, </key>
<key name="lick"> 105, </key>
<key name="lif"> 69,138,142, </key>
<key name="light"> 50, </key>
<key name="lik"> 83,28,43,146, </key>
<key name="like"> 37,67, </key>
<key name="limit"> 111,89,24, </key>
<key name="lin"> 124,31,110,39,40,80,112,41,26,65,42,37,71,36,43,114,105,108,146,68,74, </key>
<key name="link"> 69,98,40,58,8,99,60,141,78,70,48,63,74,64,88, </key>
<key name="list"> 76,123,69,151,2,55,130,50,3,124,31,133,77,119,5,111,57,126,137,125,127,7,25,41,82,26,138,8,10,128,27,12,28,29,66,121,30,37,67,32,71,60,142,36,129,43,38,33,114,105,17,52,91,18,19,116,109,146,131,61,51,34,73,53,132,86,22,45,70,46,47,122,35,63,117,24,88,96, </key>
<key name="literal"> 117, </key>
<key name="load"> 78, </key>
<key name="local"> 113,89,145, </key>
<key name="locat"> 39,80,32,15, </key>
<key name="location"> 2,82,8,36,87,103,18,19,20,21,23, </key>
<key name="log"> 69,143,133,79,81,83,100,140,71,141,89,106,147,146,51,86,74,88, </key>
<key name="login"> 81,137,141,146, </key>
<key name="long"> 57,27,141,33,97,113,89,70,47, </key>
<key name="look"> 4,41,65,100,71,89, </key>
<key name="los"> 43,134, </key>
<key name="lot"> 144, </key>
<key name="low"> 123,105,109,70, </key>
<key name="mac"> 75, </key>
<key name="macintosh"> 79, </key>

</ftswdata>  
