<?xml version='1.0' encoding='windows-1252' ?>
<ftswdata>
<key name="06"> 106, </key>
<key name="1"> 84,87,105,106, </key>
<key name="10"> 102, </key>
<key name="100"> 102, </key>
<key name="11"> 84, </key>
<key name="12"> 84, </key>
<key name="1212"> 104, </key>
<key name="123"> 84, </key>
<key name="12k"> 84, </key>
<key name="2"> 87, </key>
<key name="20"> 38, </key>
<key name="2005"> 36,84,105, </key>
<key name="22"> 72, </key>
<key name="24"> 106, </key>
<key name="25"> 102, </key>
<key name="3"> 84,106, </key>
<key name="30"> 30,84, </key>
<key name="303"> 104, </key>
<key name="5"> 1,72,102, </key>
<key name="50"> 102, </key>
<key name="555"> 104, </key>
<key name="7"> 1,4,16, </key>
<key name="9"> 84, </key>
<key name="abbreviation"> 39, </key>
<key name="ability"> 0, </key>
<key name="abl"> 32,70,33,102, </key>
<key name="abov"> 4,29,84, </key>
<key name="absenc"> 44, </key>
<key name="accept"> 1,3,4,10,71,15,79,19,40, </key>
<key name="acces"> 1,3,52,10,56,100,65,93,59, </key>
<key name="accord"> 53, </key>
<key name="account"> 17,8,56,100,101,103,16,79,89,102, </key>
<key name="acm"> 24,84,104,38,28, </key>
<key name="acrobat"> 33, </key>
<key name="acros"> 28, </key>
<key name="action"> 51,42,43,92,44,15,62,47,59, </key>
<key name="activ"> 52,43,44,47, </key>
<key name="activat"> 74, </key>
<key name="activiti"> 0,1,4,6,7,10,5, </key>
<key name="activity"> 0,99,5, </key>
<key name="actual"> 33,36,111, </key>
<key name="ad"> 2,3,26,4,17,84,77,15,102,19,104,38,39,28,111, </key>
<key name="add"> 2,26,90,32,13,21,22,34,17,8,43,35,25,15,62,16,89,102,104,39,28,5, </key>
<key name="addition"> 81,54,8,69,57, </key>
<key name="additional"> 26,21,7,22,17,8,42,25,44,16,47,104, </key>
<key name="addres"> 107,26,82,21,22,34,17,8,10,23,24,42,25,44,27,100,101,74,36,84,85,77,62,16,79,80,18,89,102,19,94,47,38,39,28,109,88,59,111, </key>
<key name="addresse"> 35,39, </key>
<key name="administration"> 33,57,48, </key>
<key name="administrator"> 107,70,33,52,82,97,21,17,8,98,99,100,49,74,69,84,60,16,79,102,57,67,94,48, </key>
<key name="adob"> 81,33,87, </key>
<key name="advanc"> 46,82,84,88, </key>
<key name="advantag"> 21, </key>
<key name="advis"> 34, </key>
<key name="affect"> 103, </key>
<key name="again"> 32,99,86, </key>
<key name="aid"> 93,88, </key>
<key name="aka"> 57,48, </key>
<key name="allow"> 52,82,42,44,74,84,85,62,88, </key>
<key name="allowabl"> 84, </key>
<key name="almost"> 74, </key>
<key name="alon"> 85, </key>
<key name="along"> 53,75,60, </key>
<key name="alphabetiz"> 27, </key>
<key name="already"> 90,99,79, </key>
<key name="alternative"> 90, </key>
<key name="although"> 85, </key>
<key name="alway"> 4,71,100,74,84,95,80,102,57,104,38,20,28, </key>
<key name="am"> 105, </key>
<key name="amazon"> 108,111, </key>
<key name="amb"> 84, </key>
<key name="amount"> 99,60, </key>
<key name="angl"> 77, </key>
<key name="animation"> 33, </key>
<key name="anoth"> 50,3,51,33,52,53,21,54,55,56,30,44,58,101,78,62,95,86,87,102,57,94,40,93, </key>
<key name="any"> 0,2,26,81,90,33,82,6,21,34,17,8,41,10,12,91,42,43,56,44,99,74,36,14,69,84,85,61,77,15,103,95,16,79,80,63,102,64,57,19,39,93,88,5,45,48,59, </key>
<key name="anyon"> 34, </key>
<key name="anyway"> 34, </key>
<key name="anywher"> 85,93, </key>
<key name="ap"> 51,90,21,42,43,44,62,95,93, </key>
<key name="appear"> 0,26,81,90,32,97,21,83,34,17,8,23,24,42,35,25,30,44,72,100,73,58,74,36,14,31,75,84,85,76,77,62,16,87,18,104,38,39,20,93,108,28,109,110, </key>
<key name="appli"> 51,90,42,43,30,44,84,87,93, </key>
<key name="application"> 1,33,52,97,96,44,100,74,36,95,102,38,59, </key>
<key name="apply"> 51,102, </key>
<key name="appointment"> 0,2,1,46,13,7,17,8,11,15,16,18,102,19,38,20, </key>
<key name="appropriat"> 32,74,15, </key>
<key name="archiv"> 69, </key>
<key name="area"> 2,10,24,43,56,85,16,87,80,59, </key>
<key name="around"> 84, </key>
<key name="arriv"> 82,43,57, </key>
<key name="arrow"> 0,22,17,54,8,24,29,68,85,16,87,80,64,65,66,47,38,93,88, </key>
<key name="ascend"> 64, </key>
<key name="asin"> 111, </key>
<key name="ask"> 30,74,36,95, </key>
<key name="assign"> 90,97, </key>
<key name="associat"> 26,44, </key>
<key name="assum"> 33,87, </key>
<key name="assur"> 102, </key>
<key name="asterisk"> 88,45, </key>
<key name="atom"> 54,65, </key>
<key name="attach"> 32,33,74,87,19, </key>
<key name="attachment"> 46,81,32,70,33,82,13,34,17,8,42,35,44,29,49,74,36,84,85,60,77,15,16,87,80,102,19,88, </key>
<key name="attack"> 49, </key>
<key name="attende"> 0,2,46,13,17,8,11,12,16,18,102,19,38,20, </key>
<key name="attribut"> 84, </key>
<key name="audio"> 88, </key>
<key name="august"> 105, </key>
<key name="authenticat"> 100, </key>
<key name="author"> 111, </key>
<key name="auto"> 21,23,102,105, </key>
<key name="autocomplet"> 38, </key>
<key name="automat"> 57,48, </key>
<key name="automatic"> 72,60,104,38, </key>
<key name="automatical"> 26,33,53,21,54,12,42,43,72,99,36,69,78,77,15,89,102,57,67,104,105,48, </key>
<key name="availability"> 17,8,16,79,18, </key>
<key name="availabl"> 0,107,4,22,17,8,23,25,16,102,104,38,28,59, </key>
<key name="away"> 105, </key>
<key name="b"> 84, </key>
<key name="back"> 3,52,100,73,95,47,40, </key>
<key name="background"> 71, </key>
<key name="backslash"> 45, </key>
<key name="bad"> 94, </key>
<key name="ban"> 0,60,16, </key>
<key name="bana"> 83, </key>
<key name="banana"> 83,42,84,88,45, </key>
<key name="bananafloat"> 45, </key>
<key name="bananasboat"> 45, </key>
<key name="bandanna"> 45, </key>
<key name="bar"> 81,17,8,24,60,86,16,18,47,5,59, </key>
<key name="basi"> 55, </key>
<key name="basic"> 81,82,87, </key>
<key name="bcc"> 26,34,35,85,102,38,39,28, </key>
<key name="be"> 42,44, </key>
<key name="becom"> 2,17,8,36,16,19,38,5, </key>
<key name="befor"> 2,3,82,42,84,85,77,15,95,87,102,65,57,40,28,45,48, </key>
<key name="begin"> 30,62,38, </key>
<key name="behalf"> 10, </key>
<key name="behav"> 47,38, </key>
<key name="behavior"> 38, </key>
<key name="below"> 34,38,59, </key>
<key name="beneath"> 87, </key>
<key name="billybob"> 38, </key>
<key name="blank"> 34, </key>
<key name="blind"> 39, </key>
<key name="block"> 70,33,49,111, </key>
<key name="blu"> 4, </key>
<key name="boat"> 45, </key>
<key name="bob"> 38, </key>
<key name="body"> 82,34,71,42,35,44,36,84,85,76,77,87,102,104,88, </key>
<key name="bold"> 56,72,29,73, </key>
<key name="book"> 107,21,22,27,74,85,108,28,111, </key>
<key name="bos"> 44, </key>
<key name="both"> 81,83,58,87,45, </key>
<key name="bottom"> 66, </key>
<key name="bounc"> 60,94, </key>
<key name="box"> 81,82,21,34,71,24,43,44,27,29,85,87,80,102,66,47,104,38,28,88,105,5,59, </key>
<key name="boxman"> 81, </key>
<key name="br"> 39, </key>
<key name="bracket"> 77, </key>
<key name="breakfast"> 83, </key>
<key name="brink"> 38, </key>
<key name="brows"> 107,32,33,52,27,100,74,75,95,47,59, </key>
<key name="browser"> 33,52, </key>
<key name="budget"> 87, </key>
<key name="build"> 81,82,86,87,80,88, </key>
<key name="built"> 53, </key>
<key name="bullet"> 71, </key>
<key name="busines"> 104,111, </key>
<key name="busy"> 2,1,46,17,8,16,18,5, </key>
<key name="button"> 50,33,52,22,54,100,36,103,62,95,87,80,65,47,104,39,28,59,111, </key>
<key name="byt"> 82,84, </key>
<key name="cal"> 81,44,84,87,28, </key>
<key name="calendar"> 0,2,1,46,107,3,4,6,13,96,7,17,8,9,10,11,12,14,15,16,102,19,38,20,5,59, </key>
<key name="california"> 17,8, </key>
<key name="call"> 107, </key>
<key name="cancel"> 11, </key>
<key name="cannot"> 50,70,21,54,10,55,42,25,75,69,84,78,62,57,94,88, </key>
<key name="capitalization"> 42, </key>
<key name="car"> 74,36, </key>
<key name="carbon"> 39, </key>
<key name="card"> 21, </key>
<key name="cas"> 42,74,84,78,38,88, </key>
<key name="casserol"> 42,45, </key>
<key name="categori"> 90, </key>
<key name="categoriz"> 53, </key>
<key name="caus"> 81,77,95,102,38, </key>
<key name="cc"> 26,81,82,34,42,35,84,85,77,102,19,38,39,28, </key>
<key name="cd"> 108,111, </key>
<key name="certain"> 0,33,82,53,42,49,84,60,57,94,38,93,48, </key>
<key name="chanc"> 74, </key>
<key name="chang"> 1,4,6,13,97,96,21,34,17,8,41,10,71,24,30,44,27,29,73,76,77,103,95,80,63,102,66,19,47,38,20,40,88,59, </key>
<key name="charact"> 44,61,77,93,45, </key>
<key name="character"> 97,84,38,108,88,45, </key>
<key name="characteristic"> 46,53,44,49, </key>
<key name="charg"> 30, </key>
<key name="check"> 3,81,52,82,7,22,34,54,71,43,44,72,100,49,101,16,87,102,65,104,40,105,5, </key>
<key name="choic"> 43,15,62,47, </key>
<key name="choos"> 1,51,90,97,96,22,34,54,8,55,24,43,44,100,73,74,31,75,85,60,61,87,89,102,57,66,67,93,48,59, </key>
<key name="chooser"> 52, </key>
<key name="chos"> 102, </key>
<key name="chosen"> 4,35, </key>
<key name="cisco"> 107, </key>
<key name="city"> 109, </key>
<key name="claim"> 87, </key>
<key name="classification"> 93, </key>

</ftswdata>  
