<?xml version='1.0' encoding='windows-1252' ?>
<!-- saved from url=(0014)about:internet -->
<ftswdata>
<key name="messag"> 76,123,69,150,0,1,2,55,130,50,3,142,124,31,133,110,119,39,98,40,111,57,79,80,25,41,26,137,82,9,10,83,99,65,66,121,84,42,37,67,100,71,140,141,36,101,102,86,143,103,43,38,104,97,113,114,88,105,106,107,108,17,52,90,44,134,116,109,91,144,145,131,61,51,34,73,53,92,85,94,22,45,70,147,46,47,48,49,122,35,117,148,74,54,24,72,75,87, </key>
<key name="messeng"> 71, </key>
<key name="met"> 66, </key>
<key name="method"> 79,112,66,101, </key>
<key name="microsoft"> 39,40,78,84,103,113,116,117, </key>
<key name="middl"> 134,68, </key>
<key name="might"> 111,137,71,141,102,113,108,134,85,46,122,68,72, </key>
<key name="migrat"> 84, </key>
<key name="mik"> 37, </key>
<key name="mini"> 0,1,111,145,22,87, </key>
<key name="minimum"> 145, </key>
<key name="minu"> 113, </key>
<key name="minut"> 100,32,15,145, </key>
<key name="miscellaneou"> 31, </key>
<key name="mission"> 43, </key>
<key name="mix"> 116, </key>
<key name="mm"> 113, </key>
<key name="mod"> 99,23, </key>
<key name="modifi"> 28,63,74, </key>
<key name="modify"> 123, </key>
<key name="monday"> 6, </key>
<key name="money"> 68, </key>
<key name="month"> 0,1,111,6,8,16,75, </key>
<key name="mous"> 76,0,31,77,5,129,105,90,134,145,92,70,46,24, </key>
<key name="mov"> 76,55,130,50,3,77,5,79,26,27,83,28,65,37,67,86,129,107,17,90,145,85,46,35,74,54,72, </key>
<key name="movabl"> 70, </key>
<key name="movi"> 40, </key>
<key name="mozilla"> 78, </key>
<key name="mpeg"> 40, </key>
<key name="mpg"> 40, </key>
<key name="much"> 88, </key>
<key name="multi"> 18, </key>
<key name="multipl"> 69,2,110,77,119,5,111,26,137,65,66,67,141,104,113,18,19,145,147,122,64,24, </key>
<key name="must"> 76,110,39,136,112,59,10,28,65,66,37,67,71,60,140,103,113,114,105,146,145,131,61,51,34,73,53,74, </key>
<key name="my"> 80,112,65,67,134,74, </key>
<key name="myra"> 140, </key>
<key name="myra123"> 140, </key>
<key name="�"> 136, </key>
<key name="nam"> 76,150,2,55,130,50,3,142,124,31,133,110,77,119,5,57,58,59,125,127,7,25,41,81,26,137,8,27,120,28,29,65,66,30,100,32,60,140,141,43,33,16,113,114,88,105,89,108,90,115,18,19,109,21,145,131,61,53,93,22,147,46,122,35,117,74,24,75,87, </key>
<key name="navigat"> 80,140,145,87,96, </key>
<key name="navigation"> 130,50,124,59,127,129,51,54, </key>
<key name="ne"> 123,142,133,40,41,137,8,140,134,19,145,131,61,51,53,23, </key>
<key name="nearest"> 65, </key>
<key name="necessary"> 8,66,113,22, </key>
<key name="need"> 123,41,121,88,35, </key>
<key name="negativ"> 67, </key>
<key name="network"> 103,74, </key>
<key name="nev"> 116,45, </key>
<key name="new"> 69,0,3,142,124,31,133,119,39,40,57,80,136,58,59,125,127,7,25,41,81,26,137,8,66,84,42,37,67,100,32,15,71,140,141,101,86,129,143,43,113,105,108,17,146,90,44,19,116,145,61,34,53,93,85,46,47,122,35,117,74,54,24,75, </key>
<key name="newest"> 105, </key>
<key name="next"> 126,80,25,8,65,66,84,100,36,103,43,33,105,18,19,116,21,94,70,47,122,74, </key>
<key name="non"> 57,10,65,131,34,73,53, </key>
<key name="normal"> 123,65,44,63,68, </key>
<key name="not"> 150,124,39,40,136,25,26,8,10,60,140,102,108,19,116,131,61,34,73,53,70,117,24,75, </key>
<key name="notab"> 40, </key>
<key name="notebook"> 69,55,56,57,58,59,60,88,61,63,64, </key>
<key name="notepad"> 40, </key>
<key name="noth"> 77, </key>
<key name="notic"> 55,130,50,3,17, </key>
<key name="notifi"> 143,63,74, </key>
<key name="notification"> 40,10,60,102,143,88,17,145,131,61,34,73,53, </key>
<key name="notify"> 57,131,61,53, </key>
<key name="novemb"> 4, </key>
<key name="now"> 133,58, </key>
<key name="numb"> 150,40,121,84,100,32,36,38,113,114,88,105,108,145,85,147,24,72, </key>
<key name="number"> 142,111,99,70,48,24, </key>
<key name="numeric"> 145, </key>
<key name="nut"> 116, </key>
<key name="�"> 136, </key>
<key name="object"> 111,113,21,64, </key>
<key name="occur"> 2,139,108, </key>
<key name="occurrenc"> 13, </key>
<key name="off"> 78,121,67,106,145,94,148,87, </key>
<key name="offer"> 69,80,140,145,117,75, </key>
<key name="offic"> 123,2,39,21,145,51,117,148, </key>
<key name="often"> 40,136,145,51, </key>
<key name="ok"> 119,57,59,127,7,81,8,10,13,29,14,66,32,15,60,86,129,16,52,115,18,19,131,61,34,73,53,93,22,122,35,23,74,75, </key>
<key name="old"> 136,37,97,88,108,145, </key>
<key name="omit"> 65, </key>
<key name="on"> 76,69,0,1,31,4,110,77,119,40,6,79,7,25,41,81,137,82,10,27,13,65,66,37,67,141,36,86,129,43,33,16,113,114,20,116,145,51,34,73,92,45,70,147,46,47,122,23,68,74,64,54,24,75,87, </key>
<key name="onc"> 4,77,119,121,30,37,71,46,148, </key>
<key name="ongo"> 108, </key>
<key name="onlin"> 71, </key>
<key name="onto"> 119, </key>
<key name="open"> 69,0,1,55,130,50,3,124,133,110,77,39,98,40,111,6,57,126,58,127,25,41,81,137,82,13,28,29,66,42,37,60,140,141,101,129,103,104,113,105,108,17,44,115,116,109,21,144,145,93,85,22,147,35,117,23,74,54,75, </key>
<key name="operat"> 134, </key>
<key name="operation"> 56, </key>
<key name="operator"> 65,113,68, </key>
<key name="opt"> 40, </key>
<key name="option"> 0,1,2,31,133,110,119,98,6,57,80,136,135,112,41,8,9,10,29,14,65,66,42,67,32,15,140,36,143,113,106,108,17,146,18,109,145,131,61,34,73,53,94,47,48,63,23,74,24,75, </key>
<key name="optional"> 69,55,130,50,3,124,42,60,43,87, </key>
<key name="orclick"> 108, </key>
<key name="ord"> 110,119,41,66,37,67,60,140,113,88,146,92, </key>
<key name="order"> 37, </key>
<key name="organiz"> 76,123,69,79,51,74,64, </key>
<key name="organization"> 69,30,60,102,35,64, </key>
<key name="original"> 2,36,108,90,145,45,49,74, </key>
<key name="originator"> 11, </key>
<key name="os"> 75, </key>
<key name="other"> 1,124,10,65,71,140,103,145,131,73,74,64,24, </key>
<key name="otherwis"> 121,105,47, </key>
<key name="out"> 2,78,79,65,139,140,21,145,51,93,148,72, </key>
<key name="outgo"> 133,137, </key>
<key name="outlook"> 84, </key>
<key name="outsid"> 103,64, </key>
<key name="overview"> 76,150,119,125,7,81,82,120,84,71,36,115,93,122,74,87, </key>
<key name="own"> 69,71,60,74,96, </key>
<key name="pacific"> 8,19, </key>
<key name="packag"> 39, </key>
<key name="pad"> 56, </key>
<key name="pag"> 69,2,124,56,40,78,57,126,58,41,82,12,13,30,67,129,104,114,88,108,146,19,145,61,53,22,70,62,63,117,23,64,75,87, </key>
<key name="paint"> 40, </key>
<key name="pan"> 76,123,150,130,50,124,110,119,111,126,58,59,125,127,7,25,41,81,82,128,120,84,37,71,36,86,129,113,105,106,17,115,116,109,145,51,92,132,93,85,94,95,70,122,117,74,54,87, </key>
<key name="pap"> 98,103,63, </key>
<key name="paragraph"> 63, </key>
<key name="paramet"> 113, </key>
<key name="parameter"> 2, </key>
<key name="parent"> 81, </key>
<key name="parenthes"> 84,100,36,113,105, </key>
<key name="parenthesi"> 113, </key>
<key name="part"> 142,56,40,66,37,43,108,45,46,63,87, </key>
<key name="particular"> 69,67,92,117, </key>
<key name="partner"> 69, </key>
<key name="party"> 150,84,87, </key>
<key name="pas"> 31,105,90,92,70,24, </key>
<key name="password"> 133,136,10,138,140,146,145,131,61,51,34,73,53, </key>
<key name="path"> 60, </key>
<key name="pattern"> 8, </key>
<key name="pdf"> 110,98,40,113,116,74, </key>
<key name="peopl"> 123,0,1,113,148, </key>
<key name="per"> 16,20,145, </key>
<key name="percentag"> 123,124,132, </key>
<key name="perform"> 110,77,111,66,113,90,145,70,117, </key>
<key name="performanc"> 69, </key>
<key name="perhap"> 67,109, </key>
<key name="period"> 40,5,139,140,97,85,95,117,148, </key>
<key name="periodical"> 139, </key>
<key name="permanent"> 97, </key>
<key name="permission"> 69,57,10,52,131,61,51,34,73,53,64,54, </key>
<key name="permit"> 40, </key>
<key name="person"> 55,130,50,3,41,71,108,90,145,148, </key>
<key name="persona"> 142,133,137,141,145, </key>
<key name="personal"> 123,69,1,7,25,26,137,30,141,103,114,90,145,122,35,117,74,24, </key>
<key name="phon"> 150,111,71,113,114,24, </key>
<key name="photo"> 25, </key>
<key name="photoshop"> 40, </key>
<key name="phras"> 66,116,117, </key>
<key name="pick"> 8,19, </key>
<key name="pictur"> 39,145, </key>
<key name="plac"> 98,59,81,65,84,102,86,105,108,85,95,147,74,64,72, </key>
<key name="placehold"> 68, </key>
<key name="placement"> 145, </key>
<key name="plain"> 41,99,145, </key>
<key name="plan"> 2, </key>
<key name="play"> 40, </key>
<key name="playabl"> 40, </key>
<key name="plu"> 45,117, </key>
<key name="plug"> 40, </key>
<key name="podcast"> 93, </key>
<key name="point"> 98,103,87, </key>
<key name="pol"> 100,145, </key>
<key name="polici"> 40,97, </key>
<key name="policy"> 98,102,97,113,88, </key>
<key name="pop"> 142,133,141,90,145,49, </key>
<key name="pop3"> 69, </key>
<key name="popular"> 78, </key>
<key name="populat"> 25,108,22,24, </key>
<key name="port"> 142,133, </key>
<key name="portion"> 65,90,134,46,35, </key>
<key name="possib"> 85,72, </key>
<key name="possibl"> 99,134,116,46, </key>
<key name="post"> 10, </key>
<key name="powerful"> 114, </key>
<key name="powerpoint"> 98,117, </key>
<key name="pr"> 111,25,81, </key>
<key name="practic"> 103, </key>
<key name="preced"> 65, </key>
<key name="predefin"> 63, </key>
<key name="pref"> 80,58,140,145,23,75, </key>
<key name="prefer"> 80, </key>
<key name="preferenc"> 69,133,6,79,80,136,135,41,137,82,99,66,67,100,140,141,143,97,106,108,146,19,91,144,145,85,94,147,148,87,96, </key>
<key name="prefix"> 113,108,145,118,117, </key>
<key name="preformat"> 63, </key>
<key name="pres"> 124,8,18,19, </key>

</ftswdata>  
