<?xml version='1.0' encoding='windows-1252' ?>
<!-- saved from url=(0014)about:internet -->
<ftswdata>
<key name="capabiliti"> 70, </key>
<key name="capital"> 62, </key>
<key name="capitalization"> 66, </key>
<key name="car"> 100,42, </key>
<key name="carbon"> 46, </key>
<key name="card"> 139,23, </key>
<key name="cas"> 66,59,100,110,104,45,62,114, </key>
<key name="casserol"> 66,69, </key>
<key name="categori"> 116,23,93, </key>
<key name="categoriz"> 77, </key>
<key name="caus"> 107,110,105,129,139,45, </key>
<key name="cc"> 30,107,108,24,66,41,110,111,105,21,45,46,34, </key>
<key name="cel"> 55, </key>
<key name="cell"> 55, </key>
<key name="central"> 50,64, </key>
<key name="certain"> 0,39,108,77,66,99,110,85,82,44,45,72, </key>
<key name="chanc"> 100, </key>
<key name="chang"> 1,49,128,4,6,56,122,131,130,57,40,8,79,10,13,27,36,68,59,35,98,102,103,105,140,51,129,18,106,88,139,127,60,33,52,91,21,71,45,48,63,114,22,23,84, </key>
<key name="charact"> 68,110,86,105,119,69, </key>
<key name="character"> 131,110,45,114,69, </key>
<key name="characteristic"> 70,77,68,99, </key>
<key name="charg"> 36, </key>
<key name="check"> 74,70,54,3,30,128,107,5,76,108,122,57,7,24,40,78,96,28,67,68,97,134,135,99,137,110,17,113,139,90,48,142,23, </key>
<key name="choic"> 67,16,87,71, </key>
<key name="choos"> 75,116,24,40,78,8,10,80,27,67,68,135,98,100,37,101,111,86,113,138,139,127,33,82,91,92,141,119,72, </key>
<key name="chos"> 135,139, </key>
<key name="chosen"> 4,41, </key>
<key name="cisco"> 144, </key>
<key name="claim"> 113, </key>
<key name="classification"> 119, </key>
<key name="classify"> 116,77,81,119, </key>
<key name="clear"> 82, </key>
<key name="click"> 74,70,144,0,1,2,54,49,3,121,30,55,128,75,116,38,39,76,56,122,131,130,57,58,123,7,24,40,78,25,8,10,124,26,80,117,11,12,13,27,28,65,67,118,81,41,97,31,14,59,134,135,35,136,98,83,125,137,100,42,37,101,32,15,94,110,111,102,103,86,105,126,16,140,51,87,43,129,112,17,18,106,20,138,139,127,60,33,52,89,90,82,91,92,21,71,141,45,46,61,48,119,34,63,22,142,72,73, </key>
<key name="clickabl"> 71, </key>
<key name="client"> 70,144,128,39,76,77,58,96,81,29,134,136,98,100,85,87,129,139,71,47,114,64,73,84,93, </key>
<key name="clip"> 95,39,100, </key>
<key name="clos"> 134,37,15,129,48, </key>
<key name="cod"> 4,39,5,96,110,111, </key>
<key name="collaboration"> 70,134,94,64, </key>
<key name="collective"> 68, </key>
<key name="colon"> 10,135,110,86,33,119, </key>
<key name="color"> 49,3,55,4,5,57,123,7,40,96,59,126,139,47,48,63, </key>
<key name="column"> 55,5,6,35,102,20,89,71,63, </key>
<key name="com"> 40,27,68,59,134,135,110,141,45,34, </key>
<key name="coma"> 139, </key>
<key name="combin"> 66,68,15, </key>
<key name="combination"> 66, </key>
<key name="comma"> 25,28,31,135,139,45, </key>
<key name="command"> 39,83,71,73, </key>
<key name="comment"> 16, </key>
<key name="commit"> 27,140, </key>
<key name="common"> 38, </key>
<key name="communicat"> 29, </key>
<key name="company"> 2,131,7,24,25,10,29,68,42,113,33,34, </key>
<key name="compar"> 67, </key>
<key name="comparison"> 109,66,67,69, </key>
<key name="complet"> 120,121,128,122,40,8,11,27,31,32,43,17,18,138,50,21,23, </key>
<key name="completion"> 120,26,45, </key>
<key name="complex"> 68,111,114, </key>
<key name="component"> 42, </key>
<key name="compos"> 70,2,38,57,40,26,81,41,135,105,87,43,129,139,60,52,82,141,46,47,34,63,23,73,93, </key>
<key name="compres"> 39, </key>
<key name="compression"> 39, </key>
<key name="comput"> 144,39,76,40,134,100,139, </key>
<key name="computer"> 39,100, </key>
<key name="concern"> 42, </key>
<key name="condition"> 109,66,67,68, </key>
<key name="conferenc"> 17, </key>
<key name="configur"> 70,55,128,39,40,133,134,135,136,137,42,94,19,139,127,82,63, </key>
<key name="configuration"> 131,81,135,139, </key>
<key name="confirm"> 0,131, </key>
<key name="confirmation"> 54,49,3,40,124,126, </key>
<key name="conflict"> 19, </key>
<key name="connect"> 128, </key>
<key name="connection"> 134, </key>
<key name="consider"> 107,66,36,68,98,100,110,69, </key>
<key name="consist"> 2,29,68,35,42,62, </key>
<key name="consistent"> 63, </key>
<key name="constraint"> 21, </key>
<key name="consum"> 85, </key>
<key name="contact"> 74,120,70,121,30,116,95,108,131,24,40,25,8,26,27,28,66,29,132,31,42,32,111,104,87,17,18,113,106,139,33,82,21,44,141,45,119,34,114,23,72,73, </key>
<key name="contain"> 70,107,95,39,108,131,130,109,25,96,66,81,29,68,97,35,98,99,100,42,110,111,102,16,113,106,88,50,89,115,69, </key>
<key name="content"> 120,144,121,55,75,116,95,108,56,122,57,40,79,80,81,35,100,42,110,102,112,113,139,127,60,50,33,52,89,90,82,44,115,61,63,114,64,53,23,84, </key>
<key name="context"> 36,73, </key>
<key name="contiguou"> 75, </key>
<key name="continu"> 67,36,133,129,45, </key>
<key name="contradictory"> 68, </key>
<key name="control"> 75,116,84, </key>
<key name="convenienc"> 29,71, </key>
<key name="convention"> 71, </key>
<key name="conversation"> 70,30,116,77,118,36,97,35,98,83,37,101,102,105,87,106,139,91,21,71,119,84, </key>
<key name="convert"> 95,114, </key>
<key name="cook"> 109, </key>
<key name="copi"> 66,88,139,46,53, </key>
<key name="copy"> 128,66,138,60,50,52,82,46,53, </key>
<key name="copyright"> 143, </key>
<key name="corn"> 61,84, </key>
<key name="corporat"> 67,29,111,44,34, </key>
<key name="corporation"> 141, </key>
<key name="correct"> 121,128,39,67,44,48,34, </key>
<key name="correction"> 48, </key>
<key name="correctnes"> 24, </key>
<key name="correspond"> 68,135,100,45, </key>
<key name="correspondenc"> 76,135, </key>
<key name="could"> 39,58,78,27,66,67,36,68,100,42,111,113,60,52,141,34, </key>
<key name="count"> 81, </key>
<key name="couri"> 63, </key>
<key name="creat"> 74,120,70,144,0,1,2,121,55,128,4,107,116,38,39,77,130,57,58,123,7,24,40,78,25,8,79,10,26,12,13,67,81,68,31,14,59,135,136,125,100,110,111,87,43,112,17,18,113,139,127,60,50,33,52,90,82,21,141,47,61,62,119,63,114,22,142,64,53,23,73,84,93, </key>
<key name="criteria"> 107,108,27,36,110,113,106, </key>
<key name="criterion"> 110, </key>
<key name="csv"> 28,31,33, </key>
<key name="current"> 75,66,68,100,110,71,45,114,142,73,84, </key>
<key name="cursor"> 30,81,102,87,89,82,71,45,23, </key>
<key name="custom"> 78,8,80,66,36,139,84, </key>
<key name="customiz"> 54,3,56,8,79,126, </key>
<key name="d"> 45, </key>
<key name="d2"> 143, </key>
<key name="dai"> 8,15, </key>
<key name="dal"> 45, </key>
<key name="dash"> 62, </key>
<key name="dat"> 120,144,0,121,108,8,13,66,36,42,110,17,18,19,113,21,114,73, </key>
<key name="data"> 111, </key>
<key name="databas"> 63, </key>
<key name="david"> 45, </key>
<key name="day"> 0,1,2,4,5,6,8,36,134,15,85,17,139,82,22,72,73, </key>
<key name="db"> 45, </key>
<key name="dbrink"> 45, </key>
<key name="dd"> 110, </key>
<key name="de"> 75, </key>
<key name="decemb"> 113, </key>
<key name="decid"> 41, </key>
<key name="declin"> 49,9,10,126,16,19, </key>
<key name="decreas"> 71, </key>
<key name="ded"> 45, </key>
<key name="deep"> 5, </key>
<key name="default"> 120,1,128,57,24,40,8,79,28,66,81,29,97,135,35,110,102,103,105,140,112,88,139,82,91,45,47,23, </key>
<key name="defin"> 74,120,2,55,108,40,78,68,86,113,139,127,93, </key>
<key name="definition"> 113,119, </key>
<key name="delegat"> 70,1,50, </key>
<key name="delet"> 74,75,56,10,124,26,80,117,11,12,13,66,81,68,136,94,85,104,16,87,43,88,138,139,127,50,33,52,82,92,64,53,23,72, </key>
<key name="delimit"> 139, </key>
<key name="deliver"> 66,68,136,99,44, </key>
<key name="deliverabl"> 40, </key>
<key name="delivery"> 95,99, </key>
<key name="demand"> 97, </key>
<key name="denot"> 118, </key>
<key name="department"> 29,50, </key>
<key name="depend"> 38,95,131,40,67,81,31,14,42,105,87,60,52,23,84, </key>
<key name="descend"> 89, </key>
<key name="describ"> 54,49,3,38,10,68,110,111,126,51,43,106,139,127,33,114, </key>
<key name="description"> 2,8,42,110,111,17,18,113,139,114, </key>
<key name="descriptiv"> 135,71,63, </key>
<key name="design"> 70,39,76,57,64, </key>
<key name="designat"> 70,142, </key>
<key name="designation"> 68, </key>
<key name="desir"> 83,46,34, </key>
<key name="desktop"> 38, </key>
<key name="destination"> 83, </key>
<key name="detail"> 120,121,128,130,24,83,110,106,139,22,23,73, </key>
<key name="detect"> 39,129, </key>
<key name="determin"> 2,99,103,34, </key>
<key name="develop"> 64, </key>
<key name="dialog"> 0,1,54,49,3,56,131,58,123,7,40,78,9,10,26,28,67,59,134,125,100,37,101,15,126,51,129,112,139,127,60,33,52,90,46,119,34,22,73, </key>
<key name="different"> 70,144,1,4,107,76,108,7,40,8,66,81,36,135,42,110,129,18,113,139,71,119,63,114,64, </key>
<key name="difficult"> 101, </key>
<key name="direct"> 70,0,128,39,25,118,136,139,60,52,90,45,46, </key>
<key name="direction"> 130, </key>
<key name="directiv"> 67, </key>
<key name="directory"> 2,25,29,111, </key>
<key name="disabl"> 144,56,10,136,127,33,52,22,23, </key>
<key name="disappear"> 128,45, </key>
<key name="discard"> 66,67,68, </key>
<key name="disk"> 28,85, </key>

</ftswdata>  
