<?xml version='1.0' encoding='windows-1252' ?>
<ftswdata>
<key name="chang"> 1,4,6,13,107,106,21,70,34,17,8,54,10,80,24,30,43,27,29,82,69,85,86,113,105,89,63,112,72,99,66,19,46,38,20,40,97,76,59,68, </key>
<key name="charact"> 43,61,86,103,44, </key>
<key name="character"> 107,93,38,119,97,44, </key>
<key name="characteristic"> 45,52,43,48, </key>
<key name="charg"> 30, </key>
<key name="check"> 3,90,51,91,70,7,22,34,53,80,42,43,81,110,48,111,16,96,112,65,114,40,115,5, </key>
<key name="choic"> 42,15,62,46, </key>
<key name="choos"> 1,50,100,107,106,71,22,34,53,8,55,24,42,43,110,82,83,31,84,94,60,61,96,98,112,57,66,67,103,47,59, </key>
<key name="chooser"> 51, </key>
<key name="chos"> 112, </key>
<key name="chosen"> 4,35, </key>
<key name="cisco"> 118, </key>
<key name="city"> 120, </key>
<key name="claim"> 96, </key>
<key name="classification"> 103, </key>
<key name="classify"> 100,52,56,103, </key>
<key name="clear"> 57,47, </key>
<key name="click"> 0,49,2,1,118,3,26,50,100,32,33,13,107,106,70,7,71,22,34,17,53,8,10,23,11,12,55,101,80,24,42,102,56,35,81,27,110,29,82,58,111,83,36,14,31,84,77,78,93,94,60,85,61,86,15,113,62,37,105,95,16,89,18,98,72,64,65,57,66,67,19,46,114,38,39,73,20,40,103,119,28,120,75,121,115,47,122,68, </key>
<key name="clickabl"> 46, </key>
<key name="client"> 45,118,33,51,52,71,10,80,56,25,110,29,82,69,83,60,62,105,112,99,46,97,121,59,122,68, </key>
<key name="clip"> 79,33,83, </key>
<key name="clos"> 106,110,14,31,105,40,119,120,68, </key>
<key name="cod"> 4,33,80,94,5, </key>
<key name="collaboration"> 45,51,78, </key>
<key name="collective"> 43, </key>
<key name="colon"> 61,103, </key>
<key name="color"> 3,4,70,7,34,80,112,40,75,5, </key>
<key name="column"> 1,51,6,107,106,71,110,29,85,18,64,46,75,5, </key>
<key name="com"> 34,24,43,110,93,72,114,38,119,28, </key>
<key name="combin"> 41,43,14, </key>
<key name="combination"> 41, </key>
<key name="comma"> 27,112,38, </key>
<key name="command"> 49,33,58,46, </key>
<key name="comment"> 15, </key>
<key name="commit"> 24,113, </key>
<key name="common"> 32, </key>
<key name="communicat"> 25, </key>
<key name="company"> 2,107,7,22,25,43,36,96,28,76, </key>
<key name="compar"> 42, </key>
<key name="comparison"> 92,41,42,44, </key>
<key name="complet"> 21,34,17,8,11,24,27,77,37,16,98,19, </key>
<key name="completion"> 23,38, </key>
<key name="complex"> 43,94,97, </key>
<key name="component"> 36, </key>
<key name="compos"> 2,45,32,21,70,34,23,80,56,35,69,86,62,37,105,112,57,114,39,28,75,117,68, </key>
<key name="compound"> 93, </key>
<key name="compres"> 33, </key>
<key name="compression"> 33, </key>
<key name="comput"> 118,33,51,34,110,83,112, </key>
<key name="computer"> 33,83, </key>
<key name="concern"> 36, </key>
<key name="condition"> 92,41,42,43, </key>
<key name="conferenc"> 16, </key>
<key name="configur"> 33,34,109,111,36,78,88,112,57,75,47,59, </key>
<key name="configuration"> 56, </key>
<key name="confirm"> 0,107, </key>
<key name="confirmation"> 3,34, </key>
<key name="conflict"> 88, </key>
<key name="consider"> 90,41,30,43,82,83,44, </key>
<key name="consist"> 2,21,25,43,29,69,36,75, </key>
<key name="constrain"> 93, </key>
<key name="constraint"> 19, </key>
<key name="consum"> 60, </key>
<key name="contact"> 45,26,100,79,91,107,106,21,71,22,34,17,8,23,24,41,25,108,27,69,36,77,94,87,62,16,96,89,112,99,57,19,104,114,38,103,28,97,47,117,59,68, </key>
<key name="contain"> 45,90,79,33,91,106,92,80,41,56,25,43,81,29,82,48,83,36,93,94,85,15,96,89,63,64,44, </key>
<key name="content"> 118,50,100,79,91,21,70,34,54,23,55,56,29,69,83,36,93,85,95,96,112,72,99,64,65,57,104,73,75,97,76,47,59,68, </key>
<key name="context"> 30, </key>
<key name="contiguou"> 50, </key>
<key name="continu"> 32,42,30,109,105,38, </key>
<key name="contradictory"> 43, </key>
<key name="control"> 50,100,59, </key>
<key name="conv"> 93, </key>
<key name="convenienc"> 25,46, </key>
<key name="convention"> 46, </key>
<key name="conversation"> 45,26,100,52,102,30,81,29,82,58,31,84,93,85,86,62,89,112,66,19,46,103,59, </key>
<key name="convert"> 79,75,97, </key>
<key name="cook"> 92, </key>
<key name="copi"> 41,63,112,39, </key>
<key name="copy"> 41,98,57,39,75, </key>
<key name="copyright"> 116, </key>
<key name="corn"> 59, </key>
<key name="corporat"> 42,25,94,104,28, </key>
<key name="corporation"> 114, </key>
<key name="correct"> 33,42,104,40,28, </key>
<key name="correction"> 40, </key>
<key name="correctnes"> 22, </key>
<key name="correspond"> 43,83,38, </key>
<key name="correspondenc"> 51, </key>
<key name="could"> 33,53,24,41,42,30,43,83,36,94,96,114,28, </key>
<key name="count"> 56,93, </key>
<key name="creat"> 0,49,2,1,45,118,4,90,100,32,33,52,13,106,21,70,7,71,34,17,53,8,54,10,23,12,42,56,43,69,83,94,62,37,95,16,96,112,72,65,57,19,114,73,74,20,103,75,97,115,76,117,59,68, </key>
<key name="creator"> 119, </key>
<key name="criteria"> 90,91,24,30,93,96,89,121, </key>
<key name="criterion"> 93, </key>
<key name="csv"> 27, </key>
<key name="ctrl"> 68, </key>
<key name="current"> 50,41,43,83,93,46,38,97,115,59, </key>
<key name="cursor"> 26,21,85,62,64,46,38, </key>
<key name="custom"> 53,8,55,41,30,59, </key>
<key name="customiz"> 3,8,54, </key>
<key name="d"> 38,68, </key>
<key name="dai"> 8,14, </key>
<key name="dal"> 38, </key>
<key name="dash"> 112,74, </key>
<key name="dat"> 0,118,91,13,17,8,41,30,69,36,93,16,88,96,19,97,117, </key>
<key name="data"> 94, </key>
<key name="databas"> 75, </key>
<key name="david"> 38, </key>
<key name="day"> 0,2,1,4,6,8,30,110,14,93,60,16,112,57,20,5,47, </key>
<key name="db"> 93,38, </key>
<key name="dbrink"> 38, </key>
<key name="dd"> 93, </key>
<key name="de"> 50, </key>
<key name="decemb"> 96, </key>
<key name="decid"> 35, </key>
<key name="declin"> 9,10,15,88,99, </key>
<key name="decreas"> 46, </key>
<key name="ded"> 38, </key>
<key name="deep"> 5, </key>
<key name="default"> 1,21,70,22,34,8,54,80,41,56,81,29,69,85,86,113,95,63,112,57,66,38,76,68, </key>
<key name="defin"> 49,2,45,91,34,53,43,69,61,96,112,99,75,76,68, </key>
<key name="definition"> 96,103,122, </key>
<key name="delegat"> 1,45,10, </key>
<key name="delet"> 49,45,50,13,21,10,23,11,12,55,101,41,56,43,78,60,87,15,62,37,63,98,112,57,67,47,68, </key>
<key name="delimit"> 112, </key>
<key name="deliver"> 41,43,48,104, </key>
<key name="deliverabl"> 34, </key>
<key name="delivery"> 79,48, </key>
<key name="demand"> 81, </key>
<key name="denot"> 102, </key>
<key name="department"> 25,76, </key>
<key name="depend"> 32,79,21,34,42,56,27,36,86,62,59, </key>
<key name="descend"> 64, </key>
<key name="describ"> 3,32,43,93,94,37,89,112,97, </key>
<key name="description"> 2,17,8,93,94,16,96,112,97,122,68, </key>
<key name="descriptiv"> 46, </key>
<key name="design"> 33,51,70,76, </key>
<key name="designat"> 45,115, </key>
<key name="designation"> 43, </key>
<key name="desir"> 58,39,28, </key>
<key name="desktop"> 32, </key>
<key name="destination"> 58, </key>
<key name="detail"> 21,22,58,69,93,89,20,120,75,122, </key>
<key name="detect"> 33,105, </key>
<key name="determin"> 2,48,28, </key>
<key name="dialog"> 0,1,3,107,7,71,34,53,9,10,23,42,83,14,31,84,105,95,112,72,65,39,20,103,119,28,120,121,122, </key>
<key name="dictionary"> 122, </key>
<key name="different"> 1,118,4,90,51,91,7,34,17,8,41,56,30,36,105,96,46,103,97,59, </key>
<key name="difficult"> 84, </key>
<key name="direct"> 0,33,102,65,38,39,119, </key>
<key name="direction"> 120, </key>
<key name="directiv"> 42, </key>
<key name="directory"> 2,25,94,72, </key>
<key name="disabl"> 118,10,112,114,20, </key>
<key name="disappear"> 38, </key>
<key name="discard"> 41,43, </key>
<key name="disk"> 60, </key>
<key name="dispers"> 76, </key>
<key name="display"> 0,49,2,1,3,26,4,50,91,6,21,70,7,71,22,34,17,8,54,9,10,80,24,42,56,35,30,110,29,69,83,14,60,85,86,15,105,95,16,112,65,57,66,46,38,39,20,40,119,120,75,97,76,59,122, </key>
<key name="distanc"> 122, </key>
<key name="distinguish"> 102,96, </key>
<key name="distribution"> 25,69, </key>
<key name="divid"> 76, </key>
<key name="division"> 114, </key>
<key name="do"> 90,33,51,91,34,41,35,43,14,85,86,113,96,119,120,75,121,122, </key>
<key name="doc"> 33, </key>
<key name="document"> 32,79,33,69,83,93,97,76, </key>
<key name="dodd"> 38, </key>
<key name="dog"> 97, </key>
<key name="domain"> 91,34,110,93,94,97, </key>
<key name="don"> 51,52,34,41,60,105,96,98,112,57,114,38,28,47, </key>
<key name="door"> 97, </key>
<key name="doubl"> 0,50,33,13,24,29,83,85,61,20,103,28, </key>
<key name="down"> 2,50,21,17,8,24,42,111,94,16,96,89,98,64,46,38,103,97,68, </key>
<key name="download"> 33,51, </key>
<key name="draft"> 34,56,87,62,37,105,57,116,59,68, </key>
<key name="drag"> 0,49,100,13,23,55,58,87,57,19,46,20, </key>
<key name="driv"> 120, </key>
<key name="drop"> 49,2,100,21,17,55,42,43,58,94,87,16,96,89,19,46,97, </key>
<key name="du"> 104, </key>
<key name="e"> 79,109,48,68, </key>
<key name="easi"> 70,80,75,97, </key>
<key name="eastern"> 17,8, </key>
<key name="easy"> 20, </key>
<key name="ed"> 39, </key>

</ftswdata>  
