﻿<?xml version='1.0' encoding='utf-8' ?>
<!-- saved from url=(0014)about:internet -->
<ftswdata>
<key name="fragment"> 104, </key>
<key name="fram"> 110, </key>
<key name="fre"> 69,1,2,5,111,8,18,19,20,21,68,24, </key>
<key name="frequent"> 144, </key>
<key name="friday"> 6,43, </key>
<key name="friend"> 131,136,71, </key>
<key name="from:john"> 112, </key>
<key name="from:someon"> 112, </key>
<key name="from:thoma"> 112, </key>
<key name="full"> 122,69,1,141,31,57,80,10,65,139,113,88,144,129,61,34,72,53,45,46,24,87, </key>
<key name="function"> 7,70,63, </key>
<key name="functionality"> 63, </key>
<key name="furth"> 76,8, </key>
<key name="futur"> 84, </key>
<key name="fwd"> 37, </key>
<key name="g"> 97, </key>
<key name="gal"> 26,30,113, </key>
<key name="general"> 78,80,133,135,134,41,139,101,43,112,144,74, </key>
<key name="generat"> 65,43,45, </key>
<key name="get"> 141,131,9,99,36,101,102, </key>
<key name="gif"> 39,40,73, </key>
<key name="gift"> 68, </key>
<key name="giv"> 122,9,66,129,51,146,63,64, </key>
<key name="given"> 51, </key>
<key name="global"> 41,8,30,113,18,19,144,35, </key>
<key name="go"> 149,2,131,136,8,82,29,14,65,66,32,15,36,18,19,144,93,146,116,74,95, </key>
<key name="good"> 80,139,105, </key>
<key name="got"> 100, </key>
<key name="grammar"> 112, </key>
<key name="grant"> 55,128,50,3,10,60,129,61,34,72,53,54, </key>
<key name="grante"> 57,10,129,61,51,34,72,53,24, </key>
<key name="grantee'"> 2,57,61,51,53, </key>
<key name="grantor"> 55,128,50,3,9,60, </key>
<key name="grantor'"> 57,10,129,51,34,72,53,54, </key>
<key name="graphic"> 69,40,71, </key>
<key name="graphical"> 40,132, </key>
<key name="gray"> 25, </key>
<key name="great"> 112, </key>
<key name="green"> 4, </key>
<key name="group"> 69,1,79,25,26,10,28,66,37,67,36,33,104,144,129,61,34,72,53,24, </key>
<key name="grow"> 46, </key>
<key name="guest"> 122,10,129,61,51,34,72,53, </key>
<key name="gui"> 132, </key>
<key name="guidelin"> 78, </key>
<key name="hand"> 118,84,86,85,94,70, </key>
<key name="handl"> 144,85, </key>
<key name="happen"> 37,138,88,46, </key>
<key name="has:attachment"> 112,108, </key>
<key name="hav"> 123,133,67,100, </key>
<key name="haven't"> 101, </key>
<key name="head"> 31,5,110,58,125,25,65,67,60,140,102,112,105,107,90,130,77,68,73, </key>
<key name="header"> 110,65,43,90,70, </key>
<key name="header'"> 31, </key>
<key name="heading"> 63, </key>
<key name="health"> 43, </key>
<key name="hello"> 112, </key>
<key name="help"> 69,134,85,74,87, </key>
<key name="her"> 2,123,40,134,84,105,19,115,144, </key>
<key name="hid"> 46, </key>
<key name="hierarchy"> 59,73, </key>
<key name="high"> 122,69,50,36,115, </key>
<key name="highest"> 77, </key>
<key name="highlight"> 0,76,37,92,85,46,49,63, </key>
<key name="history"> 144, </key>
<key name="hold"> 127, </key>
<key name="holiday"> 59,73, </key>
<key name="hom"> 24,87, </key>
<key name="horizontal"> 8,18,19,21,73, </key>
<key name="host"> 131, </key>
<key name="hour"> 2,110,8,19, </key>
<key name="hov"> 149,0,84,85, </key>
<key name="how"> 69,56,135,134,25,8,37,99,71,139,36,100,43,16,96,88,104,107,144,63,116,147,73, </key>
<key name="htm"> 40, </key>
<key name="html"> 69,39,97,40,80,58,41,98,139,102,144,48,62,63,116,73,64, </key>
<key name="http"> 139, </key>
<key name="i"> 99,138,101,132,46,147, </key>
<key name="i'm"> 65, </key>
<key name="ic"> 14,15, </key>
<key name="ical"> 7,14,15, </key>
<key name="icon"> 56,26,136,126,120,33,113,108,77,70,63, </key>
<key name="identifiabl"> 146, </key>
<key name="identify"> 131,136,67,143,144,51,70,63, </key>
<key name="identiti"> 69,136,140,144,146, </key>
<key name="identity"> 2,131,41,136,140,144, </key>
<key name="idl"> 144, </key>
<key name="if"> 122,149,0,2,55,128,50,3,141,123,31,131,109,118,97,40,78,110,80,135,134,58,59,41,26,136,8,82,27,83,11,13,98,65,66,84,37,67,137,138,15,71,60,139,140,36,101,86,142,102,43,33,16,112,88,104,105,107,17,90,132,114,18,19,20,108,21,143,144,61,53,85,93,22,45,70,146,46,47,62,63,116,23,73,54,24,74, </key>
<key name="ignor"> 65,112, </key>
<key name="iii"> 112, </key>
<key name="im"> 69,71,144, </key>
<key name="imag"> 109,39,97,40,102,88,115,144,63,116,73,64, </key>
<key name="imap"> 69,141,131,140,144, </key>
<key name="immediat"> 67,121, </key>
<key name="immediate"> 41,12,65,71,142,114,51,147,68, </key>
<key name="impact"> 73, </key>
<key name="implement"> 102, </key>
<key name="import"> 69,30,32,15,144,64,24, </key>
<key name="importanc"> 120, </key>
<key name="important"> 67,142, </key>
<key name="in"> 40, </key>
<key name="in:inbox"> 112, </key>
<key name="in:sent"> 112, </key>
<key name="in:work"> 82, </key>
<key name="inactiv"> 67,138, </key>
<key name="inbound"> 79, </key>
<key name="inbox"> 75,141,131,81,82,65,84,37,67,99,112,104,105,17,90,144,51,92,77,85,87, </key>
<key name="inc"> 146,148, </key>
<key name="includ"> 1,141,123,56,40,5,111,58,25,81,26,10,65,42,37,36,16,112,113,107,132,18,115,144,61,51,34,72,53,70,146,48,63,116,68,73,87,95, </key>
<key name="incom"> 69,40,66,67,102,144, </key>
<key name="increas"> 40,70, </key>
<key name="indefinite"> 37, </key>
<key name="indicat"> 40,120,99,71,36,104,92, </key>
<key name="indicator"> 5,120,36, </key>
<key name="individual"> 69,43,103,16,104,93,64, </key>
<key name="information"> 122,149,2,141,123,31,131,40,110,124,25,8,10,27,28,65,66,84,30,60,36,43,33,105,90,18,19,108,21,129,61,51,34,72,53,77,22,45,70,146,73,64,54,24, </key>
<key name="initial"> 135,82,49,63, </key>
<key name="input"> 65, </key>
<key name="insensitiv"> 65,112, </key>
<key name="insert"> 56,43,63, </key>
<key name="insid"> 81, </key>
<key name="instal"> 40,102, </key>
<key name="install"> 40, </key>
<key name="instanc"> 109,110,11,13,112,17,115, </key>
<key name="instant"> 69,25,71,144, </key>
<key name="instead"> 141,131,112,51,63, </key>
<key name="integrat"> 149,84,144,87, </key>
<key name="interact"> 149,84,74, </key>
<key name="interest"> 47, </key>
<key name="interfac"> 84,112,88,90,132,144,70, </key>
<key name="internal"> 122,40,10,129,61,51,34,72,53, </key>
<key name="internet"> 78,80,41,139,43,132,144, </key>
<key name="interpret"> 0,65,112, </key>
<key name="interval"> 99,144, </key>
<key name="invit"> 2,12,19,20,23, </key>
<key name="invitation"> 0,1,2,8,9,10,17,18,19,22, </key>
<key name="isn't"> 85, </key>
<key name="issu"> 45, </key>
<key name="it'"> 142,115, </key>
<key name="italic"> 63, </key>
<key name="item"> 75,109,76,118,40,79,111,83,119,13,120,84,67,86,102,112,113,90,115,108,144,85,94,70,117,121,116, </key>
<key name="itself"> 68, </key>
<key name="jan"> 67, </key>
<key name="jdo"> 60, </key>
<key name="jo"> 112,35, </key>
<key name="job"> 69,25,136,140, </key>
<key name="john"> 131,136,112,146, </key>
<key name="jpeg"> 109,40,102,115, </key>
<key name="jpg"> 39,40,73, </key>
<key name="js123"> 35, </key>
<key name="jsmith"> 35, </key>
<key name="junk"> 84,90,144,53,85,54,87, </key>
<key name="just"> 71,112,113,115,64, </key>
<key name="kb"> 110,112, </key>
<key name="keep"> 122,7,65,88,143,63,73, </key>
<key name="key"> 69,79,46,74,95, </key>
<key name="keyboard"> 144,74,95, </key>
<key name="keyword"> 58,112,113,63,116, </key>
<key name="kilobyt"> 112, </key>
<key name="know"> 141,8,10,42,99,71,60,33,113,18,19,129,61,34,72,53,77,46,62,35, </key>
<key name="known"> 41,8,102,18,19,21,147, </key>
<key name="label"> 79, </key>
<key name="languag"> 112,113,144,116, </key>
<key name="larg"> 110,65,120,101,112,88,144,85,73, </key>
<key name="last"> 0,110,58,25,41,28,37,67,32,43,113,46,148, </key>
<key name="latest"> 141, </key>
<key name="launch"> 149,40, </key>
<key name="layout"> 56,58,98,63, </key>
<key name="leaf"> 65,68, </key>
<key name="learn"> 113,144,116, </key>
<key name="least"> 45,47, </key>
<key name="leav"> 149,76,65,67,139, </key>
<key name="left"> 76,118,5,84,86,127,113,106,85,94,70,35,116, </key>
<key name="length"> 123,138,144, </key>
<key name="lenient"> 43, </key>
<key name="les"> 120,112, </key>
<key name="let"> 122,149,1,2,141,40,5,41,136,8,84,71,33,113,19,144,47,63,116,73,95, </key>
<key name="letter"> 135,129, </key>
<key name="level"> 75,59,81,88,61,53,77,63,73, </key>
<key name="lick"> 104, </key>
<key name="lif"> 69,136,140, </key>
<key name="light"> 50, </key>
<key name="lik"> 82,28,43,144, </key>
<key name="like"> 37, </key>
<key name="limit"> 110,88,24, </key>
<key name="lin"> 123,31,109,40,79,111,41,26,65,42,37,71,36,43,113,104,107,144,68,73, </key>
<key name="link"> 69,97,40,58,8,98,60,139,77,70,48,63,73,64,87, </key>
<key name="list"> 75,122,69,149,2,55,128,50,3,123,31,131,76,118,39,5,110,57,124,135,125,7,25,41,81,26,136,8,10,126,27,12,28,29,66,120,30,37,67,32,71,60,140,36,127,43,38,33,113,104,17,52,90,18,19,115,108,144,129,61,51,34,72,53,130,85,22,45,70,46,47,121,35,63,116,24,87,95, </key>
<key name="literal"> 116, </key>
<key name="load"> 77, </key>
<key name="local"> 112,88,143, </key>
<key name="localiz"> 133, </key>
<key name="locat"> 39,79,32,15,36, </key>
<key name="location"> 2,58,81,8,36,86,102,18,19,20,21,23, </key>
<key name="log"> 69,141,131,78,80,82,99,138,71,139,88,105,145,144,51,85,73,87, </key>
<key name="login"> 80,135,139,144, </key>

</ftswdata>  
