<?xml version='1.0' encoding='windows-1252' ?>
<ftswdata>
<key name="clear"> 58,49, </key>
<key name="click"> 0,51,2,1,104,3,27,52,88,33,34,13,21,94,22,7,23,35,17,55,8,10,24,11,12,56,89,71,25,44,90,57,36,72,28,97,30,73,59,98,74,37,14,32,75,69,83,84,61,76,62,77,15,100,63,38,93,85,16,79,18,65,66,58,67,68,19,48,101,39,40,20,41,91,105,29,106,107,102,49,108, </key>
<key name="clickabl"> 48, </key>
<key name="client"> 47,104,34,53,54,10,71,57,97,30,73,74,61,63,93,99,48,87,107,60,108, </key>
<key name="clip"> 70,34,74, </key>
<key name="clos"> 21,97,14,32,93,41,105,106, </key>
<key name="cod"> 4,34,71,84,5, </key>
<key name="collaboration"> 47,53,26,69, </key>
<key name="collective"> 45, </key>
<key name="colon"> 62,91, </key>
<key name="color"> 3,4,7,71,99,41,5, </key>
<key name="column"> 1,53,6,21,94,97,30,76,65,48,5, </key>
<key name="com"> 35,25,45,97,83,101,39,105,29, </key>
<key name="combin"> 43,45,14, </key>
<key name="combination"> 43, </key>
<key name="comma"> 28,99,39, </key>
<key name="command"> 51,34,59,48, </key>
<key name="comment"> 15, </key>
<key name="commit"> 25,100, </key>
<key name="common"> 33, </key>
<key name="communicat"> 26, </key>
<key name="company"> 2,94,22,7,23,26,45,37,86,29, </key>
<key name="compar"> 44, </key>
<key name="comparison"> 82,43,44,46, </key>
<key name="complet"> 22,35,17,8,11,25,28,38,16,19, </key>
<key name="completion"> 24,39, </key>
<key name="complex"> 45,84,87, </key>
<key name="component"> 37, </key>
<key name="compos"> 2,47,33,35,24,71,57,36,77,63,38,93,99,58,101,40,29, </key>
<key name="compound"> 83, </key>
<key name="compres"> 34, </key>
<key name="compression"> 34, </key>
<key name="comput"> 104,34,35,97,74,99, </key>
<key name="computer"> 34,74, </key>
<key name="concern"> 37, </key>
<key name="condition"> 82,43,44,45, </key>
<key name="conferenc"> 16, </key>
<key name="configur"> 34,22,35,96,37,69,99,58,49,60, </key>
<key name="configuration"> 57, </key>
<key name="confirm"> 0,94, </key>
<key name="confirmation"> 3,35, </key>
<key name="consider"> 80,43,31,45,73,74,46, </key>
<key name="consist"> 45,30,37, </key>
<key name="constrain"> 83, </key>
<key name="constraint"> 19, </key>
<key name="consum"> 61, </key>
<key name="contact"> 47,27,88,70,81,21,94,22,23,35,17,8,24,25,43,26,95,28,37,84,78,63,16,86,79,99,58,19,92,101,39,91,29,87,49,60, </key>
<key name="contain"> 47,80,70,34,81,21,82,71,43,57,26,45,72,30,73,50,74,37,83,84,76,15,86,79,64,65,46, </key>
<key name="content"> 104,52,88,70,81,22,35,42,24,56,57,30,74,37,83,76,85,86,99,65,66,58,92,87,49,60, </key>
<key name="context"> 31, </key>
<key name="contiguou"> 52, </key>
<key name="continu"> 33,44,31,96,93,39, </key>
<key name="contradictory"> 45, </key>
<key name="control"> 52,88,60, </key>
<key name="conv"> 83, </key>
<key name="convenienc"> 26,48, </key>
<key name="convention"> 48, </key>
<key name="conversation"> 47,27,88,54,90,31,72,30,73,59,32,75,83,76,77,63,79,99,67,19,48,91,60, </key>
<key name="convert"> 70,87, </key>
<key name="cook"> 82, </key>
<key name="copi"> 43,64,99,40, </key>
<key name="copy"> 35,43,58,40, </key>
<key name="copyright"> 103, </key>
<key name="corn"> 60, </key>
<key name="corporat"> 44,26,84,92,40,29, </key>
<key name="corporation"> 101, </key>
<key name="correct"> 34,17,92,41,29, </key>
<key name="correction"> 41, </key>
<key name="correctnes"> 23, </key>
<key name="correspond"> 45,74,39, </key>
<key name="correspondenc"> 53, </key>
<key name="could"> 34,55,25,43,44,31,45,74,37,84,86,101,29, </key>
<key name="count"> 57,83, </key>
<key name="creat"> 0,51,2,1,47,104,4,80,88,33,34,54,13,21,22,7,23,35,17,55,8,42,10,12,44,57,45,74,84,63,38,85,16,86,99,66,58,19,101,20,91,87,60, </key>
<key name="creator"> 105, </key>
<key name="criteria"> 80,81,25,31,83,86,79,107, </key>
<key name="criterion"> 83, </key>
<key name="csv"> 28, </key>
<key name="current"> 52,43,45,74,83,48,39,87,102,60, </key>
<key name="cursor"> 27,22,76,63,65,48,39, </key>
<key name="custom"> 55,8,56,43,31,60, </key>
<key name="customiz"> 3,8,42, </key>
<key name="d"> 39, </key>
<key name="dai"> 8,14, </key>
<key name="dal"> 39, </key>
<key name="dash"> 99, </key>
<key name="dat"> 0,104,81,13,17,8,43,31,83,16,86,19,87, </key>
<key name="data"> 84, </key>
<key name="david"> 39, </key>
<key name="day"> 0,2,1,4,6,8,31,14,83,61,16,99,58,20,5,49, </key>
<key name="db"> 83,39, </key>
<key name="dbrink"> 39, </key>
<key name="dd"> 83, </key>
<key name="de"> 52, </key>
<key name="decemb"> 86, </key>
<key name="decid"> 36, </key>
<key name="declin"> 9,10,15, </key>
<key name="decreas"> 48, </key>
<key name="ded"> 39, </key>
<key name="deep"> 5, </key>
<key name="default"> 1,22,23,35,8,42,71,43,57,72,30,76,100,85,64,99,58,67,39, </key>
<key name="defin"> 51,2,47,81,35,55,45,62,86,99, </key>
<key name="definition"> 86,91,108, </key>
<key name="delegat"> 1,47,10, </key>
<key name="delet"> 51,47,52,13,22,10,24,11,12,56,89,43,57,45,69,61,78,15,63,38,64,58,68,49, </key>
<key name="delimit"> 99, </key>
<key name="deliver"> 43,45,50,92, </key>
<key name="deliverabl"> 35, </key>
<key name="delivery"> 70,50, </key>
<key name="demand"> 72, </key>
<key name="denot"> 90, </key>
<key name="department"> 26, </key>
<key name="depend"> 33,70,35,44,57,28,37,77,63,60, </key>
<key name="descend"> 65, </key>
<key name="describ"> 3,33,45,83,84,38,79,99,87, </key>
<key name="description"> 2,17,83,84,86,99,87,108, </key>
<key name="descriptiv"> 48, </key>
<key name="design"> 34,53, </key>
<key name="designat"> 47,102, </key>
<key name="designation"> 45, </key>
<key name="desir"> 59,40,29, </key>
<key name="desktop"> 33, </key>
<key name="destination"> 59, </key>
<key name="detail"> 2,22,23,59,83,79,20,106,108, </key>
<key name="detect"> 34,93, </key>
<key name="determin"> 2,50,29, </key>
<key name="dialog"> 0,1,3,94,7,35,17,55,8,9,10,24,44,74,14,32,75,93,85,16,99,66,20,91,105,29,106,107,108, </key>
<key name="dictionary"> 108, </key>
<key name="different"> 1,104,4,80,53,81,7,17,8,43,57,31,37,93,86,48,91,87,60, </key>
<key name="difficult"> 75, </key>
<key name="direct"> 0,34,90,66,39,40,105, </key>
<key name="direction"> 106, </key>
<key name="directiv"> 44, </key>
<key name="directory"> 26,84, </key>
<key name="disabl"> 104,10,101,20, </key>
<key name="disappear"> 39, </key>
<key name="discard"> 43,45, </key>
<key name="disk"> 61, </key>
<key name="display"> 0,51,2,1,3,27,4,52,81,6,22,7,23,35,17,8,42,9,10,71,25,44,57,36,31,97,30,74,14,61,76,77,15,93,85,16,99,66,58,67,48,39,40,20,41,105,106,87,60,108, </key>
<key name="distanc"> 108, </key>
<key name="distinguish"> 90,86, </key>
<key name="distribution"> 26, </key>
<key name="division"> 101, </key>
<key name="do"> 80,34,53,81,35,43,36,45,14,76,77,100,86,105,106,107,108, </key>
<key name="doc"> 34, </key>
<key name="document"> 33,70,34,74,83,87, </key>
<key name="dodd"> 39, </key>
<key name="dog"> 87, </key>
<key name="domain"> 81,35,97,83,84,87, </key>
<key name="don"> 53,54,35,43,98,61,93,86,99,58,101,39,29,49, </key>
<key name="door"> 87, </key>
<key name="doubl"> 0,52,34,13,25,30,74,76,62,20,91,29, </key>
<key name="down"> 2,52,17,8,25,44,98,84,16,86,79,65,48,39,91,87, </key>
<key name="download"> 34,53, </key>
<key name="draft"> 35,57,78,63,38,93,58,60, </key>
<key name="drag"> 0,51,88,13,24,56,59,78,58,19,48,20,49, </key>
<key name="driv"> 106, </key>
<key name="drop"> 51,2,88,17,56,44,45,59,84,78,16,86,79,19,48,87, </key>
<key name="du"> 92, </key>
<key name="e"> 70,96,50, </key>
<key name="easi"> 2,71,87, </key>
<key name="eastern"> 17,8, </key>
<key name="easy"> 20, </key>
<key name="ed"> 40, </key>
<key name="edit"> 47,4,10,25,44,26,28,15,63,38,39,41, </key>
<key name="editor"> 34, </key>
<key name="edward"> 39, </key>
<key name="effect"> 100, </key>
<key name="eight"> 4, </key>
<key name="eith"> 0,2,80,22,35,17,8,9,10,56,71,57,31,83,15,85,16,86,99,58,40,105,29,49, </key>
<key name="eligibl"> 37, </key>
<key name="els"> 36, </key>
<key name="email"> 0,2,1,104,3,27,33,70,34,81,54,13,22,23,35,17,8,42,9,10,11,71,25,43,90,57,45,97,50,98,74,37,69,83,84,61,15,93,16,86,79,18,99,65,19,92,39,29,102,49, </key>
<key name="employe"> 37, </key>
<key name="empty"> 69,61,58,68,49, </key>
<key name="en"> 107, </key>
<key name="enabl"> 22,35,98,77,79,64,99,101,102, </key>
<key name="encyclopedia"> 107, </key>
<key name="end"> 34,17,8,83,77,16,86,99,20, </key>
<key name="enforc"> 61, </key>
<key name="engineer"> 101, </key>
<key name="enough"> 98, </key>
<key name="ent"> 0,2,88,94,22,7,23,35,17,55,8,42,25,44,36,97,98,84,16,86,79,18,66,39,40,20,91,105,29,106,107,102,108, </key>
<key name="enter"> 0,2,22,25,85,108, </key>
<key name="entir"> 26,31,59,75,40, </key>
<key name="entri"> 22,26,74, </key>
<key name="entry"> 84,63,93, </key>
<key name="environment"> 34, </key>
<key name="erica"> 39, </key>
<key name="erica878"> 39, </key>

</ftswdata>  
