<?xml version='1.0' encoding='windows-1252' ?>
<ftswdata>
<key name="t"> 52,34,42,49,98,60,86,99,57,101,48, </key>
<key name="tab"> 1,6,21,94,22,34,17,8,70,43,44,71,29,98,100,16,18,63,99,66,101,38,102, </key>
<key name="tabl"> 34, </key>
<key name="tag"> 46,51,88,81,53,22,41,89,70,42,43,56,44,29,83,62,86,99,91,87, </key>
<key name="tak"> 52,53,42, </key>
<key name="taken"> 19, </key>
<key name="technology"> 93, </key>
<key name="tell"> 72,75, </key>
<key name="temporari"> 10,49, </key>
<key name="tentativ"> 2,1,15,18, </key>
<key name="term"> 44, </key>
<key name="test"> 42,44, </key>
<key name="text"> 0,2,46,80,32,69,33,13,34,17,8,70,42,43,35,73,36,83,84,76,93,85,16,79,99,19,47,101,38,87,102, </key>
<key name="th"> 87, </key>
<key name="them"> 0,80,51,32,55,43,30,44,73,83,60,77,37,99,64,57,47,87,48, </key>
<key name="themselv"> 89,73,99, </key>
<key name="therefor"> 33,96,73, </key>
<key name="thing"> 60, </key>
<key name="think"> 49,85,86, </key>
<key name="thos"> 80,30,83,60,57,38,91,48, </key>
<key name="though"> 34, </key>
<key name="thre"> 0,33,52,22,82,17,8,30,83,87,45, </key>
<key name="thread"> 19, </key>
<key name="ti"> 54, </key>
<key name="tim"> 0,2,1,51,52,81,6,17,8,10,44,96,29,68,83,84,15,37,16,18,63,99,64,57,67,19,20,87,102,5,45,48,59, </key>
<key name="time"> 98, </key>
<key name="tip"> 27,22,24,75,47, </key>
<key name="titl"> 23,30,64, </key>
<key name="today"> 0, </key>
<key name="todo"> 41, </key>
<key name="togeth"> 30,83, </key>
<key name="toggl"> 66, </key>
<key name="tomorrow"> 0, </key>
<key name="too"> 42,49,36,77,47, </key>
<key name="tool"> 27,22,17,8,24,84,75,47,87, </key>
<key name="toolbar"> 0,1,6,7,23,34,17,54,8,70,71,14,83,76,16,79,65,57,101,40,91,48,59, </key>
<key name="top"> 0,23,54,35,16,99,57,20,40, </key>
<key name="topic"> 83,87, </key>
<key name="total"> 71,83, </key>
<key name="track"> 1,46,7, </key>
<key name="traditional"> 46,29,75,93,66, </key>
<key name="transf"> 58, </key>
<key name="trash"> 50,3,54,24,55,42,56,44,68,60,77,15,62,99,57,67,59, </key>
<key name="travel"> 99, </key>
<key name="tre"> 82, </key>
<key name="trig"> 38, </key>
<key name="trigger"> 0, </key>
<key name="troubl"> 99, </key>
<key name="truck"> 42, </key>
<key name="try"> 92, </key>
<key name="tun"> 57,48, </key>
<key name="turn"> 43,90,44,99,19,102, </key>
<key name="turnaround"> 91, </key>
<key name="two"> 50,51,54,8,70,26,44,29,86,99,28,87,45, </key>
<key name="txt"> 33,83, </key>
<key name="typ"> 0,50,2,80,32,69,33,81,7,34,17,54,8,41,10,43,26,44,97,49,73,83,84,76,62,93,85,16,86,79,99,65,101,38,87,45, </key>
<key name="typical"> 32,69,33, </key>
<key name="unacceptabl"> 69, </key>
<key name="undeliverabl"> 92, </key>
<key name="undergo"> 44, </key>
<key name="undo"> 12, </key>
<key name="unflag"> 81,83, </key>
<key name="unknown"> 92,40, </key>
<key name="unles"> 35,36, </key>
<key name="unread"> 51,81,41,56,71,29,72,83,75,62, </key>
<key name="unsav"> 93, </key>
<key name="unsolicit"> 57,48, </key>
<key name="unus"> 22, </key>
<key name="unwant"> 57,48, </key>
<key name="up"> 0,22,34,17,10,43,44,62,93,16,18,64,47,38,39,40, </key>
<key name="updat"> 80,79,65,103, </key>
<key name="url"> 81,7,54,97,83,65,87, </key>
<key name="us"> 0,50,2,46,80,51,88,32,33,52,81,6,21,82,70,42,90,56,35,26,44,71,97,29,49,73,83,60,75,61,76,100,93,86,79,99,57,66,19,92,47,38,20,40,91,28,87,45,59, </key>
<key name="usag"> 60,59, </key>
<key name="useful"> 98, </key>
<key name="user"> 32,33,26,73, </key>
<key name="usual"> 33,17,8,36, </key>
<key name="vacation"> 83,99,102, </key>
<key name="valid"> 7,34,92, </key>
<key name="valu"> 83,84, </key>
<key name="variant"> 87, </key>
<key name="variety"> 32,33, </key>
<key name="variou"> 1,33, </key>
<key name="various"> 28, </key>
<key name="vary"> 36, </key>
<key name="ve"> 72,75,93, </key>
<key name="verify"> 92, </key>
<key name="version"> 103, </key>
<key name="versu"> 86, </key>
<key name="vertical"> 22, </key>
<key name="via"> 33, </key>
<key name="vic"> 101, </key>
<key name="view"> 0,1,46,27,4,51,69,6,21,22,7,17,8,41,10,70,56,30,71,29,58,73,14,31,83,75,15,16,18,99,57,66,47,20,91,5,59, </key>
<key name="viewabl"> 69,87, </key>
<key name="viru"> 49,73, </key>
<key name="virus"> 69,33,49,73, </key>
<key name="visibl"> 2,99,5, </key>
<key name="visit"> 59, </key>
<key name="voic"> 102, </key>
<key name="vs"> 80,44,87, </key>
<key name="w"> 45, </key>
<key name="want"> 81,21,22,34,8,10,55,44,73,36,84,60,75,76,93,85,79,99,101,38,91,5,45, </key>
<key name="way"> 0,17,8,16,91,59, </key>
<key name="web"> 46,33,52,53,10,70,56,97,29,72,60,62,93,99,65,47,87,59, </key>
<key name="week"> 0,1,81,6,8,14,99,20, </key>
<key name="weight"> 36, </key>
<key name="welcom"> 46, </key>
<key name="well"> 46,23,56,73,74,101,87,59, </key>
<key name="what"> 32,52,43,30,36,86,99,47,59, </key>
<key name="whatev"> 23,87, </key>
<key name="whenev"> 98, </key>
<key name="wherea"> 35,28, </key>
<key name="wherev"> 91, </key>
<key name="wheth"> 33,13,8,90,96,73,18,99,64,87, </key>
<key name="whichev"> 2, </key>
<key name="whil"> 99, </key>
<key name="whit"> 26,5,45, </key>
<key name="whol"> 25,84,87, </key>
<key name="whom"> 34,10,83, </key>
<key name="whos"> 46,33,49,83,38,45, </key>
<key name="why"> 9,35,92, </key>
<key name="wid"> 33, </key>
<key name="wide"> 33, </key>
<key name="widget"> 101, </key>
<key name="wildcard"> 82,42,87,45, </key>
<key name="will"> 2,32,69,33,52,8,43,30,36,74,83,75,76,93,85,99,57,92,47,101,38,28,87,102,45,48, </key>
<key name="window"> 33,34,10,24,97,58,31,74,76,93,86,99,47,101,39, </key>
<key name="winzip"> 33, </key>
<key name="within"> 0,80,33,52,81,82,54,43,26,30,44,71,29,72,58,31,74,83,75,62,93,86,28,87,5, </key>
<key name="without"> 0,2,52,10,42,84,16,86,99,39, </key>
<key name="wmv"> 33, </key>
<key name="word"> 80,69,33,41,25,42,43,44,73,83,84,99,40,87, </key>
<key name="wordpad"> 33, </key>
<key name="work"> 1,52,6,22,7,41,30,96,93,86,99,87, </key>
<key name="workgroup"> 86, </key>
<key name="workspac"> 59, </key>
<key name="workstation"> 33,73, </key>
<key name="would"> 80,88,82,23,41,42,30,44,83,84,86,99,20, </key>
<key name="written"> 76,99, </key>
<key name="x"> 80, </key>
<key name="x111"> 101, </key>
<key name="xl"> 33,86, </key>
<key name="xyz"> 38, </key>
<key name="y"> 80, </key>
<key name="yahoo"> 44, </key>
<key name="year"> 8,86, </key>
<key name="yellow"> 4, </key>
<key name="yes"> 3,90, </key>
<key name="yet"> 56, </key>
<key name="york"> 17,8, </key>
<key name="your"> 0,50,2,1,46,3,27,4,32,69,33,52,81,6,53,13,21,94,22,23,34,17,54,8,41,10,12,70,25,42,43,56,26,30,44,71,95,96,97,29,49,98,73,36,14,74,68,83,84,60,75,77,76,15,100,62,37,93,85,16,86,79,63,99,64,65,57,67,19,92,47,101,38,39,20,40,91,28,87,5,48,59, </key>
<key name="yourself"> 17,16, </key>
<key name="yyyy"> 42,83, </key>
<key name="zero"> 45, </key>
<key name="zimbra"> 2,1,46,69,33,52,81,6,53,34,54,10,70,56,26,95,96,97,29,72,49,98,68,83,84,60,15,100,62,93,99,65,57,67,19,47,28,87,103,48,59, </key>
<key name="zimlet"> 81, </key>
<key name="zip"> 69,33,49,73, </key>
<key name="zon"> 17,8,99, </key>

</ftswdata>  
