<?xml version='1.0' encoding='windows-1252' ?>
<ftswdata>
<key name="1"> 51,101,104,128,129,85, </key>
<key name="10"> 125, </key>
<key name="100"> 125, </key>
<key name="11"> 101,129, </key>
<key name="12"> 101,125, </key>
<key name="1212"> 127, </key>
<key name="123"> 101, </key>
<key name="12k"> 101, </key>
<key name="2"> 104,129, </key>
<key name="20"> 43, </key>
<key name="2005"> 41,101,128, </key>
<key name="2006"> 129, </key>
<key name="22"> 89, </key>
<key name="25"> 125, </key>
<key name="3"> 101,85, </key>
<key name="30"> 35,101, </key>
<key name="303"> 127, </key>
<key name="4"> 129, </key>
<key name="5"> 1,89,125,85, </key>
<key name="50"> 125, </key>
<key name="555"> 127, </key>
<key name="7"> 1,4,16,85, </key>
<key name="9"> 101, </key>
<key name="abbreviation"> 44, </key>
<key name="ability"> 0,107,22, </key>
<key name="abl"> 37,87,38,121,125, </key>
<key name="abov"> 4,34,101, </key>
<key name="absenc"> 59, </key>
<key name="accept"> 1,46,3,4,10,88,51,15,18,107,20,45, </key>
<key name="acces"> 1,46,3,68,48,10,73,51,120,52,107,32,82,111,22,76, </key>
<key name="accord"> 69, </key>
<key name="account"> 113,17,8,73,120,121,122,123,126,16,18,124,125,32, </key>
<key name="acm"> 26,101,127,43,33, </key>
<key name="acrobat"> 38, </key>
<key name="acros"> 33, </key>
<key name="action"> 67,57,58,110,59,15,79,52,62,76, </key>
<key name="activ"> 68,58,59,62, </key>
<key name="activat"> 91, </key>
<key name="activiti"> 0,1,4,6,48,7,10,55,5, </key>
<key name="activity"> 0,119,5, </key>
<key name="actual"> 38,41, </key>
<key name="ad"> 2,46,3,29,47,4,113,49,23,17,24,51,121,101,95,15,125,20,127,43,44,33,55,22, </key>
<key name="add"> 2,29,47,113,108,37,48,13,49,23,39,17,24,117,8,10,58,40,28,51,15,79,16,124,125,52,32,127,54,33,55,5,56,22,65,85, </key>
<key name="addition"> 98,70,8,51,86,74,55, </key>
<key name="additional"> 29,7,23,17,8,10,57,28,59,121,16,52,32,62,127,22, </key>
<key name="addres"> 66,61,130,29,113,99,50,23,39,17,24,117,8,10,25,26,27,57,28,59,30,51,120,121,123,91,41,31,101,102,95,79,16,18,19,124,125,52,107,32,20,112,62,43,44,33,55,105,22,65,76,85, </key>
<key name="addresse"> 40,44, </key>
<key name="administration"> 38,74,63, </key>
<key name="administrator"> 130,87,38,68,99,116,17,8,118,119,120,64,91,86,101,77,16,18,125,74,84,112,22,63, </key>
<key name="adob"> 98,38,104, </key>
<key name="adres"> 65, </key>
<key name="advanc"> 61,98,99,117,101,103,104,97,105,65, </key>
<key name="advantag"> 55, </key>
<key name="advis"> 39, </key>
<key name="affect"> 126, </key>
<key name="again"> 37,119,94,103, </key>
<key name="aid"> 111,105, </key>
<key name="aka"> 74,63, </key>
<key name="alignment"> 47, </key>
<key name="allow"> 68,99,48,24,57,59,121,91,101,102,79,52,54,105, </key>
<key name="allowabl"> 101, </key>
<key name="almost"> 91, </key>
<key name="alon"> 102, </key>
<key name="along"> 69,92,77, </key>
<key name="alphabetiz"> 30, </key>
<key name="already"> 29,108,119,18,55, </key>
<key name="alt"> 85, </key>
<key name="alternative"> 108, </key>
<key name="although"> 102, </key>
<key name="alway"> 4,88,120,91,101,94,114,97,125,74,127,43,21,33, </key>
<key name="am"> 128, </key>
<key name="amb"> 101, </key>
<key name="amount"> 119,77, </key>
<key name="angl"> 95, </key>
<key name="animation"> 38, </key>
<key name="anoth"> 66,46,3,113,67,38,68,69,50,70,72,73,35,59,122,75,123,96,79,114,103,104,125,74,112,45,111, </key>
<key name="any"> 0,66,2,29,113,98,108,38,99,6,50,39,17,8,71,10,25,12,109,57,58,73,59,119,122,91,41,14,86,101,102,78,95,15,126,114,16,18,97,80,125,52,107,32,81,74,20,44,111,105,5,60,22,63,65,76, </key>
<key name="anyon"> 10,52,107,32, </key>
<key name="anyway"> 39, </key>
<key name="anywher"> 102,111, </key>
<key name="ap"> 67,108,57,58,59,79,114,111,22, </key>
<key name="appear"> 0,29,98,108,37,116,100,39,17,117,8,10,25,26,57,40,28,35,59,89,120,121,90,75,91,41,14,36,92,101,102,93,95,79,16,104,19,32,127,43,44,21,111,33, </key>
<key name="appli"> 67,108,117,57,58,35,59,101,104,111, </key>
<key name="application"> 1,38,68,116,115,50,59,120,91,41,114,125,43,56,76,85, </key>
<key name="apply"> 67,125, </key>
<key name="appointment"> 0,2,1,61,13,7,17,8,11,15,16,19,125,20,43,21,65,85, </key>
<key name="appropriat"> 37,91,15, </key>
<key name="area"> 2,10,26,58,73,102,16,104,97,52,32,76, </key>
<key name="arial"> 125, </key>
<key name="around"> 101,54, </key>
<key name="arriv"> 99,58,74, </key>
<key name="arrow"> 0,23,17,70,8,34,31,102,95,16,104,97,81,82,83,62,43,111,105,85, </key>
<key name="ascend"> 81, </key>
<key name="ask"> 35,91,41,114, </key>
<key name="assign"> 108,116,121,52,22, </key>
<key name="assistant"> 65,85, </key>
<key name="associat"> 29,59, </key>
<key name="assum"> 38,104, </key>
<key name="assur"> 125, </key>
<key name="asterisk"> 106,105,60, </key>
<key name="atom"> 70,82, </key>
<key name="attach"> 37,38,91,104,20, </key>
<key name="attachment"> 61,98,37,87,38,99,13,39,17,8,57,40,59,34,122,64,91,41,101,102,77,95,15,16,104,97,125,20,55,105,56,85, </key>
<key name="attack"> 64, </key>
<key name="attende"> 0,2,61,13,17,8,11,12,16,19,125,20,43,21, </key>
<key name="attribut"> 101, </key>
<key name="audio"> 105, </key>
<key name="august"> 128, </key>
<key name="authenticat"> 120, </key>
<key name="author"> 61, </key>
<key name="auto"> 29,25,125,128,22, </key>
<key name="autocomplet"> 51,43, </key>
<key name="automat"> 74,63, </key>
<key name="automatic"> 89,77,127,43, </key>
<key name="automatical"> 29,38,69,70,24,117,12,57,58,89,119,121,122,41,86,96,95,15,124,125,74,84,127,54,55,128,63, </key>
<key name="availability"> 17,8,16,18,19, </key>
<key name="availabl"> 0,130,4,23,17,8,25,28,16,125,127,43,33,55,76, </key>
<key name="averylongpagenameispossibl"> 54, </key>
<key name="away"> 128, </key>
<key name="b"> 101, </key>
<key name="back"> 46,3,68,120,90,114,62,54,45, </key>
<key name="background"> 47,88,125,55, </key>
<key name="backslash"> 60, </key>
<key name="backspac"> 85, </key>
<key name="bad"> 112,54, </key>
<key name="ban"> 0,77,16, </key>
<key name="bana"> 100, </key>
<key name="banana"> 100,57,101,105,60, </key>
<key name="bananafloat"> 60, </key>
<key name="bananasboat"> 60, </key>
<key name="bandanna"> 60, </key>
<key name="bar"> 98,50,17,8,26,77,103,16,19,62,5,76, </key>
<key name="basi"> 72, </key>
<key name="basic"> 98,99,104,53,55, </key>
<key name="bcc"> 29,23,39,40,102,125,43,44,33, </key>
<key name="be"> 49,57,59,121,52, </key>
<key name="becom"> 2,17,8,41,16,20,43,55,5, </key>
<key name="befor"> 2,46,3,113,99,57,101,102,95,15,114,104,125,82,74,54,45,33,60,63, </key>
<key name="begin"> 47,35,79,43, </key>
<key name="behav"> 62,43, </key>
<key name="behavior"> 43, </key>
<key name="below"> 39,117,94,43,65,76, </key>
<key name="beneath"> 104, </key>
<key name="beta"> 129, </key>
<key name="billybob"> 43, </key>
<key name="black"> 125, </key>
<key name="blank"> 49,39,54, </key>
<key name="blind"> 44, </key>
<key name="block"> 87,38,64, </key>
<key name="blu"> 4, </key>
<key name="boat"> 60, </key>
<key name="bob"> 43, </key>
<key name="body"> 99,39,88,57,40,59,41,101,102,93,95,104,125,127,105,65, </key>
<key name="bold"> 73,89,34,90, </key>
<key name="book"> 66,61,130,29,50,23,24,25,26,27,28,30,91,31,102,125,107,32,33,22,65,76,85, </key>
<key name="bord"> 47, </key>
<key name="bos"> 59, </key>
<key name="both"> 29,98,100,75,104,60, </key>
<key name="bottom"> 113,83, </key>
<key name="bounc"> 77,112, </key>
<key name="box"> 98,99,39,117,88,26,58,59,30,34,102,104,97,125,83,62,127,43,33,105,128,5,76, </key>
<key name="boxman"> 98, </key>
<key name="br"> 44, </key>
<key name="bracket"> 95, </key>
<key name="breakfast"> 100, </key>
<key name="brink"> 43, </key>
<key name="brows"> 130,37,38,68,30,120,91,92,114,62,56,76, </key>
<key name="browser"> 38,68, </key>
<key name="budget"> 104, </key>
<key name="build"> 104, </key>
<key name="built"> 69, </key>
<key name="bullet"> 88, </key>
<key name="busines"> 127, </key>
<key name="busy"> 2,1,61,17,8,16,19,5, </key>
<key name="button"> 66,38,68,23,70,120,122,41,126,79,114,104,97,82,62,127,44,33,76, </key>
<key name="byt"> 99,101, </key>
<key name="c"> 85, </key>
<key name="cal"> 98,28,59,51,101,104,33,56, </key>
<key name="calendar"> 0,66,2,1,61,130,3,4,6,13,115,7,50,17,8,9,10,11,12,14,15,16,125,107,20,43,21,5,65,76,85, </key>
<key name="california"> 17,8, </key>
<key name="call"> 130, </key>
<key name="camelcas"> 54, </key>
<key name="cancel"> 48,11,85, </key>
<key name="cannot"> 66,87,48,50,70,10,72,57,28,92,86,101,96,79,52,107,32,74,112,55,105,22, </key>
<key name="capability"> 61, </key>
<key name="capital"> 54, </key>
<key name="capitalization"> 57, </key>
<key name="car"> 91,41, </key>
<key name="carbon"> 44, </key>
<key name="card"> 22, </key>
<key name="cas"> 57,51,91,101,96,43,54,105, </key>
<key name="casserol"> 57,60, </key>
<key name="categori"> 108,22,85, </key>
<key name="categoriz"> 69, </key>
<key name="caus"> 98,95,114,125,43, </key>
<key name="cc"> 29,98,99,23,39,57,40,101,102,95,125,20,43,44,33, </key>

</ftswdata>  
