<?xml version='1.0' encoding='windows-1252' ?>
<ftswdata>
<key name="06"> 104, </key>
<key name="1"> 84,87,103,104, </key>
<key name="10"> 100, </key>
<key name="100"> 100, </key>
<key name="11"> 84, </key>
<key name="12"> 84, </key>
<key name="1212"> 102, </key>
<key name="123"> 84, </key>
<key name="12k"> 84, </key>
<key name="2"> 87, </key>
<key name="20"> 39, </key>
<key name="2005"> 37,84,103, </key>
<key name="22"> 72, </key>
<key name="23"> 104, </key>
<key name="25"> 100, </key>
<key name="3"> 84,104, </key>
<key name="30"> 17,8,31,84, </key>
<key name="303"> 102, </key>
<key name="4"> 16, </key>
<key name="5"> 1,72,16,100, </key>
<key name="50"> 100, </key>
<key name="555"> 102, </key>
<key name="7"> 1,4, </key>
<key name="9"> 84, </key>
<key name="abbreviation"> 40, </key>
<key name="ability"> 0, </key>
<key name="abl"> 33,70,34,100, </key>
<key name="abov"> 4,30,84, </key>
<key name="absenc"> 45, </key>
<key name="accept"> 1,3,4,10,71,15,79,19,41, </key>
<key name="acces"> 1,3,53,10,57,98,66,92,60, </key>
<key name="accord"> 54, </key>
<key name="account"> 57,98,99,101,79,100, </key>
<key name="acm"> 25,84,102,39,29, </key>
<key name="acrobat"> 34, </key>
<key name="acros"> 29, </key>
<key name="action"> 52,43,44,91,45,15,63,48, </key>
<key name="activ"> 53,44,45,48, </key>
<key name="activat"> 74, </key>
<key name="activiti"> 0,1,4,6,7,10,5, </key>
<key name="activity"> 0,97,5, </key>
<key name="actual"> 34,37,109, </key>
<key name="ad"> 2,3,27,4,17,84,77,15,100,19,102,39,40,29,109, </key>
<key name="add"> 2,27,89,33,13,22,23,35,17,8,44,36,26,15,63,16,100,102,40,29,5, </key>
<key name="addition"> 81,55,8,69,58, </key>
<key name="additional"> 27,22,7,23,17,8,43,26,45,16,48,102, </key>
<key name="addres"> 105,27,82,22,23,35,17,8,10,24,25,43,26,45,28,98,99,74,37,84,85,77,63,16,79,80,18,100,19,93,48,39,40,29,107,88,60,109, </key>
<key name="addresse"> 36,40, </key>
<key name="administration"> 34,58,49, </key>
<key name="administrator"> 105,70,34,53,82,95,22,96,97,98,50,74,69,84,61,79,100,58,68,93,49, </key>
<key name="adob"> 81,34,87, </key>
<key name="advanc"> 47,82,84,88, </key>
<key name="advantag"> 22, </key>
<key name="advis"> 35, </key>
<key name="affect"> 101, </key>
<key name="again"> 33,97,86, </key>
<key name="aid"> 92,88, </key>
<key name="aka"> 58,49, </key>
<key name="allow"> 53,82,43,45,74,84,85,63,88, </key>
<key name="allowabl"> 84, </key>
<key name="almost"> 74, </key>
<key name="alon"> 85, </key>
<key name="along"> 54,75,61, </key>
<key name="alphabetiz"> 28, </key>
<key name="already"> 89,97,79, </key>
<key name="alternative"> 89, </key>
<key name="although"> 85, </key>
<key name="alway"> 4,71,98,74,84,94,80,100,58,102,39,20,29, </key>
<key name="am"> 17,8,103, </key>
<key name="amazon"> 106,109, </key>
<key name="amb"> 84, </key>
<key name="amount"> 97,61, </key>
<key name="angl"> 77, </key>
<key name="animation"> 34, </key>
<key name="anoth"> 51,3,52,34,53,54,22,55,56,57,31,45,59,99,78,63,94,86,87,100,58,93,41,92, </key>
<key name="any"> 0,2,27,81,89,34,82,6,22,35,17,8,42,10,12,90,43,44,57,45,97,74,37,14,69,84,85,62,77,15,101,94,16,79,80,64,100,65,58,19,40,92,88,5,46,49,60, </key>
<key name="anyon"> 35, </key>
<key name="anyway"> 35, </key>
<key name="anywher"> 85,92, </key>
<key name="ap"> 52,89,22,43,44,45,63,94,92, </key>
<key name="appear"> 0,27,81,89,33,95,22,83,35,17,8,24,25,43,36,26,31,45,72,98,73,59,74,37,14,32,75,84,85,76,77,63,16,87,18,102,39,40,20,92,106,29,107,108, </key>
<key name="appli"> 52,89,43,44,31,45,84,87,92, </key>
<key name="application"> 1,34,53,21,95,45,98,74,37,94,100,39,60, </key>
<key name="apply"> 52,100, </key>
<key name="appointment"> 0,2,1,47,13,7,17,8,11,15,16,18,100,19,39,20, </key>
<key name="appropriat"> 33,74,15, </key>
<key name="archiv"> 69, </key>
<key name="area"> 2,10,25,44,57,85,16,87,80,60, </key>
<key name="around"> 84, </key>
<key name="arriv"> 82,44,58, </key>
<key name="arrow"> 0,23,17,55,8,25,30,85,16,87,80,65,66,67,48,39,92,88, </key>
<key name="ascend"> 65, </key>
<key name="asin"> 109, </key>
<key name="ask"> 31,74,37,94, </key>
<key name="assign"> 89,95, </key>
<key name="associat"> 27,45, </key>
<key name="assum"> 34,87, </key>
<key name="assur"> 100, </key>
<key name="asterisk"> 88,46, </key>
<key name="atom"> 55,66, </key>
<key name="attach"> 33,34,74,87,19, </key>
<key name="attachment"> 47,81,33,70,34,82,13,35,17,8,43,36,45,30,50,74,37,84,85,61,77,15,16,87,80,100,19,88, </key>
<key name="attack"> 50, </key>
<key name="attende"> 0,2,47,13,17,8,11,12,16,18,100,19,39,20, </key>
<key name="attribut"> 84, </key>
<key name="audio"> 88, </key>
<key name="august"> 103, </key>
<key name="authenticat"> 98, </key>
<key name="author"> 109, </key>
<key name="auto"> 22,24,100,103, </key>
<key name="autocomplet"> 39, </key>
<key name="automat"> 58,49, </key>
<key name="automatic"> 72,61,102,39, </key>
<key name="automatical"> 27,34,54,22,55,12,43,44,72,97,37,69,78,77,15,100,58,68,102,103,49, </key>
<key name="availability"> 17,8,16,79,18, </key>
<key name="availabl"> 0,105,4,23,24,26,100,102,39,29,60, </key>
<key name="away"> 103, </key>
<key name="b"> 84, </key>
<key name="back"> 3,53,73,94,48,41, </key>
<key name="background"> 71, </key>
<key name="backslash"> 46, </key>
<key name="bad"> 93, </key>
<key name="ban"> 0,61,16, </key>
<key name="bana"> 83, </key>
<key name="banana"> 83,43,84,88,46, </key>
<key name="bananafloat"> 46, </key>
<key name="bananasboat"> 46, </key>
<key name="bandanna"> 46, </key>
<key name="bar"> 81,17,8,25,61,86,16,18,48,5,60, </key>
<key name="basi"> 56, </key>
<key name="basic"> 81,82,87, </key>
<key name="bcc"> 27,35,36,85,100,39,40,29, </key>
<key name="be"> 43,45, </key>
<key name="becom"> 2,17,37,19,39,5, </key>
<key name="befor"> 2,3,82,43,84,85,77,15,94,87,100,66,58,41,29,46,49, </key>
<key name="begin"> 31,63,39, </key>
<key name="behalf"> 10, </key>
<key name="behav"> 48,39, </key>
<key name="behavior"> 39, </key>
<key name="below"> 35,39,60, </key>
<key name="beneath"> 87, </key>
<key name="billybob"> 39, </key>
<key name="blank"> 35, </key>
<key name="blind"> 40, </key>
<key name="block"> 70,34,50,109, </key>
<key name="blu"> 4, </key>
<key name="boat"> 46, </key>
<key name="bob"> 39, </key>
<key name="body"> 82,35,71,43,36,45,37,84,85,76,77,87,100,102,88, </key>
<key name="bold"> 57,72,30,73, </key>
<key name="book"> 105,22,23,28,74,85,106,29,109, </key>
<key name="bos"> 45, </key>
<key name="both"> 81,83,59,87,46, </key>
<key name="bottom"> 67, </key>
<key name="bounc"> 61,93, </key>
<key name="box"> 81,82,22,35,71,25,44,45,28,30,85,87,80,100,67,48,102,39,29,88,103,5,60, </key>
<key name="boxman"> 81, </key>
<key name="br"> 40, </key>
<key name="bracket"> 77, </key>
<key name="breakfast"> 83, </key>
<key name="brink"> 39, </key>
<key name="brows"> 105,33,34,53,28,98,74,75,94,48,60, </key>
<key name="browser"> 34,53, </key>
<key name="budget"> 87, </key>
<key name="build"> 81,82,86,87,80,88, </key>
<key name="built"> 54, </key>
<key name="bullet"> 71, </key>
<key name="busines"> 102,109, </key>
<key name="busy"> 2,1,47,17,8,16,18,5, </key>
<key name="button"> 51,34,53,23,17,55,8,98,37,101,63,94,16,87,80,66,48,102,40,29,60,109, </key>
<key name="byt"> 82,84, </key>
<key name="cal"> 81,45,84,87,29, </key>
<key name="calendar"> 0,2,1,47,105,3,4,6,13,21,7,17,8,9,10,11,12,14,15,16,100,19,39,20,5,60, </key>
<key name="california"> 17,8, </key>
<key name="call"> 105, </key>
<key name="cancel"> 11, </key>
<key name="cannot"> 51,70,22,55,10,56,43,26,75,69,84,78,63,58,93,88, </key>
<key name="capitalization"> 43, </key>
<key name="car"> 74,37, </key>
<key name="carbon"> 40, </key>
<key name="card"> 22, </key>
<key name="cas"> 43,74,84,78,39,88, </key>
<key name="casserol"> 43,46, </key>
<key name="categori"> 89, </key>
<key name="categoriz"> 54, </key>
<key name="caus"> 81,77,94,100,39, </key>
<key name="cc"> 27,81,82,35,43,36,84,85,77,100,19,39,40,29, </key>
<key name="cd"> 106,109, </key>
<key name="certain"> 0,34,82,54,43,50,84,61,58,93,39,92,49, </key>
<key name="chanc"> 74, </key>
<key name="chang"> 1,4,6,13,21,95,22,35,17,8,42,10,71,25,31,45,28,30,73,76,77,101,94,80,64,100,67,19,48,39,20,41,88,60, </key>
<key name="charact"> 45,62,77,92,46, </key>
<key name="character"> 95,84,39,106,88,46, </key>
<key name="characteristic"> 47,54,45,50, </key>
<key name="charg"> 31, </key>
<key name="check"> 3,81,53,82,7,23,35,55,71,44,45,72,50,99,16,87,100,66,102,41,103,5, </key>
<key name="choic"> 44,15,63,48, </key>
<key name="choos"> 1,52,89,21,95,23,35,55,8,56,25,44,45,98,73,74,32,75,85,61,62,87,100,58,67,68,92,49,60, </key>
<key name="chooser"> 53, </key>
<key name="chos"> 100, </key>
<key name="chosen"> 4,36, </key>
<key name="cisco"> 105, </key>
<key name="city"> 107, </key>
<key name="claim"> 87, </key>
<key name="classification"> 92, </key>
<key name="classify"> 89,54,57,92, </key>

</ftswdata>  
