<?xml version='1.0' encoding='windows-1252' ?>
<ftswdata>
<key name="column"> 0,49,16,91,54,95,25,73,62,43,3, </key>
<key name="com"> 30,20,40,95,79,99,34,24, </key>
<key name="combin"> 38,40, </key>
<key name="combination"> 38, </key>
<key name="comma"> 97, </key>
<key name="command"> 47,29,30,56,43, </key>
<key name="comment"> 12, </key>
<key name="commit"> 20,98, </key>
<key name="common"> 28, </key>
<key name="communicat"> 22, </key>
<key name="company"> 91,17,5,18,22,40,32,82,99,24, </key>
<key name="comparison"> 37,38,39,41, </key>
<key name="complet"> 17,30,14,6,20,80,33,13,34, </key>
<key name="completion"> 19,34, </key>
<key name="complex"> 40,80, </key>
<key name="component"> 32, </key>
<key name="compos"> 42,28,90,30,19,92,21,74,60,33,97,99,24, </key>
<key name="compound"> 79,84, </key>
<key name="compres"> 29,71, </key>
<key name="compression"> 29,71, </key>
<key name="comput"> 29,95,71, </key>
<key name="computer"> 29,71, </key>
<key name="concern"> 32, </key>
<key name="condition"> 38,39,40, </key>
<key name="conferenc"> 13, </key>
<key name="configur"> 29,17,68,92,69,94,32,66,97,44, </key>
<key name="confirm"> 46,91, </key>
<key name="confirmation"> 1,30, </key>
<key name="consider"> 76,38,26,40,70,71,41, </key>
<key name="consist"> 40,25,32, </key>
<key name="constrain"> 79, </key>
<key name="consum"> 58, </key>
<key name="contact"> 42,23,85,78,16,91,17,18,14,6,19,20,92,22,40,93,32,80,75,60,13,82,77,97,89,43,99,34,88,24,84,44,57, </key>
<key name="contain"> 76,42,67,29,78,16,37,52,68,92,38,53,21,22,40,69,25,70,45,71,32,79,80,73,12,82,83,77,61,62,41, </key>
<key name="content"> 48,67,78,17,19,53,25,32,79,73,82,83,97,63,89,84,44,57, </key>
<key name="context"> 26, </key>
<key name="contiguou"> 48, </key>
<key name="continu"> 28,90,39,26,94,34, </key>
<key name="contradictory"> 40, </key>
<key name="contrast"> 55, </key>
<key name="control"> 48,85,84, </key>
<key name="conv"> 79, </key>
<key name="convenienc"> 22,60,43, </key>
<key name="convention"> 43, </key>
<key name="conversation"> 42,23,85,50,92,87,53,26,69,55,25,70,56,27,72,79,73,74,60,77,97,64,43,88, </key>
<key name="convert"> 67,83, </key>
<key name="cook"> 37, </key>
<key name="copi"> 38,61,97,35, </key>
<key name="copy"> 30,38,97,63,35, </key>
<key name="corporat"> 39,22,80,89,35,24, </key>
<key name="corporation"> 99, </key>
<key name="correct"> 29,89,36,24, </key>
<key name="correction"> 36, </key>
<key name="correctnes"> 18, </key>
<key name="correspond"> 40,34,35, </key>
<key name="correspondenc"> 49, </key>
<key name="could"> 29,51,20,38,39,26,40,71,32,80,82,99,24, </key>
<key name="count"> 53,79, </key>
<key name="creat"> 76,46,47,0,42,2,85,28,29,50,11,16,17,5,18,14,51,6,8,10,92,39,53,40,71,80,60,33,81,13,82,97,63,99,15,88,57, </key>
<key name="criteria"> 76,85,78,20,26,79,82,77, </key>
<key name="criterion"> 79, </key>
<key name="current"> 48,38,40,71,79,97,43,84,100,57, </key>
<key name="cursor"> 23,17,73,60,62,43, </key>
<key name="custom"> 51,6,52,38,26,59,57, </key>
<key name="customiz"> 1,6, </key>
<key name="cut"> 80, </key>
<key name="d"> 34, </key>
<key name="dai"> 6,3, </key>
<key name="dal"> 34, </key>
<key name="dash"> 97, </key>
<key name="dat"> 78,11,14,6,38,26,79,13,82,84, </key>
<key name="data"> 80, </key>
<key name="david"> 34, </key>
<key name="day"> 46,0,4,6,26,79,58,13,15,44, </key>
<key name="db"> 79, </key>
<key name="dbrink"> 34, </key>
<key name="dd"> 38,79, </key>
<key name="de"> 48, </key>
<key name="decemb"> 38,82, </key>
<key name="decid"> 31, </key>
<key name="declin"> 7,8,12, </key>
<key name="decreas"> 43, </key>
<key name="ded"> 34, </key>
<key name="deep"> 3, </key>
<key name="default"> 0,48,4,18,6,92,38,53,54,73,98,81,61,97,64, </key>
<key name="defin"> 47,42,78,30,52,92,40,82,97, </key>
<key name="definition"> 86,82,88, </key>
<key name="delegat"> 0,42,8, </key>
<key name="delet"> 47,42,48,11,17,8,19,9,10,52,86,38,53,40,54,66,58,75,60,61,65,44, </key>
<key name="delimit"> 97, </key>
<key name="deliver"> 38,40,45,89, </key>
<key name="delivery"> 67,45, </key>
<key name="department"> 22, </key>
<key name="depend"> 28,67,92,39,55,32,74,60,57, </key>
<key name="descend"> 62, </key>
<key name="describ"> 1,28,92,38,40,69,79,80,33,77,97,84, </key>
<key name="description"> 79,80,82,84, </key>
<key name="descriptiv"> 43, </key>
<key name="design"> 29,49, </key>
<key name="designat"> 42,100, </key>
<key name="designation"> 40, </key>
<key name="desir"> 31,56,35,24, </key>
<key name="desktop"> 28,29, </key>
<key name="destination"> 56, </key>
<key name="detail"> 17,18,39,25,56,79,77,15, </key>
<key name="detect"> 29,90, </key>
<key name="determin"> 40,45,24, </key>
<key name="dialog"> 0,1,90,91,5,30,14,51,6,7,8,19,38,71,27,72,81,13,63,35,15,88,24,41, </key>
<key name="different"> 76,0,90,49,78,5,6,92,38,26,32,82,83,43,88, </key>
<key name="difficult"> 72, </key>
<key name="direct"> 29,87,79,63,34,35, </key>
<key name="directiv"> 39, </key>
<key name="directory"> 22,80, </key>
<key name="disabl"> 92,99,15, </key>
<key name="disappear"> 12,34, </key>
<key name="discard"> 38,40, </key>
<key name="disk"> 58,57, </key>
<key name="display"> 46,0,1,23,2,48,90,4,17,5,18,30,14,6,7,8,68,20,92,53,31,26,69,95,25,58,73,74,12,13,97,63,64,43,34,35,15,36,84,3,57, </key>
<key name="distinguish"> 87,82, </key>
<key name="distribution"> 21,22, </key>
<key name="division"> 99, </key>
<key name="do"> 76,29,78,30,68,38,31,40,74,98,82,84, </key>
<key name="doc"> 29, </key>
<key name="document"> 28,67,29,71,79,83, </key>
<key name="dodd"> 34, </key>
<key name="domain"> 78,30,95,79,80,83, </key>
<key name="don"> 85,90,49,50,30,38,96,58,82,97,99,34,24,44, </key>
<key name="dorothy"> 34, </key>
<key name="doubl"> 48,29,11,9,20,25,71,73,59,97,15,88,24, </key>
<key name="down"> 48,14,6,20,39,40,96,13,82,77,62,64,43,88,84, </key>
<key name="download"> 29, </key>
<key name="draft"> 90,30,53,33,84,57, </key>
<key name="drag"> 47,85,11,9,52,56,75,43,15, </key>
<key name="drop"> 47,85,52,39,40,56,75,13,82,77,43,84, </key>
<key name="e"> 67,94,45, </key>
<key name="easi"> 68, </key>
<key name="eastern"> 6, </key>
<key name="easy"> 92,15, </key>
<key name="edit"> 42,2,8,20,22,12,60,33,36, </key>
<key name="editor"> 29, </key>
<key name="edward"> 34, </key>
<key name="effect"> 98, </key>
<key name="eight"> 2, </key>
<key name="eith"> 76,46,17,30,14,6,7,8,52,68,53,26,94,55,79,12,81,13,82,35,24,44, </key>
<key name="eligibl"> 32, </key>
<key name="els"> 31, </key>
<key name="email"> 46,47,0,1,23,28,29,78,50,11,17,18,30,14,6,7,8,9,68,20,92,38,87,31,21,40,95,25,70,45,96,71,32,66,79,80,58,73,12,60,33,13,82,77,97,89,43,99,34,35,88,24,84,100,44, </key>
<key name="employe"> 32, </key>
<key name="empty"> 58,65,44, </key>
<key name="enabl"> 17,68,92,55,96,74,77,61,97,99,100, </key>
<key name="end"> 29,14,6,79,74,13,82,15, </key>
<key name="enforc"> 58, </key>
<key name="engineer"> 99, </key>
<key name="enough"> 96, </key>
<key name="ensur"> 28, </key>
<key name="ent"> 85,91,17,5,18,30,14,6,20,39,31,95,96,80,13,82,77,34,35,15,88,24,100, </key>
<key name="enter"> 17,20,81,83, </key>
<key name="entir"> 22,26,56,72,35, </key>
<key name="entri"> 17,22,71, </key>
<key name="entry"> 90,80,60, </key>
<key name="environment"> 29, </key>
<key name="equivalent"> 39, </key>
<key name="eras"> 84, </key>
<key name="erica"> 34, </key>
<key name="erica878"> 34, </key>
<key name="error"> 89, </key>
<key name="escap"> 41, </key>
<key name="etc"> 78, </key>
<key name="ev"> 40, </key>
<key name="evaluat"> 40, </key>
<key name="evaluation"> 38,40, </key>
<key name="even"> 29,30,68,38,26,40,94,25,71,24, </key>
<key name="event"> 46,0,42,39,13, </key>
<key name="eventual"> 49, </key>
<key name="every"> 6,40,89,57, </key>
<key name="everyon"> 21,74,24, </key>
<key name="ex"> 29,45, </key>
<key name="exact"> 37,38,45,32,79,60,97,99,41, </key>
<key name="exampl"> 76,47,48,28,67,29,50,91,37,5,51,6,20,38,39,26,40,69,95,55,79,80,74,82,83,99,34,88,24,41, </key>
<key name="excel"> 67,79,82,83, </key>
<key name="except"> 48,85,14,6,10,79,59,98,13,88, </key>
<key name="exception"> 30,83, </key>
<key name="exchang"> 42,74, </key>
<key name="exclusive"> 22, </key>
<key name="execut"> 39,79,80,77,84, </key>
<key name="executabl"> 67,29,71, </key>
<key name="exist"> 47,18,51,38,26,40,60,89, </key>
<key name="expand"> 29,60, </key>
<key name="expect"> 90, </key>
<key name="expens"> 29, </key>
<key name="expir"> 94, </key>
<key name="explain"> 7, </key>
<key name="explanation"> 11, </key>
<key name="explor"> 29,49, </key>
<key name="export"> 97, </key>
<key name="extend"> 100, </key>
<key name="extension"> 29,82, </key>
<key name="extra"> 53, </key>
<key name="facilitat"> 0,22, </key>
<key name="familiar"> 83, </key>
<key name="far"> 57, </key>
<key name="fast"> 32, </key>
<key name="favorit"> 63, </key>
<key name="fe"> 63, </key>

</ftswdata>  
