<?xml version='1.0' encoding='windows-1252' ?>
<ftswdata>
<key name="clear"> 58,49, </key>
<key name="click"> 0,51,2,1,105,3,27,52,89,33,34,13,21,95,22,7,23,35,17,55,8,10,24,11,12,56,90,71,25,44,91,57,36,72,28,98,30,73,59,99,74,37,14,32,75,69,84,85,61,76,62,77,15,101,63,38,94,86,16,80,18,65,66,58,67,68,19,48,102,39,40,20,41,92,106,29,107,108,103,49,109, </key>
<key name="clickabl"> 48, </key>
<key name="client"> 47,105,34,53,54,10,71,57,98,30,73,74,61,63,94,100,48,88,108,60,109, </key>
<key name="clip"> 70,34,74, </key>
<key name="clos"> 21,98,14,32,94,41,106,107, </key>
<key name="cod"> 4,34,71,85,5, </key>
<key name="collaboration"> 47,53,26,69, </key>
<key name="collective"> 45, </key>
<key name="colon"> 62,92, </key>
<key name="color"> 3,4,7,71,100,41,5, </key>
<key name="column"> 1,53,6,21,95,98,30,76,65,48,5, </key>
<key name="com"> 35,25,45,98,84,102,39,106,29, </key>
<key name="combin"> 43,45,14, </key>
<key name="combination"> 43, </key>
<key name="comma"> 28,100,39, </key>
<key name="command"> 51,34,59,48, </key>
<key name="comment"> 15, </key>
<key name="commit"> 25,101, </key>
<key name="common"> 33, </key>
<key name="communicat"> 26, </key>
<key name="company"> 2,95,22,7,23,26,45,37,87,29, </key>
<key name="compar"> 44, </key>
<key name="comparison"> 83,43,44,46, </key>
<key name="complet"> 22,35,17,8,11,25,28,38,16,19, </key>
<key name="completion"> 24,39, </key>
<key name="complex"> 45,85,88, </key>
<key name="component"> 37, </key>
<key name="compos"> 2,47,33,35,24,71,57,36,77,63,38,94,100,58,102,40,29, </key>
<key name="compound"> 84, </key>
<key name="compres"> 34, </key>
<key name="compression"> 34, </key>
<key name="comput"> 105,34,35,98,74,100, </key>
<key name="computer"> 34,74, </key>
<key name="concern"> 37, </key>
<key name="condition"> 83,43,44,45, </key>
<key name="conferenc"> 16, </key>
<key name="configur"> 34,22,35,97,37,69,79,100,58,49,60, </key>
<key name="configuration"> 57, </key>
<key name="confirm"> 0,95, </key>
<key name="confirmation"> 3,35, </key>
<key name="conflict"> 79, </key>
<key name="consider"> 81,43,31,45,73,74,46, </key>
<key name="consist"> 2,45,30,37, </key>
<key name="constrain"> 84, </key>
<key name="constraint"> 19, </key>
<key name="consum"> 61, </key>
<key name="contact"> 47,27,89,70,82,21,95,22,23,35,17,8,24,25,43,26,96,28,37,85,78,63,16,87,80,100,58,19,93,102,39,92,29,88,49,60, </key>
<key name="contain"> 47,81,70,34,82,21,83,71,43,57,26,45,72,30,73,50,74,37,84,85,76,15,87,80,64,65,46, </key>
<key name="content"> 105,52,89,70,82,22,35,42,24,56,57,30,74,37,84,76,86,87,100,65,66,58,93,88,49,60, </key>
<key name="context"> 31, </key>
<key name="contiguou"> 52, </key>
<key name="continu"> 33,44,31,97,94,39, </key>
<key name="contradictory"> 45, </key>
<key name="control"> 52,89,60, </key>
<key name="conv"> 84, </key>
<key name="convenienc"> 26,48, </key>
<key name="convention"> 48, </key>
<key name="conversation"> 47,27,89,54,91,31,72,30,73,59,32,75,84,76,77,63,80,100,67,19,48,92,60, </key>
<key name="convert"> 70,88, </key>
<key name="cook"> 83, </key>
<key name="copi"> 43,64,100,40, </key>
<key name="copy"> 35,43,58,40, </key>
<key name="copyright"> 104, </key>
<key name="corn"> 60, </key>
<key name="corporat"> 44,26,85,93,40,29, </key>
<key name="corporation"> 102, </key>
<key name="correct"> 34,17,93,41,29, </key>
<key name="correction"> 41, </key>
<key name="correctnes"> 23, </key>
<key name="correspond"> 45,74,39, </key>
<key name="correspondenc"> 53, </key>
<key name="could"> 34,55,25,43,44,31,45,74,37,85,87,102,29, </key>
<key name="count"> 57,84, </key>
<key name="creat"> 0,51,2,1,47,105,4,81,89,33,34,54,13,21,22,7,23,35,17,55,8,42,10,12,44,57,45,74,85,63,38,86,16,87,100,66,58,19,102,20,92,88,60, </key>
<key name="creator"> 106, </key>
<key name="criteria"> 81,82,25,31,84,87,80,108, </key>
<key name="criterion"> 84, </key>
<key name="csv"> 28, </key>
<key name="current"> 52,43,45,74,84,48,39,88,103,60, </key>
<key name="cursor"> 27,22,76,63,65,48,39, </key>
<key name="custom"> 55,8,56,43,31,60, </key>
<key name="customiz"> 3,8,42, </key>
<key name="d"> 39, </key>
<key name="dai"> 8,14, </key>
<key name="dal"> 39, </key>
<key name="dash"> 100, </key>
<key name="dat"> 0,105,82,13,17,8,43,31,84,16,79,87,19,88, </key>
<key name="data"> 85, </key>
<key name="david"> 39, </key>
<key name="day"> 0,2,1,4,6,8,31,14,84,61,16,100,58,20,5,49, </key>
<key name="db"> 84,39, </key>
<key name="dbrink"> 39, </key>
<key name="dd"> 84, </key>
<key name="de"> 52, </key>
<key name="decemb"> 87, </key>
<key name="decid"> 36, </key>
<key name="declin"> 9,10,15,79, </key>
<key name="decreas"> 48, </key>
<key name="ded"> 39, </key>
<key name="deep"> 5, </key>
<key name="default"> 1,22,23,35,8,42,71,43,57,72,30,76,101,86,64,100,58,67,39, </key>
<key name="defin"> 51,2,47,82,35,55,45,62,87,100, </key>
<key name="definition"> 87,92,109, </key>
<key name="delegat"> 1,47,10, </key>
<key name="delet"> 51,47,52,13,22,10,24,11,12,56,90,43,57,45,69,61,78,15,63,38,64,58,68,49, </key>
<key name="delimit"> 100, </key>
<key name="deliver"> 43,45,50,93, </key>
<key name="deliverabl"> 35, </key>
<key name="delivery"> 70,50, </key>
<key name="demand"> 72, </key>
<key name="denot"> 91, </key>
<key name="department"> 26, </key>
<key name="depend"> 33,70,35,44,57,28,37,77,63,60, </key>
<key name="descend"> 65, </key>
<key name="describ"> 3,33,45,84,85,38,80,100,88, </key>
<key name="description"> 2,17,84,85,87,100,88,109, </key>
<key name="descriptiv"> 48, </key>
<key name="design"> 34,53, </key>
<key name="designat"> 47,103, </key>
<key name="designation"> 45, </key>
<key name="desir"> 59,40,29, </key>
<key name="desktop"> 33, </key>
<key name="destination"> 59, </key>
<key name="detail"> 22,23,59,84,80,20,107,109, </key>
<key name="detect"> 34,94, </key>
<key name="determin"> 2,50,29, </key>
<key name="dialog"> 0,1,3,95,7,35,17,55,8,9,10,24,44,74,14,32,75,94,86,16,100,66,20,92,106,29,107,108,109, </key>
<key name="dictionary"> 109, </key>
<key name="different"> 1,105,4,81,53,82,7,17,8,43,57,31,37,94,87,48,92,88,60, </key>
<key name="difficult"> 75, </key>
<key name="direct"> 0,34,91,66,39,40,106, </key>
<key name="direction"> 107, </key>
<key name="directiv"> 44, </key>
<key name="directory"> 2,26,85, </key>
<key name="disabl"> 105,10,102,20, </key>
<key name="disappear"> 39, </key>
<key name="discard"> 43,45, </key>
<key name="disk"> 61, </key>
<key name="display"> 0,51,2,1,3,27,4,52,82,6,22,7,23,35,17,8,42,9,10,71,25,44,57,36,31,98,30,74,14,61,76,77,15,94,86,16,100,66,58,67,48,39,40,20,41,106,107,88,60,109, </key>
<key name="distanc"> 109, </key>
<key name="distinguish"> 91,87, </key>
<key name="distribution"> 26, </key>
<key name="division"> 102, </key>
<key name="do"> 81,34,53,82,35,43,36,45,14,76,77,101,87,106,107,108,109, </key>
<key name="doc"> 34, </key>
<key name="document"> 33,70,34,74,84,88, </key>
<key name="dodd"> 39, </key>
<key name="dog"> 88, </key>
<key name="domain"> 82,35,98,84,85,88, </key>
<key name="don"> 53,54,35,43,99,61,94,87,100,58,102,39,29,49, </key>
<key name="door"> 88, </key>
<key name="doubl"> 0,52,34,13,25,30,74,76,62,20,92,29, </key>
<key name="down"> 2,52,17,8,25,44,99,85,16,87,80,65,48,39,92,88, </key>
<key name="download"> 34,53, </key>
<key name="draft"> 35,57,78,63,38,94,58,60, </key>
<key name="drag"> 0,51,89,13,24,56,59,78,58,19,48,20, </key>
<key name="driv"> 107, </key>
<key name="drop"> 51,2,89,17,56,44,45,59,85,78,16,87,80,19,48,88, </key>
<key name="du"> 93, </key>
<key name="e"> 70,97,50, </key>
<key name="easi"> 71,88, </key>
<key name="eastern"> 17,8, </key>
<key name="easy"> 20, </key>
<key name="ed"> 40, </key>
<key name="edit"> 47,4,10,25,44,26,28,15,63,38,39,41, </key>
<key name="editor"> 34, </key>
<key name="edward"> 39, </key>
<key name="effect"> 101, </key>
<key name="eight"> 4, </key>
<key name="eith"> 0,2,81,22,35,17,8,9,10,56,71,57,31,84,15,86,16,79,87,100,58,40,106,29,49, </key>
<key name="eligibl"> 37, </key>
<key name="els"> 36, </key>
<key name="email"> 0,2,1,105,3,27,33,70,34,82,54,13,22,23,35,17,8,42,9,10,11,71,25,43,91,57,45,98,50,99,74,37,69,84,85,61,15,94,16,79,87,80,18,100,65,19,93,39,29,103,49, </key>
<key name="employe"> 37, </key>
<key name="empty"> 69,61,58,68,49, </key>
<key name="en"> 108, </key>
<key name="enabl"> 22,35,99,77,80,64,100,102,103, </key>
<key name="encyclopedia"> 108, </key>
<key name="end"> 34,17,8,84,77,16,87,100,20, </key>
<key name="enforc"> 61, </key>
<key name="engineer"> 102, </key>
<key name="enough"> 99, </key>
<key name="ent"> 0,2,89,95,22,7,23,35,17,55,8,42,25,44,36,98,99,85,16,87,80,18,66,39,40,20,92,106,29,107,108,103,109, </key>
<key name="enter"> 0,22,25,86,109, </key>
<key name="entir"> 26,31,59,75,40, </key>
<key name="entri"> 22,26,74, </key>
<key name="entry"> 85,63,94, </key>
<key name="environment"> 34, </key>

</ftswdata>  
