<?xml version='1.0' encoding='windows-1252' ?>
<!-- saved from url=(0014)about:internet -->
<ftswdata>
<key name="money"> 70, </key>
<key name="month"> 5,0,1,110,7,9,17,74, </key>
<key name="mous"> 75,0,32,76,6,127,104,89,131,142,91,72,47,25, </key>
<key name="mov"> 75,56,51,3,76,6,78,27,82,29,67,38,69,85,127,106,128,18,89,142,84,47,36,55,73, </key>
<key name="movabl"> 72, </key>
<key name="movi"> 41, </key>
<key name="mozilla"> 77, </key>
<key name="mpeg"> 41, </key>
<key name="mpg"> 41, </key>
<key name="much"> 87, </key>
<key name="multi"> 19, </key>
<key name="multipl"> 71,2,109,76,118,6,110,27,134,67,68,69,138,103,112,19,20,144,121,66,25, </key>
<key name="must"> 75,109,40,133,111,60,11,29,67,68,38,69,61,137,102,112,113,104,143,142,129,62,52,35,54,64, </key>
<key name="my"> 79,111,67,69,131, </key>
<key name="myra"> 137, </key>
<key name="myra123"> 137, </key>
<key name="�"> 133, </key>
<key name="nam"> 75,147,2,56,51,3,123,32,130,109,76,118,6,58,59,60,125,8,26,42,80,27,134,9,28,119,29,30,67,68,31,99,33,61,137,138,44,34,17,112,113,87,104,88,107,128,89,114,19,20,108,22,129,62,54,92,23,144,47,64,121,36,116,25,74,86, </key>
<key name="navigat"> 79,137,142,86,95, </key>
<key name="navigation"> 51,123,125,127,128,52,55, </key>
<key name="ne"> 122,130,41,42,134,9,137,131,20,129,62,52,54,24, </key>
<key name="nearest"> 67, </key>
<key name="necessary"> 9,68,112,23, </key>
<key name="need"> 122,42,120,87,36, </key>
<key name="negativ"> 69, </key>
<key name="network"> 102, </key>
<key name="nev"> 115,46, </key>
<key name="new"> 71,0,3,123,32,118,40,41,58,79,133,59,60,125,8,26,42,80,27,134,9,68,83,43,38,69,99,33,16,137,138,139,100,85,127,140,44,112,104,107,18,143,89,45,20,115,142,62,35,54,92,84,47,48,64,121,36,116,55,25,74, </key>
<key name="newest"> 104, </key>
<key name="next"> 124,79,26,9,67,68,83,99,37,102,44,34,104,19,20,115,22,93,72,48,121, </key>
<key name="nolink"> 64, </key>
<key name="non"> 58,11,67,129,35,54, </key>
<key name="normal"> 122,67,45,65,70, </key>
<key name="not"> 147,123,40,41,133,59,26,27,9,11,61,137,101,107,20,115,129,62,35,54,72,116,25,74, </key>
<key name="notab"> 41, </key>
<key name="notebook"> 71,56,57,58,59,60,61,87,62,64,65,66, </key>
<key name="notepad"> 41, </key>
<key name="noth"> 76, </key>
<key name="notic"> 56,51,3,128,18, </key>
<key name="notifi"> 140,65, </key>
<key name="notification"> 41,11,61,101,140,87,18,142,129,62,35,54, </key>
<key name="notify"> 58,129,62,54, </key>
<key name="novemb"> 4, </key>
<key name="now"> 130, </key>
<key name="numb"> 147,130,41,120,83,99,33,37,39,112,113,87,104,107,142,84,144,64,25,73, </key>
<key name="number"> 110,98,72,49,25, </key>
<key name="numeric"> 142, </key>
<key name="nut"> 115, </key>
<key name="�"> 133, </key>
<key name="object"> 110,112,22,66, </key>
<key name="occur"> 2,136,107, </key>
<key name="occurrenc"> 14, </key>
<key name="off"> 77,120,69,105,142,93,145,86, </key>
<key name="offer"> 71,79,137,116,74, </key>
<key name="offic"> 122,2,40,22,142,52,116,145, </key>
<key name="often"> 41,133,142,52, </key>
<key name="ok"> 118,58,133,60,125,8,80,9,11,14,30,15,68,33,16,61,85,127,17,53,114,19,20,129,62,35,54,92,23,121,36,24,74, </key>
<key name="old"> 133,38,96,87,107, </key>
<key name="omit"> 67, </key>
<key name="on"> 5,75,71,0,1,32,4,109,76,118,41,7,78,8,26,42,80,134,81,11,28,14,67,68,38,69,138,37,85,127,44,34,17,112,113,21,115,142,52,35,91,46,72,144,47,48,121,24,70,66,55,25,74,86, </key>
<key name="onc"> 4,76,118,120,31,38,47,145, </key>
<key name="ongo"> 107, </key>
<key name="onto"> 118, </key>
<key name="open"> 5,71,0,1,56,51,3,123,130,109,76,40,97,41,110,7,58,124,59,125,26,42,80,134,81,126,14,29,30,68,43,38,61,137,138,139,100,127,102,103,112,104,107,128,18,45,114,115,108,22,141,142,92,84,23,144,36,116,24,55,74, </key>
<key name="operat"> 131, </key>
<key name="operation"> 57, </key>
<key name="operator"> 67,112,70, </key>
<key name="opt"> 41, </key>
<key name="option"> 0,1,2,32,130,109,118,97,7,58,78,79,133,132,111,42,9,10,11,30,15,67,68,43,69,33,16,137,37,140,112,105,107,18,143,19,108,90,142,129,62,35,54,93,48,49,65,24,25,74,95, </key>
<key name="optional"> 71,56,51,3,123,43,61,44,128,64,86, </key>
<key name="orclick"> 107, </key>
<key name="ord"> 109,118,42,68,38,69,61,137,112,87,143,91,64, </key>
<key name="order"> 38, </key>
<key name="organiz"> 75,122,71,78,142,52,66, </key>
<key name="organization"> 71,31,61,101,36,66, </key>
<key name="original"> 2,37,107,89,142,46,50, </key>
<key name="originator"> 12, </key>
<key name="os"> 74, </key>
<key name="other"> 1,123,11,67,137,102,129,66,25, </key>
<key name="otherwis"> 120,104,48, </key>
<key name="out"> 2,77,78,67,136,137,22,142,52,92,145,73, </key>
<key name="outgo"> 130,134,142, </key>
<key name="outlook"> 83, </key>
<key name="outsid"> 102,66, </key>
<key name="overview"> 75,147,118,60,8,80,81,119,83,37,114,92,121,86, </key>
<key name="own"> 71,61, </key>
<key name="pacific"> 9,20, </key>
<key name="packag"> 40, </key>
<key name="pad"> 57, </key>
<key name="pag"> 71,2,123,57,41,58,124,59,42,81,14,31,69,127,103,113,87,107,20,142,62,54,23,72,63,64,65,116,24,66,74,86, </key>
<key name="paint"> 41, </key>
<key name="pan"> 75,122,147,51,123,109,118,110,124,59,60,125,8,26,42,80,81,119,83,38,37,85,127,112,104,105,128,18,114,115,108,142,52,91,92,84,93,94,72,121,116,55,86, </key>
<key name="pap"> 97,102, </key>
<key name="paragraph"> 65, </key>
<key name="paramet"> 112, </key>
<key name="parameter"> 2, </key>
<key name="parent"> 80, </key>
<key name="parenthes"> 83,99,37,112,104, </key>
<key name="parenthesi"> 112, </key>
<key name="part"> 57,41,68,38,44,107,46,47,65,86, </key>
<key name="particular"> 71,69,91,116, </key>
<key name="partner"> 71, </key>
<key name="party"> 147,83,86, </key>
<key name="pas"> 32,104,89,91,72,25, </key>
<key name="password"> 130,133,11,135,137,143,142,129,62,52,35,54, </key>
<key name="path"> 61, </key>
<key name="pattern"> 9, </key>
<key name="pdf"> 109,97,41,112,115, </key>
<key name="peopl"> 122,0,1,112,145, </key>
<key name="per"> 17,21,142, </key>
<key name="percentag"> 122,123, </key>
<key name="perform"> 109,76,110,68,112,89,72,116, </key>
<key name="performanc"> 71, </key>
<key name="perhap"> 69,108, </key>
<key name="period"> 41,6,136,137,96,84,94,116,145, </key>
<key name="periodical"> 136, </key>
<key name="permanent"> 96, </key>
<key name="permission"> 71,58,11,53,129,62,52,35,54,66,55, </key>
<key name="permit"> 41, </key>
<key name="person"> 56,51,3,42,107,128,89,142,145, </key>
<key name="persona"> 130,134,138, </key>
<key name="personal"> 5,122,71,1,8,26,27,134,31,138,102,113,89,142,121,36,116,25, </key>
<key name="phon"> 147,110,112,113,25, </key>
<key name="photoshop"> 41, </key>
<key name="phras"> 68,115,116, </key>
<key name="pick"> 9,20, </key>
<key name="pictur"> 40, </key>
<key name="plac"> 130,97,60,80,67,83,101,85,104,107,84,94,144,66,73, </key>
<key name="placehold"> 70, </key>
<key name="placement"> 142, </key>
<key name="plain"> 42,98,142, </key>
<key name="plan"> 2, </key>
<key name="play"> 41, </key>
<key name="playabl"> 41, </key>
<key name="plu"> 46,116, </key>
<key name="plug"> 41, </key>
<key name="podcast"> 92, </key>
<key name="point"> 97,102,86, </key>
<key name="pol"> 99,142, </key>
<key name="polici"> 41,96, </key>
<key name="policy"> 97,101,96,112,87, </key>
<key name="pop"> 130,138,139,89,131,142,50, </key>
<key name="pop3"> 71, </key>
<key name="popular"> 77, </key>
<key name="populat"> 26,107,23,25, </key>
<key name="port"> 130, </key>
<key name="portion"> 67,89,131,47,36, </key>
<key name="possib"> 84,73, </key>
<key name="possibl"> 98,131,115,47, </key>
<key name="post"> 11, </key>
<key name="powerful"> 113, </key>
<key name="powerpoint"> 97,116, </key>
<key name="pr"> 110,26,80, </key>
<key name="practic"> 102, </key>
<key name="preced"> 67, </key>
<key name="predefin"> 65, </key>
<key name="pref"> 79,59,137,142,24,74, </key>
<key name="prefer"> 79, </key>
<key name="preferenc"> 5,71,7,79,133,132,42,134,81,98,68,99,138,139,96,105,107,143,20,141,142,84,93,144,145,86, </key>
<key name="prefix"> 112,107,142,117,116, </key>
<key name="preformat"> 65, </key>
<key name="pres"> 123,9,19,20, </key>
<key name="presenc"> 67,69,37, </key>
<key name="present"> 67,17, </key>
<key name="preserv"> 43,87,107, </key>
<key name="president"> 144, </key>
<key name="presum"> 44, </key>
<key name="prevent"> 67,69,137, </key>
<key name="preview"> 147, </key>
<key name="previou"> 76,68,83,17,107,142, </key>
<key name="previous"> 110,115, </key>
<key name="primary"> 48, </key>
<key name="print"> 1,39,103,34,17,89, </key>
<key name="priority"> 122,71,123,115,121, </key>
<key name="privacy"> 137, </key>
<key name="privileg"> 58,11,61,129,62,35,54,25, </key>
<key name="probab"> 77, </key>
<key name="problem"> 133,46, </key>
<key name="proce"> 68, </key>
<key name="procedur"> 115, </key>
<key name="proceed"> 92, </key>
<key name="proces"> 57,102,65,116, </key>
<key name="produc"> 42,112,142, </key>
<key name="product"> 52, </key>
<key name="program"> 71,147,40,41,44, </key>
<key name="progres"> 122,71,123, </key>
<key name="project"> 122,123,38,61, </key>
<key name="project1"> 61, </key>

</ftswdata>  
