<?xml version='1.0' encoding='windows-1252' ?>
<indexdata>
<key name="accepting access to notebooks" >
  <topic name="Accepting Access to a Documents Notebook" url="documents/accepting_access_to_a_documents_notebook.htm" />
</key>
<key name="adding contacts" >
  <topic name="Creating a new contact" url="contacts/creating_a_new_contact.htm" />
</key>
<key name="address book sharing" >
  <topic name="Sharing your Address Book" url="contacts/sharing_your_address_book.htm" />
</key>
<key name="address book, editing shared access" >
  <topic name="Sharing your Address Book" url="contacts/sharing_your_address_book.htm" />
</key>
<key name="address book, group contacts" >
  <topic name="Creating Group Contact Lists" url="contacts/creating_group_contact_lists.htm" />
</key>
<key name="address book, removing access" >
  <topic name="Sharing your Address Book" url="contacts/sharing_your_address_book.htm" />
</key>
<key name="address books, importing" >
  <topic name="Importing Contacts" url="contacts/importing_contacts.htm" />
</key>
<key name="address completion in mail" >
  <topic name="Using address lookup" url="creating_messages/using_address_lookup.htm" />
</key>
<key name="all day appointment" >
  <topic name="Scheduling All Day events" url="calendar/scheduling_all_day_events.htm" />
</key>
<key name="appointment reminder" >
  <topic name="Setting your user preferences" url="userspecific/setting_your_user_preferences.htm" />
</key>
<key name="appointment, quickadd" >
  <topic name="Using QuickAdd to Create an Appointment" url="calendar/using_quickadd_to_create_an_appointment.htm" />
</key>
<key name="appointments" >
  <topic name="About Appointments, Meetings and Events" url="calendar/about_appointments,_meetings_and_events.htm" />
</key>
<key name="archiving messages" >
  <topic name="purging messages" url="reading_mail/archiving_old_messages.htm" />
</key>
<key name="assistant" >
  <topic name="Zimbra Assistant" url="miscellaneous_one_off_topics/zimbra_assistant.htm" />
</key>
<key name="Attaching" >
  <topic name="Attaching files to a mail message" url="creating_messages/attaching_files_to_a_mail_message.htm" />
  <key name="files" >
    <topic name="Attaching files to a mail message" url="creating_messages/attaching_files_to_a_mail_message.htm" />
  </key>
</key>
<key name="Attachment Blocking" >
  <topic name="Attachment Blocking" url="reading_mail/attachment_blocking.htm" />
  <topic name="Message blocking feature" url="message_blocking_feature.htm" />
</key>
<key name="Attachment File Types Supported" >
  <topic name="Attachment File Types Supported" url="creating_messages/attachment_file_types_supported.htm" />
</key>
<key name="attachments" >
  <topic name="Opening file attachments" url="reading_mail/opening_file_attachments.htm" />
</key>
<key name="auto-complete addresses" >
  <topic name="Using address lookup" url="creating_messages/using_address_lookup.htm" />
</key>
<key name="blocking attachments" >
  <topic name="Attachment Blocking" url="reading_mail/attachment_blocking.htm" />
</key>
<key name="browsers" >
  <topic name="Browser use with Zimbra" url="navigation_folders_and_tips/browser_use_with_liquid_mail.htm" />
</key>
<key name="calendar view" >
  <topic name="About Zimbra Calendar" url="calendar/about_calendar.htm" />
</key>
<key name="calendar, about" >
  <topic name="About Zimbra Calendar" url="calendar/about_calendar.htm" />
</key>
<key name="calendar, access permissions" >
  <topic name="Delegating Calendar Access" url="calendar/delegating_calendar_access.htm" />
</key>
<key name="calendar, events" >
  <topic name="Scheduling All Day events" url="calendar/scheduling_all_day_events.htm" />
</key>
<key name="calendar, free/busy" >
  <topic name="Seeing free/busy times" url="calendar/seeing_free_busy_times.htm" />
</key>
<key name="calendar, printing" >
  <topic name="Printing a calendar" url="calendar/printing_a_calendar.htm" />
</key>
<key name="CamelCase words" >
  <topic name="Using keywords" url="documents/using_keywords.htm" />
</key>
<key name="Camelcase words, do not create a link" >
  <topic name="Using keywords" url="documents/using_keywords.htm" />
</key>
<key name="changing an appointment" >
  <topic name="Changing recurring appointments" url="calendar/deleting_recurring_appointments.htm" />
</key>
<key name="changing options" >
  <topic name="Setting your user preferences" url="userspecific/setting_your_user_preferences.htm" />
</key>
<key name="check mail" >
  <topic name="How to tell when you've got new mail" url="reading_mail/how_to_tell_when_you_ve_got_new_mail.htm" />
</key>
<key name="checking for new messages" >
  <topic name="How to tell when you've got new mail" url="reading_mail/how_to_tell_when_you_ve_got_new_mail.htm" />
</key>
<key name="contact" >
  <topic name="Contacts" url="contacts/contacts.htm" />
  <topic name="Creating a new contact" url="contacts/creating_a_new_contact.htm" />
  <topic name="Editing a contact" url="contacts/editing_a_contact.htm" />
  <key name="Editing" >
    <topic name="Editing a contact" url="contacts/editing_a_contact.htm" />
  </key>
</key>
<key name="contact, printing list" >
  <topic name="Printing Contacts" url="contacts/printing_contacts.htm" />
</key>
<key name="Contacts Automatically" >
  <topic name="Adding a contacts, Automatically" url="contacts/importing_a_contact_from_the_company_directory.htm" />
</key>
<key name="Contacts List" >
  <topic name="Contacts" url="contacts/contacts.htm" />
</key>
<key name="contacts, importing" >
  <topic name="Importing Contacts" url="contacts/importing_contacts.htm" />
</key>
<key name="conversation view" >
  <topic name="Managing your email message view" url="conversations/conversation_list_view.htm" />
</key>
<key name="Conversations" >
  <topic name="Conversations can span folders" url="conversations/conversations_can_span_folders.htm" />
  <topic name="Printing a conversation" url="conversations/printing_a_conversation.htm" />
  <key name="Printing" >
    <topic name="Printing a conversation" url="conversations/printing_a_conversation.htm" />
  </key>
  <key name="Sorting" >
    <topic name="Sorting conversations" url="navigation_folders_and_tips/sorting_conversations.htm" />
  </key>
</key>
<key name="corporate address book" >
  <topic name="Using the corporate address book" url="contacts/using_the_corporate_address_book.htm" />
</key>
<key name="create an appointment from a message" >
  <topic name="Zimbra Assistant" url="miscellaneous_one_off_topics/zimbra_assistant.htm" />
</key>
<key name="Creating" >
  <topic name="Creating a new mail message" url="creating_messages/creating_a_new_mail_message.htm" />
  <key name="new mail message" >
    <topic name="Creating a new mail message" url="creating_messages/creating_a_new_mail_message.htm" />
  </key>
</key>
<key name="creating Documents notebook" >
  <topic name="Create new notebooks" url="documents/create_multiple_notebooks.htm" />
</key>
<key name="creating tags" >
  <topic name="Using tags to classify mail messages" url="tags_and_flags/using_tags_to_classify_mail_messages.htm" />
</key>
<key name="custom folders" >
  <topic name="Creating custom folders" url="navigation_folders_and_tips/creating_custom_folders.htm" />
</key>
<key name="declining a calendar share request" >
  <topic name="Declining a Calendar Share Request" url="calendar/declining_a_calendar_share_request.htm" />
</key>
<key name="delegate access to your calendar" >
  <topic name="Delegating Calendar Access" url="calendar/delegating_calendar_access.htm" />
</key>
<key name="Deleting" >
  <topic name="Deleting folders" url="navigation_folders_and_tips/deleting_folders.htm" />
  <key name="folders" >
    <topic name="Deleting folders" url="navigation_folders_and_tips/deleting_folders.htm" />
  </key>
</key>
<key name="deleting recurring appointments" >
  <topic name="Changing recurring appointments" url="calendar/deleting_recurring_appointments.htm" />
</key>
<key name="Documents, adding tables" >
  <topic name="Adding a table to a Notebook Page" url="documents/adding_a_table_to_a_wiki_notebook_page.htm" />
</key>
<key name="Documents, change access permissions" >
  <topic name="Cancelling access to your Documents wiki folder" url="documents/cancelling_access_to_your_documents_wiki_folder.htm" />
</key>
<key name="Documents, creating new pages" >
  <topic name="Create a new page" url="documents/create_a_new_page.htm" />
</key>
<key name="Documents, creating notebook" >
  <topic name="Create new notebooks" url="documents/create_multiple_notebooks.htm" />
</key>
<key name="Documents, rich text editor" >
  <topic name="Using the rich text editor" url="documents/using_the_rich_text_editor.htm" />
</key>
<key name="Documents, sharing" >
  <topic name="Sharing wiki folders" url="documents/sharing_notebooks.htm" />
</key>
<key name="Documents, using keywords" >
  <topic name="Using keywords" url="documents/using_keywords.htm" />
</key>
<key name="draft message" >
  <topic name="Saving a draft message" url="creating_messages/saving_a_draft_message.htm" />
</key>
<key name="drag and drop" >
  <topic name="Zimbra Web Client Workspace" url="navigation_folders_and_tips/navigating_through_the_user_interface.htm" />
</key>
<key name="Edit Contact" >
  <topic name="Editing a contact" url="contacts/editing_a_contact.htm" />
</key>
<key name="Email Message" >
  <topic name="Parts of an Email Message" url="creating_messages/parts_of_an_email_message.htm" />
</key>
<key name="email message view" >
  <topic name="Managing your email message view" url="conversations/conversation_list_view.htm" />
</key>
<key name="Empty Trash" >
  <topic name="Quotas" url="navigation_folders_and_tips/quotas.htm" />
</key>
<key name="equipment, reserving" >
  <topic name="Scheduling Resources" url="calendar/scheduling_resources.htm" />
</key>
<key name="events" >
  <topic name="About Appointments, Meetings and Events" url="calendar/about_appointments,_meetings_and_events.htm" />
  <topic name="Scheduling All Day events" url="calendar/scheduling_all_day_events.htm" />
</key>
<key name="features of Zimbra Web Client" >
  <topic name="About Zimbra Collaboration Suite" url="getting_started/about_liquid_mail.htm" />
</key>
<key name="Filter Conditions" >
  <topic name="Filter Conditions and Actions Supported" url="filters/filter_conditions_and_actions_supported.htm" />
  <topic name="How Filtering Works" url="filters/how_filtering_works.htm" />
</key>
<key name="filter, how it works" >
  <topic name="How Filtering Works" url="filters/how_filtering_works.htm" />
</key>
<key name="filtering messages" >
  <topic name="Filtering your messages" url="filters/filtering_your_messages.htm" />
</key>
<key name="Flagging" >
  <topic name="Flagging an email message" url="tags_and_flags/flagging_an_email_message.htm" />
  <key name="email message" >
    <topic name="Flagging an email message" url="tags_and_flags/flagging_an_email_message.htm" />
  </key>
</key>
<key name="folder, RSS feed" >
  <topic name="Subscribe to RSS/ATOM feed " url="navigation_folders_and_tips/subscribe_to_rss_atom_feed_.htm" />
</key>
<key name="folders" >
  <topic name="About folders" url="navigation_folders_and_tips/about_folders.htm" />
  <topic name="Renaming folders" url="navigation_folders_and_tips/renaming_folders.htm" />
</key>
<key name="folders pane" >
  <topic name="Folders area" url="navigation_folders_and_tips/folders_area.htm" />
</key>
<key name="Forwarding" >
  <topic name="Forwarding a mail message" url="creating_messages/forwarding_a_mail_message.htm" />
</key>
<key name="forwarding email address" >
  <topic name="Setting your user preferences" url="userspecific/setting_your_user_preferences.htm" />
</key>
<key name="forwarding your email" >
  <topic name="Setting a Forwarding Address" url="userspecific/setting_a_forwarding_address.htm" />
</key>
<key name="free/busy" >
  <topic name="Seeing free/busy times" url="calendar/seeing_free_busy_times.htm" />
</key>
<key name="full mailbox" >
  <topic name="Quotas" url="navigation_folders_and_tips/quotas.htm" />
</key>
<key name="GAL vs Contacts" >
  <topic name="GAL vs Contacts" url="contacts/gal_vs_contacts.htm" />
</key>
<key name="getting started in notebooks" >
  <topic name="Working in Notebooks" url="documents/working_in_notebooks.htm" />
</key>
<key name="group contacts" >
  <topic name="Creating Group Contact Lists" url="contacts/creating_group_contact_lists.htm" />
</key>
<key name="how to create appointments" >
  <topic name="About Appointments, Meetings and Events" url="calendar/about_appointments,_meetings_and_events.htm" />
</key>
<key name="how to set initial content pane view" >
  <topic name="Setting your user preferences" url="userspecific/setting_your_user_preferences.htm" />
</key>
<key name="HTML" >
  <topic name="Displaying HTML in email messages" url="reading_mail/displaying_html_in_email_messages.htm" />
</key>
<key name="HTML, set default settings" >
  <topic name="Setting your user preferences" url="userspecific/setting_your_user_preferences.htm" />
</key>
<key name="html, view mail as" >
  <topic name="Setting your user preferences" url="userspecific/setting_your_user_preferences.htm" />
</key>
<key name="identities" >
  <topic name="Mail Identities" url="userspecific/mail_identities.htm" />
</key>
<key name="importing address books" >
  <topic name="Importing Contacts" url="contacts/importing_contacts.htm" />
</key>
<key name="importing contacts" >
  <topic name="Importing Contacts" url="contacts/importing_contacts.htm" />
</key>
<key name="interface features" >
  <topic name="Zimbra Web Client Workspace" url="navigation_folders_and_tips/navigating_through_the_user_interface.htm" />
</key>
<key name="invitation moved to trash" >
  <topic name="Responding to an invitation" url="calendar/responding_to_an_invitation.htm" />
</key>
<key name="invitation, responding" >
  <topic name="Responding to an invitation" url="calendar/responding_to_an_invitation.htm" />
</key>
<key name="keyboard shortcuts" >
  <topic name="ZWC Keyboard Shortcut Keys" url="navigation_folders_and_tips/zwc_keyboard_shortcut_keys.htm" />
</key>
<key name="keywords, do not create a link" >
  <topic name="Using keywords" url="documents/using_keywords.htm" />
</key>
<key name="linking using keywords, how not to link" >
  <topic name="Using keywords" url="documents/using_keywords.htm" />
</key>
<key name="location, reserving" >
  <topic name="Scheduling Resources" url="calendar/scheduling_resources.htm" />
</key>
<key name="logging off" >
  <topic name="Logging on and off" url="userspecific/logging_on_and_off.htm" />
</key>
<key name="mail" >
  <topic name="Reading mail" url="reading_mail/reading_mail.htm" />
  <key name="Reading" >
    <topic name="Reading mail" url="reading_mail/reading_mail.htm" />
  </key>
</key>
<key name="mail notification" >
  <topic name="New mail notifications" url="userspecific/new_mail_notifications.htm" />
</key>

</indexdata>
