<?xml version='1.0' encoding='windows-1252' ?>
<indexdata>
<key name="search queries" >
  <topic name="Building search queries" url="Search/building_search_queries.htm" />
  <topic name="Saving search queries" url="Search/saving_search_queries.htm" />
  <key name="Saving" >
    <topic name="Saving search queries" url="Search/saving_search_queries.htm" />
  </key>
</key>
<key name="Search syntax" >
  <topic name="Search syntax" url="Search/search_syntax.htm" />
</key>
<key name="search, and/or" >
  <topic name="&quot;And&quot; vs. &quot;Or&quot; type searches" url="Search/_and__vs.__or__type_searches.htm" />
</key>
<key name="searching for a message" >
  <topic name="Searching for messsages" url="Search/_search__vs.__search_for_.htm" />
</key>
<key name="Sent folder" >
  <topic name="Sent folder" url="Navigation_folders_and_tips/sent_folder.htm" />
</key>
<key name="session expires" >
  <topic name="If your session expires" url="Userspecific/if_your_session_expires.htm" />
</key>
<key name="share your calendar" >
  <topic name="Delegating Calendar Access" url="Calendar/Delegating_Calendar_Access.htm" />
</key>
<key name="signature" >
  <topic name="Using a signature" url="Userspecific/using_a_signature.htm" />
</key>
<key name="sorting contents pane columns" >
  <topic name="Sorting conversations" url="Navigation_folders_and_tips/sorting_conversations.htm" />
</key>
<key name="Spam" >
  <topic name="Spam filtering" url="junk_delete/spam_filtering.htm" />
</key>
<key name="spell check" >
  <topic name="Using Spell Check" url="Creating_Messages/Using_Spell_Check.htm" />
</key>
<key name="tags" >
  <topic name="Assigning tags to messages" url="Tags_and_flags/Assigning_tags_to_messages.htm" />
  <topic name="Deleting tags" url="Tags_and_flags/deleting_tags.htm" />
  <key name="Assigning" >
    <topic name="Assigning tags to messages" url="Tags_and_flags/Assigning_tags_to_messages.htm" />
  </key>
  <key name="Deleting" >
    <topic name="Deleting tags" url="Tags_and_flags/deleting_tags.htm" />
  </key>
</key>
<key name="Traditional View" >
  <topic name="Traditional View" url="Navigation_folders_and_tips/Traditional_View.htm" />
</key>
<key name="Trash folder" >
  <topic name="Trash folder" url="Navigation_folders_and_tips/trash_folder.htm" />
</key>
<key name="Undeliverable mail" >
  <topic name="Undeliverable mail" url="undeliverable_mail.htm" />
</key>
<key name="User Interface Features" >
  <topic name="User Interface Features and Shortcuts" url="Getting_Started/user_interface_features_and_shortcuts.htm" />
</key>
<key name="user preferences" >
  <topic name="Setting your user preferences" url="Userspecific/Setting_your_user_preferences.htm" />
</key>
<key name="Using tags" >
  <topic name="Using tags to classify mail messages" url="Tags_and_flags/Using_tags_to_classify_mail_messages.htm" />
</key>
<key name="Vacation message" >
  <topic name="Vacation message" url="Userspecific/vacation_message.htm" />
</key>
<key name="view, calendar" >
  <topic name="About Zimbra Calendar" url="Calendar/About_Calendar.htm" />
</key>
<key name="Wildcards" >
  <topic name="Wildcards" url="filters/wildcards.htm" />
</key>

</indexdata>
