<?xml version='1.0' encoding='windows-1252' ?>
<indexdata>
<key name="meetings" >
  <topic name="About Appointments, Meetings and Events" url="calendar/about_appointments,_meetings_and_events.htm" />
  <topic name="About the Appointment Page" url="calendar/about_the_appointment_page.htm" />
</key>
<key name="menus, right-click" >
  <topic name="Right-click menus" url="navigation_folders_and_tips/right-click_menus.htm" />
</key>
<key name="message view" >
  <topic name="Managing your email message view" url="conversations/conversation_list_view.htm" />
</key>
<key name="messages, vacation" >
  <topic name="Vacation message" url="userspecific/vacation_message.htm" />
</key>
<key name="Moving" >
  <topic name="Moving mail messages between folders" url="navigation_folders_and_tips/moving_mail_messages_between_folders.htm" />
  <key name="mail messages between folders" >
    <topic name="Moving mail messages between folders" url="navigation_folders_and_tips/moving_mail_messages_between_folders.htm" />
  </key>
</key>
<key name="Navigating" >
  <topic name="Navigating through the user interface" url="navigation_folders_and_tips/navigating_through_the_user_interface.htm" />
</key>
<key name="navigation" >
  <topic name="Folders area" url="navigation_folders_and_tips/folders_area.htm" />
</key>
<key name="navigation, keyboard" >
  <topic name="ZWC Keyboard Shortcut Keys" url="navigation_folders_and_tips/zwc_keyboard_shortcut_keys.htm" />
</key>
<key name="new messages" >
  <topic name="How to tell when you've got new mail" url="reading_mail/how_to_tell_when_you_ve_got_new_mail.htm" />
</key>
<key name="notebook" >
  <topic name="Working in Notebooks" url="documents/working_in_notebooks.htm" />
</key>
<key name="notebook pages" >
  <topic name="Create a new page" url="documents/create_a_new_page.htm" />
</key>
<key name="option, vacation message" >
  <topic name="Vacation message" url="userspecific/vacation_message.htm" />
</key>
<key name="options" >
  <topic name="Setting your user preferences" url="userspecific/setting_your_user_preferences.htm" />
</key>
<key name="options, changing" >
  <topic name="Changing Your User Options" url="userspecific/changing_your_user_options.htm" />
</key>
<key name="options, new mail notification" >
  <topic name="New mail notifications" url="userspecific/new_mail_notifications.htm" />
</key>
<key name="options, restoring default" >
  <topic name="Restore Default Options" url="userspecific/the__restore_defaults__button.htm" />
</key>
<key name="options, view reading pane" >
  <topic name="Reading Mail from the Reading Pane" url="reading_mail/reading_mail_from_the_reading_pane.htm" />
</key>
<key name="overview pane" >
  <topic name="Folders area" url="navigation_folders_and_tips/folders_area.htm" />
</key>
<key name="pages, Documents" >
  <topic name="Create a new page" url="documents/create_a_new_page.htm" />
</key>
<key name="password" >
  <topic name="Changing your password" url="userspecific/chaning_your_password.htm" />
  <topic name="If you forget your password" url="userspecific/if_you_forget_your_password.htm" />
</key>
<key name="permissions, changing access to notebooks" >
  <topic name="Cancelling access to your Documents wiki folder" url="documents/cancelling_access_to_your_documents_wiki_folder.htm" />
</key>
<key name="Personal Contacts" >
  <topic name="Editing a contact" url="contacts/editing_a_contact.htm" />
</key>
<key name="personal distribution lists" >
  <topic name="Creating Group Contact Lists" url="contacts/creating_group_contact_lists.htm" />
</key>
<key name="planning a meeting" >
  <topic name="About the Appointment Page" url="calendar/about_the_appointment_page.htm" />
</key>
<key name="polling for new mail" >
  <topic name="Setting your user preferences" url="userspecific/setting_your_user_preferences.htm" />
</key>
<key name="preferences" >
  <topic name="Setting your user preferences" url="userspecific/setting_your_user_preferences.htm" />
</key>
<key name="preferences, changing" >
  <topic name="Changing Your User Options" url="userspecific/changing_your_user_options.htm" />
</key>
<key name="preferences, view reading pane" >
  <topic name="Reading Mail from the Reading Pane" url="reading_mail/reading_mail_from_the_reading_pane.htm" />
</key>
<key name="preview pane, turning on or off" >
  <topic name="Reading Mail from the Reading Pane" url="reading_mail/reading_mail_from_the_reading_pane.htm" />
</key>
<key name="Printing" >
  <topic name="Printing a conversation" url="conversations/printing_a_conversation.htm" />
  <topic name="Printing a mail message" url="reading_mail/printing_a_mail_message.htm" />
  <key name="mail message" >
    <topic name="Printing a mail message" url="reading_mail/printing_a_mail_message.htm" />
  </key>
</key>
<key name="printing a calendar" >
  <topic name="Printing a calendar" url="calendar/printing_a_calendar.htm" />
</key>
<key name="printing contacts" >
  <topic name="Printing Contacts" url="contacts/printing_contacts.htm" />
</key>
<key name="Query language description" >
  <topic name="Query language description" url="search/query_language_description.htm" />
</key>
<key name="quick add" >
  <topic name="Using Quick to Create an Appointment" url="calendar/using_quickadd_to_create_an_appointment.htm" />
</key>
<key name="Quick search" >
  <topic name="Quick search" url="search/quick_search.htm" />
</key>
<key name="QuickAdd" >
  <topic name="Using QuickAdd to Create an Appointment" url="calendar/using_quickadd_to_create_an_appointment.htm" />
</key>
<key name="Quotas" >
  <topic name="Quotas" url="navigation_folders_and_tips/quotas.htm" />
</key>
<key name="reading pane" >
  <topic name="Reading Mail from the Reading Pane" url="reading_mail/reading_mail_from_the_reading_pane.htm" />
</key>
<key name="receiving mail" >
  <topic name="How to tell when you've got new mail" url="reading_mail/how_to_tell_when_you_ve_got_new_mail.htm" />
</key>
<key name="Recovering" >
  <topic name="Recovering deleted mail messages" url="recovering_deleted_mail_messages.htm" />
  <key name="deleted mail messages" >
    <topic name="Recovering deleted mail messages" url="recovering_deleted_mail_messages.htm" />
  </key>
</key>
<key name="recurring appointments, changing" >
  <topic name="Changing recurring appointments" url="calendar/deleting_recurring_appointments.htm" />
</key>
<key name="remember me on this computer" >
  <topic name="Logging on and off" url="userspecific/logging_on_and_off.htm" />
</key>
<key name="Replying" >
  <topic name="Replying to mail messages" url="reading_mail/replying_to_mail_messages.htm" />
  <key name="mail messages" >
    <topic name="Replying to mail messages" url="reading_mail/replying_to_mail_messages.htm" />
  </key>
</key>
<key name="reserving rooms and equipment" >
  <topic name="Scheduling Resources" url="calendar/scheduling_resources.htm" />
</key>
<key name="resource" >
  <topic name="Scheduling Resources" url="calendar/scheduling_resources.htm" />
</key>
<key name="Restore Default Options" >
  <topic name="Restore Default Options" url="userspecific/the__restore_defaults__button.htm" />
</key>
<key name="restoring default options" >
  <topic name="Restore Default Options" url="userspecific/the__restore_defaults__button.htm" />
</key>
<key name="revoke calendar privileges" >
  <topic name="Delegating Calendar Access" url="calendar/delegating_calendar_access.htm" />
</key>
<key name="revoking permissions on address book" >
  <topic name="Sharing your Address Book" url="contacts/sharing_your_address_book.htm" />
</key>
<key name="rich text editor for Document pages" >
  <topic name="Using the rich text editor" url="documents/using_the_rich_text_editor.htm" />
</key>
<key name="Right-click menus" >
  <topic name="Right-click menus" url="navigation_folders_and_tips/right-click_menus.htm" />
</key>
<key name="right click" >
  <topic name="Zimbra Web Client Workspace" url="navigation_folders_and_tips/navigating_through_the_user_interface.htm" />
</key>
<key name="roles" >
  <topic name="Mail Identities" url="userspecific/mail_identities.htm" />
</key>
<key name="RSS feed" >
  <topic name="Subscribe to RSS/ATOM feed " url="navigation_folders_and_tips/subscribe_to_rss_atom_feed_.htm" />
</key>
<key name="rules, filter" >
  <topic name="Filtering your messages" url="filters/filtering_your_messages.htm" />
  <topic name="How Filtering Works" url="filters/how_filtering_works.htm" />
</key>
<key name="schedule view" >
  <topic name="Viewing Multiple Calendars" url="calendar/best_view_to_see_all_your_shared_calendars.htm" />
</key>
<key name="scheduling a meeting" >
  <topic name="About the Appointment Page" url="calendar/about_the_appointment_page.htm" />
</key>
<key name="scheduling a room or equipment" >
  <topic name="Scheduling Resources" url="calendar/scheduling_resources.htm" />
</key>
<key name="Search Builder" >
  <topic name="Building search queries" url="search/building_search_queries.htm" />
</key>
<key name="Search examples" >
  <topic name="Search examples" url="search/search_examples.htm" />
</key>
<key name="search feature" >
  <topic name="Using the search feature" url="search/using_the_search_feature.htm" />
  <key name="Using" >
    <topic name="Using the search feature" url="search/using_the_search_feature.htm" />
  </key>
</key>
<key name="search queries" >
  <topic name="Building search queries" url="search/building_search_queries.htm" />
  <topic name="Saving search queries" url="search/saving_search_queries.htm" />
  <key name="Saving" >
    <topic name="Saving search queries" url="search/saving_search_queries.htm" />
  </key>
</key>
<key name="search with wildcard" >
  <topic name="Using the search feature" url="search/using_the_search_feature.htm" />
</key>
<key name="search, and/or" >
  <topic name="&quot;And&quot; vs. &quot;Or&quot; type searches" url="search/and_vs_or_searches.htm" />
</key>
<key name="searching for a message" >
  <topic name="Searching for messages" url="search/_search__vs.__search_for_.htm" />
</key>
<key name="Sent folder" >
  <topic name="Sent folder" url="navigation_folders_and_tips/sent_folder.htm" />
</key>
<key name="session expires" >
  <topic name="If your session expires" url="userspecific/if_your_session_expires.htm" />
</key>
<key name="setting a forwarding address" >
  <topic name="Setting a Forwarding Address" url="userspecific/setting_a_forwarding_address.htm" />
</key>
<key name="share your calendar" >
  <topic name="Delegating Calendar Access" url="calendar/delegating_calendar_access.htm" />
</key>
<key name="shared access, address book" >
  <topic name="Sharing your Address Book" url="contacts/sharing_your_address_book.htm" />
</key>
<key name="sharing address books" >
  <topic name="Sharing your Address Book" url="contacts/sharing_your_address_book.htm" />
</key>
<key name="sharing wiki folders" >
  <topic name="Sharing wiki folders" url="documents/sharing_notebooks.htm" />
</key>
<key name="shortcut keys" >
  <topic name="ZWC Keyboard Shortcut Keys" url="navigation_folders_and_tips/zwc_keyboard_shortcut_keys.htm" />
</key>
<key name="shortcuts" >
  <topic name="Zimbra Web Client Workspace" url="navigation_folders_and_tips/navigating_through_the_user_interface.htm" />
</key>
<key name="signature" >
  <topic name="Using a signature" url="userspecific/using_a_signature.htm" />
</key>
<key name="sorting contents pane columns" >
  <topic name="Sorting conversations" url="navigation_folders_and_tips/sorting_conversations.htm" />
</key>
<key name="Spam" >
  <topic name="Spam filtering" url="junk_delete/spam_filtering.htm" />
</key>
<key name="spell check" >
  <topic name="Using Spell Check" url="creating_messages/using_spell_check.htm" />
</key>
<key name="tables, adding to Documents pages" >
  <topic name="Adding a table to a Notebook Page" url="documents/adding_a_table_to_a_wiki_notebook_page.htm" />
</key>
<key name="tag, drag and drop" >
  <topic name="Assigning tags to messages" url="tags_and_flags/assigning_tags_to_messages.htm" />
</key>
<key name="tags" >
  <topic name="Assigning tags to messages" url="tags_and_flags/assigning_tags_to_messages.htm" />
  <topic name="Deleting tags" url="tags_and_flags/deleting_tags.htm" />
  <key name="Assigning" >
    <topic name="Assigning tags to messages" url="tags_and_flags/assigning_tags_to_messages.htm" />
  </key>
  <key name="Deleting" >
    <topic name="Deleting tags" url="tags_and_flags/deleting_tags.htm" />
  </key>
</key>
<key name="tags, creating" >
  <topic name="Using tags to classify mail messages" url="tags_and_flags/using_tags_to_classify_mail_messages.htm" />
</key>
<key name="tool tips" >
  <topic name="Zimbra Web Client Workspace" url="navigation_folders_and_tips/navigating_through_the_user_interface.htm" />
</key>
<key name="Traditional View" >
  <topic name="Traditional View" url="navigation_folders_and_tips/traditional_view.htm" />
</key>
<key name="Trash folder" >
  <topic name="Trash folder" url="navigation_folders_and_tips/trash_folder.htm" />
</key>
<key name="Undeliverable mail" >
  <topic name="Undeliverable mail" url="undeliverable_mail.htm" />
</key>
<key name="User Interface Features" >
  <topic name="User Interface Features and Shortcuts" url="getting_started/user_interface_features_and_shortcuts.htm" />
</key>
<key name="user preferences" >
  <topic name="Setting your user preferences" url="userspecific/setting_your_user_preferences.htm" />
</key>
<key name="Using tags" >
  <topic name="Using tags to classify mail messages" url="tags_and_flags/using_tags_to_classify_mail_messages.htm" />
</key>
<key name="Vacation message" >
  <topic name="Vacation message" url="userspecific/vacation_message.htm" />
</key>
<key name="view as HTML" >
  <topic name="Opening file attachments" url="reading_mail/opening_file_attachments.htm" />
</key>
<key name="view, calendar" >
  <topic name="About Zimbra Calendar" url="calendar/about_calendar.htm" />
</key>
<key name="wildcard, using in search" >
  <topic name="Using the search feature" url="search/using_the_search_feature.htm" />
</key>
<key name="Wildcards" >
  <topic name="Wildcards" url="filters/wildcards.htm" />
</key>
<key name="Zimbra assistant" >
  <topic name="Zimbra Assistant" url="miscellaneous_one_off_topics/zimbra_assistant.htm" />
</key>

</indexdata>
