<?xml version='1.0' encoding='windows-1252' ?>
<!-- saved from url=(0014)about:internet -->
<indexdata>
<key name="shortcuts" >
  <topic name="Zimbra Web Client Workspace" url="Navigation_folders_and_tips/navigating_through_the_user_interface.htm" />
</key>
<key name="signature" >
  <topic name="Using a signature" url="Userspecific/using_a_signature.htm" />
</key>
<key name="signatures, adding automatically" >
  <topic name="Creating Personas" url="Userspecific/Creating_Personas.htm" />
</key>
<key name="sorting contents pane columns" >
  <topic name="Sorting conversations" url="Navigation_folders_and_tips/sorting_conversations.htm" />
</key>
<key name="Spam" >
  <topic name="Spam filtering" url="junk_delete/spam_filtering.htm" />
</key>
<key name="spell check" >
  <topic name="Using Spell Check" url="Creating_Messages/Using_Spell_Check.htm" />
</key>
<key name="tables, adding to Documents pages" >
  <topic name="Adding a table to a Notebook Page" url="Documents/Adding_a_table_to_a_Wiki_Notebook_Page.htm" />
</key>
<key name="tag, drag and drop" >
  <topic name="Assigning tags to messages" url="Tags_and_flags/Assigning_tags_to_messages.htm" />
</key>
<key name="tags" >
  <topic name="Assigning tags to messages" url="Tags_and_flags/Assigning_tags_to_messages.htm" />
  <topic name="Deleting tags" url="Tags_and_flags/deleting_tags.htm" />
  <key name="Assigning" >
    <topic name="Assigning tags to messages" url="Tags_and_flags/Assigning_tags_to_messages.htm" />
  </key>
  <key name="Deleting" >
    <topic name="Deleting tags" url="Tags_and_flags/deleting_tags.htm" />
  </key>
</key>
<key name="tags, creating" >
  <topic name="Using tags to classify mail messages" url="Tags_and_flags/Using_tags_to_classify_mail_messages.htm" />
</key>
<key name="tool tips" >
  <topic name="Zimbra Web Client Workspace" url="Navigation_folders_and_tips/navigating_through_the_user_interface.htm" />
</key>
<key name="Traditional View" >
  <topic name="Traditional View" url="Navigation_folders_and_tips/Traditional_View.htm" />
</key>
<key name="Trash folder" >
  <topic name="Trash folder" url="Navigation_folders_and_tips/trash_folder.htm" />
</key>
<key name="Undeliverable mail" >
  <topic name="Undeliverable mail" url="Creating_Messages/undeliverable_mail.htm" />
</key>
<key name="User Interface Features" >
  <topic name="User Interface Features and Shortcuts" url="Getting_Started/user_interface_features_and_shortcuts.htm" />
</key>
<key name="user preferences" >
  <topic name="Setting your user preferences" url="Userspecific/Setting_your_user_preferences.htm" />
</key>
<key name="Using tags" >
  <topic name="Using tags to classify mail messages" url="Tags_and_flags/Using_tags_to_classify_mail_messages.htm" />
</key>
<key name="Vacation message" >
  <topic name="Vacation message" url="Userspecific/vacation_message.htm" />
</key>
<key name="view as HTML" >
  <topic name="Opening file attachments" url="reading_mail/opening_file_attachments.htm" />
</key>
<key name="view, calendar" >
  <topic name="About Zimbra Calendar" url="Calendar/About_Calendar.htm" />
</key>
<key name="wildcard, using in search" >
  <topic name="Using the search feature" url="Search/using_the_search_feature.htm" />
</key>
<key name="Wildcards" >
  <topic name="Wildcards" url="filters/wildcards.htm" />
</key>
<key name="Zimbra assistant" >
  <topic name="Zimbra Assistant" url="Miscellaneous_one_off_topics/Zimbra_Assistant.htm" />
</key>
<key name="Zimlets" >
  <topic name="About Zimlets" url="Zimlets/About_Zimlets.htm" />
</key>

</indexdata>
