<?xml version='1.0' encoding='windows-1252' ?>
<indexdata>
<key name="address completion in mail" >
  <topic name="Using address lookup" url="Creating_Messages/Using_address_lookup.htm" />
</key>
<key name="all day appointment" >
  <topic name="Scheduling All Day events" url="Calendar/Scheduling_All_Day_events.htm" />
</key>
<key name="archiving messages" >
  <topic name="purging messages" url="reading_mail/archiving_old_messages.htm" />
</key>
<key name="Attaching" >
  <topic name="Attaching files to a mail message" url="Creating_Messages/attaching_files_to_a_mail_message.htm" />
  <key name="files" >
    <topic name="Attaching files to a mail message" url="Creating_Messages/attaching_files_to_a_mail_message.htm" />
  </key>
</key>
<key name="Attachment Blocking" >
  <topic name="Attachment Blocking" url="reading_mail/attachment_blocking.htm" />
  <topic name="Message blocking feature" url="Message_blocking_feature.htm" />
</key>
<key name="Attachment File Types Supported" >
  <topic name="Attachment File Types Supported" url="Creating_Messages/Attachment_File_Types_Supported.htm" />
</key>
<key name="attachments" >
  <topic name="Opening file attachments" url="reading_mail/opening_file_attachments.htm" />
</key>
<key name="blocking attachments" >
  <topic name="Attachment Blocking" url="reading_mail/attachment_blocking.htm" />
</key>
<key name="browsers" >
  <topic name="Browser use with Zimbra" url="Navigation_folders_and_tips/browser_use_with_liquid_mail.htm" />
</key>
<key name="calendar view" >
  <topic name="About Zimbra Calendar" url="Calendar/About_Calendar.htm" />
</key>
<key name="calendar, about" >
  <topic name="About Zimbra Calendar" url="Calendar/About_Calendar.htm" />
</key>
<key name="calendar, access permissions" >
  <topic name="Delegating Calendar Access" url="Calendar/Delegating_Calendar_Access.htm" />
</key>
<key name="calendar, events" >
  <topic name="Scheduling All Day events" url="Calendar/Scheduling_All_Day_events.htm" />
</key>
<key name="changing an appointment" >
  <topic name="Changing recurring appointments" url="Calendar/Deleting_recurring_appointments.htm" />
</key>
<key name="changing options" >
  <topic name="Setting your user preferences" url="Userspecific/Setting_your_user_preferences.htm" />
</key>
<key name="contact" >
  <topic name="Contacts" url="Contacts/contacts.htm" />
  <topic name="Creating a new contact" url="Contacts/creating_a_new_contact.htm" />
  <topic name="Editing a contact" url="Contacts/editing_a_contact.htm" />
  <key name="Editing" >
    <topic name="Editing a contact" url="Contacts/editing_a_contact.htm" />
  </key>
</key>
<key name="Contacts Automatically" >
  <topic name="Adding a contacts, Automatically" url="Contacts/importing_a_contact_from_the_company_directory.htm" />
</key>
<key name="Contacts List" >
  <topic name="Contacts" url="Contacts/contacts.htm" />
</key>
<key name="conversation view" >
  <topic name="Managing your email message view" url="conversations/conversation_list_view.htm" />
</key>
<key name="Conversations" >
  <topic name="Conversations can span folders" url="conversations/conversations_can_span_folders.htm" />
  <topic name="Printing a conversation" url="conversations/printing_a_conversation.htm" />
  <key name="Printing" >
    <topic name="Printing a conversation" url="conversations/printing_a_conversation.htm" />
  </key>
  <key name="Sorting" >
    <topic name="Sorting conversations" url="Navigation_folders_and_tips/sorting_conversations.htm" />
  </key>
</key>
<key name="corporate address book" >
  <topic name="Using the corporate address book" url="Contacts/using_the_corporate_address_book.htm" />
</key>
<key name="Creating" >
  <topic name="Creating a new mail message" url="Creating_Messages/Creating_a_new_mail_message.htm" />
  <key name="new mail message" >
    <topic name="Creating a new mail message" url="Creating_Messages/Creating_a_new_mail_message.htm" />
  </key>
</key>
<key name="custom folders" >
  <topic name="Creating custom folders" url="Navigation_folders_and_tips/creating_custom_folders.htm" />
</key>
<key name="declining a calendar share request" >
  <topic name="Declining a Calendar Share Request" url="Calendar/Declining_a_Calendar_Share_Request.htm" />
</key>
<key name="delegate access to your calendar" >
  <topic name="Delegating Calendar Access" url="Calendar/Delegating_Calendar_Access.htm" />
</key>
<key name="Deleting" >
  <topic name="Deleting folders" url="Navigation_folders_and_tips/deleting_folders.htm" />
  <key name="folders" >
    <topic name="Deleting folders" url="Navigation_folders_and_tips/deleting_folders.htm" />
  </key>
</key>
<key name="deleting recurring appointments" >
  <topic name="Changing recurring appointments" url="Calendar/Deleting_recurring_appointments.htm" />
</key>
<key name="draft message" >
  <topic name="Saving a draft message" url="Creating_Messages/saving_a_draft_message.htm" />
</key>
<key name="Edit Contact" >
  <topic name="Editing a contact" url="Contacts/editing_a_contact.htm" />
</key>
<key name="Email Message" >
  <topic name="Parts of an Email Message" url="Creating_Messages/parts_of_an_email_message.htm" />
</key>
<key name="email message view" >
  <topic name="Managing your email message view" url="conversations/conversation_list_view.htm" />
</key>
<key name="Empty Trash" >
  <topic name="Quotas" url="Navigation_folders_and_tips/quotas.htm" />
</key>
<key name="events" >
  <topic name="Scheduling All Day events" url="Calendar/Scheduling_All_Day_events.htm" />
</key>
<key name="features in Ziimbra" >
  <topic name="Enabling different mail features" url="Userspecific/enabling_different_mail_features.htm" />
</key>
<key name="features of Zimbra Web Client" >
  <topic name="About Zimbra Collaboration Suite" url="Getting_Started/about_liquid_mail.htm" />
</key>
<key name="Filter Conditions" >
  <topic name="Filter Conditions and Actions Supported" url="filters/filter_conditions_and_actions_supported.htm" />
  <topic name="How Filtering Works" url="filters/how_filtering_works.htm" />
</key>
<key name="filter, how it works" >
  <topic name="How Filtering Works" url="filters/how_filtering_works.htm" />
</key>
<key name="filtering messages" >
  <topic name="Filtering your messages" url="filters/filtering_your_messages.htm" />
</key>
<key name="Flagging" >
  <topic name="Flagging an email message" url="Tags_and_flags/Flagging_an_email_message.htm" />
  <key name="email message" >
    <topic name="Flagging an email message" url="Tags_and_flags/Flagging_an_email_message.htm" />
  </key>
</key>
<key name="folder, RSS feed" >
  <topic name="Subscribe to RSS/ATOM feed " url="Navigation_folders_and_tips/Subscribe_to_RSS_ATOM_feed_.htm" />
</key>
<key name="folders" >
  <topic name="About folders" url="Navigation_folders_and_tips/about_folders.htm" />
  <topic name="Renaming folders" url="Navigation_folders_and_tips/renaming_folders.htm" />
</key>
<key name="folders pane" >
  <topic name="Folders area" url="Navigation_folders_and_tips/Folders_area.htm" />
</key>
<key name="Forwarding" >
  <topic name="Forwarding a mail message" url="Creating_Messages/forwarding_a_mail_message.htm" />
</key>
<key name="full mailbox" >
  <topic name="Quotas" url="Navigation_folders_and_tips/quotas.htm" />
</key>
<key name="GAL vs Contacts" >
  <topic name="GAL vs Contacts" url="Contacts/gal_vs_contacts.htm" />
</key>
<key name="HTML" >
  <topic name="Displaying HTML in email messages" url="reading_mail/displaying_html_in_email_messages.htm" />
</key>
<key name="logging off" >
  <topic name="Logging on and off" url="Userspecific/logging_on_and_off.htm" />
</key>
<key name="mail" >
  <topic name="Reading mail" url="reading_mail/reading_mail.htm" />
  <key name="Reading" >
    <topic name="Reading mail" url="reading_mail/reading_mail.htm" />
  </key>
</key>
<key name="mail notification" >
  <topic name="New mail notifications" url="Userspecific/New_mail_notifications.htm" />
</key>
<key name="message view" >
  <topic name="Managing your email message view" url="conversations/conversation_list_view.htm" />
</key>
<key name="messages, vacation" >
  <topic name="Vacation message" url="Userspecific/vacation_message.htm" />
</key>
<key name="Moving" >
  <topic name="Moving mail messages between folders" url="Navigation_folders_and_tips/moving_mail_messages_between_folders.htm" />
  <key name="mail messages between folders" >
    <topic name="Moving mail messages between folders" url="Navigation_folders_and_tips/moving_mail_messages_between_folders.htm" />
  </key>
</key>
<key name="Navigating" >
  <topic name="Navigating through the user interface" url="Navigation_folders_and_tips/navigating_through_the_user_interface.htm" />
</key>
<key name="navigation" >
  <topic name="Folders area" url="Navigation_folders_and_tips/Folders_area.htm" />
</key>
<key name="option, vacation message" >
  <topic name="Vacation message" url="Userspecific/vacation_message.htm" />
</key>
<key name="options" >
  <topic name="Setting your user preferences" url="Userspecific/Setting_your_user_preferences.htm" />
</key>
<key name="options, changing" >
  <topic name="Changing Your User Options" url="Changing_Your_User_Options.htm" />
</key>
<key name="options, new mail notification" >
  <topic name="New mail notifications" url="Userspecific/New_mail_notifications.htm" />
</key>
<key name="options, restoring default" >
  <topic name="Restore Default Options" url="Userspecific/the__restore_defaults__button.htm" />
</key>
<key name="overview pane" >
  <topic name="Folders area" url="Navigation_folders_and_tips/Folders_area.htm" />
</key>
<key name="password" >
  <topic name="Changing your password" url="Userspecific/chaning_your_password.htm" />
  <topic name="If you forget your password" url="Userspecific/if_you_forget_your_password.htm" />
</key>
<key name="Personal Contacts" >
  <topic name="Editing a contact" url="Contacts/editing_a_contact.htm" />
</key>
<key name="preferences" >
  <topic name="Setting your user preferences" url="Userspecific/Setting_your_user_preferences.htm" />
</key>
<key name="preferences, changing" >
  <topic name="Changing Your User Options" url="Changing_Your_User_Options.htm" />
</key>
<key name="Printing" >
  <topic name="Printing a conversation" url="conversations/printing_a_conversation.htm" />
  <topic name="Printing a mail message" url="reading_mail/printing_a_mail_message.htm" />
  <key name="mail message" >
    <topic name="Printing a mail message" url="reading_mail/printing_a_mail_message.htm" />
  </key>
</key>
<key name="Query language description" >
  <topic name="Query language description" url="Search/query_language_description.htm" />
</key>
<key name="Quick search" >
  <topic name="Quick search" url="Search/Quick_search.htm" />
</key>
<key name="Quotas" >
  <topic name="Quotas" url="Navigation_folders_and_tips/quotas.htm" />
</key>
<key name="receiving mail" >
  <topic name="How to tell when you've got new mail" url="reading_mail/how_to_tell_when_you_ve_got_new_mail.htm" />
</key>
<key name="Recovering" >
  <topic name="Recovering deleted mail messages" url="recovering_deleted_mail_messages.htm" />
  <key name="deleted mail messages" >
    <topic name="Recovering deleted mail messages" url="recovering_deleted_mail_messages.htm" />
  </key>
</key>
<key name="recurring appointments, changing" >
  <topic name="Changing recurring appointments" url="Calendar/Deleting_recurring_appointments.htm" />
</key>
<key name="Replying" >
  <topic name="Replying to mail messages" url="reading_mail/replying_to_mail_messages.htm" />
  <key name="mail messages" >
    <topic name="Replying to mail messages" url="reading_mail/replying_to_mail_messages.htm" />
  </key>
</key>
<key name="Restore Default Options" >
  <topic name="Restore Default Options" url="Userspecific/the__restore_defaults__button.htm" />
</key>
<key name="restoring default options" >
  <topic name="Restore Default Options" url="Userspecific/the__restore_defaults__button.htm" />
</key>
<key name="Right-click menus" >
  <topic name="Right-click menus" url="Navigation_folders_and_tips/right-click_menus.htm" />
</key>
<key name="RSS feed" >
  <topic name="Subscribe to RSS/ATOM feed " url="Navigation_folders_and_tips/Subscribe_to_RSS_ATOM_feed_.htm" />
</key>
<key name="rules, filter" >
  <topic name="Filtering your messages" url="filters/filtering_your_messages.htm" />
  <topic name="How Filtering Works" url="filters/how_filtering_works.htm" />
</key>
<key name="Search Builder" >
  <topic name="Building search queries" url="Search/building_search_queries.htm" />
</key>
<key name="Search examples" >
  <topic name="Search examples" url="Search/search_examples.htm" />
</key>
<key name="search feature" >
  <topic name="Using the search feature" url="Search/using_the_search_feature.htm" />
  <key name="Using" >
    <topic name="Using the search feature" url="Search/using_the_search_feature.htm" />
  </key>
</key>
<key name="search queries" >
  <topic name="Building search queries" url="Search/building_search_queries.htm" />
  <topic name="Saving search queries" url="Search/saving_search_queries.htm" />
  <key name="Saving" >
    <topic name="Saving search queries" url="Search/saving_search_queries.htm" />
  </key>
</key>
<key name="Search syntax" >
  <topic name="Search syntax" url="Search/search_syntax.htm" />
</key>
<key name="search, and/or" >
  <topic name="&quot;And&quot; vs. &quot;Or&quot; type searches" url="Search/_and__vs.__or__type_searches.htm" />
</key>
<key name="Sent folder" >
  <topic name="Sent folder" url="Navigation_folders_and_tips/sent_folder.htm" />
</key>
<key name="session expires" >
  <topic name="If your session expires" url="Userspecific/if_your_session_expires.htm" />
</key>
<key name="share your calendar" >
  <topic name="Delegating Calendar Access" url="Calendar/Delegating_Calendar_Access.htm" />
</key>
<key name="signature" >
  <topic name="Using a signature" url="Userspecific/using_a_signature.htm" />
</key>
<key name="sorting contents pane columns" >
  <topic name="Sorting conversations" url="Navigation_folders_and_tips/sorting_conversations.htm" />
</key>
<key name="Spam" >
  <topic name="Spam filtering" url="junk_delete/spam_filtering.htm" />
</key>

</indexdata>
