<?xml version='1.0' encoding='windows-1252' ?>
<indexdata>
<key name="Traditional View" >
  <topic name="Traditional View" url="Navigation_folders_and_tips/Traditional_View.htm" />
</key>
<key name="Trash folder" >
  <topic name="Trash folder" url="Navigation_folders_and_tips/trash_folder.htm" />
</key>
<key name="Undeliverable mail" >
  <topic name="Undeliverable mail" url="Creating_Messages/undeliverable_mail.htm" />
</key>
<key name="User Interface Features" >
  <topic name="User Interface Features and Shortcuts" url="Getting_Started/user_interface_features_and_shortcuts.htm" />
</key>
<key name="user preferences" >
  <topic name="Setting your user preferences" url="Userspecific/Setting_your_user_preferences.htm" />
</key>
<key name="Using tags" >
  <topic name="Using tags to classify mail messages" url="Tags_and_flags/Using_tags_to_classify_mail_messages.htm" />
</key>
<key name="Vacation message" >
  <topic name="Vacation message" url="Userspecific/vacation_message.htm" />
</key>
<key name="view as HTML" >
  <topic name="Opening file attachments" url="reading_mail/opening_file_attachments.htm" />
</key>
<key name="view, calendar" >
  <topic name="About Zimbra Calendar" url="Calendar/About_Calendar.htm" />
</key>
<key name="wildcard, using in search" >
  <topic name="Using the search feature" url="Search/using_the_search_feature.htm" />
</key>
<key name="Wildcards" >
  <topic name="Wildcards" url="filters/wildcards.htm" />
</key>
<key name="Zimbra assistant" >
  <topic name="Zimbra Assistant" url="Miscellaneous_one_off_topics/Zimbra_Assistant.htm" />
</key>
<key name="Zimlets" >
  <topic name="About Zimlets" url="Zimlets/About_Zimlets.htm" />
</key>

</indexdata>
