<?xml version='1.0' encoding='windows-1252' ?>
<indexdata>
<key name="Using tags" >
  <topic name="Using tags to classify mail messages" url="Tags_and_flags/Using_tags_to_classify_mail_messages.htm" />
</key>
<key name="Vacation message" >
  <topic name="Vacation message" url="Userspecific/vacation_message.htm" />
</key>
<key name="view, calendar" >
  <topic name="About Zimbra Calendar" url="Calendar/About_Calendar.htm" />
</key>
<key name="Wildcards" >
  <topic name="Wildcards" url="filters/wildcards.htm" />
</key>

</indexdata>
