<?xml version='1.0' encoding='windows-1252' ?>
<indexdata>
<key name="accepting access to notebooks" >
  <topic name="Accepting Access to a Documents Notebook" url="Documents/Accepting_Access_to_a_Documents_Notebook.htm" />
</key>
<key name="adding contacts" >
  <topic name="Creating a new contact" url="Contacts/creating_a_new_contact.htm" />
</key>
<key name="address book sharing" >
  <topic name="Sharing your Address Book" url="Contacts/Sharing_your_Address_Book.htm" />
</key>
<key name="address book, editing shared access" >
  <topic name="Sharing your Address Book" url="Contacts/Sharing_your_Address_Book.htm" />
</key>
<key name="address book, group contacts" >
  <topic name="Creating Group Contact Lists" url="Contacts/Creating_Group_Contact_Lists.htm" />
</key>
<key name="address book, removing access" >
  <topic name="Sharing your Address Book" url="Contacts/Sharing_your_Address_Book.htm" />
</key>
<key name="address books, importing" >
  <topic name="Importing Contacts" url="Contacts/Importing_Contacts.htm" />
</key>
<key name="address completion in mail" >
  <topic name="Using address lookup" url="Creating_Messages/Using_address_lookup.htm" />
</key>
<key name="all day appointment" >
  <topic name="Scheduling All Day events" url="Calendar/Scheduling_All_Day_events.htm" />
</key>
<key name="appointment reminder" >
  <topic name="Setting your user preferences" url="Userspecific/Setting_your_user_preferences.htm" />
</key>
<key name="appointment, quickadd" >
  <topic name="Using QuickAdd to Create an Appointment" url="Calendar/Using_QuickAdd_to_Create_an_Appointment.htm" />
</key>
<key name="appointments" >
  <topic name="About Appointments, Meetings and Events" url="Calendar/About_Appointments,_Meetings_and_Events.htm" />
</key>
<key name="archiving messages" >
  <topic name="purging messages" url="reading_mail/archiving_old_messages.htm" />
</key>
<key name="assistant" >
  <topic name="Zimbra Assistant" url="Miscellaneous_one_off_topics/Zimbra_Assistant.htm" />
</key>
<key name="Attaching" >
  <topic name="Attaching files to a mail message" url="Creating_Messages/attaching_files_to_a_mail_message.htm" />
  <key name="files" >
    <topic name="Attaching files to a mail message" url="Creating_Messages/attaching_files_to_a_mail_message.htm" />
  </key>
</key>
<key name="Attachment Blocking" >
  <topic name="Attachment Blocking" url="reading_mail/attachment_blocking.htm" />
  <topic name="Message blocking feature" url="Message_blocking_feature.htm" />
</key>
<key name="Attachment File Types Supported" >
  <topic name="Attachment File Types Supported" url="Creating_Messages/Attachment_File_Types_Supported.htm" />
</key>
<key name="attachments" >
  <topic name="Opening file attachments" url="reading_mail/opening_file_attachments.htm" />
</key>
<key name="auto-complete addresses" >
  <topic name="Using address lookup" url="Creating_Messages/Using_address_lookup.htm" />
</key>
<key name="blocking attachments" >
  <topic name="Attachment Blocking" url="reading_mail/attachment_blocking.htm" />
</key>
<key name="browsers" >
  <topic name="Browser use with Zimbra" url="Navigation_folders_and_tips/browser_use_with_liquid_mail.htm" />
</key>
<key name="calendar view" >
  <topic name="About Zimbra Calendar" url="Calendar/About_Calendar.htm" />
</key>
<key name="calendar, about" >
  <topic name="About Zimbra Calendar" url="Calendar/About_Calendar.htm" />
</key>
<key name="calendar, access permissions" >
  <topic name="Delegating Calendar Access" url="Calendar/Delegating_Calendar_Access.htm" />
</key>
<key name="calendar, events" >
  <topic name="Scheduling All Day events" url="Calendar/Scheduling_All_Day_events.htm" />
</key>
<key name="calendar, free/busy" >
  <topic name="Seeing free/busy times" url="Calendar/Seeing_free_busy_times.htm" />
</key>
<key name="calendar, printing" >
  <topic name="Printing a calendar" url="Calendar/Printing_a_calendar.htm" />
</key>
<key name="CamelCase words" >
  <topic name="Using keywords" url="Documents/Using_keywords.htm" />
</key>
<key name="Camelcase words, do not create a link" >
  <topic name="Using keywords" url="Documents/Using_keywords.htm" />
</key>
<key name="changing an appointment" >
  <topic name="Changing recurring appointments" url="Calendar/Deleting_recurring_appointments.htm" />
</key>
<key name="changing options" >
  <topic name="Setting your user preferences" url="Userspecific/Setting_your_user_preferences.htm" />
</key>
<key name="check mail" >
  <topic name="How to tell when you've got new mail" url="reading_mail/how_to_tell_when_you_ve_got_new_mail.htm" />
</key>
<key name="checking for new messages" >
  <topic name="How to tell when you've got new mail" url="reading_mail/how_to_tell_when_you_ve_got_new_mail.htm" />
</key>
<key name="contact" >
  <topic name="Contacts" url="Contacts/contacts.htm" />
  <topic name="Creating a new contact" url="Contacts/creating_a_new_contact.htm" />
  <topic name="Editing a contact" url="Contacts/editing_a_contact.htm" />
  <key name="Editing" >
    <topic name="Editing a contact" url="Contacts/editing_a_contact.htm" />
  </key>
</key>
<key name="contact, printing list" >
  <topic name="Printing Contacts" url="Contacts/Printing_Contacts.htm" />
</key>
<key name="Contacts Automatically" >
  <topic name="Adding a contacts, Automatically" url="Contacts/importing_a_contact_from_the_company_directory.htm" />
</key>
<key name="Contacts List" >
  <topic name="Contacts" url="Contacts/contacts.htm" />
</key>
<key name="contacts, importing" >
  <topic name="Importing Contacts" url="Contacts/Importing_Contacts.htm" />
</key>
<key name="conversation view" >
  <topic name="Managing your email message view" url="conversations/conversation_list_view.htm" />
</key>
<key name="Conversations" >
  <topic name="Conversations can span folders" url="conversations/conversations_can_span_folders.htm" />
  <topic name="Printing a conversation" url="conversations/printing_a_conversation.htm" />
  <key name="Printing" >
    <topic name="Printing a conversation" url="conversations/printing_a_conversation.htm" />
  </key>
  <key name="Sorting" >
    <topic name="Sorting conversations" url="Navigation_folders_and_tips/sorting_conversations.htm" />
  </key>
</key>
<key name="corporate address book" >
  <topic name="Using the corporate address book" url="Contacts/using_the_corporate_address_book.htm" />
</key>
<key name="create an appointment from a message" >
  <topic name="Zimbra Assistant" url="Miscellaneous_one_off_topics/Zimbra_Assistant.htm" />
</key>
<key name="Creating" >
  <topic name="Creating a new mail message" url="Creating_Messages/Creating_a_new_mail_message.htm" />
  <key name="new mail message" >
    <topic name="Creating a new mail message" url="Creating_Messages/Creating_a_new_mail_message.htm" />
  </key>
</key>
<key name="creating Documents notebook" >
  <topic name="Create new notebooks" url="Documents/Create_multiple_notebooks.htm" />
</key>
<key name="creating tags" >
  <topic name="Using tags to classify mail messages" url="Tags_and_flags/Using_tags_to_classify_mail_messages.htm" />
</key>
<key name="custom folders" >
  <topic name="Creating custom folders" url="Navigation_folders_and_tips/creating_custom_folders.htm" />
</key>
<key name="declining a calendar share request" >
  <topic name="Declining a Calendar Share Request" url="Calendar/Declining_a_Calendar_Share_Request.htm" />
</key>
<key name="delegate access to your calendar" >
  <topic name="Delegating Calendar Access" url="Calendar/Delegating_Calendar_Access.htm" />
</key>
<key name="Deleting" >
  <topic name="Deleting folders" url="Navigation_folders_and_tips/deleting_folders.htm" />
  <key name="folders" >
    <topic name="Deleting folders" url="Navigation_folders_and_tips/deleting_folders.htm" />
  </key>
</key>
<key name="deleting recurring appointments" >
  <topic name="Changing recurring appointments" url="Calendar/Deleting_recurring_appointments.htm" />
</key>
<key name="Documents, adding tables" >
  <topic name="Adding a table to a Notebook Page" url="Documents/Adding_a_table_to_a_Wiki_Notebook_Page.htm" />
</key>
<key name="Documents, change access permissions" >
  <topic name="Cancelling access to your Documents wiki folder" url="Documents/Cancelling_access_to_your_Documents_wiki_folder.htm" />
</key>
<key name="Documents, creating new pages" >
  <topic name="Create a new page" url="Documents/Create_a_new_page.htm" />
</key>
<key name="Documents, creating notebook" >
  <topic name="Create new notebooks" url="Documents/Create_multiple_notebooks.htm" />
</key>
<key name="Documents, rich text editor" >
  <topic name="Using the rich text editor" url="Documents/Using_the_rich_text_editor.htm" />
</key>
<key name="Documents, sharing" >
  <topic name="Sharing wiki folders" url="Documents/Sharing_Notebooks.htm" />
</key>
<key name="Documents, using keywords" >
  <topic name="Using keywords" url="Documents/Using_keywords.htm" />
</key>
<key name="draft message" >
  <topic name="Saving a draft message" url="Creating_Messages/saving_a_draft_message.htm" />
</key>
<key name="drag and drop" >
  <topic name="Zimbra Web Client Workspace" url="Navigation_folders_and_tips/navigating_through_the_user_interface.htm" />
</key>
<key name="Edit Contact" >
  <topic name="Editing a contact" url="Contacts/editing_a_contact.htm" />
</key>
<key name="Email Message" >
  <topic name="Parts of an Email Message" url="Creating_Messages/parts_of_an_email_message.htm" />
</key>
<key name="email message view" >
  <topic name="Managing your email message view" url="conversations/conversation_list_view.htm" />
</key>
<key name="Empty Trash" >
  <topic name="Quotas" url="Navigation_folders_and_tips/quotas.htm" />
</key>
<key name="equipment, reserving" >
  <topic name="Scheduling Resources" url="Calendar/Scheduling_Resources.htm" />
</key>
<key name="events" >
  <topic name="About Appointments, Meetings and Events" url="Calendar/About_Appointments,_Meetings_and_Events.htm" />
  <topic name="Scheduling All Day events" url="Calendar/Scheduling_All_Day_events.htm" />
</key>
<key name="features of Zimbra Web Client" >
  <topic name="About Zimbra Collaboration Suite" url="Getting_Started/about_liquid_mail.htm" />
</key>
<key name="Filter Conditions" >
  <topic name="Filter Conditions and Actions Supported" url="filters/filter_conditions_and_actions_supported.htm" />
  <topic name="How Filtering Works" url="filters/how_filtering_works.htm" />
</key>
<key name="filter, how it works" >
  <topic name="How Filtering Works" url="filters/how_filtering_works.htm" />
</key>
<key name="filtering messages" >
  <topic name="Filtering your messages" url="filters/filtering_your_messages.htm" />
</key>
<key name="Flagging" >
  <topic name="Flagging an email message" url="Tags_and_flags/Flagging_an_email_message.htm" />
  <key name="email message" >
    <topic name="Flagging an email message" url="Tags_and_flags/Flagging_an_email_message.htm" />
  </key>
</key>
<key name="folder, RSS feed" >
  <topic name="Subscribe to RSS/ATOM feed " url="Navigation_folders_and_tips/Subscribe_to_RSS_ATOM_feed_.htm" />
</key>
<key name="folders" >
  <topic name="About folders" url="Navigation_folders_and_tips/about_folders.htm" />
  <topic name="Renaming folders" url="Navigation_folders_and_tips/renaming_folders.htm" />
</key>
<key name="folders pane" >
  <topic name="Folders area" url="Navigation_folders_and_tips/Folders_area.htm" />
</key>
<key name="Forwarding" >
  <topic name="Forwarding a mail message" url="Creating_Messages/forwarding_a_mail_message.htm" />
</key>
<key name="forwarding email address" >
  <topic name="Setting your user preferences" url="Userspecific/Setting_your_user_preferences.htm" />
</key>
<key name="forwarding your email" >
  <topic name="Setting a Forwarding Address" url="Userspecific/Setting_a_Forwarding_Address.htm" />
</key>
<key name="free/busy" >
  <topic name="Seeing free/busy times" url="Calendar/Seeing_free_busy_times.htm" />
</key>
<key name="full mailbox" >
  <topic name="Quotas" url="Navigation_folders_and_tips/quotas.htm" />
</key>
<key name="GAL vs Contacts" >
  <topic name="GAL vs Contacts" url="Contacts/gal_vs_contacts.htm" />
</key>
<key name="getting started in notebooks" >
  <topic name="Working in Notebooks" url="Documents/Working_in_Notebooks.htm" />
</key>
<key name="group contacts" >
  <topic name="Creating Group Contact Lists" url="Contacts/Creating_Group_Contact_Lists.htm" />
</key>
<key name="how to create appointments" >
  <topic name="About Appointments, Meetings and Events" url="Calendar/About_Appointments,_Meetings_and_Events.htm" />
</key>
<key name="how to set initial content pane view" >
  <topic name="Setting your user preferences" url="Userspecific/Setting_your_user_preferences.htm" />
</key>
<key name="HTML" >
  <topic name="Displaying HTML in email messages" url="reading_mail/displaying_html_in_email_messages.htm" />
</key>
<key name="HTML, set default settings" >
  <topic name="Setting your user preferences" url="Userspecific/Setting_your_user_preferences.htm" />
</key>
<key name="html, view mail as" >
  <topic name="Setting your user preferences" url="Userspecific/Setting_your_user_preferences.htm" />
</key>
<key name="identities" >
  <topic name="Mail Identities" url="Userspecific/Mail_Identities.htm" />
</key>
<key name="importing address books" >
  <topic name="Importing Contacts" url="Contacts/Importing_Contacts.htm" />
</key>
<key name="importing contacts" >
  <topic name="Importing Contacts" url="Contacts/Importing_Contacts.htm" />
</key>
<key name="interface features" >
  <topic name="Zimbra Web Client Workspace" url="Navigation_folders_and_tips/navigating_through_the_user_interface.htm" />
</key>
<key name="invitation moved to trash" >
  <topic name="Responding to an invitation" url="Calendar/Responding_to_an_invitation.htm" />
</key>
<key name="invitation, responding" >
  <topic name="Responding to an invitation" url="Calendar/Responding_to_an_invitation.htm" />
</key>
<key name="keyboard shortcuts" >
  <topic name="ZWC Keyboard Shortcut Keys" url="Navigation_folders_and_tips/ZWC_Keyboard_Shortcut_Keys.htm" />
</key>
<key name="keywords, do not create a link" >
  <topic name="Using keywords" url="Documents/Using_keywords.htm" />
</key>
<key name="linking using keywords, how not to link" >
  <topic name="Using keywords" url="Documents/Using_keywords.htm" />
</key>
<key name="location, reserving" >
  <topic name="Scheduling Resources" url="Calendar/Scheduling_Resources.htm" />
</key>
<key name="logging off" >
  <topic name="Logging on and off" url="Userspecific/logging_on_and_off.htm" />
</key>
<key name="mail" >
  <topic name="Reading mail" url="reading_mail/reading_mail.htm" />
  <key name="Reading" >
    <topic name="Reading mail" url="reading_mail/reading_mail.htm" />
  </key>
</key>
<key name="mail notification" >
  <topic name="New mail notifications" url="Userspecific/New_mail_notifications.htm" />
</key>

</indexdata>
