<?xml version='1.0' encoding='windows-1252' ?>
<indexdata>
<key name="tags" >
  <topic name="Assigning tags to messages" url="Tags_and_flags/Assigning_tags_to_messages.htm" />
  <topic name="Deleting tags" url="Tags_and_flags/deleting_tags.htm" />
  <key name="Assigning" >
    <topic name="Assigning tags to messages" url="Tags_and_flags/Assigning_tags_to_messages.htm" />
  </key>
  <key name="Deleting" >
    <topic name="Deleting tags" url="Tags_and_flags/deleting_tags.htm" />
  </key>
</key>
<key name="Traditional View" >
  <topic name="Traditional View" url="Navigation_folders_and_tips/Traditional_View.htm" />
</key>
<key name="Trash folder" >
  <topic name="Trash folder" url="Navigation_folders_and_tips/trash_folder.htm" />
</key>
<key name="Undeliverable mail" >
  <topic name="Undeliverable mail" url="undeliverable_mail.htm" />
</key>
<key name="User Interface Features" >
  <topic name="User Interface Features and Shortcuts" url="Getting_Started/user_interface_features_and_shortcuts.htm" />
</key>
<key name="user preferences" >
  <topic name="Setting your user preferences" url="Userspecific/Setting_your_user_preferences.htm" />
</key>
<key name="Using tags" >
  <topic name="Using tags to classify mail messages" url="Tags_and_flags/Using_tags_to_classify_mail_messages.htm" />
</key>
<key name="Vacation message" >
  <topic name="Vacation message" url="Userspecific/vacation_message.htm" />
</key>
<key name="view, calendar" >
  <topic name="About Zimbra Calendar" url="Calendar/About_Calendar.htm" />
</key>
<key name="Wildcards" >
  <topic name="Wildcards" url="filters/wildcards.htm" />
</key>

</indexdata>
