<?xml version='1.0' encoding='windows-1252' ?>
<tocdata>
<item name="Working in Documents" url="Documents/Working_in_Notebooks.htm" />
<item name="Create new Wiki notebooks" url="Documents/Create_multiple_notebooks.htm" />
<item name="Using the rich text editor" url="Documents/Using_the_rich_text_editor.htm" />
<item name="Using HTML for format Documents pages" url="Documents/Using_HTML_for_format_pages.htm" />
<item name="Create a new page" url="Documents/Create_a_new_page.htm" />
<item name="Using keywords to create pages with links" url="Documents/Using_keywords.htm" />
<item name="Adding a table to a Wiki page" url="Documents/Adding_a_table_to_a_Wiki_Notebook_Page.htm" />
<item name="Sharing Documents wiki folders" url="Documents/Sharing_Notebooks.htm" />
<item name="Linking to a shared wiki folder" url="Documents/Linking_to_a_shared_wiki_folder.htm" />
<item name="Changing or cancelling access to your Documents wiki folder" url="Documents/Cancelling_access_to_your_Documents_wiki_folder.htm" />

</tocdata>
