<?xml version='1.0' encoding='windows-1252' ?>
<tocdata>
<book name="Getting Started" >
  <item name="About Zimbra Collaboration Suite" url="Getting_Started/about_liquid_mail.htm" />
  <item name="Logging on and off" url="Userspecific/logging_on_and_off.htm" />
  <item name="Changing your password" url="Userspecific/chaning_your_password.htm" />
  <item name="Forgot your password" url="Userspecific/if_you_forget_your_password.htm" />
</book>
<book name="Navigating in Zimbra Web Client" >
  <item name="Navigating through the user interface" url="Navigation_folders_and_tips/navigating_through_the_user_interface.htm" />
  <item name="User interface features and shortcuts" url="Getting_Started/user_interface_features_and_shortcuts.htm" />
  <item name="Right-click menus" url="Navigation_folders_and_tips/right-click_menus.htm" />
  <item name="Applying actions to multiple selections" url="Navigation_folders_and_tips/applying_actions_to_multiple_selections.htm" />
  <item name="Using browsers" url="Navigation_folders_and_tips/browser_use_with_liquid_mail.htm" />
  <item name="Viewing the Overview Pane" url="Navigation_folders_and_tips/Folders_area.htm" />
  <item name="Sorting Content Pane columns" url="Navigation_folders_and_tips/sorting_conversations.htm" />
  <item name="Saving my work" url="Userspecific/browser_session_handling.htm" />
  <item name="Session expires" url="Userspecific/if_your_session_expires.htm" />
  <item name="System Folders" url="Navigation_folders_and_tips/inbox_folder.htm" />
</book>
<book name="Managing Your Email " >
  <item name="Managing your email message view" url="conversations/conversation_list_view.htm" />
  <item name="Categorizing your mail messages" url="Navigation_folders_and_tips/categorizing_your_mail_messages.htm" />
  <item name="Customizing your initial email page" url="Customizing_your_initial_email_page.htm" />
  <item name="How conversations work" url="conversations/conversations_can_span_folders.htm" />
  <item name="Printing a conversation" url="conversations/printing_a_conversation.htm" />
  <item name="Viewing in traditional view" url="Navigation_folders_and_tips/Traditional_View.htm" />
  <item name="Moving mail messages between folders" url="Navigation_folders_and_tips/moving_mail_messages_between_folders.htm" />
  <book name="Creating Filters " >
    <item name="Setting up filter rules" url="filters/how_filtering_works.htm" />
    <item name="Filtering your messages" url="filters/filtering_your_messages.htm" />
    <item name="Filter conditions and actions supported" url="filters/filter_conditions_and_actions_supported.htm" />
    <item name="Contains vs. Matches" url="Search/contains_vs_matches.htm" />
    <item name="Wildcards" url="filters/wildcards.htm" />
  </book>
</book>
<book name="Sending and Receiving Email" >
  <item name="Composing a new mail message" url="Creating_Messages/Creating_a_new_mail_message.htm" />
  <item name="Parts of an email message" url="Creating_Messages/parts_of_an_email_message.htm" />
  <item name="Using a signature" url="Userspecific/using_a_signature.htm" />
  <item name="Automatic address completion" url="Creating_Messages/Using_address_lookup.htm" />
  <item name="Adding CC: and BCC: addresses" url="Creating_Messages/using_cc__and_bcc__addresses.htm" />
  <item name="Using Spell Check" url="Creating_Messages/Using_Spell_Check.htm" />
  <item name="Saving a draft message" url="Creating_Messages/saving_a_draft_message.htm" />
  <item name="Attaching files to your message" url="Creating_Messages/attaching_files_to_a_mail_message.htm" />
  <book name="Reply to and Forward Messages" >
    <item name="Replying to mail messages" url="reading_mail/replying_to_mail_messages.htm" />
    <item name="Forwarding a mail message" url="Creating_Messages/forwarding_a_mail_message.htm" />
  </book>
  <book name="Reading Messages" >
    <item name="Reading mail" url="reading_mail/reading_mail.htm" />
    <item name="Marking mail as unread" url="reading_mail/marking_mail_as_unread.htm" />
    <item name="Displaying HTML in email messages" url="reading_mail/displaying_html_in_email_messages.htm" />
    <item name="New messages" url="reading_mail/how_to_tell_when_you_ve_got_new_mail.htm" />
    <item name="Opening file attachments" url="reading_mail/opening_file_attachments.htm" />
    <item name="Printing a mail message" url="reading_mail/printing_a_mail_message.htm" />
    <item name="Recovering deleted mail messages" url="recovering_deleted_mail_messages.htm" />
    <item name="Automatic purging of messages" url="reading_mail/archiving_old_messages.htm" />
    <item name="Attachment blocking" url="reading_mail/attachment_blocking.htm" />
    <item name="Message blocking feature" url="Message_blocking_feature.htm" />
    <item name="Attachment file types" url="Creating_Messages/Attachment_File_Types_Supported.htm" />
    <item name="Undeliverable mail" url="undeliverable_mail.htm" />
  </book>
</book>
<book name="Using Tags and Folders to Organize Email" >
  <item name="Using tags to classify mail messages" url="Tags_and_flags/Using_tags_to_classify_mail_messages.htm" />
  <item name="Assigning tags to messages" url="Tags_and_flags/Assigning_tags_to_messages.htm" />
  <item name="Deleting tags" url="Tags_and_flags/deleting_tags.htm" />
  <item name="Flagging an email message" url="Tags_and_flags/Flagging_an_email_message.htm" />
  <item name="About folders" url="Navigation_folders_and_tips/about_folders.htm" />
  <item name="Renaming folders" url="Navigation_folders_and_tips/renaming_folders.htm" />
  <item name="Deleting folders" url="Navigation_folders_and_tips/deleting_folders.htm" />
  <item name="Creating custom folders" url="Navigation_folders_and_tips/creating_custom_folders.htm" />
  <item name="Subscribing to RSS/ATOM feed" url="Navigation_folders_and_tips/Subscribe_to_RSS_ATOM_feed_.htm" />
</book>
<book name="Searching for Items" >
  <item name="Using the search feature" url="Search/using_the_search_feature.htm" />
  <item name="Quick search" url="Search/Quick_search.htm" />
  <item name="Using Search Builder" url="Search/building_search_queries.htm" />
  <item name="Searching for messages" url="Search/_search__vs.__search_for_.htm" />
  <item name="Saving search queries" url="Search/saving_search_queries.htm" />
  <item name="Query language description" url="Search/query_language_description.htm" />
  <item name="And vs. Or type searches" url="Search/and_vs_or_searches.htm" />
  <item name="Search examples" url="Search/search_examples.htm" />
</book>
<book name="Managing Zimbra Calendar" >
  <item name="About Zimbra Calendar" url="Calendar/About_Calendar.htm" />
  <item name="Create Calendars" url="Calendar/Create_Calendars.htm" />
  <item name="Adding background color to calendars" url="Calendar/Adding_background_color_to_calendars.htm" />
  <item name="Viewing Multiple Calendars" url="Calendar/Best_View_to_See_All_Your_Shared_Calendars.htm" />
  <item name="Sharing Your Calendar" url="Calendar/Delegating_Calendar_Access.htm" />
  <item name="Accepting Access to Shared Calendar" url="Calendar/Accepting_Access_to_Shared_Calendar.htm" />
  <item name="Declining a Calendar Share Request" url="Calendar/Declining_a_Calendar_Share_Request.htm" />
  <item name="Deleting Calendars" url="Calendar/Deleting_Calendars.htm" />
  <item name="Calendar View Options" url="Calendar/Calendar_Views.htm" />
  <item name="Printing a calendar" url="Calendar/Printing_a_calendar.htm" />
</book>
<book name="Scheduling Appointments, Meetings and Events" >
  <item name="About appointments, meetings and events" url="Calendar/About_Appointments,_Meetings_and_Events.htm" />
  <item name="About the appointment page" url="Calendar/About_the_Appointment_Page.htm" />
  <item name="Creating an appointment" url="Calendar/Scheduling_meetings.htm" />
  <item name="Seeing free/busy times" url="Calendar/Seeing_free_busy_times.htm" />
  <item name="Turning a message into a meeting request" url="Calendar/Turning_a_message_into_a_meeting_request.htm" />
  <item name="Using QuickAdd to create an appointment" url="Calendar/Using_QuickAdd_to_Create_an_Appointment.htm" />
  <item name="Scheduling all day events" url="Calendar/Scheduling_All_Day_events.htm" />
  <item name="Creating recurring appointments" url="Calendar/Creating_recurring_appointments.htm" />
  <item name="Changing recurring appointments" url="Calendar/Deleting_recurring_appointments.htm" />
  <item name="Responding to a meeting invite" url="Calendar/Responding_to_an_invitation.htm" />
  <item name="Deleting an appointment" url="Calendar/Deleting_an_appointment.htm" />
</book>
<book name="Managing Your Contacts List" >
  <item name="About address lists" url="Contacts/gal_vs_contacts.htm" />
  <item name="Your Contacts list" url="Contacts/contacts.htm" />
  <item name="Creating a new contact" url="Contacts/creating_a_new_contact.htm" />
  <item name="Using the company address book" url="Contacts/using_the_corporate_address_book.htm" />
  <item name="Adding a contact from the company directory" url="Contacts/importing_a_contact_from_the_company_directory.htm" />
  <item name="Editing a contact" url="Contacts/editing_a_contact.htm" />
  <item name="Deleting a contact" url="Contacts/deleting_a_contact.htm" />
</book>
<book name="Setting Your Preferences" >
  <item name="Setting your user options" url="Userspecific/Setting_your_user_preferences.htm" />
  <item name="Changing Your User Options" url="Changing_Your_User_Options.htm" />
  <item name="Restore default options" url="Userspecific/the__restore_defaults__button.htm" />
  <item name="New mail notifications" url="Userspecific/New_mail_notifications.htm" />
  <item name="Vacation message" url="Userspecific/vacation_message.htm" />
  <item name="Saving messages you send" url="Navigation_folders_and_tips/sent_folder.htm" />
  <item name="Mailbox quota" url="Navigation_folders_and_tips/quotas.htm" />
</book>

</tocdata>
