<?xml version='1.0' encoding='windows-1252' ?>
<tocdata>
<item name="Types of address books available" url="contacts/gal_vs_contacts.htm" />
<item name="Your Address Book" url="contacts/contacts.htm" />
<item name="Adding new contacts" url="contacts/creating_a_new_contact.htm" />
<item name="Using company address book" url="contacts/using_the_corporate_address_book.htm" />
<item name="Adding contacts automatically" url="contacts/importing_a_contact_from_the_company_directory.htm" />
<item name="Creating Group Contact Lists" url="contacts/creating_group_contact_lists.htm" />
<item name="Sharing your address book" url="contacts/sharing_your_address_book.htm" />
<item name="Importing address books" url="contacts/importing_contacts.htm" />
<item name="Exporting address books" url="contacts/exporting_address_books.htm" />
<item name="Printing contact names or address books" url="contacts/printing_contacts.htm" />
<item name="Editing contact information" url="contacts/editing_a_contact.htm" />
<item name="Deleting contacts" url="contacts/deleting_a_contact.htm" />

</tocdata>
