<?xml version='1.0' encoding='windows-1252' ?>
<tocdata>
<item name="Your Address Book" url="Contacts/contacts.htm" />
<item name="Types of address books available" url="Contacts/gal_vs_contacts.htm" />
<item name="Adding new contacts" url="Contacts/creating_a_new_contact.htm" />
<item name="Using company address book" url="Contacts/using_the_corporate_address_book.htm" />
<item name="Adding contacts automatically" url="Contacts/importing_a_contact_from_the_company_directory.htm" />
<item name="Creating Group Contact Lists" url="Contacts/Creating_Group_Contact_Lists.htm" />
<item name="Sharing your address book" url="Contacts/Sharing_your_Address_Book.htm" />
<item name="Importing address books" url="Contacts/Importing_Contacts.htm" />
<item name="Exporting address books" url="Contacts/Exporting_Address_Books.htm" />
<item name="Printing contact names or address books" url="Contacts/Printing_Contacts.htm" />
<item name="Editing contact information" url="Contacts/editing_a_contact.htm" />
<item name="Deleting contacts" url="Contacts/deleting_a_contact.htm" />

</tocdata>
