<?xml version='1.0' encoding='windows-1252' ?>
<tocdata>
<item name="Working in Documents" url="documents/working_in_notebooks.htm" />
<item name="Create new notebooks" url="documents/create_multiple_notebooks.htm" />
<item name="Using the rich text editor" url="documents/using_the_rich_text_editor.htm" />
<item name="Using HTML for format Documents pages" url="documents/using_html_for_format_pages.htm" />
<item name="Create a new page" url="documents/create_a_new_page.htm" />
<item name="Using keywords to create pages with links" url="documents/using_keywords.htm" />
<item name="Adding a table to a  notebook page" url="documents/adding_a_table_to_a_wiki_notebook_page.htm" />
<item name="Sharing Documents notebooks" url="documents/sharing_notebooks.htm" />
<item name="Accepting access to a Documents notebook" url="documents/accepting_access_to_a_documents_notebook.htm" />
<item name="Linking to a shared notebook" url="documents/linking_to_a_shared_wiki_folder.htm" />
<item name="Changing or cancelling access to your Documents wiki folder" url="documents/cancelling_access_to_your_documents_wiki_folder.htm" />

</tocdata>
