<?xml version='1.0' encoding='windows-1252' ?>
<!-- saved from url=(0014)about:internet -->
<tocdata>
<item name="Setting your user preferences" url="Userspecific/Setting_your_user_preferences.htm" />
<item name="Changing your user options" url="Userspecific/Changing_Your_User_Options.htm" />
<item name="Restore default options" url="Userspecific/the__restore_defaults__button.htm" />
<item name="New mail notifications" url="Userspecific/New_mail_notifications.htm" />
<item name="Creating away messages" url="Userspecific/vacation_message.htm" />
<item name="Saving messages you send" url="Navigation_folders_and_tips/sent_folder.htm" />
<item name="Creating Personas" url="Userspecific/Creating_Personas.htm" />
<item name="Mailbox quota" url="Navigation_folders_and_tips/quotas.htm" />

</tocdata>
