﻿<?xml version='1.0' encoding='utf-8' ?>
<!-- saved from url=(0014)about:internet -->
<tocdata>
<item name="Setting your user preferences" url="Userspecific/Setting_your_user_preferences.htm" />
<item name="Changing your user preferences" url="Userspecific/Changing_Your_User_Options.htm" />
<item name="Restore default preferences" url="Userspecific/the__restore_defaults__button.htm" />
<item name="New mail notifications" url="Userspecific/New_mail_notifications.htm" />
<item name="Creating away messages" url="Userspecific/vacation_message.htm" />
<item name="Saving messages you send" url="Navigation_folders_and_tips/sent_folder.htm" />
<item name="Creating personas" url="Userspecific/Creating_Personas.htm" />
<item name="Mailbox quota" url="Navigation_folders_and_tips/quotas.htm" />
<item name="Changing your default time zone" url="Userspecific/Changing_your_default_timezone.htm" />

</tocdata>
