<?xml version='1.0' encoding='windows-1252' ?>
<tocdata>
<book name="Getting Started" >
  <item name="Welcome to Zimbra Web Client" url="getting_started/about_liquid_mail.htm" />
  <item name="Logging in and off" url="userspecific/logging_on_and_off.htm" />
  <item name="Changing your password" url="userspecific/chaning_your_password.htm" />
  <item name="Keyboard shortcut keys" url="navigation_folders_and_tips/zwc_keyboard_shortcut_keys.htm" />
  <item name="Zimbra Assistant" url="miscellaneous_one_off_topics/zimbra_assistant.htm" />
  <item name="Forget your password?" url="userspecific/if_you_forget_your_password.htm" />
</book>
<book name="Navigating in Zimbra Web Client" >
  <item name="Navigating Zimbra Web Client" url="navigation_folders_and_tips/navigating_through_the_user_interface.htm" />
  <item name="User interface features and shortcuts" url="getting_started/user_interface_features_and_shortcuts.htm" />
  <item name="Right-click menus" url="navigation_folders_and_tips/right-click_menus.htm" />
  <item name="Applying actions to multiple selections" url="navigation_folders_and_tips/applying_actions_to_multiple_selections.htm" />
  <item name="Using browsers" url="navigation_folders_and_tips/browser_use_with_liquid_mail.htm" />
  <item name="Viewing the Overview Pane" url="navigation_folders_and_tips/folders_area.htm" />
  <item name="Sorting messages in Content Pane" url="navigation_folders_and_tips/sorting_conversations.htm" />
  <item name="Saving my work" url="userspecific/browser_session_handling.htm" />
  <item name="Session expires" url="userspecific/if_your_session_expires.htm" />
  <item name="Mail system folders" url="navigation_folders_and_tips/inbox_folder.htm" />
</book>
<book name="Managing Your Email " >
  <item name="Managing your email message view" url="conversations/conversation_list_view.htm" />
  <item name="Categorizing your email messages" url="navigation_folders_and_tips/categorizing_your_mail_messages.htm" />
  <item name="Customizing your initial email page" url="navigation_folders_and_tips/customizing_your_initial_email_page.htm" />
  <item name="How Conversations work" url="conversations/conversations_can_span_folders.htm" />
  <item name="Printing a conversation" url="conversations/printing_a_conversation.htm" />
  <item name="Viewing in traditional view" url="navigation_folders_and_tips/traditional_view.htm" />
  <item name="Moving email messages between folders" url="navigation_folders_and_tips/moving_mail_messages_between_folders.htm" />
  <item name="Setting a forwarding address" url="userspecific/setting_a_forwarding_address.htm" />
  <book name="Creating Filters " >
    <item name="Setting up filter rules" url="filters/how_filtering_works.htm" />
    <item name="Filtering your messages" url="filters/filtering_your_messages.htm" />
    <item name="Filter conditions and actions supported" url="filters/filter_conditions_and_actions_supported.htm" />
    <item name="Filtering using CONTAINS, MATCHES, and IS options" url="search/contains_vs_matches.htm" />
    <item name="Filter wildcards" url="filters/wildcards.htm" />
  </book>
  <book name="Retrieving Mail from other Accounts" >
    <item name="Managing your POP accounts" url="userspecific/managing_your_pop_accounts.htm" />
    <item name="Adding POP accounts" url="userspecific/adding_pop_accounts.htm" />
  </book>
  <book name="Creating Mail Identities" >
    <item name="Mail Identities" url="userspecific/mail_identities.htm" />
    <item name="Creating Mail Identities" url="userspecific/configuring_mail_identities.htm" />
  </book>
</book>
<book name="Sending and Receiving Email" >
  <item name="Composing a new mail message" url="creating_messages/creating_a_new_mail_message.htm" />
  <item name="Parts of an email message" url="creating_messages/parts_of_an_email_message.htm" />
  <item name="Automatically add your signature" url="userspecific/using_a_signature.htm" />
  <item name="Automatic address completion" url="creating_messages/using_address_lookup.htm" />
  <item name="Adding CC: and BCC: addresses" url="creating_messages/using_cc__and_bcc__addresses.htm" />
  <item name="Using spell check" url="creating_messages/using_spell_check.htm" />
  <item name="Saving messages as drafts" url="creating_messages/saving_a_draft_message.htm" />
  <item name="Attaching files to your message" url="creating_messages/attaching_files_to_a_mail_message.htm" />
  <item name="Using Junk folder for spam" url="junk_delete/spam_filtering.htm" />
  <book name="Reply to and Forward Messages" >
    <item name="Replying to mail messages" url="reading_mail/replying_to_mail_messages.htm" />
    <item name="Forwarding a mail message" url="creating_messages/forwarding_a_mail_message.htm" />
  </book>
  <book name="Reading Messages" >
    <item name="Reading mail" url="reading_mail/reading_mail.htm" />
    <item name="Marking mail as unread" url="reading_mail/marking_mail_as_unread.htm" />
    <item name="Displaying HTML in email messages" url="reading_mail/displaying_html_in_email_messages.htm" />
    <item name="New messages" url="reading_mail/how_to_tell_when_you_ve_got_new_mail.htm" />
    <item name="Opening file attachments" url="reading_mail/opening_file_attachments.htm" />
    <item name="Printing a mail message" url="reading_mail/printing_a_mail_message.htm" />
    <item name="Recovering deleted mail messages" url="recovering_deleted_mail_messages.htm" />
    <item name="Purging email messages" url="reading_mail/archiving_old_messages.htm" />
    <item name="Attachment blocking" url="reading_mail/attachment_blocking.htm" />
    <item name="Message blocking feature" url="message_blocking_feature.htm" />
    <item name="Attachment file types" url="creating_messages/attachment_file_types_supported.htm" />
    <item name="Undeliverable mail" url="undeliverable_mail.htm" />
  </book>
</book>
<book name="Using Tags and Folders to Organize Email" >
  <item name="Using tags to classify  messages and contacts" url="tags_and_flags/using_tags_to_classify_mail_messages.htm" />
  <item name="Assigning Tags to messages" url="tags_and_flags/assigning_tags_to_messages.htm" />
  <item name="Deleting tags" url="tags_and_flags/deleting_tags.htm" />
  <item name="Flagging an email message" url="tags_and_flags/flagging_an_email_message.htm" />
  <item name="Using folders" url="navigation_folders_and_tips/about_folders.htm" />
  <item name="Renaming folders" url="navigation_folders_and_tips/renaming_folders.htm" />
  <item name="Deleting folders" url="navigation_folders_and_tips/deleting_folders.htm" />
  <item name="Creating custom folders" url="navigation_folders_and_tips/creating_custom_folders.htm" />
  <item name="Subscribing to RSS/ATOM feed" url="navigation_folders_and_tips/subscribe_to_rss_atom_feed_.htm" />
</book>
<book name="Searching for Items" >
  <item name="Using the search feature" url="search/using_the_search_feature.htm" />
  <item name="Quick search" url="search/quick_search.htm" />
  <item name="Using Search Builder" url="search/building_search_queries.htm" />
  <item name="Searching for messages" url="search/_search__vs.__search_for_.htm" />
  <item name="Using * as a wildcard in Search" url="search/using_wildcard_in_search.htm" />
  <item name="Saving search queries" url="search/saving_search_queries.htm" />
  <item name="Query language description" url="search/query_language_description.htm" />
  <item name="And vs. Or type searches" url="search/and_vs_or_searches.htm" />
  <item name="Search examples" url="search/search_examples.htm" />
</book>
<book name="Managing Zimbra Calendar" >
  <item name="About Zimbra Calendar" url="calendar/about_calendar.htm" />
  <item name="Create calendars" url="calendar/create_calendars.htm" />
  <item name="Adding color to calendars" url="calendar/adding_background_color_to_calendars.htm" />
  <item name="Viewing multiple calendars" url="calendar/best_view_to_see_all_your_shared_calendars.htm" />
  <item name="Sharing your calendar" url="calendar/delegating_calendar_access.htm" />
  <item name="Accepting access to shared calendar" url="calendar/accepting_access_to_shared_calendar.htm" />
  <item name="Declining a calendar share request" url="calendar/declining_a_calendar_share_request.htm" />
  <item name="Deleting calendars" url="calendar/deleting_calendars.htm" />
  <item name="Calendar view options" url="calendar/calendar_views.htm" />
  <item name="Printing a calendar" url="calendar/printing_a_calendar.htm" />
</book>
<book name="Scheduling Appointments, Meetings and Events" >
  <item name="About appointments, meetings and events" url="calendar/about_appointments,_meetings_and_events.htm" />
  <item name="Planning a meeting" url="calendar/about_the_appointment_page.htm" />
  <item name="Creating an appointment" url="calendar/scheduling_meetings.htm" />
  <item name="Seeing free/busy times" url="calendar/seeing_free_busy_times.htm" />
  <item name="Scheduling resources" url="calendar/scheduling_resources.htm" />
  <item name="Turning a message into a meeting request" url="calendar/turning_a_message_into_a_meeting_request.htm" />
  <item name="Using QuickAdd to create an appointment" url="calendar/using_quickadd_to_create_an_appointment.htm" />
  <item name="Scheduling all-day events" url="calendar/scheduling_all_day_events.htm" />
  <item name="Creating recurring appointments" url="calendar/creating_recurring_appointments.htm" />
  <item name="Changing recurring appointments" url="calendar/deleting_recurring_appointments.htm" />
  <item name="Responding to a meeting invite" url="calendar/responding_to_an_invitation.htm" />
  <item name="Deleting an appointment" url="calendar/deleting_an_appointment.htm" />
</book>
<book name="Managing Your Address Books" >
<chunk name="Managing Your Address Books" ref="whtdata1.xml" />
</book>
<book name="Working in Zimbra Documents - Beta" >
<chunk name="Working in Zimbra Documents - Beta" ref="whtdata2.xml" />
</book>
<book name="Using Zimlets" >
  <item name="About Zimlets" url="zimlets/about_zimlets.htm" />
</book>
<book name="Setting Your Preferences" >
  <item name="Setting your user options" url="userspecific/setting_your_user_preferences.htm" />
  <item name="Changing your user options" url="userspecific/changing_your_user_options.htm" />
  <item name="Restore default options" url="userspecific/the__restore_defaults__button.htm" />
  <item name="New mail notifications" url="userspecific/new_mail_notifications.htm" />
  <item name="Creating Away messages" url="userspecific/vacation_message.htm" />
  <item name="Saving messages you send" url="navigation_folders_and_tips/sent_folder.htm" />
  <item name="Mailbox quota" url="navigation_folders_and_tips/quotas.htm" />
</book>

</tocdata>
