﻿<?xml version='1.0' encoding='utf-8' ?>
<!-- saved from url=(0014)about:internet -->
<tocdata>
<item name="Using tags to classify  messages and contacts" url="Tags_and_flags/Using_tags_to_classify_mail_messages.htm" />
<item name="Assigning Tags to messages" url="Tags_and_flags/Assigning_tags_to_messages.htm" />
<item name="Deleting tags" url="Tags_and_flags/deleting_tags.htm" />
<item name="Flagging an email message" url="Tags_and_flags/Flagging_an_email_message.htm" />
<item name="Using folders" url="Navigation_folders_and_tips/about_folders.htm" />
<item name="Renaming folders" url="Navigation_folders_and_tips/renaming_folders.htm" />
<item name="Deleting folders" url="Navigation_folders_and_tips/deleting_folders.htm" />
<item name="Creating custom folders" url="Navigation_folders_and_tips/creating_custom_folders.htm" />

</tocdata>
