<?xml version='1.0' encoding='windows-1252' ?>
<ftswdata>
<key name="0"> 12,6, </key>
<key name="05"> 53, </key>
<key name="10"> 35, </key>
<key name="100"> 9,26,28, </key>
<key name="12"> 8,36, </key>
<key name="1500"> 9, </key>
<key name="2"> 52, </key>
<key name="2005"> 9, </key>
<key name="23"> 53, </key>
<key name="24"> 8,36,37, </key>
<key name="25"> 5, </key>
<key name="3"> 8,36,37, </key>
<key name="30"> 12,5,51, </key>
<key name="33"> 29, </key>
<key name="389"> 26,25, </key>
<key name="6"> 12,5,17, </key>
<key name="60"> 35, </key>
<key name="64"> 12,5,17, </key>
<key name="7"> 7, </key>
<key name="7025"> 35, </key>
<key name="7071"> 43, </key>
<key name="75"> 29, </key>
<key name="8"> 53, </key>
<key name="94004"> 9, </key>
<key name="ability"> 9, </key>
<key name="abl"> 39, </key>
<key name="abov"> 8,47, </key>
<key name="accept"> 0,33, </key>
<key name="acces"> 8,12,31,25,23,24, </key>
<key name="accommodat"> 33, </key>
<key name="account"> 8,12,41,0,30,2,31,1,13,3,14,15,4,5,42,16,45,10,32,19,46,6,17,18,20,51,21,52,22,47,48,11,23,49,24, </key>
<key name="action"> 12,52,23,24, </key>
<key name="activ"> 12,26,13,25,27,20,52,47, </key>
<key name="activity"> 12,52, </key>
<key name="ad"> 41,26,29,3,15,4,16,27,18, </key>
<key name="add"> 26,2,15,16,38,47, </key>
<key name="addition"> 8,23, </key>
<key name="additional"> 8,26,35,16,27,23, </key>
<key name="addres"> 8,12,26,0,30,35,13,28,14,15,7,16,27,38,33,18,21,47,11,23,49, </key>
<key name="admin"> 0,30,43, </key>
<key name="administration"> 8,12,0,1,15,7,16,10,27,38,19,11,49,53, </key>
<key name="administrator"> 12,29,30,14,43,10,46,17,22,23,49, </key>
<key name="advanc"> 9,12,31,3,14,4,5,6,20,51,52,23, </key>
<key name="advertis"> 35, </key>
<key name="affect"> 31,45, </key>
<key name="ag"> 12,17,51, </key>
<key name="again"> 22, </key>
<key name="aggressive"> 29, </key>
<key name="alert"> 30,45, </key>
<key name="alia"> 30,14,15,16,21, </key>
<key name="alias"> 8,0,14,15, </key>
<key name="allow"> 12,3,28,32,19,23, </key>
<key name="along"> 9, </key>
<key name="alternat"> 14, </key>
<key name="although"> 45, </key>
<key name="alway"> 5,18, </key>
<key name="amount"> 17, </key>
<key name="anoth"> 28,5,6, </key>
<key name="anti"> 8,0,29,30,35,32,40, </key>
<key name="antiviru"> 30, </key>
<key name="any"> 12,41,30,31,1,4,44,45,32,6,51,21,52,49,24, </key>
<key name="ap"> 31,32,6,23, </key>
<key name="appear"> 13,14,47,49, </key>
<key name="application"> 3,47,23, </key>
<key name="appointment"> 23, </key>
<key name="archiv"> 30, </key>
<key name="area"> 4, </key>
<key name="ask"> 49, </key>
<key name="assign"> 12,41,2,3,4,5,11, </key>
<key name="assist"> 24, </key>
<key name="associat"> 2,31,4,6, </key>
<key name="assum"> 47, </key>
<key name="attach"> 31, </key>
<key name="attachment"> 12,31,3,14,4,5,32,6,23, </key>
<key name="attempt"> 25, </key>
<key name="attribut"> 3,28,14,4,17,51, </key>
<key name="audit"> 24, </key>
<key name="august"> 9, </key>
<key name="authenticat"> 43, </key>
<key name="authentication"> 8,12,26,35,25,27,32,20, </key>
<key name="auto"> 18, </key>
<key name="automatical"> 12,29,30,3,4,5,38,51, </key>
<key name="availabl"> 8,2,3,25,10,19,18,11, </key>
<key name="away"> 18, </key>
<key name="back"> 8,19, </key>
<key name="bar"> 8, </key>
<key name="bas"> 26,28,25,33,22,47,23, </key>
<key name="basi"> 28,17,20, </key>
<key name="basic"> 8, </key>
<key name="be"> 13,44,45,32,20,51,49, </key>
<key name="becom"> 28,14,47, </key>
<key name="befor"> 12,41,31,4,45,33,17,51,23,49, </key>
<key name="begin"> 44,45,47,49, </key>
<key name="behav"> 33, </key>
<key name="behavior"> 33, </key>
<key name="below"> 12,15,23,49, </key>
<key name="beta"> 9, </key>
<key name="bind"> 26,35,28,25, </key>
<key name="blank"> 29, </key>
<key name="block"> 30,31,3,6, </key>
<key name="book"> 8,12,28,11,23, </key>
<key name="both"> 8,26,28,45,27,6, </key>
<key name="boulevard"> 9, </key>
<key name="box"> 41,26,14,44,45,6,17,20,21,47,49, </key>
<key name="brows"> 8,47, </key>
<key name="build"> 47,23, </key>
<key name="built"> 23, </key>
<key name="bulk"> 14,10, </key>
<key name="busy"> 23, </key>
<key name="button"> 8,12,52,22, </key>
<key name="ca"> 9,10, </key>
<key name="cal"> 14, </key>
<key name="calculat"> 51, </key>
<key name="calendar"> 3,45,23,24, </key>
<key name="cancel"> 44,45, </key>
<key name="cannot"> 12,0,4,44,45,38,17,47, </key>
<key name="capabiliti"> 9, </key>
<key name="car"> 45, </key>
<key name="cas"> 45,6,34, </key>
<key name="categori"> 23, </key>
<key name="caution"> 44,45,34, </key>
<key name="ceil"> 32, </key>
<key name="central"> 8, </key>
<key name="certain"> 45, </key>
<key name="certificat"> 10, </key>
<key name="chang"> 8,9,12,41,26,29,2,31,1,13,37,3,15,4,5,16,43,32,19,6,17,18,20,22,47,23,49, </key>
<key name="chapt"> 29,7, </key>
<key name="character"> 12,5, </key>
<key name="chart"> 36, </key>
<key name="check"> 12,41,26,30,31,36,37,14,45,32,33,6,17,20,22,47,39,48, </key>
<key name="checkbox"> 45, </key>
<key name="checkmark"> 35, </key>
<key name="choic"> 23, </key>
<key name="choos"> 26,13,37,46,20,39, </key>
<key name="clam"> 30, </key>
<key name="clamav"> 30, </key>
<key name="clas"> 8,41,2,31,3,14,4,5,6,20,11, </key>
<key name="classify"> 23, </key>
<key name="clear"> 35, </key>
<key name="cli"> 10,38, </key>
<key name="click"> 8,12,41,26,2,31,13,36,37,14,15,4,42,16,43,44,45,19,46,6,20,21,52,22,47,39,48,49, </key>
<key name="clickabl"> 12,52, </key>
<key name="client"> 12,31,13,3,14,4,33,52,23, </key>
<key name="clos"> 13,25, </key>
<key name="cn"> 47,49, </key>
<key name="co"> 8,12,41,2,31,3,14,4,5,32,6,17,18,20,51,52,11,23, </key>
<key name="collaboration"> 9,0,29,30,25,5, </key>
<key name="colleagu"> 23, </key>
<key name="color"> 23, </key>
<key name="column"> 2, </key>
<key name="com"> 9,0,16,47, </key>
<key name="comma"> 47, </key>
<key name="command"> 14,7,10,38,52, </key>
<key name="commit"> 2,15,16,6,20,22, </key>
<key name="common"> 28,25,7,34,47,49, </key>
<key name="company"> 28, </key>
<key name="complet"> 41,28,44,21,47,49, </key>
<key name="component"> 8, </key>
<key name="compos"> 5,18,51,34,23, </key>
<key name="compromis"> 33, </key>
<key name="comput"> 49, </key>
<key name="concurrenc"> 45, </key>
<key name="condition"> 23, </key>
<key name="conduct"> 46, </key>
<key name="configur"> 41,26,29,30,2,31,35,3,28,25,14,5,16,27,32,17,51,11,49, </key>
<key name="configuration"> 12,28,25,14,5,10,23, </key>
<key name="confirm"> 22, </key>
<key name="confus"> 34, </key>
<key name="connect"> 26,35,25,43,46, </key>
<key name="connection"> 35,25,38, </key>
<key name="consid"> 14,4, </key>
<key name="consider"> 29,25, </key>
<key name="consistent"> 45, </key>
<key name="consol"> 8,12,1,15,16,10,27,19,11,49,53, </key>
<key name="consolidat"> 37, </key>
<key name="constraint"> 3,4,6, </key>
<key name="construct"> 47, </key>
<key name="contact"> 9,12,14,5,45,18,22,11,23,49, </key>
<key name="contain"> 4,10,20,47,23, </key>
<key name="content"> 8,12,26,35,13,36,37,4,20,21,52,22,24, </key>
<key name="continu"> 45,47, </key>
<key name="control"> 37,3,19, </key>
<key name="conversation"> 9,5,18,23, </key>
<key name="convert"> 49, </key>
<key name="copy"> 16, </key>
<key name="copyright"> 9, </key>
<key name="corporat"> 28, </key>
<key name="correct"> 25, </key>
<key name="correspond"> 6, </key>
<key name="cos"> 4, </key>
<key name="could"> 13,21, </key>
<key name="count"> 8,37, </key>
<key name="creat"> 8,41,0,30,2,3,25,14,15,4,5,42,7,16,10,27,19,46,17,20,22,47,48,11,23, </key>
<key name="criteria"> 23, </key>
<key name="current"> 8,45, </key>
<key name="dat"> 45,51,23,49, </key>
<key name="data"> 8,37,40, </key>
<key name="databas"> 47, </key>
<key name="day"> 12,5,17,51,52, </key>
<key name="decid"> 49, </key>
<key name="default"> 8,12,26,0,30,1,35,3,28,25,4,5,32,33,17,18,51,52,23, </key>
<key name="defin"> 8,9,30,3,4,32,38,11,23,49, </key>
<key name="delet"> 8,13,3,4,45,38,19,51,49, </key>
<key name="deliver"> 12,0,29,30,13,39, </key>
<key name="delivery"> 0,31,35,50,34,21, </key>
<key name="deni"> 3,4, </key>
<key name="department"> 28,7, </key>
<key name="depend"> 37,6, </key>
<key name="describ"> 26,46, </key>
<key name="description"> 8,12,26,35,3,4,27, </key>
<key name="deselect"> 4, </key>
<key name="designat"> 14,34, </key>
<key name="desir"> 31,13, </key>
<key name="destination"> 42,43,47,48,49, </key>
<key name="detail"> 8,26,36,38,11,23, </key>
<key name="determin"> 29,13,3,28,25,14,4,45,6,52,49, </key>
<key name="dialog"> 14,42,43,45,22,47,48,49, </key>
<key name="different"> 0,2,14,4,34,11,23, </key>
<key name="directory"> 12,26,28,25,14,27,17,20,22,47,49,40, </key>
<key name="disabl"> 12,29,31,13,4,32,6, </key>
<key name="disapprov"> 33, </key>
<key name="discard"> 45, </key>

</ftswdata>  
