<?xml version='1.0' encoding='windows-1252' ?>
<ftswdata>
<key name="might"> 47, </key>
<key name="migrat"> 42,47,11,49, </key>
<key name="migration"> 8,43,45,46,47,11,49, </key>
<key name="minimum"> 8,12,14,5,17, </key>
<key name="minut"> 35,52, </key>
<key name="mod"> 8,26,13,28,27, </key>
<key name="modify"> 30,3, </key>
<key name="monitor"> 32,11,40, </key>
<key name="month"> 8,36,37, </key>
<key name="mous"> 12,52, </key>
<key name="mov"> 8,2,19,6, </key>
<key name="mta"> 8,30,31,35,13,50,32,38,33,34,39,11,40, </key>
<key name="multipl"> 2,23, </key>
<key name="must"> 12,1,25,14,27,46,33,17,20,34,21,22,49,40, </key>
<key name="nam"> 8,26,2,35,13,37,3,28,25,14,4,42,43,27,21,47,39,49, </key>
<key name="navigat"> 8, </key>
<key name="navigation"> 8,36,37,14,4,6,20,39, </key>
<key name="ne"> 26,14,4, </key>
<key name="nev"> 6, </key>
<key name="new"> 8,41,26,30,2,1,13,3,14,15,4,16,27,19,46,17,18,22,49, </key>
<key name="next"> 8,41,26,2,1,42,43,45,19,46,20,47,48, </key>
<key name="nod"> 13,36, </key>
<key name="normal"> 13,20, </key>
<key name="not"> 41,26,35,13,14,4,42,45,38,6,47, </key>
<key name="notic"> 9,0, </key>
<key name="notification"> 0,30,18, </key>
<key name="notify"> 0, </key>
<key name="now"> 43,47, </key>
<key name="numb"> 12,26,29,35,37,28,15,4,5,44,45,32,17,18,51,21,48,49, </key>
<key name="number"> 14, </key>
<key name="object"> 3,4,47,23, </key>
<key name="occur"> 12,52, </key>
<key name="off"> 8,29,35,45,40, </key>
<key name="offer"> 9, </key>
<key name="offic"> 46,23, </key>
<key name="ok"> 44,45,22,47, </key>
<key name="old"> 12,45,51,49, </key>
<key name="on"> 8,26,31,35,36,3,28,5,42,27,38,19,46,6,47,49,40, </key>
<key name="onc"> 14,44,45, </key>
<key name="open"> 8,29,2,31,14,44,19,46,22,49, </key>
<key name="operation"> 45, </key>
<key name="option"> 8,29,30,31,35,3,25,4,5,45,10,27,17,18,22,49, </key>
<key name="ord"> 40, </key>
<key name="organiz"> 9, </key>
<key name="organization"> 28, </key>
<key name="original"> 18, </key>
<key name="outbreak"> 31, </key>
<key name="outlook"> 5,45,23,49, </key>
<key name="output"> 35, </key>
<key name="outsid"> 33, </key>
<key name="overall"> 37, </key>
<key name="overrid"> 12,31,3,14,5,6,18,20, </key>
<key name="overridden"> 3,6,51, </key>
<key name="overview"> 43, </key>
<key name="own"> 5,20,22,23, </key>
<key name="packag"> 38, </key>
<key name="pag"> 8,26,1,3,5,19,18, </key>
<key name="pan"> 8,26,35,13,36,37,14,4,19,6,20,21,22,39,40, </key>
<key name="parameter"> 32, </key>
<key name="part"> 15,21, </key>
<key name="partial"> 21,47, </key>
<key name="particular"> 31,3,4,39, </key>
<key name="party"> 23, </key>
<key name="password"> 12,26,30,1,3,28,25,14,4,5,43,19,6,17,20,22,23,49,24, </key>
<key name="past"> 26,37,17, </key>
<key name="pdf"> 8, </key>
<key name="per"> 28,5,6,17,18,20, </key>
<key name="percent"> 29, </key>
<key name="perform"> 28,10,11, </key>
<key name="performanc"> 9,45,11, </key>
<key name="period"> 14,45, </key>
<key name="permission"> 46,49, </key>
<key name="permit"> 23, </key>
<key name="personal"> 8,12,23, </key>
<key name="pick"> 45,47, </key>
<key name="plac"> 6, </key>
<key name="plain"> 18, </key>
<key name="point"> 41,49, </key>
<key name="pool"> 2,3,4,5, </key>
<key name="poor"> 33, </key>
<key name="pop"> 8,35,3,14,32,38,11, </key>
<key name="pop3"> 35,23, </key>
<key name="pops3"> 32, </key>
<key name="port"> 26,35,25,43, </key>
<key name="portion"> 47,49, </key>
<key name="possibl"> 35,5,18, </key>
<key name="post"> 23, </key>
<key name="postfix"> 34, </key>
<key name="postmast"> 0, </key>
<key name="practic"> 22, </key>
<key name="preconfigur"> 47, </key>
<key name="preferenc"> 3,14,4,5,6,18,23, </key>
<key name="prefix"> 29, </key>
<key name="prevent"> 31,20,34,49, </key>
<key name="previou"> 26,17, </key>
<key name="previous"> 45, </key>
<key name="privileg"> 46,49, </key>
<key name="proceed"> 41, </key>
<key name="proces"> 8,26,37,25,43,44,45,27,38,49, </key>
<key name="profil"> 46,49, </key>
<key name="progres"> 44,49, </key>
<key name="prompt"> 46, </key>
<key name="protect"> 30, </key>
<key name="protection"> 8,29,30,33, </key>
<key name="protocol"> 50,32,33,23, </key>
<key name="provid"> 25,33,49, </key>
<key name="provision"> 41,14,10,19,46,48,11,49, </key>
<key name="proxy"> 34, </key>
<key name="purg"> 12,51, </key>
<key name="qualifi"> 33, </key>
<key name="query"> 28,47, </key>
<key name="question"> 37,49, </key>
<key name="queu"> 31,13,39, </key>
<key name="quick"> 8,21,22, </key>
<key name="quota"> 12,3,14,4,6, </key>
<key name="random"> 2,4, </key>
<key name="rath"> 45, </key>
<key name="rbl"> 29, </key>
<key name="re"> 12,17,22, </key>
<key name="reach"> 12, </key>
<key name="read"> 32, </key>
<key name="reassign"> 4, </key>
<key name="receiv"> 0,13,37,14,15,33,51,49, </key>
<key name="recent"> 41,17, </key>
<key name="recipient"> 29,30, </key>
<key name="recommend"> 45,46, </key>
<key name="record"> 8,4,38,23, </key>
<key name="ref"> 29,11, </key>
<key name="refer"> 29, </key>
<key name="referenc"> 0, </key>
<key name="reflect"> 8, </key>
<key name="refresh"> 41,42, </key>
<key name="regard"> 35, </key>
<key name="regardles"> 31, </key>
<key name="register"> 38, </key>
<key name="regular"> 20, </key>
<key name="reject"> 31,3,32, </key>
<key name="relay"> 41,35,34,49, </key>
<key name="reliabl"> 9, </key>
<key name="remain"> 12,51,52, </key>
<key name="remov"> 15,16,27,6,47, </key>
<key name="rep"> 18, </key>
<key name="replicat"> 49, </key>
<key name="request"> 45,23, </key>
<key name="requir"> 12,25,14,43,34,23, </key>
<key name="reserv"> 9, </key>
<key name="reset"> 17,22, </key>
<key name="resid"> 51, </key>
<key name="resolv"> 26, </key>
<key name="restor"> 13, </key>
<key name="restrict"> 3,14,4,33, </key>
<key name="restriction"> 3,14,33,17, </key>
<key name="result"> 26,28,32,21, </key>
<key name="resum"> 31,39, </key>
<key name="retriev"> 17, </key>
<key name="return"> 26,28, </key>
<key name="review"> 29,47, </key>
<key name="rfc"> 33, </key>
<key name="rich"> 23, </key>
<key name="right"> 8,9,2,13,39, </key>
<key name="root"> 47, </key>
<key name="rout"> 23, </key>
<key name="rul"> 29,31,45,32,6,23, </key>
<key name="run"> 8,35,43,38,49,40, </key>
<key name="s"> 8,29,1,3,28,4,43,38,19,33,17,18,22,47,49,24, </key>
<key name="said"> 29, </key>
<key name="sam"> 21, </key>
<key name="samantha"> 21, </key>
<key name="sammy"> 21, </key>
<key name="samson"> 21, </key>
<key name="samuel"> 21, </key>
<key name="san"> 9, </key>
<key name="sav"> 2,31,13,14,15,4,16,6,18,20,22,39,23,49, </key>
<key name="scal"> 37, </key>
<key name="schedul"> 45,23, </key>
<key name="scor"> 29, </key>
<key name="se"> 36,37,14,7,43,44,10,38,47,23,40, </key>
<key name="search"> 8,9,26,13,28,5,32,18,21,47,23, </key>
<key name="second"> 52, </key>
<key name="security"> 8,11, </key>
<key name="select"> 8,41,26,2,31,13,36,37,28,25,15,4,42,32,19,46,20,22,47,23,49,24, </key>
<key name="self"> 10, </key>
<key name="send"> 0,30,7,33,34, </key>
<key name="sender"> 33, </key>
<key name="sent"> 41,0,16,18,51, </key>
<key name="separat"> 36,47, </key>
<key name="sequenc"> 21,49, </key>
<key name="seri"> 14,49, </key>
<key name="serv"> 8,12,41,26,2,31,35,36,37,3,28,25,14,4,5,42,43,45,50,10,27,32,38,46,17,20,34,22,47,39,48,11,49,40, </key>
<key name="server"> 8,2,35,37,28,25,45,32,38,39,11,40, </key>
<key name="servic"> 8,9,41,2,31,35,3,28,14,4,5,43,45,10,32,38,6,20,39,11,40, </key>
<key name="session"> 12,3,14,4,52, </key>
<key name="set"> 8,12,29,31,13,3,28,14,4,45,10,32,33,6,17,20,51,34,52,22,23,49, </key>
<key name="setting"> 8,26,29,30,31,35,3,28,25,14,5,27,32,38,6,17,18,34,11,40, </key>
<key name="sev"> 25, </key>
<key name="should"> 12,41,1,14,45,6,34,47,49, </key>
<key name="show"> 8,35,13,36,37,3,5,6,18, </key>
<key name="shown"> 41,37,49, </key>
<key name="sid"> 8,45, </key>
<key name="sign"> 10, </key>
<key name="signatur"> 5,18, </key>
<key name="simultaneous"> 45,23,49, </key>
<key name="sinc"> 45, </key>
<key name="singl"> 7,46,47,23,49, </key>
<key name="sit"> 31, </key>
<key name="siz"> 12,32,23, </key>
<key name="smith"> 14,47, </key>
<key name="smtp"> 38,33,34, </key>
<key name="snmp"> 8,35,40, </key>
<key name="so"> 0,30,33, </key>
<key name="soft"> 13, </key>
<key name="softwar"> 0,29,30,3,38, </key>
<key name="sort"> 9, </key>
<key name="sourc"> 47,48,49, </key>
<key name="spac"> 12,36,4, </key>
<key name="spam"> 8,12,29,31,35,5,32,33,51,40, </key>
<key name="spamassassin"> 29, </key>
<key name="specifi"> 12,28,15,38,46,49, </key>
<key name="specific"> 8,31,37,3,32,17,21,47,49, </key>
<key name="specify"> 4,49,40, </key>
<key name="ssl"> 26,35,25, </key>
<key name="standard"> 9,1,33,18,47, </key>
<key name="start"> 42,43,10,49, </key>
<key name="statistic"> 8,36,37,11, </key>

</ftswdata>  
