<?xml version='1.0' encoding='windows-1252' ?>
<ftswdata>
<key name="statu"> 8,41,31,13,32,19,48,11,40, </key>
<key name="stay"> 14, </key>
<key name="step"> 26,14, </key>
<key name="still"> 13,28, </key>
<key name="stop"> 31,10,39, </key>
<key name="stor"> 8,17,22,47, </key>
<key name="str"> 25,5,18,21, </key>
<key name="styl"> 5,18,23, </key>
<key name="subject"> 9,29,23, </key>
<key name="subtre"> 47, </key>
<key name="succeed"> 25, </key>
<key name="sudden"> 31, </key>
<key name="suit"> 9,0,29,30,25,5,38, </key>
<key name="summary"> 26, </key>
<key name="suppli"> 25, </key>
<key name="surg"> 31, </key>
<key name="suspect"> 13, </key>
<key name="suspend"> 39, </key>
<key name="system"> 8,0,29,37,28,4,7,27,32,19,33,21, </key>
<key name="tab"> 8,29,30,2,31,1,35,13,36,37,3,15,4,16,6,18,20,51,52,22,39,23,40, </key>
<key name="tag"> 9,29,23,49,24, </key>
<key name="target"> 48,49, </key>
<key name="task"> 45,10,11, </key>
<key name="templat"> 26,25, </key>
<key name="temporari"> 31, </key>
<key name="temporary"> 46, </key>
<key name="term"> 26, </key>
<key name="test"> 26, </key>
<key name="text"> 26,35,5,18,47, </key>
<key name="them"> 30,17, </key>
<key name="third"> 23, </key>
<key name="thos"> 3,45, </key>
<key name="thre"> 25, </key>
<key name="thread"> 35, </key>
<key name="thunderbird"> 23, </key>
<key name="tim"> 12,1,25,4,42,32,17,23,49, </key>
<key name="timeout"> 35,52, </key>
<key name="tl"> 35, </key>
<key name="token"> 12, </key>
<key name="tool"> 8,3,14,4,7,10,49, </key>
<key name="toolbar"> 8,14,19, </key>
<key name="top"> 37, </key>
<key name="total"> 37, </key>
<key name="traffic"> 31,37,39, </key>
<key name="transf"> 50, </key>
<key name="transfer"> 50, </key>
<key name="trash"> 12,5,51, </key>
<key name="tre"> 36, </key>
<key name="troubl"> 24, </key>
<key name="turn"> 29,35,40, </key>
<key name="two"> 30, </key>
<key name="typ"> 26,31,3,14,4,7,45,33,21,47,11, </key>
<key name="un"> 39, </key>
<key name="unauthoriz"> 31,13, </key>
<key name="unavailabl"> 45, </key>
<key name="unchang"> 12, </key>
<key name="unlimit"> 12,15,23, </key>
<key name="unprovision"> 49, </key>
<key name="unread"> 29, </key>
<key name="unsolicit"> 29, </key>
<key name="up"> 28,14,45,32,17,22,23,49, </key>
<key name="updat"> 30,3,42,18,53, </key>
<key name="url"> 8,28, </key>
<key name="us"> 8,9,12,26,2,31,1,13,3,28,25,14,4,5,42,43,45,50,27,19,46,6,17,18,20,34,21,52,22,47,11,23,49,24, </key>
<key name="usag"> 8,36,37, </key>
<key name="user"> 12,41,0,29,31,1,13,3,28,25,14,4,45,19,17,18,20,51,47,39,23,49,24, </key>
<key name="usernam"> 26,43, </key>
<key name="usual"> 6, </key>
<key name="utiliti"> 10, </key>
<key name="utiliz"> 49, </key>
<key name="utilization"> 36,37, </key>
<key name="valid"> 25, </key>
<key name="valu"> 28,25,32, </key>
<key name="variou"> 4, </key>
<key name="verification"> 48,49, </key>
<key name="version"> 53, </key>
<key name="via"> 35, </key>
<key name="view"> 8,12,29,31,35,13,36,37,3,4,5,19,6,18,52,23,40,24, </key>
<key name="violat"> 33, </key>
<key name="violator"> 33, </key>
<key name="viru"> 8,0,30,31,35,32,40, </key>
<key name="volum"> 8,37, </key>
<key name="walk"> 26, </key>
<key name="want"> 41,0,37,14,4,33,20,47, </key>
<key name="warn"> 44, </key>
<key name="warning"> 44,49, </key>
<key name="web"> 31,35,3,14,4,34,23, </key>
<key name="webmail"> 34, </key>
<key name="welcom"> 49, </key>
<key name="well"> 9,35,38, </key>
<key name="what"> 3,14,4,45,33,6,18, </key>
<key name="whenev"> 20, </key>
<key name="wheth"> 35,13,3,45,49,40, </key>
<key name="whil"> 13,44,45,49, </key>
<key name="whos"> 7, </key>
<key name="wid"> 8,37,32, </key>
<key name="will"> 41,26,31,14,15,4,16,45,46,18,51,47,48,49, </key>
<key name="window"> 8,46,18,47,49, </key>
<key name="within"> 8,37,28,17,24, </key>
<key name="without"> 9,28,39,24, </key>
<key name="wizard"> 8,26,28,25,14,42,43,45,27,19,46,22,47,11,49, </key>
<key name="word"> 14, </key>
<key name="work"> 45, </key>
<key name="would"> 47, </key>
<key name="writh"> 47, </key>
<key name="www"> 9, </key>
<key name="year"> 37, </key>
<key name="yes"> 29, </key>
<key name="your"> 0,30,2,31,25,15,4,5,16,33,6,20,34,22,47,49, </key>
<key name="yourdomain"> 0, </key>
<key name="zero"> 12, </key>
<key name="ziimbra"> 38, </key>
<key name="zimbra"> 8,9,41,0,29,30,31,3,28,25,14,4,5,42,7,43,45,10,27,19,46,34,47,48,11,23,49, </key>
<key name="zimbrainc"> 47, </key>
<key name="zip"> 30, </key>
<key name="zmprov"> 38, </key>

</ftswdata>  
