<?xml version='1.0' encoding='windows-1252' ?>
<ftswdata>
<key name="disk"> 8,12,36,37, </key>
<key name="display"> 8,26,35,36,37,3,15,5,44,45,18,21,47,48,23,49, </key>
<key name="distinguish"> 47, </key>
<key name="distribution"> 7,10, </key>
<key name="dn"> 26,35,28,25,32,33,47, </key>
<key name="do"> 33,6, </key>
<key name="document"> 9, </key>
<key name="documentation"> 46, </key>
<key name="domain"> 8,26,13,3,28,25,15,4,42,27,32,46,33,20,47,11,23,49, </key>
<key name="doubl"> 15,16,6,22, </key>
<key name="down"> 15, </key>
<key name="download"> 11,49, </key>
<key name="downtim"> 45, </key>
<key name="drop"> 15, </key>
<key name="du"> 31, </key>
<key name="duplicat"> 45, </key>
<key name="e"> 47, </key>
<key name="earli"> 45, </key>
<key name="easi"> 27,19, </key>
<key name="easy"> 23, </key>
<key name="edit"> 8,31,13,3,15,4,16,27,38,19,6,20,22, </key>
<key name="effectiv"> 13, </key>
<key name="eith"> 8,12,26,37,32,46,6,18,20,51,52,47,23,49, </key>
<key name="elaps"> 12, </key>
<key name="elsewher"> 32, </key>
<key name="email"> 12,41,0,29,28,15,7,45,6,51,34,21,47,39,11,23,49, </key>
<key name="employe"> 28, </key>
<key name="enabl"> 12,29,30,1,35,3,25,14,5,32,33,6,17,18,20,23, </key>
<key name="encrypt"> 30,17,22, </key>
<key name="end"> 3,4,11, </key>
<key name="enforc"> 12,17,20, </key>
<key name="enough"> 31, </key>
<key name="ensur"> 45,17, </key>
<key name="ent"> 26,14,15,4,16,43,45,6,21,22,47,49, </key>
<key name="enter"> 26,29,28,17,21, </key>
<key name="entri"> 12,45,47,24, </key>
<key name="environment"> 8,2, </key>
<key name="error"> 44,49, </key>
<key name="event"> 31, </key>
<key name="every"> 30, </key>
<key name="everyon"> 7, </key>
<key name="ex"> 49, </key>
<key name="exampl"> 3,14,7,21,47, </key>
<key name="except"> 51, </key>
<key name="exception"> 6, </key>
<key name="exchang"> 41,45,46,47,11,49, </key>
<key name="execut"> 10, </key>
<key name="executabl"> 49, </key>
<key name="executiv"> 3, </key>
<key name="exhibit"> 33, </key>
<key name="exist"> 3,15,16,38,46,47,48,49, </key>
<key name="expand"> 13,37, </key>
<key name="experienc"> 31, </key>
<key name="expir"> 6,17, </key>
<key name="explicit"> 3,28,32, </key>
<key name="extension"> 31,32, </key>
<key name="external"> 12,26,35,28,25,27,34, </key>
<key name="fail"> 26, </key>
<key name="fashion"> 9,17, </key>
<key name="featur"> 8,9,12,1,13,3,28,14,4,5,19,6,51,11,23,24, </key>
<key name="field"> 29,25,14,45,6,20, </key>
<key name="fil"> 30,31,44,45,49,24, </key>
<key name="fill"> 25, </key>
<key name="filt"> 26,29,30,28,45,47, </key>
<key name="filter"> 9,29,34,23, </key>
<key name="final"> 50, </key>
<key name="find"> 13,21, </key>
<key name="finish"> 26,14, </key>
<key name="first"> 12,28,15,17,20,21,47,23,49, </key>
<key name="flag"> 23, </key>
<key name="flander"> 47, </key>
<key name="fold"> 12,29,37,45,38,51,52,23,49, </key>
<key name="folder"> 9,45,6,51,47,23,49,24, </key>
<key name="follow"> 8,0,29,31,35,13,3,28,25,5,43,10,32,19,33,18,47,49, </key>
<key name="font"> 23, </key>
<key name="forc"> 12,1,20,22, </key>
<key name="forget"> 17,22, </key>
<key name="form"> 28, </key>
<key name="format"> 8,37,25,18, </key>
<key name="forward"> 8,14,15,16,19,18, </key>
<key name="fre"> 35,23, </key>
<key name="frequency"> 30, </key>
<key name="ful"> 33, </key>
<key name="full"> 9,12,46,49, </key>
<key name="function"> 8,35,32,19, </key>
<key name="gal"> 8,26,28,27,32,23, </key>
<key name="gb"> 37, </key>
<key name="general"> 31,35,13,3,4,27,32,22,40, </key>
<key name="global"> 8,26,29,30,31,3,28,4,27,32,6,34,11,23,40, </key>
<key name="go"> 31,48,49, </key>
<key name="good"> 22, </key>
<key name="grant"> 25, </key>
<key name="graph"> 37, </key>
<key name="graphical"> 37, </key>
<key name="greet"> 33, </key>
<key name="group"> 3,5,7,46,18,47,23,49, </key>
<key name="guid"> 8,29,14,7,10,38,11, </key>
<key name="hack"> 13, </key>
<key name="handl"> 29, </key>
<key name="happen"> 45, </key>
<key name="hav"> 28,24, </key>
<key name="head"> 8, </key>
<key name="help"> 8,27,47,53, </key>
<key name="her"> 17, </key>
<key name="hierarchy"> 49, </key>
<key name="high"> 9, </key>
<key name="highlight"> 15,16,6,22, </key>
<key name="history"> 12,17, </key>
<key name="host"> 8,2,31,35,3,43,32,34,49,40, </key>
<key name="hostnam"> 35,33, </key>
<key name="hour"> 8,30,36,37,52, </key>
<key name="how"> 12,29,31,14,4,51,52,23,49, </key>
<key name="html"> 5,18,23, </key>
<key name="i"> 47, </key>
<key name="icon"> 49, </key>
<key name="id"> 21, </key>
<key name="identifi"> 26,35,27, </key>
<key name="identify"> 29,25,46,33,47, </key>
<key name="if"> 8,12,41,26,0,29,30,31,1,35,13,3,25,14,42,44,45,32,33,6,17,18,20,34,21,52,22,47,23,49, </key>
<key name="ignor"> 45, </key>
<key name="ill"> 33, </key>
<key name="imap"> 8,35,3,14,32,38,11,23, </key>
<key name="immediate"> 8,1,13,39, </key>
<key name="implement"> 33, </key>
<key name="import"> 13,42,43,44,45,46,47,11,49, </key>
<key name="important"> 30,3,14,45,33,34,49, </key>
<key name="inbound"> 8,37, </key>
<key name="inbox"> 5,51, </key>
<key name="inc"> 9, </key>
<key name="includ"> 8,9,12,35,3,4,7,27,32,52,47,40,24, </key>
<key name="incom"> 33,51, </key>
<key name="increas"> 45, </key>
<key name="index"> 5, </key>
<key name="individual"> 3,10,6,20,51,47,49, </key>
<key name="inform"> 45, </key>
<key name="information"> 9,41,26,35,13,37,3,28,25,14,4,43,10,27,38,19,22,47,11,49, </key>
<key name="inherit"> 12, </key>
<key name="initial"> 14,5,17,18,22,23, </key>
<key name="instal"> 8,0,29,30,35,3,5,38,49,40, </key>
<key name="install"> 10, </key>
<key name="installation"> 26,30,27,32,38, </key>
<key name="instead"> 41,47,49, </key>
<key name="instruct"> 34, </key>
<key name="interest"> 7, </key>
<key name="interfac"> 8,13,7,10,23, </key>
<key name="internal"> 26,28,25,27, </key>
<key name="internet"> 5,18, </key>
<key name="interrupt"> 45, </key>
<key name="ip"> 35,38,33, </key>
<key name="island"> 9, </key>
<key name="isp"> 34, </key>
<key name="issu"> 26, </key>
<key name="item"> 5,45,6,18,23,49, </key>
<key name="itself"> 39, </key>
<key name="jo"> 47, </key>
<key name="joanna"> 47, </key>
<key name="john"> 14, </key>
<key name="joseph"> 47, </key>
<key name="junk"> 12,29,45,49, </key>
<key name="just"> 26, </key>
<key name="kb"> 37, </key>
<key name="keep"> 4, </key>
<key name="keyword"> 49, </key>
<key name="kill"> 29, </key>
<key name="know"> 1,28,21, </key>
<key name="known"> 28, </key>
<key name="label"> 23, </key>
<key name="larg"> 14,49, </key>
<key name="last"> 8,26,36,37,28,14,21,53, </key>
<key name="latest"> 49, </key>
<key name="launch"> 46, </key>
<key name="ldap"> 8,26,35,28,25,14,27,38,22,40, </key>
<key name="least"> 22, </key>
<key name="left"> 8,2,45, </key>
<key name="legitimat"> 25, </key>
<key name="length"> 12,3,4,5,17, </key>
<key name="let"> 45,23,24, </key>
<key name="level"> 12,3,45,20, </key>
<key name="lifetim"> 12,3,14,4,5,6,51,52, </key>
<key name="like"> 45, </key>
<key name="limit"> 12,4,6, </key>
<key name="lin"> 26,29,35,3,14,7,10,23, </key>
<key name="link"> 8, </key>
<key name="list"> 8,12,41,26,2,31,13,36,3,28,15,42,7,16,44,10,27,19,18,20,22,47,39,48,23,49,40, </key>
<key name="lmtp"> 35,37,50,39, </key>
<key name="local"> 50,10,34, </key>
<key name="location"> 7,34,47, </key>
<key name="lock"> 12,13,17,20, </key>
<key name="log"> 8,12,1,13,44,46,17,22,39,23,49,24, </key>
<key name="login"> 35,13,25, </key>
<key name="logon"> 46, </key>
<key name="long"> 12,3,14,52, </key>
<key name="look"> 28,23, </key>
<key name="lookup"> 35,28,27, </key>
<key name="loop"> 34, </key>
<key name="lost"> 49, </key>
<key name="lqprov"> 14,7, </key>
<key name="machin"> 35,38, </key>
<key name="mail"> 9,41,0,29,30,31,35,13,3,28,14,15,4,5,7,16,45,50,32,33,18,51,34,39,23,49,24, </key>
<key name="mailbox"> 8,12,41,0,30,2,31,35,13,37,3,14,43,45,50,19,46,6,21,22,47,39,48,23,49,40,24, </key>
<key name="main"> 1, </key>
<key name="maintenanc"> 31,13, </key>
<key name="mak"> 1,3, </key>
<key name="man"> 13,22, </key>
<key name="manag"> 8,29,3,4,7,10,27,32,38,19,11,23, </key>
<key name="management"> 10,11, </key>
<key name="mapi"> 46,49, </key>
<key name="mark"> 29, </key>
<key name="market"> 47, </key>
<key name="mas"> 29, </key>
<key name="match"> 21,23, </key>
<key name="mateo"> 9, </key>
<key name="maximum"> 12,26,28,5,32,17, </key>
<key name="mb"> 12,37, </key>
<key name="mean"> 12, </key>
<key name="measur"> 52, </key>
<key name="mechanism"> 8,26,25, </key>
<key name="meet"> 45,47, </key>
<key name="meeting"> 23, </key>
<key name="megabyt"> 12, </key>
<key name="memb"> 46,49, </key>
<key name="member"> 31, </key>
<key name="menu"> 15, </key>
<key name="messag"> 8,9,12,0,29,30,31,37,3,14,4,5,44,45,50,32,33,6,18,51,34,23,49, </key>
<key name="method"> 14, </key>
<key name="microsoft"> 46,20,11,49, </key>

</ftswdata>  
