<?xml version='1.0' encoding='windows-1252' ?>
<tocdata>
<item name="About Liquid Collaboration Suite" url="getting_started/about_zcs.htm" />
<book name="Getting Started" >
  <item name="About the Administration Console" url="getting_started/about_the_administration_console.htm" />
  <item name="Tasks Performed from Administration Console" url="getting_started/tasks_performed_from_aministration_console.htm" />
  <item name="Management Tasks not available from the Console" url="getting_started/management_tasks_not_available_from_the_console.htm" />
</book>
<book name="Global Settings" >
  <item name="Global Settings" url="managing_global_settings/global_settings.htm" />
  <item name="Using the Global Address List (GAL)" url="managing_domains/using_the_global_address_list_(gal).htm" />
  <item name="Configuring Authentication Settings" url="managing_domains/authentication_settings.htm" />
  <item name="Blocking Attachments to Email" url="managing_global_settings/blocking_attachments_to_email.htm" />
  <item name="Anti-Virus Configuration Options" url="managing_global_settings/anti-virus_configuration_options.htm" />
  <item name="Anti-Spam Protection" url="managing_global_settings/anti-spam_protection.htm" />
</book>
<book name="Managing Domains" >
  <item name="Managing Domains" url="managing_domains/managing_domains.htm" />
  <item name="Creating a Domain" url="managing_domains/creating_a_domain.htm" />
</book>
<book name="Managing Servers" >
  <item name="Managing Servers" url="managing_servers/managing_servers.htm" />
  <item name="Checking Usage Statistics" url="managing_servers/checking_usage_statistics.htm" />
  <item name="Checking Disk Space Usage" url="managing_servers/checking_disk_space_usage.htm" />
  <item name="Changing a Servers Configuration" url="managing_servers/changing_a_servers_configuration.htm" />
  <item name="View Server Status" url="managing_servers/view_server_status.htm" />
  <item name="Stopping Mailbox Service on a Server" url="managing_servers/stopping_mailbox_service_on_a_server.htm" />
  <item name="Assigning Accounts to Different Servers" url="cos/assigning_accounts_to_different_servers.htm" />
</book>
<book name="Managing COS" >
  <item name="Class of Service" url="cos/class_of_service.htm" />
  <item name="Creating Classes of Service" url="cos/creating_classes_of_service.htm" />
  <item name="Default COS" url="cos/default_cos.htm" />
  <item name="Override COS Settings" url="cos/override_cos_settings.htm" />
</book>
<book name="Managing Accounts" >
  <item name="Managing Accounts" url="managing_accounts/provisioning_accounts.htm" />
  <item name="Create an Account" url="managing_accounts/create_an_account.htm" />
  <item name="Changing Account Status" url="managing_accounts/changing_account_status.htm" />
  <item name="Forwarding Mail" url="managing_accounts/forwarding_mail.htm" />
  <item name="Creating a Mail Aliases" url="managing_accounts/creating_a_mail_aliases.htm" />
  <item name="Enabling User Interface Features" url="managing_accounts/user_interface_features.htm" />
  <item name="Configuring Preferences" url="managing_accounts/preferences.htm" />
  <item name="Account Advanced Features" url="managing_accounts/account_advanced_features.htm" />
  <item name="Password Options" url="managing_accounts/password_options.htm" />
  <item name="Changing a Password" url="changing_a_password.htm" />
  <item name="Restricting Passwords" url="managing_accounts/restricting_passwords.htm" />
  <item name="Setting and Changing Passwords" url="managing_accounts/setting_passwords.htm" />
  <item name="Search for Accounts" url="managing_accounts/search.htm" />
  <item name="Viewing User's Mailbox Content" url="managing_accounts/viewing_user_s_mailbox_content.htm" />
</book>
<book name="Migration Wizard" >
  <item name="Using the Migration Wizard" url="migration_wizard/mw_using_the_migration_wizard.htm" />
</book>

</tocdata>
